{
  "breadcrumb": "Chauffe eau thermodynamique",
  "seo": {
    "title": "Installation de chauffe eau thermodynamique en Savoie | SBF Energies",
    "description": "Installateur professionnel de chauffe eau thermodynamique en Savoie. SBF Energies vous accompagne dans l'installation de vos équipements.",
    "opengraph": {
      "site_name": "SBF Energies",
      "type": "website",
      "locale": "fr_FR",
      "title": "Installation de chauffe eau thermodynamique en Savoie | SBF Energies",
      "description": "Installateur professionnel de chauffe eau thermodynamique en Savoie. SBF Energies vous accompagne dans l'installation de vos équipements.",
      "image": {
        "src": "https://www.sbf-energies.com/build/images/sbf-energies-installation-chauffe-eau-456x334.046767d5.jpg",
        "alt": "Installation de votre chauffe eau par votre chauffagiste SBF Energies"
      }
    }
  },
  "hero": {
    "title": "SBF Energies, installateur de chauffe eau thermodynamique en Savoie",
    "subtitle": "Faîtes appel à des experts pour l'installation de votre chauffe eau"
  },
  "intro": {
    "image": {
      "src": "https://www.sbf-energies.com/build/images/sbf-energies-installation-chauffe-eau-456x334.046767d5.jpg",
      "alt": "Installation de votre chauffe eau par votre chauffagiste SBF Energies"
    },
    "text": "<p>Plus question aujourd'hui d'alourdir sa facture d'électricité en chauffant son eau chaude sanitaire avec un ancien cumulus. Ces appareils énergivores peuvent utilement être remplacés par la nouvelle génération de chauffe-eaux, dits thermodynamiques.</p> <p>Ces dispositifs fonctionnent sur la base d'une pompe à chaleur qui récupère l'énergie dans l'air ambiant pour chauffer l'eau. Leur installation est aisée tant dans le neuf qu'en rénovation et ils sont conformes aux exigences de la RT 2012.</p> <p>Vous habitez <a href=\"https://www.sbf-energies.com/chauffagiste-frigoriste-chambery\" title=\"Chauffagiste Frigoriste Chambery\">Chambéry</a>, <a href=\"https://www.sbf-energies.com/chauffagiste-frigoriste-aix-les-bains\" title=\"Chauffagiste Frigoriste Aix Les Bains\">Aix-les-Bains</a>, <a href=\"https://www.sbf-energies.com/chauffagiste-frigoriste-rumilly\" title=\"Chauffagiste Frigoriste Rumilly\">Rumilly</a>, <a href=\"https://www.sbf-energies.com/chauffagiste-frigoriste-la-motte-servolex\" title=\"Chauffagiste Frigoriste La Motte Servolex\">La Motte-Servolex</a>, <a href=\"https://www.sbf-energies.com/chauffagiste-frigoriste-pontcharra\" title=\"Chauffagiste Frigoriste Pontcharra\">Pontcharra</a> et alentours ? SBF Energies vous propose ses solutions innovantes de production de l'eau chaude sanitaire et <a href=\"/installation\">d'installation de chauffage</a>.</p>"
  },
  "contents": [
    {
      "title": "Les avantages de l'installation d'un chauffe eau thermodynamique",
      "text": "<p>Le chauffe-eau thermodynamique puise l'énergie dans l'air ambiant du logement et s'en sert pour réchauffer l'eau sanitaire. Ces dispositifs innovants connaissent un succès croissant. Ils permettent en effet d'importantes économies, tout en étant très efficaces. Le temps de chauffe est court et l'entretien des chauffe-eaux thermodynamiques simple et rapide. Il existe aujourd'hui des modèles connectés, qui vous permettent de consulter votre consommation d'eau chaude depuis votre smartphone et de piloter la production. Que vous habitiez en Savoie, les spécialistes de SBF Energies se déplacent à votre domicile pour vous conseiller sur l'achat et l'installation d'un chauffe-eau thermodynamique. Ils sauront aussi vous informer sur les aides de l'Etat auxquelles vous pouvez prétendre lors de vos travaux d'installation. Le chauffe-eau thermodynamique convient non seulement aux maisons individuelles, mais aussi aux appartements ou encore aux locaux professionnels et aux bureaux.</p>"
    },
    {
      "title": "Pourquoi faire appel à un installateur de chauffe-eau thermodynamique ?",
      "text": "<p>En vous adressant à un installateur professionnel de chauffe-eau thermodynamique, vous aurez la garantie que votre dispositif est posé et raccordé dans les règles de l'art. Votre chauffe-eau sera au maximum de ses performances, grâce au choix de l'emplacement et à une installation optimisée. Chez SBF Energies, nous vous proposons la vente et l'installation de chauffe-eaux thermodynamiques des meilleures marques, comme Thermor ou Atlantic. Nous assurons aussi l'entretien et le dépannage de votre installation dans la région Chambéry, Aix-les-Bains, Rumilly, La Motte-Servolex, Pontcharra et alentours. Avant toute installation d'un chauffe-eau, nous nous déplaçons chez vous pour choisir ensemble le modèle le mieux adapté à vos besoins. En particulier, nous déterminerons la contenance de la cuve. Nous pouvons vous proposer des modèles de nouveaux chauffe-eaux thermodynamiques connectés, que vous pouvez piloter à distance grâce à une application pour smartphone. Vous avez un projet de construction ou de rénovation en Savoie ? Anticipez la question de la production d'eau chaude sanitaire en vous adressant à SBF Energies. Pompe à chaleur, climatisation, chauffe-eau thermodynamique : nous saurons toujours vous proposer les dispositifs adaptés à votre chantier.</p> <p><i class=\"fa fa-angle-double-right\" style=\"color: #337ab7;\"></i> <a href=\"/nous-contacter?type=3&amp;categorie=thermodynamic_water_heater\" title=\"Etude gratuite pour l\" installation=\"\" d'un=\"\" chauffe-eau=\"\" thermodynamique'=\"\">Besoin d'un chauffe-eau thermodynamique ? Contactez-nous pour une étude gratuite !</a></p> <i class=\"fa fa-angle-double-right\" style=\"color: #337ab7;\"></i> <a href=\"/nous-contacter?type=3&amp;categorie=thermodynamic_water_heater\" title=\"Etude gratuite pour l\" installation=\"\" d'un=\"\" chauffe-eau=\"\" thermodynamique'=\"\">Besoin d'un chauffe-eau thermodynamique ? Contactez-nous pour une étude gratuite !</a>"
    },
    {
      "title": "L'aide MaPrimeRenov' et l'installation ou le remplacement de votre chauffe-eau",
      "text": "<p>Si vous habitez en Savoie à proximité de <b><a href=\"https://www.sbf-energies.com/chauffagiste-frigoriste-bourget-du-lac\" title=\"Chauffagiste Frigoriste Bourget Du Lac\">Le Bourget-du-Lac</a></b>, <b><a href=\"https://www.sbf-energies.com/chauffagiste-frigoriste-bassens\" title=\"Chauffagiste Frigoriste Bassens\">Bassens</a></b>, <b><a href=\"https://www.sbf-energies.com/chauffagiste-frigoriste-jacob-bellecombette\" title=\"Chauffagiste Frigoriste Jacob Bellecombette\">Jacob-Bellecombette</a></b>, <b><a href=\"https://www.sbf-energies.com/chauffagiste-frigoriste-gresy-sur-aix\" title=\"Chauffagiste Frigoriste Gresy Sur Aix\">Grésy-sur-Aix</a></b> ou encore <b>Aix-les-Bains</b> et que vous souhaitez faire installer ou remplacer un chauffe-eau thermodynamique, faites appel à nos techniciens spécialisés SBF Energies.</p> <b><a href=\"https://www.sbf-energies.com/chauffagiste-frigoriste-bourget-du-lac\" title=\"Chauffagiste Frigoriste Bourget Du Lac\">Le Bourget-du-Lac</a></b> <a href=\"https://www.sbf-energies.com/chauffagiste-frigoriste-bourget-du-lac\" title=\"Chauffagiste Frigoriste Bourget Du Lac\">Le Bourget-du-Lac</a> <b><a href=\"https://www.sbf-energies.com/chauffagiste-frigoriste-bassens\" title=\"Chauffagiste Frigoriste Bassens\">Bassens</a></b> <a href=\"https://www.sbf-energies.com/chauffagiste-frigoriste-bassens\" title=\"Chauffagiste Frigoriste Bassens\">Bassens</a> <b><a href=\"https://www.sbf-energies.com/chauffagiste-frigoriste-jacob-bellecombette\" title=\"Chauffagiste Frigoriste Jacob Bellecombette\">Jacob-Bellecombette</a></b> <a href=\"https://www.sbf-energies.com/chauffagiste-frigoriste-jacob-bellecombette\" title=\"Chauffagiste Frigoriste Jacob Bellecombette\">Jacob-Bellecombette</a> <b><a href=\"https://www.sbf-energies.com/chauffagiste-frigoriste-gresy-sur-aix\" title=\"Chauffagiste Frigoriste Gresy Sur Aix\">Grésy-sur-Aix</a></b> <a href=\"https://www.sbf-energies.com/chauffagiste-frigoriste-gresy-sur-aix\" title=\"Chauffagiste Frigoriste Gresy Sur Aix\">Grésy-sur-Aix</a> <b>Aix-les-Bains</b> <p>MaPrimeRenov', l'aide de l'Anah (Agence Nationale de l'Habitat) vous permet de bénéficier jusqu'à 1 200 euros d'aide pour l'installation de votre chauffe-eau.*</p> <p>Cette prime à la rénovation énergétique de votre logement, est accessible depuis le début du mois d'octobre 2020 à l'ensemble des propriétaires et copropriétaires savoyards qu'ils soient bailleurs ou résidents de leur bien principal. Le mode de distribution de MaPrimeRenov' est forfaitaire et établi selon un barème coloré bien précis (MaPrimeRenov Bleu, Jaune, Violet, Rose, Copropriété).</p> <p>Si vous voulez connaître le montant de prime auquel vous serez éligible dans le cadre de l'installation d'un chauffe-eau thermodynamique en Savoie par votre prestataire SBF Energies, il vous suffit de vous rendre sur <a href=\"https://www.faire.gouv.fr/aides-de-financement/simulaides\" title=\"simulateur en ligne MaPrimeRenov et CEE\" target=\"_blank\">le simulateur en ligne créé par le gouvernement pour MaPrimeRenov et les CEE</a> et de renseigner les devis d'entreprises que vous avez fait estimés, les caractéristiques de votre logement ainsi que votre revenu fiscal de référence.</p> <a href=\"https://www.faire.gouv.fr/aides-de-financement/simulaides\" title=\"simulateur en ligne MaPrimeRenov et CEE\" target=\"_blank\">le simulateur en ligne créé par le gouvernement pour MaPrimeRenov et les CEE</a> <hr> <p>* Cette somme correspond au montant d'aide MaPrimeRenov' perçu par les ménages éligibles à MaPrimeRenov' Bleu.</p> <hr> <h3>En savoir plus sur le chauffe eau thermodynamique</h3> <p><i class=\"fa fa-angle-double-right\" style=\"color: #337ab7;\"></i> <a href=\"/entretien/chauffe-eau-thermodynamique\">Entretien du chauffe eau thermodynamique</a></p> <i class=\"fa fa-angle-double-right\" style=\"color: #337ab7;\"></i> <a href=\"/entretien/chauffe-eau-thermodynamique\">Entretien du chauffe eau thermodynamique</a> <p><i class=\"fa fa-angle-double-right\" style=\"color: #337ab7;\"></i> <a href=\"/depannage/chauffe-eau-thermodynamique\">Dépannage du chauffe eau thermodynamique</a></p> <i class=\"fa fa-angle-double-right\" style=\"color: #337ab7;\"></i> <a href=\"/depannage/chauffe-eau-thermodynamique\">Dépannage du chauffe eau thermodynamique</a>"
    }
  ],
  "related": {
    "title": "",
    "links": []
  },
  "url": "https://www.sbf-energies.com/installation/chauffe-eau-thermodynamique"
}