{
  "breadcrumb": "Chaudiere gaz",
  "seo": {
    "title": "Installer une Chaudière à Gaz THPE en Savoie | SBF Energies",
    "description": "SBF Energies, chauffagiste certifié vous accompagne dans votre projet  d'installation de chaudière à gaz à chambery et ses environs.",
    "opengraph": {
      "site_name": "SBF Energies",
      "type": "website",
      "locale": "fr_FR",
      "title": "Installer une Chaudière à Gaz THPE en Savoie | SBF Energies",
      "description": "SBF Energies, chauffagiste certifié vous accompagne dans votre projet  d'installation de chaudière à gaz à chambery et ses environs.",
      "image": {
        "src": "https://www.sbf-energies.com/build/images/sbf-installation-chaudiere-gaz-456x334.d12bd26c.jpg",
        "alt": "Installation et mise en route de votre chaudiere par SBF Energies"
      }
    }
  },
  "hero": {
    "title": "Installation de votre Chaudière gaz par SBF Energies à Chambéry",
    "subtitle": "Nos équipes vous accompagnent dans toutes les étapes de votre projet de chaudière dans la Savoie"
  },
  "intro": {
    "image": {
      "src": "https://www.sbf-energies.com/build/images/sbf-installation-chaudiere-gaz-456x334.d12bd26c.jpg",
      "alt": "Installation et mise en route de votre chaudiere par SBF Energies"
    },
    "text": "<p>SBF Energies est votre partenaire de confiance pour l'installation de <strong>chaudières THPE</strong> (Très Haute Performance Énergétique) à <a href=\"https://www.sbf-energies.com/chauffagiste-frigoriste-chambery\" title=\"Chauffagiste Frigoriste Chambery\">Chambéry</a> et ses environs.</p> <p>Nous sommes une entreprise spécialisée dans les solutions de chauffage efficaces et respectueuses de l'environnement, et nous nous engageons à fournir des services de haute qualité pour répondre à vos besoins de chauffage.</p> <hr>"
  },
  "contents": [
    {
      "title": "Pourquoi choisir une chaudière THPE ?",
      "text": "<p>Les chaudières THPE sont des équipements de chauffage avancés, conçus pour maximiser l'efficacité énergétique tout en réduisant la consommation de gaz et les émissions de CO2. Grâce à leur technologie de condensation, elles récupèrent la chaleur contenue dans les gaz, optimisant ainsi l'utilisation du gaz naturel ou du propane. Cela se traduit par des économies d'énergie significatives et une empreinte carbone réduite, contribuant ainsi à la préservation de l'environnement.</p> <hr>"
    },
    {
      "title": "Nos services d'installations",
      "text": "<p>Chez SBF Energies, nous mettons à votre disposition une équipe d'experts qualifiés et expérimentés dans l'installation de chaudières THPE. Nous commençons par une étude approfondie de vos besoins en chauffage et de la configuration de votre domicile ou de votre entreprise à Chambéry, Sonnaz ou encore <a href=\"https://www.sbf-energies.com/chauffagiste-frigoriste-la-motte-servolex\" title=\"Chauffagiste Frigoriste La Motte Servolex\">La Motte-Servolex</a>. Cette étape nous permet de vous recommander la chaudière gaz THPE la mieux adaptée à vos exigences en matière de chauffage et d'efficacité énergétique.</p> <p>Une fois que vous avez choisi votre chaudière THPE, nous planifions l'installation de manière à minimiser les perturbations et à vous offrir une transition en douceur vers votre nouveau système de chauffage. Notre équipe travaille avec professionnalisme et diligence pour assurer une installation rapide, sans compromis sur la qualité du travail effectué.</p> <hr>"
    },
    {
      "title": "Pourquoi nous choisir ?",
      "text": "<ul><li><strong>Expertise technique</strong> : Nos techniciens sont hautement qualifiés et formés aux dernières technologies en matière de chauffage. Ils sont en mesure de fournir des solutions adaptées à vos besoins spécifiques.</li><li><strong>Engagement environnemental</strong> : Chez SBF Energies, nous nous soucions de l'environnement. C'est pourquoi nous encourageons l'adoption de solutions écoénergétiques telles que les chaudières THPE pour réduire l'empreinte carbone de votre foyer ou de votre entreprise.</li><li><strong>Service client de qualité</strong> : Votre satisfaction est notre priorité. Nous mettons un point d'honneur à fournir un service clientèle exceptionnel, de la première consultation à l'installation et au-delà.</li></ul> <hr>"
    },
    {
      "title": "Contactez-nous dès aujourd'hui !",
      "text": "<p>Si vous êtes basé à Chambéry ou ses environs et que vous recherchez une installation de chaudière gaz THPE, ne cherchez pas plus loin que SBF Energies. Contactez-nous dès aujourd'hui pour discuter de vos besoins en chauffage, obtenir des conseils personnalisés et planifier l'installation de votre nouvelle chaudière THPE. Faites le choix d'un chauffage efficace, économique et respectueux de l'environnement avec SBF Energies.</p>"
    }
  ],
  "related": {
    "title": "",
    "links": []
  },
  "url": "https://www.sbf-energies.com/installation/chaudiere-gaz"
}