{
  "breadcrumb": "Climatisation",
  "seo": {
    "title": "Installation de climatisation en Savoie | SBF Energies",
    "description": "SBF Energies installe tous types de climatisation réversible dans la région de Chambéry, Aix-les-Bains, Rumilly, Pontcharra, en Savoie. Entreprise RGE QualiPAC.",
    "opengraph": {
      "site_name": "SBF Energies",
      "type": "website",
      "locale": "fr_FR",
      "title": "Installation de climatisation en Savoie | SBF Energies",
      "description": "SBF Energies installe tous types de climatisation réversible dans la région de Chambéry, Aix-les-Bains, Rumilly, Pontcharra, en Savoie. Entreprise RGE QualiPAC.",
      "image": {
        "src": "https://www.sbf-energies.com/build/images/sbf-energies-installation-climatisation-456x334.cfc49427.jpg",
        "alt": "Installation de votre climatisation par votre chauffagiste SBF Energies"
      }
    }
  },
  "hero": {
    "title": "SBF Energies, installateur de climatisation en Savoie",
    "subtitle": "Faîtes appel à des experts pour l'installation de votre climatisation"
  },
  "intro": {
    "image": {
      "src": "https://www.sbf-energies.com/build/images/sbf-energies-installation-climatisation-456x334.cfc49427.jpg",
      "alt": "Installation de votre climatisation par votre chauffagiste SBF Energies"
    },
    "text": "<p>La climatisation apporte un confort appréciable. Même en Savoie, dans les régions proches des Alpes, il n'est pas rare de souffrir de la chaleur en été que ce soit à <a href=\"https://www.sbf-energies.com/chauffagiste-frigoriste-chambery\" title=\"Chauffagiste Frigoriste Chambery\">Chambéry</a>, <a href=\"https://www.sbf-energies.com/chauffagiste-frigoriste-aix-les-bains\" title=\"Chauffagiste Frigoriste Aix Les Bains\">Aix-les-Bains</a>, <a href=\"https://www.sbf-energies.com/chauffagiste-frigoriste-rumilly\" title=\"Chauffagiste Frigoriste Rumilly\">Rumilly</a>, <a href=\"https://www.sbf-energies.com/chauffagiste-frigoriste-pontcharra\" title=\"Chauffagiste Frigoriste Pontcharra\">Pontcharra</a> et alentours.</p> <p>Chez SBF Energies, nous vous accompagnons dans l’installation, la mise en service et l’entretien de votre climatisation en Savoie et Haute-Savoie. Basés près de chez vous, à <a href=\"https://www.sbf-energies.com/chauffagiste-frigoriste-la-motte-servolex\" title=\"Chauffagiste Frigoriste La Motte Servolex\">La Motte-Servolex</a>, nos techniciens qualifiés vous apportent des solutions sur mesure, performantes et durables.</p> <p>&nbsp;</p> <p><i class=\"fa fa-angle-double-right\" style=\"color: #337ab7;\"></i> <a href=\"/nous-contacter?type=3&amp;categorie=air_conditioner\">Vous souhaitez remplacer ou installer une climatisation ? Contactez-nous pour obtenir un <strong>devis gratuit et sans engagement</strong>.</a><br>&nbsp;</p>"
  },
  "contents": [
    {
      "title": "L'installation d'une climatisation : une procédure technique",
      "text": "<p>L'installation d'une climatisation ne s'improvise pas, surtout si l'on veut profiter de tout ce que les systèmes actuels peuvent apporter. Elle&nbsp;nécessite, en effet, une réflexion et un savoir-faire technique précis. C'est pourquoi il est conseillé de s'adresser à un <a href=\"/installation\" title=\"Installation du chauffage par SBF Energies\">installateur de chauffage</a>&nbsp;ou de climatisation professionnel, comme SBF Energies.</p> <a href=\"/installation\" title=\"Installation du chauffage par SBF Energies\">installateur de chauffage</a> <p>L'installation d'une climatisation doit être bien pensée et surtout, réalisée dans les règles de l'art.</p> <p>Les techniciens SBF Energies sont des professionnels qualifiés pour l'installation de votre climatisation et attentifs aux différents paramètres de votre chantier en Savoie.</p> <p>En faisant appel à un professionnel <a href=\"/qui-sommes-nous/certification-rge-qualipac\" title=\"SBF est une entreprise certifiée RGE QualiPAC\">certifié RGE QualiPAC</a> comme SBF Energies, vous bénéficiez :</p> <a href=\"/qui-sommes-nous/certification-rge-qualipac\" title=\"SBF est une entreprise certifiée RGE QualiPAC\">certifié RGE QualiPAC</a> <ul><li>D’un accompagnement personnalisé,</li><li>D’une installation conforme et durable,</li><li>De conseils pour choisir le système le plus adapté à votre logement et votre budget.</li></ul> <li>D’un accompagnement personnalisé,</li> <li>D’une installation conforme et durable,</li> <li>De conseils pour choisir le système le plus adapté à votre logement et votre budget.</li> <p>Seule une pose soigneuse et professionnelle vous garantit des performances optimales, dans la durée, tout comme une maîtrise de votre consommation énergétique liée au rafraîchissement du logement. Les techniciens SBF Energies sont aussi à même de prendre en charge les problèmes de sécurité, en particulier lors de la manipulation du <strong>fluide frigorigène</strong>.</p> <strong>fluide frigorigène</strong>"
    },
    {
      "title": "Quel système de climatisation choisir ?",
      "text": "<p>Les climatiseurs sont des pompes à chaleur air/air. L'offre est très diversifiée, ce qui rend souvent le choix difficile. C'est l'une des raisons pour lesquelles il est important de s'adresser à un professionnel et de faire établir un devis installation climatisation. Chez SBF Energies, <strong>ce devis est gratuit</strong>.</p> <strong>ce devis est gratuit</strong> <p>Il existe les climatiseurs splits, ceux-ci peuvent se présenter sous la forme de <strong>monosplits</strong> ou de <strong>multisplits</strong>.</p> <strong>monosplits</strong> <strong>multisplits</strong> <p>Le premier type est composé de l'association d'une unité extérieure et d'une unité intérieure. Le second dispose quant à lui de plusieurs unités intérieures et permet donc de couvrir une surface plus importante.</p> <p>SBF Energies vend et installe tous types de technologies de climatisation, dans la région de Chambéry, Aix-les-Bains, Rumilly, La Motte-Servolex, Pontcharra et alentours. Nous sommes en particularité installateurs de <a href=\"/equipements/climatisation/climatisation-reversible\">climatisation réversible</a> et de climatisation Mitsubishi. Nous ne travaillons qu'avec les meilleures marques. Nous assurons aussi la maintenance et le dépannage de vos climatiseurs en Savoie.</p> <a href=\"/equipements/climatisation/climatisation-reversible\">climatisation réversible</a>"
    },
    {
      "title": "En savoir plus sur la climatisation",
      "text": "<p><i class=\"fa fa-angle-double-right\" style=\"color: #337ab7;\"></i> <a href=\"/entretien/climatisation\">Entretien de la climatisation</a></p> <i class=\"fa fa-angle-double-right\" style=\"color: #337ab7;\"></i> <a href=\"/entretien/climatisation\">Entretien de la climatisation</a> <p><i class=\"fa fa-angle-double-right\" style=\"color: #337ab7;\"></i> <a href=\"/depannage/climatisation\">Dépannage de la climatisation</a></p> <i class=\"fa fa-angle-double-right\" style=\"color: #337ab7;\"></i> <a href=\"/depannage/climatisation\">Dépannage de la climatisation</a>"
    }
  ],
  "related": {
    "title": "",
    "links": []
  },
  "url": "https://www.sbf-energies.com/installation/climatisation"
}