{
  "breadcrumb": "Panneaux photovoltaiques",
  "seo": {
    "title": "Installation de panneaux photovoltaïques en Savoie - SBF Energies",
    "description": "SBF Energies, installateur photovoltaïque en Savoie, vous propose des solutions solaires complètes à partir de 8 490€ ! Découvrez nos kits solaires Sol&moi, disponibles autour de Chambéry !",
    "opengraph": {
      "site_name": "SBF Energies",
      "type": "website",
      "locale": "fr_FR",
      "title": "Installation de panneaux photovoltaïques en Savoie - SBF Energies",
      "description": "SBF Energies, installateur photovoltaïque en Savoie, vous propose des solutions solaires complètes à partir de 8 490€ ! Découvrez nos kits solaires Sol&moi, disponibles autour de Chambéry !",
      "image": {
        "src": "https://www.sbf-energies.com/build/images/sbf-energies-installation-photovoltaiques-456x334.a47c7d8a.jpg",
        "alt": "SBF Energies installe vos panneaux solaires photovoltaïques en Savoie et en Isère"
      }
    }
  },
  "hero": {
    "title": "Installation de panneaux photovoltaïques en Savoie",
    "subtitle": "SBF Energies, votre installateur solaires certifié QualiPV et 100% Savoyard"
  },
  "intro": {
    "image": {
      "src": "https://www.sbf-energies.com/build/images/sbf-energies-installation-photovoltaiques-456x334.a47c7d8a.jpg",
      "alt": "SBF Energies installe vos panneaux solaires photovoltaïques en Savoie et en Isère"
    },
    "text": "<p>Vous êtes propriétaire et vous souhaitez produire et consommer votre propre électricité ? Installer des panneaux solaires photovoltaïques chez vous est à la fois une solution économique et écologique en Savoie et en Isère comme dans le reste de la France.</p> <p>Que vous soyez à <a href=\"https://www.sbf-energies.com/chauffagiste-frigoriste-chambery\" title=\"Chauffagiste Frigoriste Chambery\">Chambéry</a>, <a href=\"https://www.sbf-energies.com/chauffagiste-frigoriste-pontcharra\" title=\"Chauffagiste Frigoriste Pontcharra\">Pontcharra</a>, <a href=\"https://www.sbf-energies.com/chauffagiste-frigoriste-rumilly\" title=\"Chauffagiste Frigoriste Rumilly\">Rumilly</a> ou encore à La-Tour-du-Pin, nos équipes vous proposent des équipements fiables et une installation de qualité de vos kits solaires photovoltaïques.</p> <p>SBF Energies vous accompagne dans toutes les démarches administratives, des demandes d'aides financières au raccordement au réseau de votre installation photovoltaïque.</p> <p>&nbsp;</p>"
  },
  "contents": [
    {
      "title": "Panneaux photovoltaïques : comment ça marche",
      "text": "<p>Les <a href=\"https://www.sbf-energies.com/equipements/panneaux-photovoltaiques\" title=\"Panneaux photovoltaïques : les technologies\">panneaux solaires photovoltaïques</a> sont composés de cellules dont le silicium permet de capter la lumière du soleil. Cette lumière est convertie en énergie électrique et acheminée vers un micro onduleur qui transforme le courant continu produit en courant alternatif.</p> <a href=\"https://www.sbf-energies.com/equipements/panneaux-photovoltaiques\" title=\"Panneaux photovoltaïques : les technologies\">panneaux solaires photovoltaïques</a> <p>L'électricité se dirige alors vers le tableau électrique de la maison. Là, elle sera distribuée aux différents équipements (lave-vaisselle, téléviseur, voiture électrique, lampes, etc.). Elle pourra également être injectée dans le réseau général si elle n'est pas consommée.</p>"
    },
    {
      "title": "Bien choisir son kit solaire en Savoie",
      "text": "<p>La gamme photovoltaïque Sol&amp;moi vous propose trois offres répondant chacune aux besoins spécifiques de nos clients en matière de technologies et d'accompagnement. <strong>Découvrez nos kis solaires en Savoie à partir de 6990€ TTC</strong> et hors déduction de prime à l’autoconsommation !</p> <strong>Découvrez nos kis solaires en Savoie à partir de 6990€ TTC</strong> <h3>Sol&amp;Go</h3> <p>L'offre Sol&amp;Go est une offre de base déjà très complète avec des panneaux de qualité garantis 25 ans et un accompagnement administratif de bout en bout.</p> <ul><li>Des panneaux photovoltaïques performants 500 Wc TOPCon</li><li>Micro-onduleurs AP systems</li><li>L'étude solaire personnalisée</li><li>Une application de suivi de production solaire</li><li>L'accompagnement administratif dans les démarches d’installation : démarches auprès de la mairie, Enedis, Consuel</li><li>La pose par votre professionnel qualifié RGE</li></ul> <li>Des panneaux photovoltaïques performants 500 Wc TOPCon</li> <li>Micro-onduleurs AP systems</li> <li>L'étude solaire personnalisée</li> <li>Une application de suivi de production solaire</li> <li>L'accompagnement administratif dans les démarches d’installation : démarches auprès de la mairie, Enedis, Consuel</li> <li>La pose par votre professionnel qualifié RGE</li> <h3>Sol&amp;Zen</h3> <p>L'offre Sol&amp;Zen offre des panneaux encore plus performants de DualSun, marque française. En plus des autres caractéristiques de Sol&amp;Go, elle comprend aussi une solution d'optimisation de votre consommation et un suivi à 1 an de votre installation. Vous pourrez alors bénéficier de conseils personnalisés pour maximiser votre consommation solaire.</p> <ul><li>Panneaux DualSun 500 Wc TOPCON - Garantie produit : 30 ans</li><li>Micro-onduleurs AP systems</li><li>L'étude solaire personnalisée</li><li>Une application de suivi de production solaire</li><li>L'accompagnement administratif dans les démarches d’installation : démarches auprès de la mairie, Enedis, Consuel</li><li>La pose par votre professionnel qualifié RGE</li><li><strong><strong>Une solution d’optimisation de votre consommation</strong></strong></li><li><strong>Le suivi post-installation 1ère année avec démarches administratives, analyse de la production et conseils d’optimisation</strong></li></ul> <li>Panneaux DualSun 500 Wc TOPCON - Garantie produit : 30 ans</li> <li>Micro-onduleurs AP systems</li> <li>L'étude solaire personnalisée</li> <li>Une application de suivi de production solaire</li> <li>L'accompagnement administratif dans les démarches d’installation : démarches auprès de la mairie, Enedis, Consuel</li> <li>La pose par votre professionnel qualifié RGE</li> <li><strong><strong>Une solution d’optimisation de votre consommation</strong></strong></li> <strong><strong>Une solution d’optimisation de votre consommation</strong></strong> <strong>Une solution d’optimisation de votre consommation</strong> <li><strong>Le suivi post-installation 1ère année avec démarches administratives, analyse de la production et conseils d’optimisation</strong></li> <strong>Le suivi post-installation 1ère année avec démarches administratives, analyse de la production et conseils d’optimisation</strong> <ul></ul> <h3>Sol&amp;Plus</h3> <p>Sol&amp;Plus est notre offre haut de gamme. Elle vise une autoconsommation solaire à 100% grâce au stockage virtuel MyLight. Elle intègre des panneaux solaires MyLight à cellules à hétérojonction, avec un rendement accru. À noter, Mylight est une autre marque française basée dans le Rhône.</p> <ul><li>Panneaux Mylight Hétérojonction 500 Wc - Rendement exceptionnel et garantie étendue à 30 ans</li><li>Micro-onduleurs Enphase</li><li>L'étude solaire personnalisée</li><li>Une application de suivi de production solaire</li><li>L'accompagnement administratif dans les démarches d’installation : démarches auprès de la mairie, Enedis, Consuel</li><li>La pose par votre professionnel qualifié RGE</li><li><strong><strong>Une solution d’optimisation de votre consommation</strong></strong></li><li><strong>Le suivi post-installation 1ère année avec démarches administratives, analyse de la production et conseils d’optimisation</strong></li><li><strong>Jusqu'à 100% de consommation de votre production solaire avec le stockage virtuel Mylight</strong></li></ul> <li>Panneaux Mylight Hétérojonction 500 Wc - Rendement exceptionnel et garantie étendue à 30 ans</li> <li>Micro-onduleurs Enphase</li> <li>L'étude solaire personnalisée</li> <li>Une application de suivi de production solaire</li> <li>L'accompagnement administratif dans les démarches d’installation : démarches auprès de la mairie, Enedis, Consuel</li> <li>La pose par votre professionnel qualifié RGE</li> <li><strong><strong>Une solution d’optimisation de votre consommation</strong></strong></li> <strong><strong>Une solution d’optimisation de votre consommation</strong></strong> <strong>Une solution d’optimisation de votre consommation</strong> <li><strong>Le suivi post-installation 1ère année avec démarches administratives, analyse de la production et conseils d’optimisation</strong></li> <strong>Le suivi post-installation 1ère année avec démarches administratives, analyse de la production et conseils d’optimisation</strong> <li><strong>Jusqu'à 100% de consommation de votre production solaire avec le stockage virtuel Mylight</strong></li> <strong>Jusqu'à 100% de consommation de votre production solaire avec le stockage virtuel Mylight</strong> <p></p> <table class=\"tab-pv\"><tbody><tr><td>&nbsp;</td><td><strong>Sol&amp;Go</strong></td><td><strong>Sol&amp;Zen</strong></td><td><strong>Sol&amp;Plus</strong></td></tr><tr><td><strong>Panneaux photovoltaïques</strong></td><td>Panneaux solaires performants 500 Wc TOPCon – Garantie des panneaux 25 ans</td><td>DualSun 500 Wc TOPCon – Garantie des panneaux 30 ans</td><td>MyLight hétérojonction 500 Wc – Garantie des panneaux 30 ans</td></tr><tr><td><strong>Micro onduleurs</strong></td><td>AP Systems</td><td>AP Sytems</td><td>Enphase</td></tr><tr><td><strong>Capacité de production</strong></td><td>3kWc à 12 kWc</td><td>3kWc à 12 kWc</td><td>À partir de 3kWc</td></tr><tr><td><strong>Etude solaire personnalisée</strong></td><td>Oui</td><td>Oui</td><td>Oui</td></tr><tr><td><strong>Application de suivi de production</strong></td><td>Oui</td><td>Oui</td><td>Oui</td></tr><tr><td><strong>Accompagnement administratif</strong></td><td>Oui</td><td>Oui</td><td>Oui</td></tr><tr><td><p><strong>Pose par un professionnel qualifié RGE</strong></p></td><td>Oui</td><td>Oui</td><td>Oui</td></tr><tr><td><strong>Solution d’optimisation de votre consommation</strong></td><td>Non</td><td>Oui</td><td>Oui</td></tr><tr><td><strong>Suivi post-installation 1ère année</strong></td><td>Non</td><td>Oui</td><td>Oui</td></tr><tr><td><strong>Stockage virtuel MySmartBattery</strong></td><td>En option</td><td>En option</td><td>Inclus</td></tr><tr><td><strong>Technologie du panneau</strong></td><td>TOPCon</td><td>TOPCon</td><td>Bi-verre bifacial hétérojonction</td></tr><tr><td><strong>Prime à l’autoconsommation déductible</strong></td><td>Éligible</td><td>Éligible</td><td>Non éligible</td></tr></tbody></table> <tbody><tr><td>&nbsp;</td><td><strong>Sol&amp;Go</strong></td><td><strong>Sol&amp;Zen</strong></td><td><strong>Sol&amp;Plus</strong></td></tr><tr><td><strong>Panneaux photovoltaïques</strong></td><td>Panneaux solaires performants 500 Wc TOPCon – Garantie des panneaux 25 ans</td><td>DualSun 500 Wc TOPCon – Garantie des panneaux 30 ans</td><td>MyLight hétérojonction 500 Wc – Garantie des panneaux 30 ans</td></tr><tr><td><strong>Micro onduleurs</strong></td><td>AP Systems</td><td>AP Sytems</td><td>Enphase</td></tr><tr><td><strong>Capacité de production</strong></td><td>3kWc à 12 kWc</td><td>3kWc à 12 kWc</td><td>À partir de 3kWc</td></tr><tr><td><strong>Etude solaire personnalisée</strong></td><td>Oui</td><td>Oui</td><td>Oui</td></tr><tr><td><strong>Application de suivi de production</strong></td><td>Oui</td><td>Oui</td><td>Oui</td></tr><tr><td><strong>Accompagnement administratif</strong></td><td>Oui</td><td>Oui</td><td>Oui</td></tr><tr><td><p><strong>Pose par un professionnel qualifié RGE</strong></p></td><td>Oui</td><td>Oui</td><td>Oui</td></tr><tr><td><strong>Solution d’optimisation de votre consommation</strong></td><td>Non</td><td>Oui</td><td>Oui</td></tr><tr><td><strong>Suivi post-installation 1ère année</strong></td><td>Non</td><td>Oui</td><td>Oui</td></tr><tr><td><strong>Stockage virtuel MySmartBattery</strong></td><td>En option</td><td>En option</td><td>Inclus</td></tr><tr><td><strong>Technologie du panneau</strong></td><td>TOPCon</td><td>TOPCon</td><td>Bi-verre bifacial hétérojonction</td></tr><tr><td><strong>Prime à l’autoconsommation déductible</strong></td><td>Éligible</td><td>Éligible</td><td>Non éligible</td></tr></tbody> <tr><td>&nbsp;</td><td><strong>Sol&amp;Go</strong></td><td><strong>Sol&amp;Zen</strong></td><td><strong>Sol&amp;Plus</strong></td></tr> <td>&nbsp;</td> <td><strong>Sol&amp;Go</strong></td> <strong>Sol&amp;Go</strong> <td><strong>Sol&amp;Zen</strong></td> <strong>Sol&amp;Zen</strong> <td><strong>Sol&amp;Plus</strong></td> <strong>Sol&amp;Plus</strong> <tr><td><strong>Panneaux photovoltaïques</strong></td><td>Panneaux solaires performants 500 Wc TOPCon – Garantie des panneaux 25 ans</td><td>DualSun 500 Wc TOPCon – Garantie des panneaux 30 ans</td><td>MyLight hétérojonction 500 Wc – Garantie des panneaux 30 ans</td></tr> <td><strong>Panneaux photovoltaïques</strong></td> <strong>Panneaux photovoltaïques</strong> <td>Panneaux solaires performants 500 Wc TOPCon – Garantie des panneaux 25 ans</td> <td>DualSun 500 Wc TOPCon – Garantie des panneaux 30 ans</td> <td>MyLight hétérojonction 500 Wc – Garantie des panneaux 30 ans</td> <tr><td><strong>Micro onduleurs</strong></td><td>AP Systems</td><td>AP Sytems</td><td>Enphase</td></tr> <td><strong>Micro onduleurs</strong></td> <strong>Micro onduleurs</strong> <td>AP Systems</td> <td>AP Sytems</td> <td>Enphase</td> <tr><td><strong>Capacité de production</strong></td><td>3kWc à 12 kWc</td><td>3kWc à 12 kWc</td><td>À partir de 3kWc</td></tr> <td><strong>Capacité de production</strong></td> <strong>Capacité de production</strong> <td>3kWc à 12 kWc</td> <td>3kWc à 12 kWc</td> <td>À partir de 3kWc</td> <tr><td><strong>Etude solaire personnalisée</strong></td><td>Oui</td><td>Oui</td><td>Oui</td></tr> <td><strong>Etude solaire personnalisée</strong></td> <strong>Etude solaire personnalisée</strong> <td>Oui</td> <td>Oui</td> <td>Oui</td> <tr><td><strong>Application de suivi de production</strong></td><td>Oui</td><td>Oui</td><td>Oui</td></tr> <td><strong>Application de suivi de production</strong></td> <strong>Application de suivi de production</strong> <td>Oui</td> <td>Oui</td> <td>Oui</td> <tr><td><strong>Accompagnement administratif</strong></td><td>Oui</td><td>Oui</td><td>Oui</td></tr> <td><strong>Accompagnement administratif</strong></td> <strong>Accompagnement administratif</strong> <td>Oui</td> <td>Oui</td> <td>Oui</td> <tr><td><p><strong>Pose par un professionnel qualifié RGE</strong></p></td><td>Oui</td><td>Oui</td><td>Oui</td></tr> <td><p><strong>Pose par un professionnel qualifié RGE</strong></p></td> <p><strong>Pose par un professionnel qualifié RGE</strong></p> <strong>Pose par un professionnel qualifié RGE</strong> <td>Oui</td> <td>Oui</td> <td>Oui</td> <tr><td><strong>Solution d’optimisation de votre consommation</strong></td><td>Non</td><td>Oui</td><td>Oui</td></tr> <td><strong>Solution d’optimisation de votre consommation</strong></td> <strong>Solution d’optimisation de votre consommation</strong> <td>Non</td> <td>Oui</td> <td>Oui</td> <tr><td><strong>Suivi post-installation 1ère année</strong></td><td>Non</td><td>Oui</td><td>Oui</td></tr> <td><strong>Suivi post-installation 1ère année</strong></td> <strong>Suivi post-installation 1ère année</strong> <td>Non</td> <td>Oui</td> <td>Oui</td> <tr><td><strong>Stockage virtuel MySmartBattery</strong></td><td>En option</td><td>En option</td><td>Inclus</td></tr> <td><strong>Stockage virtuel MySmartBattery</strong></td> <strong>Stockage virtuel MySmartBattery</strong> <td>En option</td> <td>En option</td> <td>Inclus</td> <tr><td><strong>Technologie du panneau</strong></td><td>TOPCon</td><td>TOPCon</td><td>Bi-verre bifacial hétérojonction</td></tr> <td><strong>Technologie du panneau</strong></td> <strong>Technologie du panneau</strong> <td>TOPCon</td> <td>TOPCon</td> <td>Bi-verre bifacial hétérojonction</td> <tr><td><strong>Prime à l’autoconsommation déductible</strong></td><td>Éligible</td><td>Éligible</td><td>Non éligible</td></tr> <td><strong>Prime à l’autoconsommation déductible</strong></td> <strong>Prime à l’autoconsommation déductible</strong> <td>Éligible</td> <td>Éligible</td> <td>Non éligible</td>"
    },
    {
      "title": "Les aides financières de l'Etat pour votre installation solaire",
      "text": "<h3>La prime à l'autoconsommation</h3> <p>Nous vous en parlions plus haut, cette prime à l'investissement est versée pour les installations en autoconsommation avec revente de surplus à EDF. Son montant varie selon la puissance de votre installation photovoltaïque et est revu chaque trimestre.</p> <h3>La TVA réduite à 10%</h3> <p>Vous pouvez bénéficier d'une TVA réduite à 10% si vous vendez votre excédent. Cela s'applique si la puissance de votre installation est de 3 kWc ou moins.</p> <h3>L'obligation d'achat par EDF OA</h3> <p>Lorsque vous injectez votre surplus de production dans le réseau électrique général (hors stockage virtuel), EDF a l'obligation de vous l'acheter. Le tarif est réglementé et revu tous les trimestres.</p>"
    },
    {
      "title": "Les étapes de votre installation photovoltaïque",
      "text": "<p>L'installation de panneaux photovoltaïques suit plusieurs étapes.</p> <ol><li>Tout commence avec <strong>l'étude solaire personnalisée</strong>. Elle permet d'appréhender le potentiel de la toiture : combien de panneaux peuvent y être installés ? Quelle production solaire pourront-ils générer ? Il s'agit aussi d'étudier votre consommation électrique et vos besoins en énergie.<br>Cette étape cruciale permettra d'orienter le choix technologique en fonction de votre toiture et de vos usages. Si votre maison ne profite pas d'un ensoleillement optimal, des panneaux monocristallins à hétérojonction pourront ainsi être un choix judicieux pour obtenir un rendement maximal.</li><li><strong>La visite technique</strong> avec l'un de nos experts permet ensuite de valider la faisabilité de votre projet et ses conditions de réalisation en fonction de votre bâti : toit terrasse, toit incliné, pente du toit, etc.</li><li>Vos démarches administratives commencent ici avec <strong>les demandes d'aides financières</strong>. Avec l'aide de nos équipes, il vous faudra d'abord constituer votre dossier de demande de <strong>prime à l'autoconsommation</strong>. Cette prime à l'investissement s'adresse aux particuliers, sans conditions de revenus. Son montant dépend de la puissance de votre installation photovoltaïque et sera déduit directement de votre devis.</li><li>Une fois le devis validé, il faudra <strong>demander l'autorisation préalable</strong> en mairie pour vos travaux. La pose de panneaux photovoltaïques modifie en effet l'allure de votre maison, et ce type de changement doit être validé par la commune. Là encore, les équipes SBF Energies vous accompagnent.</li><li>Auprès du gestionnaire du réseau électrique, il vous faudra ensuite <strong>demander le raccordement</strong> de votre future installation photovoltaïque. Cette étape vous permettra par la suite d'injecter votre surplus de consommation dans le réseau général.</li><li>Une fois les étapes précédentes validées, place à <strong>l'installation de votre kit photovoltaïque</strong> par nos experts certifiés SBF Energies.</li><li>Votre installation est faite, votre système photovoltaïque est en place. Le Comité national pour la sécurité des usagers de l'électricité (<a href=\"https://www.consuel.com/#attestations\">Consuel</a>) doit <strong>attester de la conformité de votre installation</strong>. SBF Energies est toujours à vos côtés dans cette démarche administrative.</li><li>C'est la dernière étape avant la mise en service de votre système photovoltaïque : <strong>le raccordement au réseau</strong> général d'électricité.</li></ol> <li>Tout commence avec <strong>l'étude solaire personnalisée</strong>. Elle permet d'appréhender le potentiel de la toiture : combien de panneaux peuvent y être installés ? Quelle production solaire pourront-ils générer ? Il s'agit aussi d'étudier votre consommation électrique et vos besoins en énergie.<br>Cette étape cruciale permettra d'orienter le choix technologique en fonction de votre toiture et de vos usages. Si votre maison ne profite pas d'un ensoleillement optimal, des panneaux monocristallins à hétérojonction pourront ainsi être un choix judicieux pour obtenir un rendement maximal.</li> <strong>l'étude solaire personnalisée</strong> <br> <li><strong>La visite technique</strong> avec l'un de nos experts permet ensuite de valider la faisabilité de votre projet et ses conditions de réalisation en fonction de votre bâti : toit terrasse, toit incliné, pente du toit, etc.</li> <strong>La visite technique</strong> <li>Vos démarches administratives commencent ici avec <strong>les demandes d'aides financières</strong>. Avec l'aide de nos équipes, il vous faudra d'abord constituer votre dossier de demande de <strong>prime à l'autoconsommation</strong>. Cette prime à l'investissement s'adresse aux particuliers, sans conditions de revenus. Son montant dépend de la puissance de votre installation photovoltaïque et sera déduit directement de votre devis.</li> <strong>les demandes d'aides financières</strong> <strong>prime à l'autoconsommation</strong> <li>Une fois le devis validé, il faudra <strong>demander l'autorisation préalable</strong> en mairie pour vos travaux. La pose de panneaux photovoltaïques modifie en effet l'allure de votre maison, et ce type de changement doit être validé par la commune. Là encore, les équipes SBF Energies vous accompagnent.</li> <strong>demander l'autorisation préalable</strong> <li>Auprès du gestionnaire du réseau électrique, il vous faudra ensuite <strong>demander le raccordement</strong> de votre future installation photovoltaïque. Cette étape vous permettra par la suite d'injecter votre surplus de consommation dans le réseau général.</li> <strong>demander le raccordement</strong> <li>Une fois les étapes précédentes validées, place à <strong>l'installation de votre kit photovoltaïque</strong> par nos experts certifiés SBF Energies.</li> <strong>l'installation de votre kit photovoltaïque</strong> <li>Votre installation est faite, votre système photovoltaïque est en place. Le Comité national pour la sécurité des usagers de l'électricité (<a href=\"https://www.consuel.com/#attestations\">Consuel</a>) doit <strong>attester de la conformité de votre installation</strong>. SBF Energies est toujours à vos côtés dans cette démarche administrative.</li> <a href=\"https://www.consuel.com/#attestations\">Consuel</a> <strong>attester de la conformité de votre installation</strong> <li>C'est la dernière étape avant la mise en service de votre système photovoltaïque : <strong>le raccordement au réseau</strong> général d'électricité.</li> <strong>le raccordement au réseau</strong> <ol></ol> <p>Une fois toutes ces étapes passées, votre système est mis en service et vous pouvez commencer à consommer solaire !</p> <p><i></i> <a href=\"../../conseils-et-actualites/panneaux-solaires-facteurs-rentabilite\" title=\"Rentabilité des panneaux solaires\">7 facteurs qui affectent la rentabilité des panneaux photovoltaïques</a></p> <i></i> <a href=\"../../conseils-et-actualites/panneaux-solaires-facteurs-rentabilite\" title=\"Rentabilité des panneaux solaires\">7 facteurs qui affectent la rentabilité des panneaux photovoltaïques</a>"
    },
    {
      "title": "Bien choisir son installateur solaire photovoltaïque en Savoie",
      "text": "<p>Pour mener à bien votre projet solaire, il est indispensable de bien choisir votre installateur. Tout d'abord vous devez faire appel à un <strong>installateur qualifié RGE</strong> (Reconnu Garant de l'Environnement). Vous pourrez aussi préférer être accompagné dans toutes vos démarches administratives afin de vous faciliter la vie. Il pourra aussi être intéressant pour vous de faire appel à un installateur suffisamment disponible pour répondre à vos questions, à chaque étape de votre projet photovoltaïque.</p> <strong>installateur qualifié RGE</strong> <p>Chez SBF Energies, heureusement, <strong>nous cochons toutes ces cases</strong>. Implantée <a href=\"/qui-sommes-nous\" title=\"SBF Energies, nous découvrir\">depuis 20 ans en Savoie</a>, SBF Energies est un installateur photovoltaïque local et de proximité.</p> <strong>nous cochons toutes ces cases</strong> <a href=\"/qui-sommes-nous\" title=\"SBF Energies, nous découvrir\">depuis 20 ans en Savoie</a> <p>Notre expertise conjointe dans les systèmes de chauffage et de climatisation nous permet de vous apporter une vision holistique de votre maison pour vous aider à faire des économies au quotidien.</p> <p>Enfin, en rejoignant le groupe <a href=\"https://www.energies-services.homeserve.fr/nos-offres-et-services\" title=\"HomeServe Energies Services\" target=\"_blank\" rel=\"noopener\">HomeServe</a> (2019), nous bénéficions de l'appui d'un groupe national d'envergure pour vous aider à résoudre toutes vos problématiques locales, <a href=\"/qui-sommes-nous/zones-intervention\" title=\"Notre zone d'intervention\">en Savoie et en Isère</a>.</p> <a href=\"https://www.energies-services.homeserve.fr/nos-offres-et-services\" title=\"HomeServe Energies Services\" target=\"_blank\" rel=\"noopener\">HomeServe</a> <a href=\"/qui-sommes-nous/zones-intervention\" title=\"Notre zone d'intervention\">en Savoie et en Isère</a> <p>Choisir SBF Energies, c'est opter pour :</p> <ul><li>Un installateur photovoltaïque certifié RGE QualiPV</li><li>Des équipes expertes et qualifiées</li><li>Un service client de proximité, basé à La-Motte-Servolex</li><li>Une entreprise savoyarde, locale et accessible</li><li>Une charte qualité draconienne et l'engagement de toutes nos équipes</li></ul> <li>Un installateur photovoltaïque certifié RGE QualiPV</li> <li>Des équipes expertes et qualifiées</li> <li>Un service client de proximité, basé à La-Motte-Servolex</li> <li>Une entreprise savoyarde, locale et accessible</li> <li>Une charte qualité draconienne et l'engagement de toutes nos équipes</li> <p>N'attendez plus, demandez votre étude solaire personnalisée !</p>"
    }
  ],
  "related": {
    "title": "",
    "links": []
  },
  "url": "https://www.sbf-energies.com/installation/panneaux-photovoltaiques"
}