{
  "breadcrumb": "Pompe a chaleur",
  "seo": {
    "title": "Installation pompe à chaleur en Savoie | SBF Energies",
    "description": "Profitez de notre expertise et économisez de l'argent grâce à l'installation d'une pompe à chaleur : un système de chauffage innovant et économique.",
    "opengraph": {
      "site_name": "SBF Energies",
      "type": "website",
      "locale": "fr_FR",
      "title": "Installation pompe à chaleur en Savoie | SBF Energies",
      "description": "Profitez de notre expertise et économisez de l'argent grâce à l'installation d'une pompe à chaleur : un système de chauffage innovant et économique.",
      "image": {
        "src": "https://www.sbf-energies.com/build/images/sbf-energies-installation-pompe-a-chaleur-456x334.a374e4a6.jpg",
        "alt": "Installation de votre pompe à chaleur par votre chauffagiste SBF Energies"
      }
    }
  },
  "hero": {
    "title": "SBF Energies, installateur de pompe à chaleur en Savoie",
    "subtitle": "Faîtes appel à des experts pour l'installation de votre pompe à chaleur"
  },
  "intro": {
    "image": {
      "src": "https://www.sbf-energies.com/build/images/sbf-energies-installation-pompe-a-chaleur-456x334.a374e4a6.jpg",
      "alt": "Installation de votre pompe à chaleur par votre chauffagiste SBF Energies"
    },
    "text": "<p>De plus en plus de propriétaires et de propriétaires bailleurs choisissent l'installation d'une pompe à chaleur en Savoie. Pourquoi pas vous ?</p> <p>Grâce aux énergies renouvelables, il est aujourd'hui possible de tirer un trait sur les factures de gaz ou de fioul. De nombreuses aides de l'Etat et des régions, ainsi que les primes énergie, permettent d'envisager l'installation d'une pompe à chaleur air/eau sans se ruiner.</p> <p>Pour l'<a href=\"/installation\" title=\"Installation du chauffage par SBF Energies\">installation de votre chauffage</a>, il est important de faire appel à un artisan qualifié comme SBF Energies, qui dispose d'un label Qualipac RGE.</p> <p><i class=\"fa fa-angle-double-right\" style=\"color: #337ab7;\"></i> <a href=\"/nous-contacter?type=3&amp;categorie=heat_pump\">Vous souhaitez remplacer ou installer une pompe à chaleur ? Contactez-nous pour obtenir un <u><b>devis gratuit et sans engagement</b></u>.</a><br>&nbsp;</p>"
  },
  "contents": [
    {
      "title": "SBF, installateur de pompe à chaleur : nos services",
      "text": "<p>Spécialisée dans l'installation de pompes à chaleur, l'entreprise SBF intervient en Savoie, <a href=\"https://www.sbf-energies.com/chauffagiste-frigoriste-chambery\" title=\"Chauffagiste Frigoriste Chambery\">Chambéry</a>, <a href=\"https://www.sbf-energies.com/chauffagiste-frigoriste-aix-les-bains\" title=\"Chauffagiste Frigoriste Aix Les Bains\">Aix-les-Bains</a>, <a href=\"https://www.sbf-energies.com/chauffagiste-frigoriste-rumilly\" title=\"Chauffagiste Frigoriste Rumilly\">Rumilly</a>, <a href=\"https://www.sbf-energies.com/chauffagiste-frigoriste-la-motte-servolex\" title=\"Chauffagiste Frigoriste La Motte Servolex\">La Motte-Servolex</a>, <a href=\"https://www.sbf-energies.com/chauffagiste-frigoriste-pontcharra\" title=\"Chauffagiste Frigoriste Pontcharra\">Pontcharra</a> et alentours. Vous souhaitez opter pour un chauffage plus économique et passer aux énergies renouvelables grâce aux aides de l'Etat et aux primes coup de pouce énergie ? SBF Energies se déplace à votre domicile ou dans vos bureaux de manière à vous proposer la solution la mieux adaptée. Nous installons aussi bien des pompes à chaleur air/air que des pompes à chaleur air/eau. Nous travaillons avec les meilleures marques (Mitsubishi, Daikin ou Atlantic, en particulier), assurons la fourniture, la mise en place mais aussi l'entretien des installations de pompe à chaleur en Savoie. L'entreprise SBF Energies est aussi spécialisée dans l'installation de pompes à chaleur pour piscines.</p> <a href=\"https://www.sbf-energies.com/chauffagiste-frigoriste-chambery\" title=\"Chauffagiste Frigoriste Chambery\">Chambéry</a> <a href=\"https://www.sbf-energies.com/chauffagiste-frigoriste-aix-les-bains\" title=\"Chauffagiste Frigoriste Aix Les Bains\">Aix-les-Bains</a> <a href=\"https://www.sbf-energies.com/chauffagiste-frigoriste-rumilly\" title=\"Chauffagiste Frigoriste Rumilly\">Rumilly</a> <a href=\"https://www.sbf-energies.com/chauffagiste-frigoriste-la-motte-servolex\" title=\"Chauffagiste Frigoriste La Motte Servolex\">La Motte-Servolex</a> <a href=\"https://www.sbf-energies.com/chauffagiste-frigoriste-pontcharra\" title=\"Chauffagiste Frigoriste Pontcharra\">Pontcharra</a>"
    },
    {
      "title": "Installation de pompe à chaleur en Savoie : les différentes technologies",
      "text": "<p>Les premières pompes à chaleur à avoir vu le jour étaient des PAC à géothermie. Ce type de système est toujours employé et se révèle performant, mais nécessite d'importants travaux de forage ou de terrassement qui ne sont pas possibles partout, soit en raison de l'absence de terrain, soit en raison de la nature même du sol. Les fabricants se sont adaptés à la demande. SBF Energies peut aujourd'hui vous proposer l'installation de pompes à chaleur air/air qui nécessitent peu de travaux et surtout, peu d'adaptation du bâti. Les solutions de type split, aussi appelées  climatisations réversibles, vous apportent chaleur en hiver et fraîcheur en été. On a beau habiter à proximité de la montagne, à Chambéry ou Aix-les-Bains, il peut faire chaud à la belle saison et la climatisation est appréciable. Les PAC les plus fréquemment utilisées aujourd'hui sont les systèmes air/eau qui ont connu des avancées technologiques appréciables.</p>"
    },
    {
      "title": "MaPrimeRenov' et l'installation de votre pompe à chaleur",
      "text": "<p>Nos techniciens spécialisés SBF Energies se déplacent chez vous à <b>Aix-les-Bains</b>, <b>Rumilly</b>, <b>La Motte-Servolex</b>, <b><a href=\"https://www.sbf-energies.com/chauffagiste-frigoriste-la-ravoire\" title=\"Chauffagiste Frigoriste La Ravoire\">La Ravoire</a></b>, <b>Pontcharra</b> ou encore <b><a href=\"https://www.sbf-energies.com/chauffagiste-frigoriste-cognin\" title=\"Chauffagiste Frigoriste Cognin\">Cognin</a></b>, pour assurer l'installation de votre pompe à chaleur. Dispositif économique et plus écologique, si vous souhaitez remplacer votre ancien système de chauffage, n'hésitez plus, choisissez de faire installer une pompe à chaleur.</p> <b>Aix-les-Bains</b> <b>Rumilly</b> <b>La Motte-Servolex</b> <b><a href=\"https://www.sbf-energies.com/chauffagiste-frigoriste-la-ravoire\" title=\"Chauffagiste Frigoriste La Ravoire\">La Ravoire</a></b> <a href=\"https://www.sbf-energies.com/chauffagiste-frigoriste-la-ravoire\" title=\"Chauffagiste Frigoriste La Ravoire\">La Ravoire</a> <b>Pontcharra</b> <b><a href=\"https://www.sbf-energies.com/chauffagiste-frigoriste-cognin\" title=\"Chauffagiste Frigoriste Cognin\">Cognin</a></b> <a href=\"https://www.sbf-energies.com/chauffagiste-frigoriste-cognin\" title=\"Chauffagiste Frigoriste Cognin\">Cognin</a> <p>Avec <a href=\"https://www.maprimerenov.gouv.fr\" title=\"site du gouvernement sur MaPrimeRenov\" target=\"_blank\">MaPrimeRenov'</a>, l'aide de l'Anah (Agence Nationale de l'Habitat), vous pouvez bénéficier d'économies non négligeables sur le coût de vos travaux de rénovation énergétique pour votre logement. Cette aide est distribuée de manière forfaitaire (MaPrimeRenov Bleu, Jaune, Violet, Rose, Copropriété) et est accessible depuis le 1er octobre 2020 à l'ensemble des propriétaires et copropriétaires qu'ils soient bailleurs ou résidents de leur logement principal.</p> <a href=\"https://www.maprimerenov.gouv.fr\" title=\"site du gouvernement sur MaPrimeRenov\" target=\"_blank\">MaPrimeRenov'</a> <p>Ainsi, si vous êtes éligible à la catégorie MaPrimeRenov' Bleu, vous pouvez bénéficier d'une aide pouvant aller jusqu'à 9 000 euros pour l'installation d'une PAC géothermique, et jusqu'à 4 000 euros pour l'installation d'une PAC air/eau. A noter que ces montants concernent seulement les ménages les plus modestes.</p> <p>Dans le cadre de l'installation d'une PAC par l'un de nos techniciens spécialisés SBF Energies, MaPrimeRenov' est cumulable avec les CEE (Certificats d'Economie d'Energie) et notamment la prime Coup de Pouce Chauffage. Vous pourrez bénéficier directement en remise sur votre facture d'installation, d'un montant de 2 500 euros (pour les ménages classiques), montant de remise pouvant s'élever jusqu'à 4 000 euros pour les ménages plus modestes.</p> <p>Pour calculer le montant d'aides exact qui vous sera attribué, vous pouvez vous vous rendre directement sur <a href=\"https://www.faire.gouv.fr/aides-de-financement/simulaides\" title=\"simulateur en ligne MaPrimeRenov et CEE\" target=\"_blank\">le simulateur en ligne créé par le gouvernement pour MaPrimeRenov' et les CEE</a>. Il vous suffira de renseigner les caractéristiques de votre logement (sa surface, son année de construction), les différentes informations concernant les devis d'entreprises que vous avez fait réaliser, ainsi que votre Revenu Fiscal de Référence (RFR) présent sur votre dernière feuille d'imposition, pour connaître votre montant d'aide.</p> <a href=\"https://www.faire.gouv.fr/aides-de-financement/simulaides\" title=\"simulateur en ligne MaPrimeRenov et CEE\" target=\"_blank\">le simulateur en ligne créé par le gouvernement pour MaPrimeRenov' et les CEE</a> <h3>En savoir plus sur la pompe à chaleur</h3> <p><i class=\"fa fa-angle-double-right\" style=\"color: #337ab7;\"></i> <a href=\"/entretien/pompe-a-chaleur\">Entretien pompe à chaleur</a></p> <i class=\"fa fa-angle-double-right\" style=\"color: #337ab7;\"></i> <a href=\"/entretien/pompe-a-chaleur\">Entretien pompe à chaleur</a> <p><i class=\"fa fa-angle-double-right\" style=\"color: #337ab7;\"></i> <a href=\"/depannage/pompe-a-chaleur\">Dépannage pompe à chaleur</a></p> <i class=\"fa fa-angle-double-right\" style=\"color: #337ab7;\"></i> <a href=\"/depannage/pompe-a-chaleur\">Dépannage pompe à chaleur</a>"
    }
  ],
  "related": {
    "title": "",
    "links": []
  },
  "url": "https://www.sbf-energies.com/installation/pompe-a-chaleur"
}