[
  {
    "text": " EGS Energies",
    "href": "https://www.egs-energies.fr/qui-sommes-nous",
    "title": "EGS Energies - Votre chauffagiste depuis 60 ans dans les Alpes-Maritimes"
  },
  {
    "text": " EGS Energies - Nice",
    "href": "https://www.egs-energies.fr/qui-sommes-nous/egs-energies-nice",
    "title": "EGS Energies - Nice"
  },
  {
    "text": " EGS Energies - Vallauris",
    "href": "https://www.egs-energies.fr/qui-sommes-nous/egs-energies-vallauris",
    "title": "EGS Energies - Vallauris"
  },
  {
    "text": " EGS Energies - Menton",
    "href": "https://www.egs-energies.fr/qui-sommes-nous/egs-energies-menton",
    "title": "EGS Energies - Menton"
  },
  {
    "text": " EGS Energies - Saint-Laurent",
    "href": "https://www.egs-energies.fr/qui-sommes-nous/egs-energies-saint-laurent-du-var",
    "title": "EGS Energies - Saint-Laurent"
  },
  {
    "text": " Certifications et marques",
    "href": "https://www.egs-energies.fr/qui-sommes-nous/certifications-et-marques",
    "title": "Nos certifications et marques"
  },
  {
    "text": " Zones d'intervention",
    "href": "https://www.egs-energies.fr/qui-sommes-nous/zones-intervention",
    "title": "Votre chauffagiste dans les Alpes-Maritimes : Zones d'intervention"
  },
  {
    "text": " Recrutement",
    "href": "https://www.egs-energies.fr/qui-sommes-nous/recrutement",
    "title": "EGS Energies recrute des chauffagistes et frigoristes en CDI"
  }
]