{
  "breadcrumb": "Adoucisseurs eau",
  "seo": {
    "title": "Votre adoucisseur d'eau autour de Nîmes et du Grau-du-Roi | GD Energies",
    "description": "L'eau calcaire à Nîmes abîme vos appareils et assèche votre peau ? GD Energies vous propose des adoucisseurs d'eau performants pour protéger vos appareils et améliorer votre confort près de Nîmes, Saint-Dionizy, Aramon..",
    "opengraph": {
      "site_name": "GD Energies",
      "type": "website",
      "locale": "fr_FR",
      "title": "Votre adoucisseur d'eau autour de Nîmes et du Grau-du-Roi | GD Energies",
      "description": "L'eau calcaire à Nîmes abîme vos appareils et assèche votre peau ? GD Energies vous propose des adoucisseurs d'eau performants pour protéger vos appareils et améliorer votre confort près de Nîmes, Saint-Dionizy, Aramon..",
      "image": {
        "src": "https://www.gd-energies.fr/build/images/gd-energies-equipement-adoucisseur-eau-456x334.83983b86.jpg",
        "alt": "Adoucisseurs d'eau dans le Gard - GD Energies"
      }
    }
  },
  "hero": {
    "title": "Adoucisseurs d'eau autour de Nîmes et du Grau-du-Roi",
    "subtitle": "GD Energies, votre spécialiste des adoucisseurs d'eau pour un confort optimal à Nîmes et ses environs"
  },
  "intro": {
    "image": {
      "src": "https://www.gd-energies.fr/build/images/gd-energies-equipement-adoucisseur-eau-456x334.83983b86.jpg",
      "alt": "Adoucisseurs d'eau dans le Gard - GD Energies"
    },
    "text": "<p>À <a href=\"https://www.gd-energies.fr/chauffage-nimes\" title=\"Chauffage Nimes\">Nîmes</a> et dans ses alentours, de nombreux habitants remarquent que l'eau du robinet est souvent calcaire. Même si l'eau est traitée pour être potable, elle peut encore contenir des impuretés ou des minéraux qui la rendent dure. La concentration en minéraux de l'eau (sa dureté) distribuée dans l'Agglomération de Nîmes varie entre 18 et 42 °f (degrés français). C’est donc <strong>une eau relativement dure</strong>.</p> <p>Une eau trop calcaire peut encrasser vos appareils électroménagers, irriter votre peau et nuire à la qualité de votre eau potable. Pour résoudre ces problèmes, l'installation d'un adoucisseur d'eau est une solution efficace, particulièrement recommandée dans les zones de Nîmes, Marguerittes, Bouillargues, Redessan et le <a href=\"https://www.gd-energies.fr/chauffage-grau-du-roi\" title=\"Chauffage Grau Du Roi\">Grau-du-Roi</a>.</p>"
  },
  "contents": [
    {
      "title": "GD Energies, votre expert en adoucisseurs d'eau dans le Gard",
      "text": "<p>Chez GD Energies, nous proposons une gamme d'<strong>adoucisseurs d'eau de haute qualité</strong> conçus pour éliminer le calcaire et les impuretés de votre eau. Nos systèmes vous garantissent une eau douce et agréable, idéale pour protéger votre peau, vos cheveux et vos appareils ménagers. Nous collaborons avec des fabricants renommés pour vous offrir des solutions fiables et durables.</p> <strong>adoucisseurs d'eau de haute qualité</strong> <p>En plus de réduire la dureté de l'eau, certains de nos modèles sont équipés de systèmes de nettoyage des canalisations, éliminant les dépôts accumulés au fil du temps et prévenant la formation de bactéries et de tartre.</p>"
    },
    {
      "title": "Nos services liés aux adoucisseurs d'eau à Nîmes et ses environs",
      "text": "<ul><li><a href=\"https://www.gd-energies.fr/installation/adoucisseurs-eau\" title=\"Pose d'adoucisseur d'eau dans le Gard\">Installation d'adoucisseurs d'eau</a></li><li><a href=\"https://www.gd-energies.fr/entretien/adoucisseurs-eau\" title=\"Entretien adoucisseurs d'eau dans le Gard\">Entretien et maintenance des adoucisseurs</a></li><li>Conseils personnalisés pour le choix de votre équipement</li></ul> <li><a href=\"https://www.gd-energies.fr/installation/adoucisseurs-eau\" title=\"Pose d'adoucisseur d'eau dans le Gard\">Installation d'adoucisseurs d'eau</a></li> <a href=\"https://www.gd-energies.fr/installation/adoucisseurs-eau\" title=\"Pose d'adoucisseur d'eau dans le Gard\">Installation d'adoucisseurs d'eau</a> <li><a href=\"https://www.gd-energies.fr/entretien/adoucisseurs-eau\" title=\"Entretien adoucisseurs d'eau dans le Gard\">Entretien et maintenance des adoucisseurs</a></li> <a href=\"https://www.gd-energies.fr/entretien/adoucisseurs-eau\" title=\"Entretien adoucisseurs d'eau dans le Gard\">Entretien et maintenance des adoucisseurs</a> <li>Conseils personnalisés pour le choix de votre équipement</li> <p>Nos techniciens qualifiés se rendent chez vous pour évaluer vos besoins spécifiques et vous recommander le dispositif le plus adapté. Nous assurons une installation professionnelle et un service après-vente réactif pour garantir votre satisfaction.</p>"
    },
    {
      "title": "Les avantages d'un adoucisseur d'eau autour du Grau-du-Roi, Vauvert, Saint-Gilles, ...",
      "text": "<p>Installer un adoucisseur d'eau présente de nombreux avantages :</p> <ul><li>Protection de vos appareils électroménagers contre le calcaire</li><li>Réduction des dépôts de tartre dans vos canalisations</li><li>Amélioration de la qualité de l'eau de boisson</li><li>Préservation de votre peau et de vos cheveux contre le dessèchement</li><li>Diminution de votre consommation de produits de nettoyage</li></ul> <li>Protection de vos appareils électroménagers contre le calcaire</li> <li>Réduction des dépôts de tartre dans vos canalisations</li> <li>Amélioration de la qualité de l'eau de boisson</li> <li>Préservation de votre peau et de vos cheveux contre le dessèchement</li> <li>Diminution de votre consommation de produits de nettoyage</li> <p>En installant pour un adoucisseur d'eau, vous prolongez la durée de vie de vos équipements et améliorez votre confort au quotidien.</p>"
    },
    {
      "title": "Contactez GD Energies, votre spécialiste des adoucisseurs d'eau près de Nîmes",
      "text": "<p>Vous avez des questions ou besoin de conseils ? N'hésitez pas à nous contacter. Notre équipe est à votre disposition par téléphone ou via notre formulaire de contact en ligne. Vous pouvez également visiter notre espace d'exposition pour découvrir nos différents systèmes de traitement de l'eau.</p> <p>Nos plombiers chauffagistes experts GD Energies interviennent dans <a href=\"/qui-sommes-nous/zones-intervention\" title=\"Zone d'intervention - GD Energeis\">un rayon de 35km autour de Nîmes</a> et dans la zone du Grau-du-Roi, à <a href=\"https://www.gd-energies.fr/chauffage-beaucaire\" title=\"Chauffage Beaucaire\">Beaucaire</a>, <a href=\"https://www.gd-energies.fr/chauffage-vauvert\" title=\"Chauffage Vauvert\">Vauvert</a>, <a href=\"https://www.gd-energies.fr/chauffage-saint-dionisy\" title=\"Chauffage Saint Dionisy\">Saint-Dionisy</a>, Vergèze, etc.</p> <a href=\"/qui-sommes-nous/zones-intervention\" title=\"Zone d'intervention - GD Energeis\">un rayon de 35km autour de Nîmes</a> <a href=\"https://www.gd-energies.fr/chauffage-beaucaire\" title=\"Chauffage Beaucaire\">Beaucaire</a> <a href=\"https://www.gd-energies.fr/chauffage-vauvert\" title=\"Chauffage Vauvert\">Vauvert</a> <a href=\"https://www.gd-energies.fr/chauffage-saint-dionisy\" title=\"Chauffage Saint Dionisy\">Saint-Dionisy</a> <p>Faites confiance à notre expertise pour améliorer la qualité de votre eau et protéger vos installations !</p>"
    }
  ],
  "related": {
    "title": "",
    "links": []
  },
  "url": "https://www.gd-energies.fr/equipements/adoucisseurs-eau"
}