{
  "breadcrumb": "Chaudieres gaz",
  "seo": {
    "title": "Votre chaudière gaz autour de Nîmes et du Grau-du-Roi | GD Energies",
    "description": "Découvrez nos chaudières gaz à Nîmes : THPE et basse température. Installation, entretien, et dépannage gaz par GD Energies, experts en chauffage gaz depuis 50 ans. Nîmes, Le Grau-du-Roi, Beaucaire, Saint-Gilles, Uzès...",
    "opengraph": {
      "site_name": "GD Energies",
      "type": "website",
      "locale": "fr_FR",
      "title": "Votre chaudière gaz autour de Nîmes et du Grau-du-Roi | GD Energies",
      "description": "Découvrez nos chaudières gaz à Nîmes : THPE et basse température. Installation, entretien, et dépannage gaz par GD Energies, experts en chauffage gaz depuis 50 ans. Nîmes, Le Grau-du-Roi, Beaucaire, Saint-Gilles, Uzès...",
      "image": {
        "src": "https://www.gd-energies.fr/build/images/gd-energies-equipement-chaudiere-456x334.6cd281e2.jpg",
        "alt": "Chaudières gaz économiques dans le Gard"
      }
    }
  },
  "hero": {
    "title": "Chaudières THPE et basse température : se chauffer au gaz dans le Gard",
    "subtitle": "Chauffage et eau chaude sanitaire à Nîmes : faire des économies avec GD Energies"
  },
  "intro": {
    "image": {
      "src": "https://www.gd-energies.fr/build/images/gd-energies-equipement-chaudiere-456x334.6cd281e2.jpg",
      "alt": "Chaudières gaz économiques dans le Gard"
    },
    "text": "<p>Une chaudière à gaz est un appareil de chauffage qui utilise du gaz naturel ou du propane pour chauffer l'eau en général. Elle distribue ensuite cette chaleur dans une maison ou un bâtiment. Les chaudières à gaz peuvent être utilisées pour le chauffage central et pour la production d'eau chaude sanitaire.</p> <p>Dans le Gard, plus de <strong>90&nbsp;000 résidences principales</strong> se chauffent au gaz de ville, de réseau ou encore en citerne. En France, <strong>12 millions de foyers se chauffent au gaz</strong>.</p> <p>Cependant, on estime que la moitié du parc français de chaudières gaz est <strong>vieillissant</strong>, et donc consomme plus de gaz que les chaudières à haute performance énergétique. Remplacer les chaudières gaz vieillissantes, soit 50% du parc, par des modèles à très haute performance énergétique permettrait de <strong>réduire leurs émissions de 30%</strong> d'après GRDF.</p>"
  },
  "contents": [
    {
      "title": "La réglementation sur les chaudières gaz",
      "text": "<p>La nouvelle réglementation énergétique RE2020, entrée en vigueur en 2022, a restreint l'utilisation des chaudières gaz. Toutefois, de nombreuses exceptions permettent aux foyers de <a href=\"https://www.gd-energies.fr/chauffage-nimes\" title=\"Chauffage Nimes\">Nîmes</a> raccordés au gaz de continuer à utiliser cette énergie pour leur chauffage.</p> <a href=\"https://www.gd-energies.fr/chauffage-nimes\" title=\"Chauffage Nimes\">Nîmes</a> <p>Depuis l'application de la RE2020, les chaudières gaz sont interdites dans les maisons individuelles neuves. De plus, à partir de 2023, les permis de construire ne peuvent plus inclure de chaudières gaz, sauf si une dérogation a été accordée auparavant.</p> <p>En revanche, <strong>en rénovation</strong>, il est toujours possible de <strong>remplacer des chaudières existantes</strong> par des modèles plus récents fonctionnant au gaz. Les logements collectifs neufs peuvent utiliser des systèmes de chauffage au gaz jusqu'en 2024. Le chauffage au gaz est également autorisé lorsqu'il est utilisé <strong>en complément d'autres systèmes</strong> de chauffage principaux dans des solutions hybrides.</p> <strong>en rénovation</strong> <strong>remplacer des chaudières existantes</strong> <strong>en complément d'autres systèmes</strong>"
    },
    {
      "title": "Quels sont les différents types de chaudières gaz ?",
      "text": "<p>Il existe deux grandes catégories de chaudières gaz : les chaudières à <strong>condensation THPE</strong> et les chaudières <strong>basse température</strong>.</p> <strong>condensation THPE</strong> <strong>basse température</strong> <h3>Les chaudières à très haute performance énergétique</h3> <p><strong>Les chaudières gaz à condensation THPE</strong> récupèrent la chaleur contenue dans les fumées pour améliorer leur rendement énergétique. Elles permettent de réaliser des économies d'énergie importantes (jusqu'à 30% par rapport aux chaudières traditionnelles). Les chaudières THPE (Très Haute Performance Energétique) sont un type de chaudière à condensation qui répond à des critères de performance énergétique stricts. Elles sont les plus performantes du marché : jusqu'à <strong>30% d'économies d'énergie</strong> par rapport aux chaudières traditionnelles.</p> <strong>Les chaudières gaz à condensation THPE</strong> <strong>30% d'économies d'énergie</strong> <p>Elles présentent un prix d'achat généralement plus élevé que les chaudières classiques et basse température, mais affichent un rendement énergétique supérieur : <strong>110% environ</strong>, grâce à la récupération de chaleur latente. Elles émettent également moins de CO2.</p> <strong>110% environ</strong> <h3>Les chaudières basse température</h3> <p><strong>Les chaudières gaz basse température </strong>fonctionnent à une température de départ d'eau plus basse que les chaudières traditionnelles, environ 50°C. Ce fonctionnement leur permet de réduire leur consommation d'énergie. Les chaudières basse température présentent un <strong>rendement énergétique de 85-90%</strong>, contre environ 60% pour les chaudières classiques.</p> <strong>Les chaudières gaz basse température </strong> <strong>rendement énergétique de 85-90%</strong> <p>&nbsp;Moins chères à l'achat, elles s'intègrent parfaitement avec les émetteurs de chaleur classiques comme les radiateurs et un plancher chauffant.</p>"
    },
    {
      "title": "Quelle chaudière gaz choisir à Nîmes ?",
      "text": "<p>Que vous soyez près de <a href=\"https://www.gd-energies.fr/chauffage-beaucaire\" title=\"Chauffage Beaucaire\">Beaucaire</a>, <a href=\"https://www.gd-energies.fr/chauffage-aramon\" title=\"Chauffage Aramon\">Aramon</a>, Le <a href=\"https://www.gd-energies.fr/chauffage-grau-du-roi\" title=\"Chauffage Grau Du Roi\">Grau-du-Roi</a> ou encore <a href=\"https://www.gd-energies.fr/chauffage-vauvert\" title=\"Chauffage Vauvert\">Vauvert</a>, le choix de la chaudière gaz dépend de plusieurs facteurs : votre budget, vos besoins en chauffage et en eau chaude sanitaire et la configuration de votre logement.</p> <a href=\"https://www.gd-energies.fr/chauffage-beaucaire\" title=\"Chauffage Beaucaire\">Beaucaire</a> <a href=\"https://www.gd-energies.fr/chauffage-aramon\" title=\"Chauffage Aramon\">Aramon</a> <a href=\"https://www.gd-energies.fr/chauffage-grau-du-roi\" title=\"Chauffage Grau Du Roi\">Grau-du-Roi</a> <a href=\"https://www.gd-energies.fr/chauffage-vauvert\" title=\"Chauffage Vauvert\">Vauvert</a> <p>Si vous souhaitez la chaudière la plus performante et la plus économique possible, une chaudière THPE est le meilleur choix. Cependant, si vous avez un budget plus serré, une chaudière basse température peut être une bonne alternative.</p>"
    },
    {
      "title": "Comment entretenir une chaudière gaz ?",
      "text": "<p><strong>Un entretien annuel</strong> par un professionnel qualifié est indispensable pour garantir le bon fonctionnement et la sécurité de votre chaudière gaz. L'entretien permet de :</p> <strong>Un entretien annuel</strong> <ul><li>Vérifier l'état de la chaudière et de ses différents composants.</li><li>Nettoyer la chaudière et le brûleur.</li><li>Régler la chaudière pour optimiser son fonctionnement et sa consommation.</li><li>Détecter et corriger d'éventuels problèmes avant qu'ils ne deviennent plus graves.</li></ul> <li>Vérifier l'état de la chaudière et de ses différents composants.</li> <li>Nettoyer la chaudière et le brûleur.</li> <li>Régler la chaudière pour optimiser son fonctionnement et sa consommation.</li> <li>Détecter et corriger d'éventuels problèmes avant qu'ils ne deviennent plus graves.</li> <p>À l'issue de la visite d'entretien, vous obtenez une attestation, gage de votre conformité avec la loi.</p>"
    },
    {
      "title": "Les aides financières disponibles",
      "text": "<p>Il est important de noter que plusieurs aides financières sont disponibles pour faciliter l'installation de chaudières à gaz performantes à Nîmes. <strong>MaPrimeRenov'</strong> offre des subventions pour les propriétaires qui souhaitent améliorer l'efficacité énergétique de leur logement. Les <strong>Certificats d'Économie d'Énergie (CEE)</strong> permettent également de bénéficier de primes pour les travaux de rénovation énergétique. Enfin, l'<strong>Éco-Prêt à Taux Zéro (Eco-PTZ)</strong> est un prêt sans intérêt qui peut être utilisé pour financer l'installation d'une chaudière gaz THPE.</p> <strong>MaPrimeRenov'</strong> <strong>Certificats d'Économie d'Énergie (CEE)</strong> <strong>Éco-Prêt à Taux Zéro (Eco-PTZ)</strong>"
    }
  ],
  "related": {
    "title": "Trouver un professionnel qualifié pour une chaudière gaz autour de Nîmes, Vauvert, Caissargues, Calvisson, Les Angles",
    "links": [
      {
        "text": "autour de Nîmes et du Grau-du-Roi",
        "href": "https://www.gd-energies.fr/depannage/chaudieres-gaz",
        "title": "Zone d'intervention - GD Energies"
      },
      {
        "text": "Ces qualifications",
        "href": "/qui-sommes-nous/certifications-et-marques",
        "title": "Nos qualifications"
      },
      {
        "text": "Remplacer une ancienne chaudière gaz autour de Nîmes",
        "href": "https://www.gd-energies.fr/installation/chaudieres-gaz",
        "title": "Installation et remplacement de chaudière gaz"
      },
      {
        "text": "Demander une visite ou un contrat d'entretien de chaudière gaz dans le Gard",
        "href": "https://www.gd-energies.fr/entretien/chaudieres-gaz",
        "title": "Maintenance de chaudière gaz"
      },
      {
        "text": "Votre chaudière est en panne ? Nos chauffagistes interviennent en urgence",
        "href": "https://www.gd-energies.fr/depannage/chaudieres-gaz",
        "title": "Dépannage de chaudière gaz"
      }
    ]
  },
  "url": "https://www.gd-energies.fr/equipements/chaudieres-gaz"
}