{
  "breadcrumb": "Chauffe eaux chauffe bains",
  "seo": {
    "title": "Chauffe-eaux et chauffe-bains basse consommation à Nîmes | GD Energies Gard",
    "description": "Besoin d'un chauffe-eau ou chauffe-bain à Nîmes ? GD Energies propose l'installation, l'entretien et le dépannage depuis 1975. Choisissez la solution idéale pour votre logement.",
    "opengraph": {
      "site_name": "GD Energies",
      "type": "website",
      "locale": "fr_FR",
      "title": "Chauffe-eaux et chauffe-bains basse consommation à Nîmes | GD Energies Gard",
      "description": "Besoin d'un chauffe-eau ou chauffe-bain à Nîmes ? GD Energies propose l'installation, l'entretien et le dépannage depuis 1975. Choisissez la solution idéale pour votre logement.",
      "image": {
        "src": "https://www.gd-energies.fr/build/images/gd-energies-equipement-chauffe-eau-456x334.138e4d2f.jpg",
        "alt": "Chauffe-eau thermodynamique, cumulus ou chauffe-bain dans le Gard"
      }
    }
  },
  "hero": {
    "title": "Chauffe-eau électrique, thermodynamique, chauffe-bain gaz dans le Gard",
    "subtitle": "Vos solutions d'eau chaude sanitaire à Nîmes, Poulx, Beaucaire, Uzès et environs"
  },
  "intro": {
    "image": {
      "src": "https://www.gd-energies.fr/build/images/gd-energies-equipement-chauffe-eau-456x334.138e4d2f.jpg",
      "alt": "Chauffe-eau thermodynamique, cumulus ou chauffe-bain dans le Gard"
    },
    "text": "<p>Vous souhaitez remplacer votre ancien chauffe-eau ou installer une solution d'eau chaude sanitaire dans votre logement neuf ? Découvrez nos chauffe-eaux et chauffe-bains idéaux pour votre logement à <a href=\"https://www.gd-energies.fr/chauffage-nimes\" title=\"Chauffage Nimes\">Nîmes</a> et ses environs.</p> <p>GD Energies est votre expert des équipements d'eau chaude sanitaire dans le Gard depuis 1975. Nos techniciens qualifiés interviennent à votre domicile pour installer ou remplacer votre <strong>cumulus</strong>, votre <strong>ballon thermodynamique</strong> ou votre <strong>chauffe-bain</strong>. Nos équipes peuvent aussi effectuer <strong>l'entretien</strong> et le <strong>dépannage</strong> de vos appareils. Nos experts vous conseillent afin de choisir la solution la plus adaptée à vos besoins et les caractéristiques de votre maison</p>"
  },
  "contents": [
    {
      "title": "Le chauffe-bain au gaz : l'eau chaude instantanée et à la demande",
      "text": "<p>Le chauffe-bain utilise du gaz (butane, propane, gaz naturel) pour chauffer l'eau. Il peut s'agir d'un chauffe-eau gaz <strong>instantané ou à accumulation</strong>. Le chauffe-eau gaz instantané chauffe l'eau à la demande, sans stockage. Le chauffe-bain à accumulation dispose d'un ballon d'eau chaude.</p> <strong>instantané ou à accumulation</strong> <p>Les chauffe-bains nécessitent des compétences particulières pour leur installation, leur entretien et leur dépannage. En effet, il s'agit d'un équipement qui utilise du gaz, génère des fumées et qui demande donc des mesures de sécurité particulières. Les chauffe-bains gaz sont ainsi soumis à l'obligation d'entretien annuel, comme les chaudières gaz.</p> <p><i></i> <a href=\"https://www.gd-energies.fr/installation/chauffe-eaux-chauffe-bains\" title=\"Installation chauffe-bain\">Faire installer un chauffe-bain gaz</a></p> <i></i> <a href=\"https://www.gd-energies.fr/installation/chauffe-eaux-chauffe-bains\" title=\"Installation chauffe-bain\">Faire installer un chauffe-bain gaz</a> <p><i></i> <a href=\"https://www.gd-energies.fr/entretien/chauffe-eaux-chauffe-bains\" title=\"Entretien chauffe-bain\">Faire entretenir un chauffe-bain gaz</a></p> <i></i> <a href=\"https://www.gd-energies.fr/entretien/chauffe-eaux-chauffe-bains\" title=\"Entretien chauffe-bain\">Faire entretenir un chauffe-bain gaz</a>"
    },
    {
      "title": "Le chauffe-eau électrique (cumulus) : la solution simple et efficace",
      "text": "<p>Les chauffe-eaux électriques, ou cumulus, ont le grand avantage de trouver leur place dans tous les types de logement. Ils ne nécessitent, pour leur installation, qu'un raccord au réseau électrique et au réseau d'eau principal de votre maison.</p> <p>La résistance électrique du cumulus permet de chauffer l'eau sanitaire, pour une production d'eau chaude continue. Si un cumulus électrique coûte souvent moins cher à l'achat que d'autres types de chauffe-eaux, sa consommation d'énergie est en général plus élevée pour la même quantité de chaleur produite.</p> <p>Parmi les marques référentes de cumulus électrique au meilleur rapport qualité-prix, nous pouvons citer Atlantic et Thermor.</p> <p>Les chauffe-eaux électriques existent en instantané ou à accumulation.</p> <p><i></i> <a href=\"https://www.gd-energies.fr/installation/chauffe-eaux-chauffe-bains\" title=\"Installation et remplacement de chauffe-eau\">Faire installer ou remplacer un chauffe-eau à Nîmes</a></p> <i></i> <a href=\"https://www.gd-energies.fr/installation/chauffe-eaux-chauffe-bains\" title=\"Installation et remplacement de chauffe-eau\">Faire installer ou remplacer un chauffe-eau à Nîmes</a> <p><i></i> <a href=\"https://www.gd-energies.fr/depannage/chauffe-eaux-chauffe-bains\" title=\"Dépannage chauffe-eau à Nîmes et alentours\">Faire dépanner/réparer un chauffe-eau électrique</a></p> <i></i> <a href=\"https://www.gd-energies.fr/depannage/chauffe-eaux-chauffe-bains\" title=\"Dépannage chauffe-eau à Nîmes et alentours\">Faire dépanner/réparer un chauffe-eau électrique</a>"
    },
    {
      "title": "Le chauffe-eau thermodynamique : une solution économique et écologique",
      "text": "<p>Plus écologique que le cumulus et le chauffe-bain, le ballon thermodynamique intègre une <strong>pompe à chaleur</strong> pour extraire la chaleur de l'air et chauffer l'eau stockée. Nos chauffe-eaux dernière génération de marque Thermor, Hitachi ou encore Atlantic présentent une consommation énergétique plus faible que les chauffe-bains gaz et les cumulus, en utilisant de l'électricité et l'air ambiant pour produire de la chaleur.</p> <strong>pompe à chaleur</strong> <p>Son installation est cependant plus complexe : elle nécessite une surface non chauffée d'environ 20 mètres cubes minimum, sinon votre chauffe-eau thermodynamique devra être raccordé à l'extérieur.</p>"
    },
    {
      "title": "Bien choisir son chauffe-eau dans le Gard",
      "text": "<p>Pour bien choisir votre chauffe-eau ou votre chauffe-bain à Nîmes et ses environs, plusieurs critères pourront entrer en ligne de compte : votre budget,&nbsp; votre consommation d'eau chaude, l'espace disponible pour une installation, mais aussi vos priorités en matière d'écologie.</p> <p>Un cumulus pourra ainsi être un bon choix si vous avez un budget serré et une consommation d'eau chaude modérée. Le chauffe-bain au gaz, peut être une solution idéale si votre logement est raccordé au gaz, si vous avez besoin d'un chauffe-eau peu encombrant et que vous avez une consommation d'eau chaude importante. Enfin, le chauffe-eau thermodynamique vous permet de faire des économies d'énergie et de réduire votre impact environnemental.</p>"
    },
    {
      "title": "GD Energies, votre expert de l'eau chaude sanitaire à Nîmes, Milhaud, Vergèze, Sommières, ...",
      "text": "<p>Depuis plus de 50 ans, GD Energies est au service des Gardois pour leur confort thermique. Nos plombiers chauffagistes installent, entretiennent, dépannent et remplacent votre chauffe-eau ou chauffe-bain autour de Nîmes.</p> <p>Nous travaillons avec les plus grandes marques pour vous fournir des équipements avec le meilleur rapport qualité prix, et avec les meilleures performances énergétiques</p> <h3>Faire entretenir son chauffe-eau dans le Gard</h3> <p>Nos équipes vous proposent <a href=\"https://www.gd-energies.fr/entretien/chauffe-eaux-chauffe-bains\" title=\"Maintenance chauffe-eau, chauffe-bain\">l'entretien de votre chauffe-eau</a> thermodynamique ou votre chauffe-bain dans un rayon de 35km autour de Nîmes. <a href=\"https://www.gd-energies.fr/chauffage-uzes\" title=\"Chauffage Uzes\">Uzès</a> Nos experts se déplacent à exemple à Uzès, Vergèze, Caissargues, Sommières ou encore Calvisson, ainsi qu'autour du <a href=\"https://www.gd-energies.fr/chauffage-grau-du-roi\" title=\"Chauffage Grau Du Roi\">Grau-du-Roi</a>.</p> <a href=\"https://www.gd-energies.fr/entretien/chauffe-eaux-chauffe-bains\" title=\"Maintenance chauffe-eau, chauffe-bain\">l'entretien de votre chauffe-eau</a> <a href=\"https://www.gd-energies.fr/chauffage-uzes\" title=\"Chauffage Uzes\">Uzès</a> <a href=\"https://www.gd-energies.fr/chauffage-grau-du-roi\" title=\"Chauffage Grau Du Roi\">Grau-du-Roi</a> <p>Nos experts GD Energies interviennent <a href=\"/qui-sommes-nous/certifications-et-marques\" title=\"Nos marques - GD Energies\">sur de nombreuses marques</a> (liste non exhaustive) : Ariston, Saunier Duval, Atlantic, De Dietrich, Vaillant, Chappée, Viessmann, Bosch, ELM Leblanc, Frisquet ou encore Chaffoteaux.</p> <a href=\"/qui-sommes-nous/certifications-et-marques\" title=\"Nos marques - GD Energies\">sur de nombreuses marques</a>"
    }
  ],
  "related": {
    "title": "",
    "links": []
  },
  "url": "https://www.gd-energies.fr/equipements/chauffe-eaux-chauffe-bains"
}