{
  "breadcrumb": "Climatisations",
  "seo": {
    "title": "Climatisations réversibles près de Nîmes et du Grau-du-Roi | GD Energies",
    "description": "Découvrez nos solutions de climatisation réversible pour Nîmes et le Gard. Installation, maintenance et conseils personnalisés par nos experts GD Energies. Interventions sur Nîmes, Le Grau-du-Roi, Les Angles, Poulx, etc.",
    "opengraph": {
      "site_name": "GD Energies",
      "type": "website",
      "locale": "fr_FR",
      "title": "Climatisations réversibles près de Nîmes et du Grau-du-Roi | GD Energies",
      "description": "Découvrez nos solutions de climatisation réversible pour Nîmes et le Gard. Installation, maintenance et conseils personnalisés par nos experts GD Energies. Interventions sur Nîmes, Le Grau-du-Roi, Les Angles, Poulx, etc.",
      "image": {
        "src": "https://www.gd-energies.fr/build/images/gd-energies-equipement-climatisation-456x334.0fa644e4.jpg",
        "alt": "Pompe à chaleur air-air au grau-du-Roi, Vauvert, Nîmes"
      }
    }
  },
  "hero": {
    "title": "Tout savoir sur la climatisation réversible dans le Gard",
    "subtitle": "Le confort thermique toute l'année autour de Nîmes, Aramon, Caissargues, avec votre pompe à chaleur air-air"
  },
  "intro": {
    "image": {
      "src": "https://www.gd-energies.fr/build/images/gd-energies-equipement-climatisation-456x334.0fa644e4.jpg",
      "alt": "Pompe à chaleur air-air au grau-du-Roi, Vauvert, Nîmes"
    },
    "text": "<p>Avec des étés de plus en plus chauds, il peut être nécessaire d'investir dans une climatisation réversible. Notre département du Gard est particulièrement touché, comme le reste du bassin méditerranéen.</p> <p>Ces dernières années, <a href=\"https://www.gd-energies.fr/chauffage-nimes\" title=\"Chauffage Nimes\">Nîmes</a> a connu des vagues de chaleur de plus en plus précoces, longues et intenses, de juin à septembre. Avec cette chaleur persistante et difficile à soutenir pour nombre de gardois et notamment les plus fragiles, la climatisation réversible s'impose comme une solution souvent nécessaire pour faire face à l'été.</p> <p>GD Energies, spécialiste du chauffage et de la climatisation à Nîmes, vous accompagne pour tous vos projets et besoins. Nos équipes se déplacent dans un rayon de 35 kilomètres autour de Nîmes ainsi qu'autour du <a href=\"https://www.gd-energies.fr/chauffage-grau-du-roi\" title=\"Chauffage Grau Du Roi\">Grau-du-Roi</a>.</p>"
  },
  "contents": [
    {
      "title": "Qu'est-ce qu'une climatisation réversible ?",
      "text": "<p>Une climatisation réversible est un système de chauffage et de climatisation 2-en-1. En mode climatisation, elle permet de rafraîchir l'air intérieur en été en captant la chaleur et en la rejetant à l'extérieur. En mode chauffage, elle capte la chaleur extérieure pour la restituer à l'intérieur du logement.</p> <h3>Une climatisation réversible est-elle une pompe à chaleur ?</h3> <p>Oui, une climatisation réversible est une pompe à chaleur air-air. Ce système utilise une unité extérieure pour capter la chaleur de l'air et la transférer à l'intérieur du bâtiment, ou inversement.&nbsp;</p>"
    },
    {
      "title": "Climatisation réversible : comment ça marche ?",
      "text": "<p>Une climatisation réversible ou pompe à chaleur air-air se compose de deux unités, l'une à l'intérieur et l'autre à l'extérieur de votre logement. Entre ces deux unités circule un fluide frigorigène. Le fonctionnement d'une climatisation réversible repose sur un cycle thermodynamique.</p> <p><strong>En mode refroidissement</strong>, l'unité intérieure aspire l'air de votre logement vers le circuit de fluide frigorigène. Le fluide frigorigène, à l'état liquide et à basse pression, entre dans l'évaporateur situé à l'intérieur. Au contact de l'air chaud du logement, le gaz absorbe sa chaleur et s'évapore. L'air frais, déchargé de ses calories et alors rejeté dans le logement, l'air intérieur est ainsi refroidi.</p> <strong>En mode refroidissement</strong> <p>Le fluide frigorigène à l'état gazeux et chaud subit des changements de pression et est acheminé vers l'unité extérieure. Là, le condenseur permet au gaz de revenir à sa forme liquide en libérant de la chaleur. L'unité extérieure rejette alors de l'air chaud dehors ainsi que la condensation issue du processus.</p> <p>Le cycle peut alors recommencer.</p> <p><strong>En mode chauffage</strong>, le cycle est inversé. L'unité extérieure aspire l'air froid à l'extérieur. Elle permet au fluide frigorigène d'absorber la chaleur de l'air extérieur, même par basse température, ce qui provoque son évaporation en gaz. Après des changements de pression, le fluide circule vers l'unité intérieure où il libère sa chaleur. Le climatiseur diffuse alors de l'air chaud dans le logement.</p> <strong>En mode chauffage</strong>"
    },
    {
      "title": "Les avantages de la climatisation réversible à Nîmes et dans le Gard",
      "text": "<h3>Un système polyvalent</h3> <p>Une climatisation réversible, ou pompe à chaleur air-air permet donc de se chauffer en hiver et de se rafraîchir en été. Ce <strong>système polyvalent</strong> offre une solution tout-en-un pour le confort thermique de la maison, un choix particulièrement idéal dans le Gard.</p> <strong>système polyvalent</strong> <p>Il est important cependant d'avoir une bonne isolation : aucun système de chauffage ne fait de miracle face à une maison mal isolée. Il en résulte alors une surconsommation d'énergie.</p> <h3>Efficacité énergétique et économies d'énergie</h3> <p>Une pompe à chaleur air-air bien dimensionnée et avec une bonne isolation thermique permet de faire des économies d'énergie, comparée à des systèmes de chauffage plus traditionnels.</p> <p>En effet, les PAC air-air jouissent d'une efficacité énergétique éprouvée. Celle-ci se mesure via le coefficient de performance énergétique (COP) ou sa version saisonnalisée (SCOP). Un COP de 4 indique par exemple que pour 1 kW d'énergie consommé, votre pompe à chaleur air-air produit l'équivalent de 4kW de chaud ou de froid. Cette donnée est bien entendu variable selon les saisons et l'usage que vous faites de votre climatisation réversible.</p> <h3>Energie renouvelable</h3> <p>Pour fonctionner, une climatisation électrique consomme de l'électricité. Mais sa ressource principale pour produire du chaud et du froid, c'est l'air extérieur (75% de la consommation totale), une énergie renouvelable.</p> <h3>Un air propre et sain</h3> <p>Pollens, squames d'animaux, poussières, les clims réversibles aspirent et permettent d'assainir l'air intérieur du logement grâce à leurs filtres.</p>"
    },
    {
      "title": "Les différents types de pompe à chaleur air-air",
      "text": "<p>On distingue deux grandes catégories de climatisations réversibles pour les particuliers :</p> <ul><li>les climatisation gainables</li><li>les climatisation murales</li></ul> <li>les climatisation gainables</li> <li>les climatisation murales</li> <p>Les <strong>climatisations gainables</strong> sont dissimulées dans les combles et faux plafonds. Elles diffusent de l'air frais ou chaud via un réseau de gaines et des bouches d'aération.</p> <strong>climatisations gainables</strong> <p>Les <strong>climatisations murales</strong> peuvent être mono split (une unité intérieure) ou multisplit (à partir de deux unités intérieures. Elles sont les plus répandues chez les particuliers. Elles comprennent une unité intérieure et une ou plusieurs unités extérieures.</p> <strong>climatisations murales</strong> <p><i></i> <a href=\"https://www.gd-energies.fr/installation/climatisations\" title=\"Installation climatisation dans le Gard\">Installation de votre pompe à chaleur air-air : comment ça se passe ?</a></p> <i></i> <a href=\"https://www.gd-energies.fr/installation/climatisations\" title=\"Installation climatisation dans le Gard\">Installation de votre pompe à chaleur air-air : comment ça se passe ?</a> <h3>Comment bien choisir sa clim réversible ?</h3> <p>Le choix d'une climatisation réversible dépend de plusieurs critères :</p> <ul><li><strong>La surface à climatiser :</strong> la puissance de l'appareil doit être adaptée à la superficie du logement.</li><li><strong>Le nombre de pièces à climatiser :</strong> un système multisplit permet de climatiser plusieurs pièces indépendamment.</li><li><strong>Le budget :</strong> les prix varient en fonction des marques, des modèles et des fonctionnalités.</li><li><strong>Le niveau de performance énergétique :</strong> il est important de choisir un appareil avec un COP (coefficient de performance) élevé.</li><li><strong>Le niveau sonore :</strong> certains modèles de climatisations réversibles sont plus silencieux que d'autres et peuvent s'avérer de meilleurs choix pour les chambres, par exemple.</li></ul> <li><strong>La surface à climatiser :</strong> la puissance de l'appareil doit être adaptée à la superficie du logement.</li> <strong>La surface à climatiser :</strong> <li><strong>Le nombre de pièces à climatiser :</strong> un système multisplit permet de climatiser plusieurs pièces indépendamment.</li> <strong>Le nombre de pièces à climatiser :</strong> <li><strong>Le budget :</strong> les prix varient en fonction des marques, des modèles et des fonctionnalités.</li> <strong>Le budget :</strong> <li><strong>Le niveau de performance énergétique :</strong> il est important de choisir un appareil avec un COP (coefficient de performance) élevé.</li> <strong>Le niveau de performance énergétique :</strong> <li><strong>Le niveau sonore :</strong> certains modèles de climatisations réversibles sont plus silencieux que d'autres et peuvent s'avérer de meilleurs choix pour les chambres, par exemple.</li> <strong>Le niveau sonore :</strong> <h3>Combien coûte une climatisation réversible ?</h3> <p>Le prix de la climatisation réversible dépend de plusieurs facteurs. Il varie en fonction de&nbsp;<a href=\"/qui-sommes-nous/certifications-et-marques\" title=\"Nos marques à Nîmes, Saint-Dionizy, Saint-Gilles, etc.\">la marque choisie</a>, du nombre de pièces à climatiser et du type d'installation souhaité (gainable ou mono/multi-split).</p> <a href=\"/qui-sommes-nous/certifications-et-marques\" title=\"Nos marques à Nîmes, Saint-Dionizy, Saint-Gilles, etc.\">la marque choisie</a> <p>Selon les fonctionnalités, le prix de votre clim réversible pourra également varier : programmation, mode silence, application de contrôle à distance, filtres, déshumidificateur, etc.</p>"
    },
    {
      "title": "Quel entretien pour une climatisation réversible ?",
      "text": "<p>Vous pouvez effectuer certaines opérations de maintenance vous-même, de façon régulière afin de maintenir le bon fonctionnement de votre clim : nettoyage des filtres, dégagement de l'unité extérieure.</p> <p>Cependant, pour de nombreuses opérations d'entretien, il vous faudra faire appel à un professionnel, comme GD Energies. En effet, nous vous le disions plus haut, les pompes à chaleur air-air comprennent un fluide frigorigène dont la nocivité et le risque pour l'environnement nécessitent des manipulations spéciales par des experts qualifiés. C'est pourquoi les climatisations réversibles sont soumises à une obligation d'entretien biannuelle par des professionnels.</p> <p>Il est toutefois recommandé de faire effectuer <a href=\"https://www.gd-energies.fr/entretien/climatisations\" title=\"Faire entretenir sa climatisation autour du Grau-du-Roi et Nîmes\">un entretien annuel</a> pour assurer l'étanchéité de votre circuit et prolonger la durée de vie de vos appareils. Cette fréquence d'entretien est particulièrement importante si vous utilisez fréquemment votre PAC air-air, comme à Nîmes.</p> <a href=\"https://www.gd-energies.fr/entretien/climatisations\" title=\"Faire entretenir sa climatisation autour du Grau-du-Roi et Nîmes\">un entretien annuel</a>"
    },
    {
      "title": "Pourquoi faire appel à GD Energies pour la pose et la maintenance de sa pompe à chaleur air-air ?",
      "text": "<p>Depuis 1975, les experts GD Energies interviennent chez les particuliers et professionnels afin d'assurer leur confort thermique. Nos équipes basées à Nîmes installent, entretiennent, dépannent et remplacent vos climatisations réversibles / pompes à chaleur air-air <a href=\"/qui-sommes-nous/zones-intervention\" title=\"Notre zone d'intervention\">dans le Gard et les Bouches-du-Rhône</a>.</p> <a href=\"/qui-sommes-nous/zones-intervention\" title=\"Notre zone d'intervention\">dans le Gard et les Bouches-du-Rhône</a> <p>Nos techniciens certifiés QualiPAC et titulaires de l'attestation d'aptitude à la manipulation des fluides frigorigènes interviennent rapidement chez vous pour vos travaux de rénovation énergétique et d'amélioration. Avec <a href=\"/qui-sommes-nous\" title=\"GD Energies - Mieux nous connaître\">plus de 50 ans d'expérience</a>, GD Energies est aujourd'hui reconnue comme une actrice incontournable pour le confort thermique de la maison à Nîmes et dans le Gard.</p> <a href=\"/qui-sommes-nous\" title=\"GD Energies - Mieux nous connaître\">plus de 50 ans d'expérience</a>"
    }
  ],
  "related": {
    "title": "",
    "links": []
  },
  "url": "https://www.gd-energies.fr/equipements/climatisations"
}