{
  "breadcrumb": "Panneaux photovoltaiques",
  "seo": {
    "title": "Quels panneaux solaires choisir dans le Gard | GD Energies - RGE QualiPV",
    "description": "Passez à l'énergie solaire à Nîmes avec GD Energies: installation de panneaux photovoltaïques  DualSun ou MyLight150, stockage virtuel, et conseils sur mesure. Étude solaire gratuite ! Découvrez nos offres Sol&moi.",
    "opengraph": {
      "site_name": "GD Energies",
      "type": "website",
      "locale": "fr_FR",
      "title": "Quels panneaux solaires choisir dans le Gard | GD Energies - RGE QualiPV",
      "description": "Passez à l'énergie solaire à Nîmes avec GD Energies: installation de panneaux photovoltaïques  DualSun ou MyLight150, stockage virtuel, et conseils sur mesure. Étude solaire gratuite ! Découvrez nos offres Sol&moi.",
      "image": {
        "src": "https://www.gd-energies.fr/build/images/gd-energies-equipement-panneaux-photovoltaiques-456x334.7e4ae105.jpg",
        "alt": "Bien choisir ses panneaux photovoltaïques dans le Gard"
      }
    }
  },
  "hero": {
    "title": "Panneaux solaires dans le Gard : écologie et économies avec GD Energies",
    "subtitle": "Choisir des panneaux photovoltaïques productifs, efficaces et rentables autour de Nîmes"
  },
  "intro": {
    "image": {
      "src": "https://www.gd-energies.fr/build/images/gd-energies-equipement-panneaux-photovoltaiques-456x334.7e4ae105.jpg",
      "alt": "Bien choisir ses panneaux photovoltaïques dans le Gard"
    },
    "text": "<p>Les panneaux solaires photovoltaïques exploitent l'énergie lumineuse du soleil pour produire de l'électricité. Économiques et écologiques, les systèmes photovoltaïques permettent de réduire l'impact carbone de sa maison et ses factures d'électricité.</p> <p>Si la technologie n'est pas nouvelle, elle reste encore mal connue du grand public. GD Energies décrypte pour vous les panneaux photovoltaïques : composition, rentabilité, rendement, coût, suivez le guide.</p> <p>Si vous envisagez de faire installer des panneaux solaires sur votre maison à <a href=\"https://www.gd-energies.fr/chauffage-nimes\" title=\"Chauffage Nimes\">Nîmes</a>, <a href=\"https://www.gd-energies.fr/chauffage-beaucaire\" title=\"Chauffage Beaucaire\">Beaucaire</a>, Le <a href=\"https://www.gd-energies.fr/chauffage-grau-du-roi\" title=\"Chauffage Grau Du Roi\">Grau-du-Roi</a>, <a href=\"https://www.gd-energies.fr/chauffage-vauvert\" title=\"Chauffage Vauvert\">Vauvert</a>, faites appel à GD Energies. Etude solaire gratuite !</p> <p>&nbsp;</p>"
  },
  "contents": [
    {
      "title": "Les avantages des panneaux photovoltaïques dans le Gard",
      "text": "<p>Passer à l'énergie solaire présente de <a href=\"../../conseils-et-actualites/panneaux-solaires-nimes-avantages\" title=\"Avantages des panneaux solaires dans le Gard\">nombreux avantages</a>. Vous faites des économies significatives sur vos factures d'électricité en produisant votre propre électricité, ce qui diminue votre dépendance au réseau électrique. De plus, vous exploitez une source d'énergie renouvelable et locale, le soleil étant une ressource inépuisable et disponible partout. L'indépendance énergétique est un autre atout majeur, car vous devenez moins vulnérable aux fluctuations des prix de l'énergie.</p> <a href=\"../../conseils-et-actualites/panneaux-solaires-nimes-avantages\" title=\"Avantages des panneaux solaires dans le Gard\">nombreux avantages</a>"
    },
    {
      "title": "Panneaux solaires à Nîmes : les différents types",
      "text": "<p>Il est essentiel de différencier les panneaux solaires thermiques des panneaux solaires photovoltaïques. Les premiers produisent de la chaleur pour le chauffage et l'eau chaude sanitaire, tandis que les seconds convertissent la lumière du soleil en électricité. Les panneaux photovoltaïques sont composés de cellules en silicium qui produisent un courant continu transformé en courant alternatif par un micro-onduleur.</p> <h3>Les différents types de panneaux photovoltaïques</h3> <p>Les panneaux solaires photovoltaïques se classent en trois grandes familles :</p> <ul><li>les panneaux <strong>monocristallins</strong>, dont chaque cellule est composée d'un cristal de silicium pur ;</li><li>les panneaux <strong>polycristallins</strong>, dont les cellules sont un agglomérat de cristaux de silicium ;</li><li>les panneaux <strong>amorphes</strong>.</li></ul> <li>les panneaux <strong>monocristallins</strong>, dont chaque cellule est composée d'un cristal de silicium pur ;</li> <strong>monocristallins</strong> <li>les panneaux <strong>polycristallins</strong>, dont les cellules sont un agglomérat de cristaux de silicium ;</li> <strong>polycristallins</strong> <li>les panneaux <strong>amorphes</strong>.</li> <strong>amorphes</strong> <p>Les panneaux monocristallins présentent le meilleur rendement, avec une capacité accrue à capter et transformer la lumière. Ils ont une allure uniforme bleu foncé ou noir. Les panneaux polycristallins affichent un rendement légèrement inférieur avec une apparence hétérogène des cellules. Les panneaux à silicium amorphe quant à eux s'adressent à des dispositifs plus petits et présentent un rendement inférieur.</p> <h3>Les panneaux bi-verre et bi-faciaux</h3> <p>Contrairement aux panneaux traditionnels qui captent la lumière uniquement sur une face, les panneaux bi-faciaux <strong>captent la lumière sur leurs deux faces</strong>, avant et arrière. La structure bi-verre permet de mieux capter la lumière réfléchie sur la face arrière.</p> <strong>captent la lumière sur leurs deux faces</strong> <h3>Les cellules à hétérojonction</h3> <p>Les panneaux monocristallins à <strong>cellules à hétérojonction</strong> offrent un rendement supérieur. Ils combinent du silicium pur et amorphe pour augmenter le rendement de vos panneaux. Plus il y a de lumière captée par les panneaux, plus vous obtenez d'électricité.</p> <strong>cellules à hétérojonction</strong> <p>La structure unique de ces cellules, composée de couches ultrafines de silicium amorphe sur du silicium cristallin, permet une meilleure capture de la lumière et une réduction des pertes d'énergie. Cette technologie offre des performances exceptionnelles <strong>même en faible luminosité</strong> et en pleine canicule.</p> <strong>même en faible luminosité</strong> <p><i></i> <a href=\"https://www.gd-energies.fr/installation/panneaux-photovoltaiques\" title=\"GD Energies, installateur photovoltaïque RGE QualiPv\">Installation de panneaux solaires à Nîmes et alentours</a></p> <i></i> <a href=\"https://www.gd-energies.fr/installation/panneaux-photovoltaiques\" title=\"GD Energies, installateur photovoltaïque RGE QualiPv\">Installation de panneaux solaires à Nîmes et alentours</a>"
    },
    {
      "title": "Stockage de l'électricité solaire : pourquoi choisir le stockage virtuel ?",
      "text": "<p>Lorsque vous produisez votre électricité photovoltaïque, si vous ne la consommez pas en temps réel, il peut être intéressant de la stocker. Cela permet de maximiser votre autoconsommation.</p> <p>Deux options principales s'offrent à vous : les batteries physiques et le stockage virtuel. Les batteries physiques permettent de stocker l'électricité pour une utilisation ultérieure, mais elles peuvent être coûteuses et nécessitent un dimensionnement précis et peuvent subir des pannes comme tout équipement. Le <strong>stockage virtuel</strong>, en revanche, vous permet d'<strong>utiliser 100% de votre production solaire</strong> en créditant l'énergie excédentaire sur un compte virtuel, à utiliser lorsque la production est insuffisante. Vous pourrez alors puiser dans le réseau général et consommer gratuitement la quantité d'électricité que vous avez déjà produite et stockée virtuellement.</p> <strong>stockage virtuel</strong> <strong>utiliser 100% de votre production solaire</strong>"
    },
    {
      "title": "Rentabilité et durabilité",
      "text": "<p>L'installation de panneaux photovoltaïques est un investissement durable. En général, les panneaux sont rentabilisés en une dizaine d'années et ont une <strong>durée de vie moyenne de 30 ans</strong>. De plus, la production d'énergie solaire contribue à réduire l'empreinte carbone, et les panneaux sont <strong>recyclables à plus de 94%</strong> !</p>"
    },
    {
      "title": "Nos offres et services",
      "text": "<p>GD Energies propose plusieurs solutions pour répondre à vos besoins :</p> <ul><li><strong>Installation simple</strong> : un kit solaire de base pour commencer votre transition énergétique avec <strong>Sol&amp;Go</strong> ;</li><li><strong>Installation optimisée</strong> : un kit photovoltaïque avec suivi d'optimisation pour maximiser votre production avec <strong>Sol&amp;Zen</strong> ;</li><li><strong>Autoconsommation totale</strong> : un kit avec stockage virtuel pour une indépendance énergétique complète avec <strong>Sol&amp;Plus</strong>.</li></ul>"
    },
    {
      "title": "Bien choisir son installateur de panneaux solaires dans le Gard : qualité et certification",
      "text": "<p>Chez GD Energies, nous garantissons la qualité de nos installations grâce à des <strong>certifications RGE et QualiPV</strong>. Ces labels vous assurent une installation conforme aux normes et vous permettent de bénéficier des aides de l'État pour votre projet solaire. De plus, faire appel à un installateur certifié RGE est nécessaire pour bénéficier des aides de l'Etat sur votre installation.</p> <strong>certifications RGE et QualiPV</strong> <p>Contactez GD Energies pour une <strong>étude personnalisée</strong> de votre potentiel solaire et commencez à produire votre propre électricité verte !</p> <strong>étude personnalisée</strong>"
    }
  ],
  "related": {
    "title": "",
    "links": []
  },
  "url": "https://www.gd-energies.fr/equipements/panneaux-photovoltaiques"
}