{
  "breadcrumb": "Pompes a chaleur",
  "seo": {
    "title": "Pompe à chaleur dans le Gard : quel équipement choisir ? | GD Energies",
    "description": "Tout sur les pompes à chaleur pour réduire votre facture d’énergie à Nîmes et dans le Gard. Le guide complet de GD Energies : technologies, fonctionnement, aides disponibles. Obtenez un devis gratuit !",
    "opengraph": {
      "site_name": "GD Energies",
      "type": "website",
      "locale": "fr_FR",
      "title": "Pompe à chaleur dans le Gard : quel équipement choisir ? | GD Energies",
      "description": "Tout sur les pompes à chaleur pour réduire votre facture d’énergie à Nîmes et dans le Gard. Le guide complet de GD Energies : technologies, fonctionnement, aides disponibles. Obtenez un devis gratuit !",
      "image": {
        "src": "https://www.gd-energies.fr/build/images/gd-energies-equipement-pompe-a-chaleur-456x334.44510ec1.jpg",
        "alt": "Nos pompes à chaleur dans le Gard avec GD Energies"
      }
    }
  },
  "hero": {
    "title": "Pompes à chaleur : des solutions de chauffage à énergie renouvelable performantes dans le Gard",
    "subtitle": "Tout savoir sur les PAC pour le chauffage, la climatisation et l'eau chaude de votre maison à Nîmes et alentours"
  },
  "intro": {
    "image": {
      "src": "https://www.gd-energies.fr/build/images/gd-energies-equipement-pompe-a-chaleur-456x334.44510ec1.jpg",
      "alt": "Nos pompes à chaleur dans le Gard avec GD Energies"
    },
    "text": "<p>Face à l'augmentation constante des prix de l'énergie et à la nécessité de réduire notre impact environnemental, les Nîmois se tournent de plus en plus vers des solutions durables pour le chauffage et la climatisation. Parmi les alternatives les plus populaires, les pompes à chaleur (PAC) s'imposent comme un choix à la fois écologique et économique.</p> <p>Cependant, choisir sa PAC n'est pas une mince affaire.</p> <p>Pour vous aider à faire le bon choix, GD Energies vous propose ce guide complet. Nos experts décryptent pour vous les différents types de pompes à chaleur, leurs avantages spécifiques, et vous aident à faire les bons choix pour le confort thermique de votre maison.</p> <p>&nbsp;</p>"
  },
  "contents": [
    {
      "title": "Le fonctionnement d'une pompe à chaleur",
      "text": "<p>Les pompes à chaleur sont des systèmes de chauffage et de climatisation qui utilisent en grande partie une source d'énergie renouvelable : l'air extérieur. En effet, les PAC captent l'énergie calorifique présente dans cet air extérieur et l'utilisent pour produire de la chaleur, selon vos besoins.</p> <p>Une pompe à chaleur se compose et fonctionne en trois cycles :</p> <ol><li><strong>L'unité extérieure capte l'air hors de votre maison</strong> et l'achemine vers un circuit de fluide caloporteur. Cet air est chargé d'une énergie thermique : il peut être plus ou moins chaud, plus ou moins froid. Lorsque l'air pénètre dans le système, quelle que soit sa température, le fluide caloporteur va absorber l'énergie thermique.</li><li>Mis sous pression, <strong>le liquide caloporteur gagne en température</strong>. L'échangeur transmet ensuite la chaleur du fluide au circuit d'eau de chauffage dans le cas d'une PAC air-eau ou à de l'air dans le cas d'une PAC air-air (climatisation réversible).</li><li><strong>L'eau chaude est distribuée aux radiateurs</strong> ou au plancher chauffant de la maison et assure le chauffage et l'eau chaude sanitaire de la maison. Une fois le fluide caloporteur déchargé de son énergie calorifique, il retourne vers l'unité extérieure.</li></ol> <li><strong>L'unité extérieure capte l'air hors de votre maison</strong> et l'achemine vers un circuit de fluide caloporteur. Cet air est chargé d'une énergie thermique : il peut être plus ou moins chaud, plus ou moins froid. Lorsque l'air pénètre dans le système, quelle que soit sa température, le fluide caloporteur va absorber l'énergie thermique.</li> <strong>L'unité extérieure capte l'air hors de votre maison</strong> <li>Mis sous pression, <strong>le liquide caloporteur gagne en température</strong>. L'échangeur transmet ensuite la chaleur du fluide au circuit d'eau de chauffage dans le cas d'une PAC air-eau ou à de l'air dans le cas d'une PAC air-air (climatisation réversible).</li> <strong>le liquide caloporteur gagne en température</strong> <li><strong>L'eau chaude est distribuée aux radiateurs</strong> ou au plancher chauffant de la maison et assure le chauffage et l'eau chaude sanitaire de la maison. Une fois le fluide caloporteur déchargé de son énergie calorifique, il retourne vers l'unité extérieure.</li> <strong>L'eau chaude est distribuée aux radiateurs</strong>"
    },
    {
      "title": "Les différents types de pompes à chaleur",
      "text": "<p>Chez GD Energies, nous vous proposons deux types de pompes à chaleur :</p> <ul><li><strong>Les pompes air-eau</strong> : ce type de PAC utilise l'air comme ressource principale (pompe à chaleur aérothermique) et transmet sa chaleur à de l'eau. Elle permet d'alimenter le circuit hydraulique de chauffage de la maison et, selon le modèle, de fournir l'eau chaude sanitaire.</li><li><strong>Les pompes à chaleur hybrides</strong> : elles combinent une pompe à chaleur air-eau et une chaudière à condensation. Parce que la pompe à chaleur perd en efficacité à très basse température, cette association permet au système de passer de la pompe à chaleur air-eau à la chaudière lorsque la température extérieure baisse. Le basculement entre les deux systèmes se fait généralement autour de 6°C.</li></ul> <li><strong>Les pompes air-eau</strong> : ce type de PAC utilise l'air comme ressource principale (pompe à chaleur aérothermique) et transmet sa chaleur à de l'eau. Elle permet d'alimenter le circuit hydraulique de chauffage de la maison et, selon le modèle, de fournir l'eau chaude sanitaire.</li> <strong>Les pompes air-eau</strong> <li><strong>Les pompes à chaleur hybrides</strong> : elles combinent une pompe à chaleur air-eau et une chaudière à condensation. Parce que la pompe à chaleur perd en efficacité à très basse température, cette association permet au système de passer de la pompe à chaleur air-eau à la chaudière lorsque la température extérieure baisse. Le basculement entre les deux systèmes se fait généralement autour de 6°C.</li> <strong>Les pompes à chaleur hybrides</strong> <p>Ces deux types de pompes à chaleur peuvent ainsi <a href=\"../../conseils-et-actualites/remplacer-chaudiere-par-pompe-a-chaleur-hybride-gard\" title=\"Remplacer une chaudière par une PAC\">se substituer à des chaudières fioul ou gaz</a>.</p> <a href=\"../../conseils-et-actualites/remplacer-chaudiere-par-pompe-a-chaleur-hybride-gard\" title=\"Remplacer une chaudière par une PAC\">se substituer à des chaudières fioul ou gaz</a> <p>Il existe aussi d'autres types de pompes à chaleur. Les <strong>PAC air-air</strong> correspondent à des <a href=\"https://www.gd-energies.fr/equipements/climatisations\" title=\"Pompe à chaleur air-air\">climatisations réversibles</a>. Elles fournissent une solution de chauffage et de climatisation polyvalente en toute saison. Les PAC géothermiques puisent quant à elles leur énergie dans le sol ou l'eau souterraine.</p> <strong>PAC air-air</strong> <a href=\"https://www.gd-energies.fr/equipements/climatisations\" title=\"Pompe à chaleur air-air\">climatisations réversibles</a>"
    },
    {
      "title": "5 bonnes raisons d'installer une pompe à chaleur à Nîmes",
      "text": "<p>Les pompes à chaleur présentent de nombreux avantages, à <a href=\"https://www.gd-energies.fr/chauffage-nimes\" title=\"Chauffage Nimes\">Nîmes</a> comme dans le reste de la France. Si leur prix d'acquisition peut sembler élevé, les pompes à chaleur permettent cependant de <strong>faire des économies d'énergie</strong> par rapport à des systèmes de chauffage plus traditionnels.</p> <a href=\"https://www.gd-energies.fr/chauffage-nimes\" title=\"Chauffage Nimes\">Nîmes</a> <strong>faire des économies d'énergie</strong> <p>Contrairement aux chaudières fioul ou gaz, les PAC utilisent l'air ambiant comme énergie principale. <strong>Elles n'émettent pas de gaz à effet de serre</strong> pour produire de la chaleur, <em>a contrario</em> des chaudières à énergie fossile.</p> <strong>Elles n'émettent pas de gaz à effet de serre</strong> <em>a contrario</em> <p>Les pompes à chaleur présentent aussi <strong>une forte efficacité énergétique</strong>. Cette dernière est mesurée par le COP (coefficient de performance) : c'est le ratio entre l'énergie produite et l'énergie consommée. Plus le COP est élevé, plus la PAC est efficace. Par exemple, une PAC avec un COP de 3 produit 6kW de chaleur pour 2kW d'énergie consommée (COP = 6kW / 2kW).</p> <strong>une forte efficacité énergétique</strong> <p>De plus, <strong>des aides financières sont disponibles</strong> pour aider les particuliers à passer à un système de chauffage écologique comme la PAC : MaPrimeRenov', Eco-PTZ (éco-prêt à taux zéro) notamment.</p> <strong>des aides financières sont disponibles</strong> <p>Enfin, les logements équipés d'une pompe à chaleur ont généralement <strong>une valeur plus élevée</strong> sur le marché immobilier !</p> <strong>une valeur plus élevée</strong> <p><i></i> <a href=\"https://www.gd-energies.fr/installation/pompes-a-chaleur\" title=\"Installation Pompe à Chaleur dans le Gard\">Faire installer une pompe à chaleur à Nîmes, au Grau-du-Roi ou encore Beaucaire</a></p> <i></i> <a href=\"https://www.gd-energies.fr/installation/pompes-a-chaleur\" title=\"Installation Pompe à Chaleur dans le Gard\">Faire installer une pompe à chaleur à Nîmes, au Grau-du-Roi ou encore Beaucaire</a>"
    },
    {
      "title": "Choisir et installer sa pompe à chaleur à Nîmes avec GD Energies",
      "text": "<p>Choisir une pompe à chaleur dépend fortement des caractéristiques de votre maison : son isolation, sa superficie, le type de chauffage existant (présence d'un système hydraulique type radiateurs ou plancher chauffant). Ces éléments déterminent la puissance de votre PAC. Son bon dimensionnement est crucial pour vous garantir un confort optimal toute l'année.</p> <p>Votre budget et les aides auxquelles vous pouvez prétendre (MaPrimeRenov', CEE, offres de financement) auront aussi un impact certain sur vos choix technologiques.</p> <p>Chez GD Energies, nos experts vous guident et vous accompagnent dans le choix de votre pompe à chaleur. Que vous vouliez <strong>installer un nouvel équipement</strong> ou <strong>remplacer une ancienne PAC</strong>, nous établissons gratuitement <a href=\"/nous-contacter?type=3&amp;categorie=heat_pump\" title=\"Contacter GD Energies pour un devis gratuit\">un devis personnalisé</a> intégrant les caractéristiques de votre logement et vos souhaits en eau chaude sanitaire.</p> <strong>installer un nouvel équipement</strong> <strong>remplacer une ancienne PAC</strong> <a href=\"/nous-contacter?type=3&amp;categorie=heat_pump\" title=\"Contacter GD Energies pour un devis gratuit\">un devis personnalisé</a> <p>Nos techniciens chauffagistes et frigoristes qualifiés se chargent de l'installation et de la mise en marche de votre pompe à chaleur. Nous veillons à son bon fonctionnement et vous détaillons son mode d'emploi pour un usage simple au quotidien. GD Energies réalise également <a href=\"https://www.gd-energies.fr/entretien/pompes-a-chaleur\" title=\"Entretien pompe à chaleur dans le Gard\">l'entretien de vos pompes à chaleur</a>.</p> <a href=\"https://www.gd-energies.fr/entretien/pompes-a-chaleur\" title=\"Entretien pompe à chaleur dans le Gard\">l'entretien de vos pompes à chaleur</a> <h3>Des professionnels de la PAC qualifiés</h3> <p>GD Energies est <a href=\"/qui-sommes-nous/certifications-et-marques\" title=\"GD Energies - Marques et certifications\">une entreprise certifiée RGE QualiPAC</a> : un gage de qualité et de professionnalisme. La certification RGE QualiPAC de GD Energies vous garantit :</p> <a href=\"/qui-sommes-nous/certifications-et-marques\" title=\"GD Energies - Marques et certifications\">une entreprise certifiée RGE QualiPAC</a> <ul><li>Une installation réalisée par des professionnels qualifiés et expérimentés</li><li>Une prestation de qualité conforme aux normes en vigueur</li><li>Des conseils personnalisés et une garantie sur les travaux</li><li>L'éligibilité à des aides financières et une contribution à la transition énergétique</li></ul> <li>Une installation réalisée par des professionnels qualifiés et expérimentés</li> <li>Une prestation de qualité conforme aux normes en vigueur</li> <li>Des conseils personnalisés et une garantie sur les travaux</li> <li>L'éligibilité à des aides financières et une contribution à la transition énergétique</li> <p><strong>Contactez GD Energies dès aujourd'hui pour un devis gratuit et une étude personnalisée de votre projet de PAC à Nîmes !</strong></p> <strong>Contactez GD Energies dès aujourd'hui pour un devis gratuit et une étude personnalisée de votre projet de PAC à Nîmes !</strong>"
    },
    {
      "title": "Questions fréquentes",
      "text": "<p><strong>Une PAC est-elle efficace quand il fait froid ?</strong></p> <strong>Une PAC est-elle efficace quand il fait froid ?</strong> <p>Oui, une pompe à chaleur (PAC) reste efficace même par temps froid. Les modèles modernes sont conçus pour fonctionner efficacement à des températures extérieures basses. Cependant, leur rendement peut diminuer lorsque la température descend en dessous de -10°C. Il est donc important de choisir une PAC adaptée à votre climat local et de bien dimensionner le système pour votre habitation.</p> <p><strong>Une pompe à chaleur air-eau peut-elle être réversible et donc rafraîchir une maison ?</strong></p> <strong>Une pompe à chaleur air-eau peut-elle être réversible et donc rafraîchir une maison ?</strong> <p>Cela dépend de votre circuit hydraulique et de votre PAC. Certaines PAC air-eau sont réversibles. Elles fonctionnent avec des ventilo-convecteurs ou un plancher chauffant. Elles ne sont pas compatibles avec des radiateurs, car cela créerait de la condensation, sans moyen de l'évacuer.</p> <p>Une PAC air-eau réversible permet plutôt de baisser la température ambiante de quelques degrés, mais sera toujours moins efficace qu'une <a href=\"https://www.gd-energies.fr/installation/climatisations\" title=\"Installation PAC air-air\">PAC air-air en mode froid</a>.</p> <a href=\"https://www.gd-energies.fr/installation/climatisations\" title=\"Installation PAC air-air\">PAC air-air en mode froid</a> <p><strong>Pourquoi associer une pompe à chaleur air-eau à un chauffe-eau thermodynamique ?</strong></p> <strong>Pourquoi associer une pompe à chaleur air-eau à un chauffe-eau thermodynamique ?</strong> <p>L'association d'une PAC air-eau à un chauffe-eau thermodynamique permet d'optimiser vos économies d'énergie et votre confort. Le chauffe-eau thermodynamique utilise la technologie de la pompe à chaleur pour produire de l'eau chaude sanitaire, ce qui vous permet de réduire votre consommation d'électricité. De plus, le couplage des deux systèmes permet une meilleure gestion de la production d'eau chaude et d'éviter les pics de consommation.</p> <p><strong>Quels sont les avantages d'une PAC à Nîmes ?</strong></p> <strong>Quels sont les avantages d'une PAC à Nîmes ?</strong> <p>Les pompes à chaleur présentent de nombreux avantages pour les Nîmois et les Gardois plus généralement :</p> <ul><li>Une réduction significative de leur facture énergétique</li><li>La production d'une énergie propre et écologique</li><li>Un confort thermique toute l'année</li><li>L'éligibilité à des aides de l'Etat</li><li>Une valorisation du bien immobilier</li></ul> <li>Une réduction significative de leur facture énergétique</li> <li>La production d'une énergie propre et écologique</li> <li>Un confort thermique toute l'année</li> <li>L'éligibilité à des aides de l'Etat</li> <li>Une valorisation du bien immobilier</li> <p><strong>Quelle est la durée de vie d'une pompe à chaleur ?</strong></p> <strong>Quelle est la durée de vie d'une pompe à chaleur ?</strong> <p>La durée de vie d'une pompe à chaleur est d'environ 15 à 20 ans si elle est bien entretenue. Un entretien annuel régulier permet d'optimiser les performances de votre PAC et de prolonger sa durée de vie.</p> <p><strong>Quelle pompe à chaleur est la plus adaptée à mon logement à Nîmes et dans le reste du Gard ?</strong></p> <strong>Quelle pompe à chaleur est la plus adaptée à mon logement à Nîmes et dans le reste du Gard ?</strong> <p>Le choix de la PAC dépend de plusieurs facteurs : la superficie et l'isolation de votre maison, votre budget, le type de chauffage existant, la configuration de votre terrain et les caractéristiques climatiques de votre région. Il est essentiel de faire appel à un installateur professionnel RGE pour réaliser une étude personnalisée et vous conseiller sur la PAC la plus adaptée à vos besoins.</p> <p><strong>Combien coûte l'installation d'une pompe à chaleur à Nîmes ?</strong></p> <strong>Combien coûte l'installation d'une pompe à chaleur à Nîmes ?</strong> <p>Le prix d'une installation de PAC varie en fonction de plusieurs facteurs :</p> <ul><li>Le type et la marque de votre PAC : il existe plusieurs gammes de produits avec des prix très différents.</li><li>Plus votre logement est grand, plus le coût de l'installation sera élevé.</li><li>La complexité de l'installation, si des travaux importants sont nécessaires.</li></ul> <li>Le type et la marque de votre PAC : il existe plusieurs gammes de produits avec des prix très différents.</li> <li>Plus votre logement est grand, plus le coût de l'installation sera élevé.</li> <li>La complexité de l'installation, si des travaux importants sont nécessaires.</li> <p><strong>Existe-t-il des aides financières pour l'installation d'une pompe à chaleur à Nîmes ?</strong></p> <strong>Existe-t-il des aides financières pour l'installation d'une pompe à chaleur à Nîmes ?</strong> <p>Oui, des aides financières sont disponibles pour encourager l'installation de PAC : MaPrimeRénov', l'éco-prêt à taux zéro, primes CEE.</p> <p><strong>L'installation d'une pompe à chaleur est-elle éligible à la TVA à 5,5% ?</strong></p> <strong>L'installation d'une pompe à chaleur est-elle éligible à la TVA à 5,5% ?</strong> <p>Oui, l'installation d'une PAC dans une résidence principale est éligible à la TVA à taux réduit de 5,5% si elle est réalisée par un professionnel RGE comme GD Energies.</p> <p><strong>L'entretien d'une pompe à chaleur est-il obligatoire ?</strong></p> <strong>L'entretien d'une pompe à chaleur est-il obligatoire ?</strong> <p>Oui, <a href=\"https://www.gd-energies.fr/entretien/pompes-a-chaleur\" title=\"Bien entretenir sa pompe à chaleur\">un entretien biannuel</a> réalisé par un professionnel RGE est obligatoire pour garantir le bon fonctionnement de votre PAC et optimiser ses performances.</p> <a href=\"https://www.gd-energies.fr/entretien/pompes-a-chaleur\" title=\"Bien entretenir sa pompe à chaleur\">un entretien biannuel</a>"
    }
  ],
  "related": {
    "title": "",
    "links": []
  },
  "url": "https://www.gd-energies.fr/equipements/pompes-a-chaleur"
}