{
  "breadcrumb": "Chaudieres",
  "seo": {
    "title": "EXPERT Chaudières gaz, fioul et bois à Nice | EGS Energies",
    "description": "Chaudières au gaz, chaudières au fioul ou chaudières au bois : expert chauffagiste depuis 60 ans, EGS Energies vous conseille sur Nice et les Alpes-Maritimes",
    "opengraph": {
      "site_name": "EGS Energies",
      "type": "website",
      "locale": "fr_FR",
      "title": "EXPERT Chaudières gaz, fioul et bois à Nice | EGS Energies",
      "description": "Chaudières au gaz, chaudières au fioul ou chaudières au bois : expert chauffagiste depuis 60 ans, EGS Energies vous conseille sur Nice et les Alpes-Maritimes",
      "image": {
        "src": "https://www.egs-energies.fr/build/images/egs-energies-equipement-chaudiere.456x334.f2e175b6.jpg",
        "alt": "Technicien EGS Energies (anciennement Electrogaz) intervenant sur une chaudière"
      }
    }
  },
  "hero": {
    "title": "EGS Energies : chaudières gaz, fioul et bois",
    "subtitle": ""
  },
  "intro": {
    "image": {
      "src": "https://www.egs-energies.fr/build/images/egs-energies-equipement-chaudiere.456x334.f2e175b6.jpg",
      "alt": "Technicien EGS Energies (anciennement Electrogaz) intervenant sur une chaudière"
    },
    "text": "<p>Les chaudières sont des équipements fiables et durables. Elles peuvent être au gaz, fioul ou bois. Ces solutions de chauffage (et de production d'eau chaude sanitaire) assurent un confort optimal et les dernières générations d'appareils consomment peu d'énergie. Un entretien régulier garantit leur bon fonctionnement et pérennise votre installation.</p> <p>La société EGS Energies (anciennement Electrogaz) dispose d'un savoir-faire reconnu dans les Alpes-Maritimes sur chacun de ces équipements et assure l'installation, l'entretien et le dépannage de vos appareils de chauffage. Avec nos 4 agences, situées à <a href=\"https://www.egs-energies.fr/chauffage-nice\" title=\"Chauffage Nice\">Nice</a>, <a href=\"https://www.egs-energies.fr/chauffage-vallauris\" title=\"Chauffage Vallauris\">Vallauris</a>, <a href=\"https://www.egs-energies.fr/chauffage-menton\" title=\"Chauffage Menton\">Menton</a> et <a href=\"https://www.egs-energies.fr/chauffage-saint-laurent-du-var\" title=\"Chauffage Saint Laurent Du Var\">Saint-Laurent-du-Var</a>, nous couvrons l'ensemble des villes du département des Alpes-Maritimes (Nice, <a href=\"https://www.egs-energies.fr/chauffage-cannes\" title=\"Chauffage Cannes\">Cannes</a>, <a href=\"https://www.egs-energies.fr/chauffage-antibes\" title=\"Chauffage Antibes\">Antibes</a>, <a href=\"https://www.egs-energies.fr/chauffage-grasse\" title=\"Chauffage Grasse\">Grasse</a>, <a href=\"https://www.egs-energies.fr/chauffage-cagnes-sur-mer\" title=\"Chauffage Cagnes Sur Mer\">Cagnes-sur-Mer</a>, <a href=\"https://www.egs-energies.fr/chauffage-le-cannet\" title=\"Chauffage Le Cannet\">Le Cannet</a>, Saint-Laurent-du-Var, Menton, Vallauris, Mandelieu-la-Napoule, Mougins, Vence, ...) ainsi que la principauté de <a href=\"https://www.egs-energies.fr/chauffage-monaco\" title=\"Chauffage Monaco\">Monaco</a>.</p>"
  },
  "contents": [
    {
      "title": "Les chaudières gaz, fioul et au bois",
      "text": "<p>La chaleur de votre logement peut être produite en brûlant des combustibles tels que le gaz, le fioul ou du bois dans une chaudière. Différents types de chaudières existent aujourd'hui : des chaudières dites traditionnelles aux chaudières à condensation, en passant par les chaudières basse température ou encore les chaudières \"Bas Nox\" dont les émissions d'oxydes d'azote sont limitées...</p> <p>Nous sommes à même de vous proposer, en fonction de vos besoins, une vaste gamme de <a href=\"/equipements/chaudieres/chaudiere-gaz\" title=\"Equipement de chauffage : chaudière gaz\">chaudières gaz</a> et <a href=\"https://www.egs-energies.fr/equipements/chaudieres/chaudiere-bois\" title=\"Equipement de chauffage : chaudière bois\">chaudières bois</a> et d'intervenir pour assurer la maintenance et les réparations de tout votre système de chauffage (<a href=\"https://www.egs-energies.fr/equipements/chaudieres/chaudiere-fioul\" title=\"Equipement de chauffage : chaudière fioul\">chaudières fioul</a>, gaz ou biomasse).N'oubliez pas, l'<a href=\"/entretien\" title=\"entretien annuel de votre chaudière\">entretien annuel de votre chaudière</a> est obligatoire <a href=\"https://www.legifrance.gouv.fr/affichTexte.do?cidTexte=JORFTEXT000020723245&amp;categorieLien=id\" title=\"Legifrance : décret 2009-649 - entretien chaudière\" target=\"_blank\" rel=\"noopener\">décret N° 2009-649 du 9 juin 2009</a>.</p> <a href=\"/equipements/chaudieres/chaudiere-gaz\" title=\"Equipement de chauffage : chaudière gaz\">chaudières gaz</a> <a href=\"https://www.egs-energies.fr/equipements/chaudieres/chaudiere-bois\" title=\"Equipement de chauffage : chaudière bois\">chaudières bois</a> <a href=\"https://www.egs-energies.fr/equipements/chaudieres/chaudiere-fioul\" title=\"Equipement de chauffage : chaudière fioul\">chaudières fioul</a> <a href=\"/entretien\" title=\"entretien annuel de votre chaudière\">entretien annuel de votre chaudière</a> <a href=\"https://www.legifrance.gouv.fr/affichTexte.do?cidTexte=JORFTEXT000020723245&amp;categorieLien=id\" title=\"Legifrance : décret 2009-649 - entretien chaudière\" target=\"_blank\" rel=\"noopener\">décret N° 2009-649 du 9 juin 2009</a>"
    },
    {
      "title": "La production d'eau chaude sanitaire avec une chaudière",
      "text": "<p>Une chaudière, selon le modèle, peut également fournir l'eau chaude de votre logement. Sinon, d'autres solutions existent afin de bénéficier de toute la souplesse et du confort d'une production séparée d'eau chaude.</p> <p>Si vous choisissez un chauffe-eau gaz ou un chauffe-eau électrique, vous aurez le choix entre un chauffe-eau instantané ou un chauffe-eau à accumulation.</p> <p>Parmi les systèmes de production d'eau chaude sanitaire, les fabricants ont également mis au point des chauffe-eaux qui utilisent des énergies renouvelables, tels que le <a href=\"/equipements/energie-renouvelable/chauffe-eau-thermodynamique\" title=\"Equipement production eau chaude : chauffe-eau thermodynamique\">chauffe-eau thermodynamique</a> qui s'installe très facilement et fonctionne sur le même principe qu'une pompe à chaleur ou le <a href=\"/equipements/energie-renouvelable/chauffe-eau-solaire\" title=\"Equipement production eau chaude : chauffe-eau solaire\">chauffe-eau solaire</a> qui utilise la chaleur du soleil pour chauffer l'eau de votre foyer. Ces solutions permettent de réduire votre consommation en énergie.</p> <a href=\"/equipements/energie-renouvelable/chauffe-eau-thermodynamique\" title=\"Equipement production eau chaude : chauffe-eau thermodynamique\">chauffe-eau thermodynamique</a> <a href=\"/equipements/energie-renouvelable/chauffe-eau-solaire\" title=\"Equipement production eau chaude : chauffe-eau solaire\">chauffe-eau solaire</a>"
    }
  ],
  "related": {
    "title": "",
    "links": []
  },
  "url": "https://www.egs-energies.fr/equipements/chaudieres"
}