{
  "breadcrumb": "Chauffe eau",
  "seo": {
    "title": "EXPERT Chauffe-Eau à Vallauris, Nice, Antibes | EGS Energies",
    "description": "Tout savoir sur le chauffe-eau à accumulation, instantané, cumulus et ballons thermodynamique. EGS Energies votre chauffagiste à Nice et les Alpes-Maritimes",
    "opengraph": {
      "site_name": "EGS Energies",
      "type": "website",
      "locale": "fr_FR",
      "title": "EXPERT Chauffe-Eau à Vallauris, Nice, Antibes | EGS Energies",
      "description": "Tout savoir sur le chauffe-eau à accumulation, instantané, cumulus et ballons thermodynamique. EGS Energies votre chauffagiste à Nice et les Alpes-Maritimes",
      "image": {
        "src": "https://www.egs-energies.fr/build/images/egs-energies-equipement-chauffe-eau-456x334.ba44d830.jpg",
        "alt": "Equipement chauffe-eau EGS Energies (ex-Electrogaz) Nice"
      }
    }
  },
  "hero": {
    "title": "Chauffe-eau, Chauffe-bain : l'eau chaude à bonne température",
    "subtitle": ""
  },
  "intro": {
    "image": {
      "src": "https://www.egs-energies.fr/build/images/egs-energies-equipement-chauffe-eau-456x334.ba44d830.jpg",
      "alt": "Equipement chauffe-eau EGS Energies (ex-Electrogaz) Nice"
    },
    "text": "<p>Un chauffe-eau (ou chauffe-bain dans le cas d'un chauffe-eau instantané) est un appareil de production d'eau chaude sanitaire indépendant de votre installation de chauffage. Le modèle d'appareil dépend de l'énergie utilisée (électricité ou gaz) pour le faire fonctionner et aussi de la capacité nécessaire pour la consommation en eau chaude de votre foyer.</p>"
  },
  "contents": [
    {
      "title": "Chauffe-eau à accumulation ou instantané (chauffe-bain)",
      "text": "<p>L'eau est chauffée \"à la demande\" avec un chauffe-eau instantané, aussi appelé chauffe-bain. Cette solution est adaptée à certains usages : appareil d'appoint ou installation dans un petit espace. Le chauffe-eau à accumulation, le plus répandu, dispose d'une cuve pour stocker l'eau chauffée.</p> <p>Pour votre confort, la capacité de stockage de cette cuve, ou « ballon » est un élément important dans votre choix d'appareil. Plus vous êtes nombreux dans le logement, plus la capacité doit être importante. Les plus gros ballons peuvent contenir jusqu'à 300 litres d'eau.</p> <p>Quel que soit votre lieu de résidence (<a href=\"https://www.egs-energies.fr/chauffage-nice\" title=\"Chauffage Nice\">Nice</a>, <a href=\"https://www.egs-energies.fr/chauffage-cannes\" title=\"Chauffage Cannes\">Cannes</a>, <a href=\"https://www.egs-energies.fr/chauffage-antibes\" title=\"Chauffage Antibes\">Antibes</a>, <a href=\"https://www.egs-energies.fr/chauffage-grasse\" title=\"Chauffage Grasse\">Grasse</a>, <a href=\"https://www.egs-energies.fr/chauffage-cagnes-sur-mer\" title=\"Chauffage Cagnes Sur Mer\">Cagnes-sur-Mer</a>, <a href=\"https://www.egs-energies.fr/chauffage-le-cannet\" title=\"Chauffage Le Cannet\">Le Cannet</a>, <a href=\"https://www.egs-energies.fr/chauffage-saint-laurent-du-var\" title=\"Chauffage Saint Laurent Du Var\">Saint-Laurent-du-Var</a>, <a href=\"https://www.egs-energies.fr/chauffage-menton\" title=\"Chauffage Menton\">Menton</a>, <a href=\"https://www.egs-energies.fr/chauffage-vallauris\" title=\"Chauffage Vallauris\">Vallauris</a>, Mandelieu-la-Napoule, Mougins, Vence, ... et même <a href=\"https://www.egs-energies.fr/chauffage-monaco\" title=\"Chauffage Monaco\">Monaco</a>), EGS Energies (ex-Electrogaz) se déplace gratuitement à votre domicile pour évaluer vos besoins et vous conseiller l'équipement de production d'eau chaude adapté à votre consommation.</p> <a href=\"https://www.egs-energies.fr/chauffage-nice\" title=\"Chauffage Nice\">Nice</a> <a href=\"https://www.egs-energies.fr/chauffage-cannes\" title=\"Chauffage Cannes\">Cannes</a> <a href=\"https://www.egs-energies.fr/chauffage-antibes\" title=\"Chauffage Antibes\">Antibes</a> <a href=\"https://www.egs-energies.fr/chauffage-grasse\" title=\"Chauffage Grasse\">Grasse</a> <a href=\"https://www.egs-energies.fr/chauffage-cagnes-sur-mer\" title=\"Chauffage Cagnes Sur Mer\">Cagnes-sur-Mer</a> <a href=\"https://www.egs-energies.fr/chauffage-le-cannet\" title=\"Chauffage Le Cannet\">Le Cannet</a> <a href=\"https://www.egs-energies.fr/chauffage-saint-laurent-du-var\" title=\"Chauffage Saint Laurent Du Var\">Saint-Laurent-du-Var</a> <a href=\"https://www.egs-energies.fr/chauffage-menton\" title=\"Chauffage Menton\">Menton</a> <a href=\"https://www.egs-energies.fr/chauffage-vallauris\" title=\"Chauffage Vallauris\">Vallauris</a> <a href=\"https://www.egs-energies.fr/chauffage-monaco\" title=\"Chauffage Monaco\">Monaco</a> <p><i class=\"fa fa-angle-double-right\" style=\"color: #337ab7;\"></i> <span class=\"obflink obflink-text\" data-o=\"L25vdXMtY29udGFjdGVyP3R5cGU9NA==\">Prendre rendez-vous avec EGS Energies</span></p> <i class=\"fa fa-angle-double-right\" style=\"color: #337ab7;\"></i> <span class=\"obflink obflink-text\" data-o=\"L25vdXMtY29udGFjdGVyP3R5cGU9NA==\">Prendre rendez-vous avec EGS Energies</span>"
    },
    {
      "title": "Chauffe-eau et énergies renouvelables",
      "text": "<p>Au-delà des chauffe-eaux à gaz et électriques, vous pouvez opter pour un appareil fonctionnant avec des énergies renouvelables, tel que le <a href=\"/equipements/energie-renouvelable/chauffe-eau-thermodynamique\" title=\"Comment fonctionnent les chauffe-eaux thermodynamiques ?\">chauffe-eau thermodynamique</a> qui s'installe très facilement et fonctionne sur le même principe qu'une pompe à chaleur ou le chauffe-eau solaire qui utilise la chaleur du soleil pour chauffer l'eau de votre foyer. Ces solutions permettent de réduire votre consommation en énergie.</p> <a href=\"/equipements/energie-renouvelable/chauffe-eau-thermodynamique\" title=\"Comment fonctionnent les chauffe-eaux thermodynamiques ?\">chauffe-eau thermodynamique</a>"
    },
    {
      "title": "Chauffe-eaux, certifications et crédits d'impôts",
      "text": "<p>Quelles que soient l'énergie utilisée et la marque de votre chauffe-eau, nous intervenons dans le plus grand respect des règles de sécurité et des contraintes environnementales pour des prestations de dépannage, d'entretien et le remplacement de votre système de production d'eau chaude. Nos <a href=\"/qui-sommes-nous/certifications-et-marques\" title=\"Certifications d'Electrogaz\">équipes sont certifiées</a> pour vous garantir la qualité de notre travail et la sécurité de vos installations.</p> <a href=\"/qui-sommes-nous/certifications-et-marques\" title=\"Certifications d'Electrogaz\">équipes sont certifiées</a> <p>Ces reconnaissances vous rendent éligibles aux aides de l'Etat en vigueur, si vous vous souhaitez renouveler votre installation et vous tournez vers des équipements plus performants, économes et respectueux de l'environnement.</p> <p><i class=\"fa fa-angle-double-right\" style=\"color: #337ab7;\"></i> <span class=\"obflink obflink-text\" data-o=\"L25vdXMtY29udGFjdGVyP3R5cGU9NA==\">Parlez-en avec nos équipes</span></p> <i class=\"fa fa-angle-double-right\" style=\"color: #337ab7;\"></i> <span class=\"obflink obflink-text\" data-o=\"L25vdXMtY29udGFjdGVyP3R5cGU9NA==\">Parlez-en avec nos équipes</span>"
    }
  ],
  "related": {
    "title": "",
    "links": []
  },
  "url": "https://www.egs-energies.fr/equipements/chauffe-eau"
}