{
  "breadcrumb": "Chaudiere bois",
  "seo": {
    "title": "EXPERT Chaudière Bois à Menton, Antibes, Nice | EGS Energies",
    "description": "Tout savoir sur la chaudière bois sur Nice, Antibes, Cannes, Grasse et dans les Alpes-Maritimes : fonctionnement, entretien, installation et prix",
    "opengraph": {
      "site_name": "EGS Energies",
      "type": "website",
      "locale": "fr_FR",
      "title": "EXPERT Chaudière Bois à Menton, Antibes, Nice | EGS Energies",
      "description": "Tout savoir sur la chaudière bois sur Nice, Antibes, Cannes, Grasse et dans les Alpes-Maritimes : fonctionnement, entretien, installation et prix",
      "image": {
        "src": "https://www.egs-energies.fr/build/images/egs-energies-equipement-chaudiere-bois-456x334.f61843b0.jpg",
        "alt": "Technicien EGS Energies  (ex-Electrogaz) chaudière bois"
      }
    }
  },
  "hero": {
    "title": "Chaudière Bois : économique, programmable et confortable",
    "subtitle": "Chaudière à granulés, pellets, bûches dans les Alpes-Maritimes : Saint-Laurent-du-Var, Grasse, Antibes"
  },
  "intro": {
    "image": {
      "src": "https://www.egs-energies.fr/build/images/egs-energies-equipement-chaudiere-bois-456x334.f61843b0.jpg",
      "alt": "Technicien EGS Energies  (ex-Electrogaz) chaudière bois"
    },
    "text": "<p>À <a href=\"https://www.egs-energies.fr/chauffage-vallauris\" title=\"Chauffage Vallauris\">Vallauris</a>, <a href=\"https://www.egs-energies.fr/chauffage-monaco\" title=\"Chauffage Monaco\">Monaco</a> ou <a href=\"https://www.egs-energies.fr/chauffage-menton\" title=\"Chauffage Menton\">Menton</a>, les chaudières bois ont l'avantage d'utiliser la source d'énergie la plus économique du marché : le bois. L'économie représentée peut atteindre 30 % (source Ademe). Il peut s'agir de bûches de bois, à charger manuellement dans la chaudière, ou de granulés. Dans ce dernier cas, les granulés de bois sont stockés dans un réservoir attenant à la chaudière et chargés automatiquement. La chaudière est ainsi programmable et automatique.</p> <p>Ce fonctionnement vous garantit un plus grand confort puisque vous êtes assurés d'avoir un logement à bonne température, à l'heure qui vous correspond. Et vous n'avez pas à recharger sans cesse votre appareil.</p>"
  },
  "contents": [
    {
      "title": "Les différents types de chaudières bois dans le 06",
      "text": "<p>Il existe deux grands types de chaudières bois.</p> <p><strong> Les chaudières manuelles </strong> , à bûches par exemple. Vous devez recharger vous même le combustible. Le stockage de bûches nécessite un espace dédié relativement important. Vous devrez les stocker soit en extérieur dans un abri à bois bien ventilé, soit en intérieur dans un endroit sec et bien aéré.</p> <strong> Les chaudières manuelles </strong> <p><strong> Les chaudières automatiques </strong> : elles sont dotées d'un réservoir dans lequel vous pouvez charger le combustible, des granulés par exemple. À partir de là, votre chaudière bois s'auto-alimente en fonction de votre programme de chauffage, jusqu'à épuisement du stock. Certains modèles mixtes vous permettent d'utiliser aussi bien des granulés de bois que des plaquettes et d'autres combustibles écologiques : granulés de coquilles de noix,&nbsp; noyaux d'olives concassés, etc.</p> <strong> Les chaudières automatiques </strong> <p>Pensés comme des solutions de chauffage central, de nombreux modèles de chaudières bois vous permettent de remplir la fonction de chauffe-eau et fournir votre eau chaude sanitaire.</p> <h3>Chaudières à bûches vs Chaudières à granulés : que choisir dans les Alpes-Maritimes ?</h3> <p>Le choix entre une chaudière à bûches et une chaudière à granulés dépend de plusieurs éléments. Les chaudières à bûches, traditionnelles et robustes, nécessitent un approvisionnement manuel mais offrent un coût d’utilisation très bas. Leur chambre de combustion, conçue pour maximiser l’efficacité énergétique, assure une production de chaleur stable et durable.&nbsp;</p> <p>De l'autre côté, les chaudières à granulés séduisent par leur automatisation. Elles stockent les granulés dans un réservoir adjacent et les distribuent automatiquement, une fonctionnalité qui simplifie leur utilisation quotidienne.</p>"
    },
    {
      "title": "D'où vient le bois de chauffage en France ?",
      "text": "<p>Le bois de chauffage, quelle que soit sa forme (bûches, granulés ou briquettes reconstituées), représente une source d' <strong> énergie renouvelable </strong> . Pour en avoir le cœur net, lisez les étiquettes. Les labels PEFC et FSC attestent que votre bois de chauffage provient de <strong> forêts gérées durablement </strong> .</p> <strong> énergie renouvelable </strong> <strong> forêts gérées durablement </strong> <p>En France, <strong> 64% </strong> du bois de chauffage provient des <strong> activités sylvicoles </strong> selon l'ADEME. Attention, il ne s'agit pas de faire reculer des forêts, ni de déforester ! Il s'agit d'activités humaines relevant de la gestion et de l'entretien des forêts.</p> <strong> 64% </strong> <strong> activités sylvicoles </strong> <p><strong> 23% </strong> proviennent de l' <strong> entretien des espaces verts </strong> , de vergers ou de haies. Enfin, <strong> 13% </strong> sont issus des <strong> chutes de bois </strong> de scieries, des écorces, de la sciure, de déchets de bois non traités, etc.</p> <strong> 23% </strong> <strong> entretien des espaces verts </strong> <strong> 13% </strong> <strong> chutes de bois </strong>"
    },
    {
      "title": "Les avantages des chaudières bois dans les Alpes-Maritimes",
      "text": "<h3>Un combustible bon marché</h3> <p>Les chaudières bois offrent une solution de <strong> chauffage central </strong> à la fois économique et écologique. En utilisant du bois comme source d’énergie, elles réduisent significativement les coûts de chauffage par rapport aux systèmes traditionnels.</p> <strong> chauffage central </strong> <p>Le <strong> prix du bois </strong> a le grand avantage d'être stable. Ainsi lorsque l'on investit dans une chaudière à bois, il est relativement simple d'évaluer les dépenses de chauffage à moyen terme.</p> <strong> prix du bois </strong> <h3>Chauffage au bois : 75% à 105% de rendement</h3> <p>Un autre avantage du chauffage au bois réside dans son rendement.</p> <p>D'après l'ADEME, les appareils de chauffage biomasse récents affichent <strong> un rendement de 75 à 105% </strong> , grâce à une chambre de combustion optimisée et un corps de chauffe performant. La très grande majorité du combustible est donc transformée en énergie thermique. <strong> Le rendement dépasse 100% </strong> chez les chaudières à granulés de bois à condensation, car elles utilisent aussi la chaleur contenue dans les fumées pour chauffer le logement.</p> <strong> un rendement de 75 à 105% </strong> <strong> Le rendement dépasse 100% </strong> <p>En comparaison, les cheminées ouvertes à l'ancienne ont un rendement inférieur à 10%.</p> <p>Enfin, en plus d’une économie d’énergie considérable, ces systèmes permettent de bénéficier d’ <strong> aides financières </strong> telles que MaPrimeRénov’, ce qui rend l’investissement encore plus attractif.</p> <strong> aides financières </strong>"
    },
    {
      "title": "Une chaudière bois peut-elle remplacer une chaudière fioul ? ",
      "text": "<p>En fonction de votre installation existante, la chaudière bois peut être envisagée en remplacement d'une solution de chauffage au fioul. Ce changement d'appareil vous permet de profiter du Coup de Pouce Chauffage (sous conditions de ressources).</p> <p>Remplacer une chaudière fioul par une chaudière bois représente une solution pertinente pour réduire sa consommation énergétique et améliorer son empreinte environnementale. Ce type de transition permet de profiter des avantages d’un chauffage au bois tout en s’adaptant à l’infrastructure existante (circuit de chauffage hydraulique : radiateurs ou plancher chauffant).</p> <p>EGS Energies assure une conversion fluide en adaptant l’infrastructure de votre logement, tout en garantissant un rendement optimal.</p>"
    },
    {
      "title": "Les aides financières pour les chaudières bois à Grasse, Cannes ou Menton",
      "text": "<p>L’installation d’une chaudière bois dans les Alpes-Maritimes ouvre droit à plusieurs aides financières, qui peuvent alléger considérablement le coût de votre projet.</p> <p>MaPrimeRénov’, les Certificats d’Économies d’Énergie (<strong>CEE</strong>) sont accessibles aux propriétaires et locataires remplissant les critères d’éligibilité. Ces aides, cumulables dans certains cas, facilitent la transition vers un chauffage au bois, tout en rendant l’investissement plus rentable à long terme.</p> <strong>CEE</strong> <p>EGS Energies (ex-Electrogaz) vous accompagne ses clients dans toutes les <strong>démarches administratives</strong> nécessaires pour les obtenir.</p> <strong>démarches administratives</strong> <h3>MaPrimeRénov : quel montant pour une chaudière biomasse ?</h3> <p>Selon vos revenus, vous pourrez bénéficier de <strong>MaPrimeRénov'</strong> pour l'installation d'une chaudière biomasse dans votre résidence.</p> <strong>MaPrimeRénov'</strong> <p>Voici le montant des aides pour le parcours monogeste MPR en 2024 :</p> <ul><li>Pour les chaudières à granulés :</li><li>catégorie Bleu : jusqu'à 7000€</li><li>catégorie Jaune : jusqu'à 5500€</li><li>catégorie Violet : jusqu'à 3000€</li><li>catégorie Rose : non éligible</li><li>Pour les chaudières à bûches :</li><li>catégorie Bleu : jusqu'à 5500€</li><li>catégorie Jaune : jusqu'à 4500€</li><li>catégorie Violet : jusqu'à 2000€</li><li>catégorie Rose : non éligible</li></ul> <li>Pour les chaudières à granulés :</li> <li>catégorie Bleu : jusqu'à 7000€</li> <li>catégorie Jaune : jusqu'à 5500€</li> <li>catégorie Violet : jusqu'à 3000€</li> <li>catégorie Rose : non éligible</li> <li>Pour les chaudières à bûches :</li> <li>catégorie Bleu : jusqu'à 5500€</li> <li>catégorie Jaune : jusqu'à 4500€</li> <li>catégorie Violet : jusqu'à 2000€</li> <li>catégorie Rose : non éligible</li> <h3>Le Coup de pouce Chauffage jusqu'au 31 décembre 2025</h3> <p>Pour toute opération de <strong>remplacement de votre chaudière fioul</strong> par une chaudière biomasse performante, les personnes aux revenus modestes pourront prétendre à une aide de 4 000 € minimum. Pour percevoir ce <a href=\"https://www.service-public.fr/particuliers/vosdroits/F34421\" target=\"_blank\" rel=\"noopener\"> Coup de Pouce Chauffage</a>, le remplacement de la chaudière fioul devra être engagé au plus tard le 31 décembre 2025. Les travaux devront être achevés au 31 décembre 2026.</p> <strong>remplacement de votre chaudière fioul</strong> <a href=\"https://www.service-public.fr/particuliers/vosdroits/F34421\" target=\"_blank\" rel=\"noopener\"> Coup de Pouce Chauffage</a> <p>En complément, l'Éco-PTZ (éco-prêt à taux zéro) peut vous aider à financer votre rénovation. Renseignez-vous également auprès de votre commune, du département ou de la région pour connaître les aides spécifiques. Sinon, contactez nos experts EGS Energies !</p>"
    },
    {
      "title": "EGS Energies, votre expert du chauffage au bois dans les Alpes-Maritimes",
      "text": "<p>Nos techniciens, spécialisés dans l’installation, l'entretien et le dépannage des systèmes de chauffage, interviennent rapidement et efficacement dans les Alpes-Maritimes. En choisissant EGS Energies, vous vous assurez une tranquillité d’esprit et un confort durable tout au long de l’année.</p> <p>Notre savoir-faire repose sur des années d'expérience dans le secteur du chauffage au bois, ce qui nous permet de vous accompagner efficacement dans le choix et l’installation de votre équipement. Nos techniciens qualifiés assurent une mise en service impeccable, pour vous offrir un confort optimal en toutes saisons.</p> <h3>Pose de chaudière bois dans le 06</h3> <p>EGS Energies&nbsp; met à votre disposition son expertise pour l’<a href=\"/installation/chaudiere\" title=\"Installation chaudière bois dans les Alpes-Maritimes\">installation de votre chaudière bois</a> à <a href=\"https://www.egs-energies.fr/chauffage-nice\" title=\"Chauffage Nice\">Nice</a>, <a href=\"https://www.egs-energies.fr/chauffage-cannes\" title=\"Chauffage Cannes\">Cannes</a>, Monaco et alentour. Notre équipe se charge de toutes les étapes, depuis l’étude de faisabilité jusqu’à la mise en service de votre équipement. Pour obtenir plus d’informations ou demander un devis gratuit, contactez-nous dès aujourd’hui. Nos conseillers se tiennent prêts à répondre à vos questions et à vous accompagner dans votre projet.</p> <a href=\"/installation/chaudiere\" title=\"Installation chaudière bois dans les Alpes-Maritimes\">installation de votre chaudière bois</a> <a href=\"https://www.egs-energies.fr/chauffage-nice\" title=\"Chauffage Nice\">Nice</a> <a href=\"https://www.egs-energies.fr/chauffage-cannes\" title=\"Chauffage Cannes\">Cannes</a> <h3>Les plus grandes marques de chaudières bois</h3> <p>Nous sommes partenaires des <a href=\"/qui-sommes-nous/certifications-et-marques\" title=\"Nos marques et certifications EGS Energies\">plus grandes marques de chaudières bois</a> et nous pouvons vous proposer une large gamme d'appareils économiques, innovants, performants et respectueux de l'environnement. Nos équipes d'EGS Energies (ancennement Electrogaz) sont certifiées RGE : “Reconnu Garant de l'Environnement”.</p> <a href=\"/qui-sommes-nous/certifications-et-marques\" title=\"Nos marques et certifications EGS Energies\">plus grandes marques de chaudières bois</a> <p>Pour vos besoins en maintenance et dépannage, nos équipes peuvent intervenir sur de nombreuses marques de chaudières bois : Viessmann, Kalor, MCZ, RED, Chaffoteaux, De Dietrich, Kotlin, Froling, Chappée, Hargassner, etc.</p>"
    }
  ],
  "related": {
    "title": "",
    "links": []
  },
  "url": "https://www.egs-energies.fr/equipements/chaudieres/chaudiere-bois"
}