{
  "breadcrumb": "Chaudiere fioul",
  "seo": {
    "title": "EXPERT Chaudière Fioul à Saint-Laurent-du-Var, Nice, Grasse | EGS Energies",
    "description": "Tout savoir sur la chaudière fioul condensation ou basse consommation sur Nice et dans les Alpes-Maritimes : fonctionnement, entretien, installation, prix",
    "opengraph": {
      "site_name": "EGS Energies",
      "type": "website",
      "locale": "fr_FR",
      "title": "EXPERT Chaudière Fioul à Saint-Laurent-du-Var, Nice, Grasse | EGS Energies",
      "description": "Tout savoir sur la chaudière fioul condensation ou basse consommation sur Nice et dans les Alpes-Maritimes : fonctionnement, entretien, installation, prix",
      "image": {
        "src": "https://www.egs-energies.fr/build/images/egs-energies-equipement-chaudiere-fioul.456x334.7e2c80e1.jpg",
        "alt": "Technicien Electrogaz chaudière fioul"
      }
    }
  },
  "hero": {
    "title": "Chaudière Fioul : des équipements de plus en plus économiques",
    "subtitle": ""
  },
  "intro": {
    "image": {
      "src": "https://www.egs-energies.fr/build/images/egs-energies-equipement-chaudiere-fioul.456x334.7e2c80e1.jpg",
      "alt": "Technicien Electrogaz chaudière fioul"
    },
    "text": "<p>Souvent considéré comme \"désuet\" ou \"dangereux\", le chauffage au fioul présente toutefois de nombreux avantages, notamment si votre habitation n'est pas alimentée en gaz de ville. Le fioul reste ainsi privilégié par certains foyers individuels et collectifs.</p> <p>Bien entretenu, le chauffage au fioul est sans danger pour les occupants de la maison. <a href=\"/entretien/chaudiere-fioul\" title=\"obligation entretien chaudières fioul\">L'entretien annuel de votre chaudière au fioul</a> est une obligation, comme pour les <a href=\"/entretien/chaudiere-gaz\" title=\"obligation entretien chaudières gaz\">chaudières au gaz</a>. Ce suivi doit être assuré par un professionnel, expert du chauffage à l'image du groupe EGS Energies (ex-Electrogaz).</p> <p>Lors de cette visite annuelle, nos équipes s'assurent de la sécurité des chaudières fioul. Nous effectuons également le nettoyage de l'appareil et ses réglages afin d'éviter une sur-consommation.</p>"
  },
  "contents": [
    {
      "title": "Chaudières fioul à condensation ou à basse température",
      "text": "<p>Les nouveaux modèles de chaudière fioul basse température ou chaudière fioul à condensation vous garantissent une diminution de votre consommation de fioul. Vous songez à renouveler votre installation à <a href=\"https://www.egs-energies.fr/chauffage-antibes\" title=\"Chauffage Antibes\">Antibes</a>, <a href=\"https://www.egs-energies.fr/chauffage-menton\" title=\"Chauffage Menton\">Menton</a> ou leurs alentours ? Nous pouvons vous conseiller et vous guider vers la solution la plus adaptée à votre situation et votre logement. Il est également possible de changer de mode d'alimentation et de vous tourner vers une <a href=\"/equipements/chaudieres/chaudiere-gaz\" title=\"Equipement chauffage : chaudière gaz\">chaudière gaz</a> (si vous êtes raccordé) ou une <a href=\"/equipements/energie-renouvelable/pompe-a-chaleur\" title=\"Equipement production eau chaude : chaudière gaz\">pompe à chaleur</a>.</p> <a href=\"https://www.egs-energies.fr/chauffage-antibes\" title=\"Chauffage Antibes\">Antibes</a> <a href=\"https://www.egs-energies.fr/chauffage-menton\" title=\"Chauffage Menton\">Menton</a> <a href=\"/equipements/chaudieres/chaudiere-gaz\" title=\"Equipement chauffage : chaudière gaz\">chaudière gaz</a> <a href=\"/equipements/energie-renouvelable/pompe-a-chaleur\" title=\"Equipement production eau chaude : chaudière gaz\">pompe à chaleur</a> <p>Quel que soit votre type d'installation et la marque de votre appareil, nous intervenons à Menton, <a href=\"https://www.egs-energies.fr/chauffage-cagnes-sur-mer\" title=\"Chauffage Cagnes Sur Mer\">Cagnes-sur-Mer</a> ou <a href=\"https://www.egs-energies.fr/chauffage-grasse\" title=\"Chauffage Grasse\">Grasse</a> dans le plus grand respect des règles de sécurité et des contraintes environnementales pour des prestations de dépannage, d'entretien et le remplacement de vos appareils au gaz.</p> <a href=\"https://www.egs-energies.fr/chauffage-cagnes-sur-mer\" title=\"Chauffage Cagnes Sur Mer\">Cagnes-sur-Mer</a> <a href=\"https://www.egs-energies.fr/chauffage-grasse\" title=\"Chauffage Grasse\">Grasse</a> <p>Des aides financières existent pour ces travaux et peuvent permettre de réduire la facture de façon importante. Elles dépendent de vos revenus et de l'équipement choisis.</p> <p><i class=\"fa fa-angle-double-right\" style=\"color: #337ab7;\"></i> <span class=\"obflink obflink-text\" data-o=\"L25vdXMtY29udGFjdGVyP3R5cGU9NA==\">Contactez-nous pour en savoir plus sur les aides de l'Etat</span></p> <i class=\"fa fa-angle-double-right\" style=\"color: #337ab7;\"></i> <span class=\"obflink obflink-text\" data-o=\"L25vdXMtY29udGFjdGVyP3R5cGU9NA==\">Contactez-nous pour en savoir plus sur les aides de l'Etat</span> <hr> <p>Quel que soient votre type d'installation et la marque de votre appareil, nous intervenons dans le plus grand respect des règles de sécurité et des contraintes environnementales pour des prestations de dépannage, d'entretien et le remplacement de vos appareils au fioul. La société EGS Energies (anciennement Electrogaz) est certifiée RGE : \"reconnu garant de l'environnement\"</p> <p><i class=\"fa fa-angle-double-right\" style=\"color: #337ab7;\"></i> <a href=\"/qui-sommes-nous/certifications-et-marques\" title=\"Certifications Electrogaz\">En savoir plus sur les certifications EGS Energies</a></p> <i class=\"fa fa-angle-double-right\" style=\"color: #337ab7;\"></i> <a href=\"/qui-sommes-nous/certifications-et-marques\" title=\"Certifications Electrogaz\">En savoir plus sur les certifications EGS Energies</a>"
    }
  ],
  "related": {
    "title": "",
    "links": []
  },
  "url": "https://www.egs-energies.fr/equipements/chaudieres/chaudiere-fioul"
}