{
  "breadcrumb": "Chaudiere gaz",
  "seo": {
    "title": "EXPERT Chaudière Gaz à Nice, Menton, Cannes | EGS Energies",
    "description": "Tout savoir sur la chaudières gaz à condensation et basse consommation sur Nice et les Alpes-Maritimes : fonctionnement, entretien, installation et prix",
    "opengraph": {
      "site_name": "EGS Energies",
      "type": "website",
      "locale": "fr_FR",
      "title": "EXPERT Chaudière Gaz à Nice, Menton, Cannes | EGS Energies",
      "description": "Tout savoir sur la chaudières gaz à condensation et basse consommation sur Nice et les Alpes-Maritimes : fonctionnement, entretien, installation et prix",
      "image": {
        "src": "https://www.egs-energies.fr/build/images/egs-energies-equipement-chaudiere.456x334.f2e175b6.jpg",
        "alt": "Technicien EGS Energies (ex-Electrogaz) intervenant sur une chaudière gaz"
      }
    }
  },
  "hero": {
    "title": "Chaudière Gaz : chauffage et production d'eau chaude sanitaire",
    "subtitle": "EGS Energies, spécialiste du chauffage au gaz dans les Alpes-Maritimes"
  },
  "intro": {
    "image": {
      "src": "https://www.egs-energies.fr/build/images/egs-energies-equipement-chaudiere.456x334.f2e175b6.jpg",
      "alt": "Technicien EGS Energies (ex-Electrogaz) intervenant sur une chaudière gaz"
    },
    "text": "<p>La chaudière gaz est une des solutions de chauffage la plus répandue dans les foyers français. Il existe aujourd'hui une large gamme de produits pour répondre aux différents usages des clients et configurations de logements : installée au sol ou murale, pour chauffer le logement uniquement ou également pour produire l'eau chaude du foyer, utilisant les dernières innovations technologiques des fabricants...</p> <p>Contrairement aux chaudières classiques (ou chaudières traditionnelles), les nouveaux modèles comme les chaudières gaz à condensation ou basse température, vous garantissent un grand confort et vous permettent de réaliser des économies d'énergie. Au moment du remplacement, les chaudières à condensation sont souvent privilégiées pour leur haute performance énergétique et leur faible consommation d'énergie (rendement et combustion du gaz optimum).</p>"
  },
  "contents": [
    {
      "title": "Crédits d'impôts pour l'installation d'une chaudière gaz",
      "text": "<p>Nos techniciens chauffagistes sont disponibles pour vous conseiller et vous orienter vers le modèle et la marque adaptée aux contraintes de votre logement et à vos besoins en chauffage et eau chaude.</p> <p>Quel que soit votre type d'installation et la marque de votre appareil, nous intervenons à <a href=\"https://www.egs-energies.fr/chauffage-cannes\" title=\"Chauffage Cannes\">Cannes</a>, <a href=\"https://www.egs-energies.fr/chauffage-nice\" title=\"Chauffage Nice\">Nice</a> ou <a href=\"https://www.egs-energies.fr/chauffage-vallauris\" title=\"Chauffage Vallauris\">Vallauris</a> dans le plus grand respect des règles de sécurité et des contraintes environnementales pour des prestations de dépannage, d'entretien et le remplacement de votre ancienne chaudière au gaz.</p> <a href=\"https://www.egs-energies.fr/chauffage-cannes\" title=\"Chauffage Cannes\">Cannes</a> <a href=\"https://www.egs-energies.fr/chauffage-nice\" title=\"Chauffage Nice\">Nice</a> <a href=\"https://www.egs-energies.fr/chauffage-vallauris\" title=\"Chauffage Vallauris\">Vallauris</a> <p>Vous souhaitez installer une chaudière au gaz ? Toutes nos équipes sont certifiées RGE : \"Reconnu garant de l'environnement\". Vous êtes ainsi éligibles aux crédits d'impôts en vigueur. <a href=\"/conseils-et-actualites/le-credit-dimpot-pour-la-transition-energetique-nouveautes-2018\">Plus d'informations sur le CITE</a>.</p> <a href=\"/conseils-et-actualites/le-credit-dimpot-pour-la-transition-energetique-nouveautes-2018\">Plus d'informations sur le CITE</a>"
    },
    {
      "title": "Entretien obligatoire des chaudières gaz",
      "text": "<p>Vous avez une chaudière au gaz dans votre logement ? Saviez-vous qu'entretenir votre installation de chauffage et plus particulièrement votre chaudière chaque année est une obligation légale ? La visite annuelle est indispensable pour garantir son fonctionnement optimal, mais aussi votre sécurité tout simplement. Cette visite de contrôle est assurée par la société EGS Energies (anciennement Electrogaz) dans les villes de <a href=\"https://www.egs-energies.fr/chauffage-monaco\" title=\"Chauffage Monaco\">Monaco</a>, <a href=\"https://www.egs-energies.fr/chauffage-saint-laurent-du-var\" title=\"Chauffage Saint Laurent Du Var\">Saint-Laurent-du-Var</a> ou encore <a href=\"https://www.egs-energies.fr/chauffage-le-cannet\" title=\"Chauffage Le Cannet\">Le Cannet</a>.</p> <a href=\"https://www.egs-energies.fr/chauffage-monaco\" title=\"Chauffage Monaco\">Monaco</a> <a href=\"https://www.egs-energies.fr/chauffage-saint-laurent-du-var\" title=\"Chauffage Saint Laurent Du Var\">Saint-Laurent-du-Var</a> <a href=\"https://www.egs-energies.fr/chauffage-le-cannet\" title=\"Chauffage Le Cannet\">Le Cannet</a> <p>Nos chauffagistes se déplacent à votre domicile pour s'assurer du bon fonctionnement de la chaudière, mesurer ses émissions, nettoyer et régler l'appareil. Nos contrats d'entretien sont des formules économiques qui peuvent inclure le déplacement, le dépannage en 24 heures, la main-d'oeuvre et les pièces de rechange.</p> <p><i class=\"fa fa-angle-double-right\" style=\"color: #337ab7;\"></i> <a href=\"/entretien/chaudiere-gaz\" title=\"offres entretien chaudieres gaz\">Découvrir toutes nos offres d'entretien pour les chaudières au gaz</a></p> <i class=\"fa fa-angle-double-right\" style=\"color: #337ab7;\"></i> <a href=\"/entretien/chaudiere-gaz\" title=\"offres entretien chaudieres gaz\">Découvrir toutes nos offres d'entretien pour les chaudières au gaz</a>"
    }
  ],
  "related": {
    "title": "",
    "links": []
  },
  "url": "https://www.egs-energies.fr/equipements/chaudieres/chaudiere-gaz"
}