{
  "breadcrumb": "Chauffe eau thermodynamique",
  "seo": {
    "title": "Chauffe-Eau Thermodynamique à Nice et Alpes-Maritimes | EGS Energies",
    "description": "Tout savoir sur les chauffe-eaux thermodynamique : un équipement plus respectueux de l'environnement avec une faible consommation électrique",
    "opengraph": {
      "site_name": "EGS Energies",
      "type": "website",
      "locale": "fr_FR",
      "title": "Chauffe-Eau Thermodynamique à Nice et Alpes-Maritimes | EGS Energies",
      "description": "Tout savoir sur les chauffe-eaux thermodynamique : un équipement plus respectueux de l'environnement avec une faible consommation électrique",
      "image": {
        "src": "https://www.egs-energies.fr/build/images/egs-energies-equipement-chauffe-eau-thermodynamique-456x334.40c8677c.jpg",
        "alt": "EGS Energies (anciennement Electrogaz) : Chauffe-Eau Thermodynamique"
      }
    }
  },
  "hero": {
    "title": "Chauffe-eau thermodynamique, un équipement économique",
    "subtitle": "Votre ballon d'eau chaude thermodynamique avec EGS Energies"
  },
  "intro": {
    "image": {
      "src": "https://www.egs-energies.fr/build/images/egs-energies-equipement-chauffe-eau-thermodynamique-456x334.40c8677c.jpg",
      "alt": "EGS Energies (anciennement Electrogaz) : Chauffe-Eau Thermodynamique"
    },
    "text": "<p>Le fonctionnement d'un chauffe-eau thermodynamique est similaire à celui d'une <a href=\"/equipements/energie-renouvelable/pompe-a-chaleur\" title=\"équipement énergie renouvelable : pompe à chaleur\">pompe à chaleur</a>. Il récupère une énergie renouvelable : les calories présentes dans l'air extérieur ou intérieur, afin de chauffer l'eau stockée dans le ballon.</p>"
  },
  "contents": [
    {
      "title": "Fonctionnement d'un chauffe-eau thermodynamique",
      "text": "<p>Le chauffe-eau thermodynamique se présente, visuellement, comme un gros ballon de stockage d'eau, sur pied. Son fonctionnement s'appuie sur l'air ambiant, comme une source d'énergie inépuisable. Les calories présentes naturellement dans l'air sont prélevées par le chauffe-eau. Elles permettent de chauffer l'eau chaude sanitaire, stockée dans le ballon.</p> <p>L'air peut être prélevé à l'intérieur de la pièce où se situe le chauffe-eau. La pièce doit disposer d'un volume libre de 20 m3 et sa température doit être maintenue entre 5° et 35°.</p> <p>Si le chauffe-eau thermodynamique est raccordé à une gaine, il peut prélever l'air à l'extérieur.</p> <p><i class=\"fa fa-angle-double-right\" style=\"color: #337ab7;\"></i> <span class=\"obflink obflink-text\" data-o=\"L25vdXMtY29udGFjdGVyP3R5cGU9NA==\">EGS Energies est votre interlocuteur pour vos questions sur les chauffe-eau thermodynamiques</span></p> <i class=\"fa fa-angle-double-right\" style=\"color: #337ab7;\"></i> <span class=\"obflink obflink-text\" data-o=\"L25vdXMtY29udGFjdGVyP3R5cGU9NA==\">EGS Energies est votre interlocuteur pour vos questions sur les chauffe-eau thermodynamiques</span>"
    },
    {
      "title": "Faible consommation électrique et économies d'énergie",
      "text": "<p>À <a href=\"https://www.egs-energies.fr/chauffage-cannes\" title=\"Chauffage Cannes\">Cannes</a>, <a href=\"https://www.egs-energies.fr/chauffage-saint-laurent-du-var\" title=\"Chauffage Saint Laurent Du Var\">Saint-Laurent-du-Var</a> et <a href=\"https://www.egs-energies.fr/chauffage-grasse\" title=\"Chauffage Grasse\">Grasse</a>, le chauffe-eau thermodynamique présente de nombreux avantages. En réutilisant les calories naturellement présentes dans l'air, le chauffe-eau thermodynamique réduit votre consommation électrique. Il reste toutefois branché à une source d'électricité mais votre facture est considérablement allégée.</p> <a href=\"https://www.egs-energies.fr/chauffage-cannes\" title=\"Chauffage Cannes\">Cannes</a> <a href=\"https://www.egs-energies.fr/chauffage-saint-laurent-du-var\" title=\"Chauffage Saint Laurent Du Var\">Saint-Laurent-du-Var</a> <a href=\"https://www.egs-energies.fr/chauffage-grasse\" title=\"Chauffage Grasse\">Grasse</a>"
    },
    {
      "title": "Un équipement plus respectueux de l'environnement",
      "text": "<p>Le chauffe-eau thermodynamique utilise une source d'énergie renouvelable. Il est donc plus respectueux de l'environnement que les installations 100% électriques. Il ne rejette aucun gaz à effet de serre. Ces spécificités lui permettent de répondre aux normes RT 2012 et il est couramment installé dans les logements neufs.</p>"
    },
    {
      "title": "Aides de l'État pour l'installation d'un chauffe-eau thermodynamique",
      "text": "<p>L'installation d'un chauffe-eau thermodynamique à <a href=\"https://www.egs-energies.fr/chauffage-vallauris\" title=\"Chauffage Vallauris\">Vallauris</a> ou <a href=\"https://www.egs-energies.fr/chauffage-le-cannet\" title=\"Chauffage Le Cannet\">Le Cannet</a> vous permet de bénéficier des aides de l'État. <span class=\"obflink obflink-text\" data-o=\"L25vdXMtY29udGFjdGVyP3R5cGU9NA==\">Renseignez-vous</span>. Attention, les travaux doivent être réalisés par un professionnel certifié RGE (Reconnu garant de l'environnement) comme EGS Energies (ex-Electrogaz).</p> <a href=\"https://www.egs-energies.fr/chauffage-vallauris\" title=\"Chauffage Vallauris\">Vallauris</a> <a href=\"https://www.egs-energies.fr/chauffage-le-cannet\" title=\"Chauffage Le Cannet\">Le Cannet</a> <span class=\"obflink obflink-text\" data-o=\"L25vdXMtY29udGFjdGVyP3R5cGU9NA==\">Renseignez-vous</span> <p><i class=\"fa fa-angle-double-right\" style=\"color: #337ab7;\"></i> <span class=\"obflink obflink-text\" data-o=\"L25vdXMtY29udGFjdGVyP3R5cGU9NA==\">Echangez avec EGS Energies sur votre projet d'installation d'un chauffe-eau thermodynamique</span></p> <i class=\"fa fa-angle-double-right\" style=\"color: #337ab7;\"></i> <span class=\"obflink obflink-text\" data-o=\"L25vdXMtY29udGFjdGVyP3R5cGU9NA==\">Echangez avec EGS Energies sur votre projet d'installation d'un chauffe-eau thermodynamique</span>"
    }
  ],
  "related": {
    "title": "",
    "links": []
  },
  "url": "https://www.egs-energies.fr/equipements/energie-renouvelable/chauffe-eau-thermodynamique"
}