{
  "breadcrumb": "Climatisation",
  "seo": {
    "title": "Climatisation à Nice et dans les Alpes-Maritimes | EGS Energies",
    "description": "Tout savoir sur les climatisations : monoblocs, splits et réversibles. EGS Energies chauffagiste certifié QUALIPAC sur Nice et dans les Alpes-Maritimes",
    "opengraph": {
      "site_name": "EGS Energies",
      "type": "website",
      "locale": "fr_FR",
      "title": "Climatisation à Nice et dans les Alpes-Maritimes | EGS Energies",
      "description": "Tout savoir sur les climatisations : monoblocs, splits et réversibles. EGS Energies chauffagiste certifié QUALIPAC sur Nice et dans les Alpes-Maritimes",
      "image": {
        "src": "https://www.egs-energies.fr/build/images/egs-energies-equipement-climatisation.456x334.dabbf137.jpg",
        "alt": "EGS Energies  (ex-Electrogaz) : Climatisation réversible"
      }
    }
  },
  "hero": {
    "title": "Climatisation, un air frais et sain toute l'année",
    "subtitle": "Votre climatisation réversible / PAC air-air avec EGS Energies"
  },
  "intro": {
    "image": {
      "src": "https://www.egs-energies.fr/build/images/egs-energies-equipement-climatisation.456x334.dabbf137.jpg",
      "alt": "EGS Energies  (ex-Electrogaz) : Climatisation réversible"
    },
    "text": "<p>La climatisation, comme un système de chauffage, est une installation chargée de modifier la température à l'intérieur de votre habitation. Grâce aux effets d'un fluide réfrigérant capable d'absorber la chaleur de l'air mis en circulation dans son unité de production, le climatiseur rafraîchit votre logement. Et vous profitez d'un logement frais et agréable toute l'année, ce qui est particulièrement appréciable l'été dans le sud de la France, notamment à <a href=\"https://www.egs-energies.fr/chauffage-nice\" title=\"Chauffage Nice\">Nice</a>, <a href=\"https://www.egs-energies.fr/chauffage-cannes\" title=\"Chauffage Cannes\">Cannes</a> ou <a href=\"https://www.egs-energies.fr/chauffage-grasse\" title=\"Chauffage Grasse\">Grasse</a>.</p>"
  },
  "contents": [
    {
      "title": "Climatisation monobloc ou split",
      "text": "<p>Il existe différents types de climatiseurs : climatiseurs monobloc (utilisables pour rafraîchir une pièce de moins de 30m2) ou climatiseurs split, constitués d'une unité extérieure, installée en dehors de l'habitation, ainsi que d'une ou de plusieurs unités à l'intérieur de votre logement.</p> <p>L'unité intérieure peut être encastrée dans un mur, un plafond ou un sous-plafond ou simplement posée au sol. Tout dépend de votre utilisation et de la configuration de votre logement.</p> <p>Attention, le <a href=\"https://www.legifrance.gouv.fr/affichTexte.do?cidTexte=JORFTEXT000022050074&amp;categorieLien=id\" title=\"Legifrance: décret 2010-349 du 31 mars 2010 et arrêté du 16 avril 2010\" target=\"_blank\" rel=\"noopener\">décret 2010-349 du 31 mars 2010 et l'arrêté du 16 avril 2010</a> imposent que ces travaux d'installation soient réalisés par un chauffagiste professionnel. Faites confiance à EGS Energies (anciennement Electrogaz) pour vous accompagner dans ce projet.</p> <a href=\"https://www.legifrance.gouv.fr/affichTexte.do?cidTexte=JORFTEXT000022050074&amp;categorieLien=id\" title=\"Legifrance: décret 2010-349 du 31 mars 2010 et arrêté du 16 avril 2010\" target=\"_blank\" rel=\"noopener\">décret 2010-349 du 31 mars 2010 et l'arrêté du 16 avril 2010</a>"
    },
    {
      "title": "Climatisation réversible",
      "text": "<p>La climatisation réversible peut rafraîchir et aussi réchauffer la température chez vous. Elle peut ainsi devenir votre solution principale de chauffage l'hiver ou en complément d'un autre appareil. Pratique, ce système vous permet de gagner de la place en vous limitant à l'installation des ventilo-convecteurs. Les nouveaux modèles, toujours plus design, se fondent parfaitement dans votre décoration.</p> <p>Nos équipes sont disponibles pour vous présenter l'étendue de la gamme de climatiseurs et vous conseiller dans les villes de <a href=\"https://www.egs-energies.fr/chauffage-monaco\" title=\"Chauffage Monaco\">Monaco</a>, <a href=\"https://www.egs-energies.fr/chauffage-menton\" title=\"Chauffage Menton\">Menton</a> et <a href=\"https://www.egs-energies.fr/chauffage-vallauris\" title=\"Chauffage Vallauris\">Vallauris</a>.</p> <a href=\"https://www.egs-energies.fr/chauffage-monaco\" title=\"Chauffage Monaco\">Monaco</a> <a href=\"https://www.egs-energies.fr/chauffage-menton\" title=\"Chauffage Menton\">Menton</a> <a href=\"https://www.egs-energies.fr/chauffage-vallauris\" title=\"Chauffage Vallauris\">Vallauris</a> <p><i class=\"fa fa-angle-double-right\" style=\"color: #337ab7;\"></i> <span class=\"obflink obflink-text\" data-o=\"L25vdXMtY29udGFjdGVyP3R5cGU9NA==\">Rencontrez les équipes d'EGS Energies </span></p> <i class=\"fa fa-angle-double-right\" style=\"color: #337ab7;\"></i> <span class=\"obflink obflink-text\" data-o=\"L25vdXMtY29udGFjdGVyP3R5cGU9NA==\">Rencontrez les équipes d'EGS Energies </span>"
    },
    {
      "title": "Entretien de la climatisation",
      "text": "<p>Comme pour une chaudière, un entretien régulier de votre système de climatisation est essentiel pour garder un air sain et un matériel avec des performances optimales. La vérification doit être réalisée au moins une fois tous les cinq ans, par un professionnel. Nous disposons des <a href=\"/qui-sommes-nous/certifications-et-marques\" title=\"Climatisation toutes nos certifications et agréments\">certifications et agréments</a> nécessaires et obligatoires pour toute intervention sur ces équipements, tels que l'attestation de capacité n°202689-R1 de manipulation des fluides frigorigènes et le Certificat QUALIPAC.</p> <a href=\"/qui-sommes-nous/certifications-et-marques\" title=\"Climatisation toutes nos certifications et agréments\">certifications et agréments</a> <p><i class=\"fa fa-angle-double-right\" style=\"color: #337ab7;\"></i> <a href=\"/entretien/climatisation-pompe-a-chaleur\" title=\"informations sur l'entretien des climatisations à nice\">Nous réalisons l'entretien de votre climatisation, cliquez ici pour en savoir plus</a></p> <i class=\"fa fa-angle-double-right\" style=\"color: #337ab7;\"></i> <a href=\"/entretien/climatisation-pompe-a-chaleur\" title=\"informations sur l'entretien des climatisations à nice\">Nous réalisons l'entretien de votre climatisation, cliquez ici pour en savoir plus</a>"
    }
  ],
  "related": {
    "title": "",
    "links": []
  },
  "url": "https://www.egs-energies.fr/equipements/climatisation"
}