{
  "breadcrumb": "Energie renouvelable",
  "seo": {
    "title": "Energies renouvelables | Nice et Alpes-Maritimes | EGS Energies",
    "description": "Energie renouvelable et équipements éco-responsable sur-mesure : pompe à chaleur, poêle à granulés, chauffe-eau solaire, chauffe-eau thermodynamique",
    "opengraph": {
      "site_name": "EGS Energies",
      "type": "website",
      "locale": "fr_FR",
      "title": "Energies renouvelables | Nice et Alpes-Maritimes | EGS Energies",
      "description": "Energie renouvelable et équipements éco-responsable sur-mesure : pompe à chaleur, poêle à granulés, chauffe-eau solaire, chauffe-eau thermodynamique",
      "image": {
        "src": "https://www.egs-energies.fr/build/images/egs-energies-equipement-energies-renouvelables-456x334.f72105c8.jpg",
        "alt": "Energies renouvelables : tous nos équipements"
      }
    }
  },
  "hero": {
    "title": "Energie renouvelable : nos solutions et équipements",
    "subtitle": ""
  },
  "intro": {
    "image": {
      "src": "https://www.egs-energies.fr/build/images/egs-energies-equipement-energies-renouvelables-456x334.f72105c8.jpg",
      "alt": "Energies renouvelables : tous nos équipements"
    },
    "text": "<p>Au-delà de la performance des équipements, de nouvelles solutions de production d'eau chaude ou de chauffage propres et économes en énergie existent à <a href=\"https://www.egs-energies.fr/chauffage-nice\" title=\"Chauffage Nice\">Nice</a>, <a href=\"https://www.egs-energies.fr/chauffage-cannes\" title=\"Chauffage Cannes\">Cannes</a> ou <a href=\"https://www.egs-energies.fr/chauffage-grasse\" title=\"Chauffage Grasse\">Grasse</a>: <a href=\"/equipements/energie-renouvelable/pompe-a-chaleur\" title=\"équipement énergie renouvelable : pompe à chaleur\">pompe à chaleur</a>, <a href=\"/equipements/energie-renouvelable/poele-a-granules\" title=\"équipement énergie renouvelable : poêle à granulés\">poêle à granulés</a>, <a href=\"/equipements/energie-renouvelable/chauffe-eau-solaire\" title=\"équipement énergie renouvelable : chauffe-eau solaire\">chauffe-eau solaire</a> ou encore <a href=\"/equipements/energie-renouvelable/chauffe-eau-thermodynamique\" title=\"équipement énergie renouvelable : chauffe-eau thermodynamique\">chauffe-eau thermodynamique</a>.</p>"
  },
  "contents": [
    {
      "title": "Chauffage à énergie renouvelable et crédits d'impôts",
      "text": "<p>En remplacement de votre installation actuelle ou en combinaison avec d'autres systèmes, ces appareils constituent une opportunité pour diminuer efficacement votre facture énergétique. De plus, vous pouvez, sous certaines conditions, bénéficier d'aides financières.</p> <p>Nous disposons des <a href=\"/qui-sommes-nous/certifications-et-marques\" title=\"Certifications et agréments d'Electrogaz\">certifications et agréments</a> nécessaires et obligatoires pour toute intervention sur ces équipements, tels que l'attestation de capacité n°202689-R1 de manipulation des fluides frigorigènes, Certificat QUALIPAC QPAC/21809 et le label RGE (Reconnu garant de l'environnement)</p> <a href=\"/qui-sommes-nous/certifications-et-marques\" title=\"Certifications et agréments d'Electrogaz\">certifications et agréments</a> <p><i class=\"fa fa-angle-double-right\" style=\"color: #337ab7;\"></i> <span class=\"obflink obflink-text\" data-o=\"L25vdXMtY29udGFjdGVyP3R5cGU9NA==\">En savoir plus sur les crédits d'impôts en vigueur</span></p> <i class=\"fa fa-angle-double-right\" style=\"color: #337ab7;\"></i> <span class=\"obflink obflink-text\" data-o=\"L25vdXMtY29udGFjdGVyP3R5cGU9NA==\">En savoir plus sur les crédits d'impôts en vigueur</span>"
    },
    {
      "title": "Nos offres de chauffage éco-responsable sur-mesure",
      "text": "<p>Nous sommes à votre disposition pour étudier avec vous la meilleure solution éco-efficace pour votre logement. EGS Energies (ex-Electrogaz) se déplace à votre domicile pour étudier les spécificités de votre habitation et les contraintes à prendre en compte. Nous nous appuyons sur nos liens avec les marques leaders pour vous proposer des offres compétitives, dans votre budget.</p> <p><i class=\"fa fa-angle-double-right\" style=\"color: #337ab7;\"></i> <span class=\"obflink obflink-text\" data-o=\"L25vdXMtY29udGFjdGVyP3R5cGU9NA==\">Prenez rendez-vous avec EGS Energies via notre formulaire de contact</span></p> <i class=\"fa fa-angle-double-right\" style=\"color: #337ab7;\"></i> <span class=\"obflink obflink-text\" data-o=\"L25vdXMtY29udGFjdGVyP3R5cGU9NA==\">Prenez rendez-vous avec EGS Energies via notre formulaire de contact</span>"
    },
    {
      "title": "Pompe à chaleur ou PAC",
      "text": "<p>Elle capte les calories de l'air, de l'eau ou du sol et les transfère à l'intérieur des logements située à <a href=\"https://www.egs-energies.fr/chauffage-vallauris\" title=\"Chauffage Vallauris\">Vallauris</a>, <a href=\"https://www.egs-energies.fr/chauffage-le-cannet\" title=\"Chauffage Le Cannet\">Le Cannet</a> ou encore <a href=\"https://www.egs-energies.fr/chauffage-cagnes-sur-mer\" title=\"Chauffage Cagnes Sur Mer\">Cagnes-sur-Mer</a>. Elle utilise des énergies renouvelables et vous permet ainsi de réduire votre consommation d'énergie de chauffage et d'eau chaude. Les pompes à chaleur Air / eau ou air / air permettent également de rafraîchir le logement pendant l'été, ce qui est très appréciable dans les Alpes-Maritimes où les températures estivales sont hautes.</p> <a href=\"https://www.egs-energies.fr/chauffage-vallauris\" title=\"Chauffage Vallauris\">Vallauris</a> <a href=\"https://www.egs-energies.fr/chauffage-le-cannet\" title=\"Chauffage Le Cannet\">Le Cannet</a> <a href=\"https://www.egs-energies.fr/chauffage-cagnes-sur-mer\" title=\"Chauffage Cagnes Sur Mer\">Cagnes-sur-Mer</a> <p><i class=\"fa fa-angle-double-right\" style=\"color: #337ab7;\"></i> <a href=\"/equipements/energie-renouvelable/pompe-a-chaleur\" title=\"Plus d'informations sur les PAC\">Plus d'informations sur les pompes à chaleur</a></p> <i class=\"fa fa-angle-double-right\" style=\"color: #337ab7;\"></i> <a href=\"/equipements/energie-renouvelable/pompe-a-chaleur\" title=\"Plus d'informations sur les PAC\">Plus d'informations sur les pompes à chaleur</a>"
    },
    {
      "title": "Poêle à granulés",
      "text": "<p>Pour profiter d'une chaleur à la fois douce et enveloppante dans votre logement, le poêle à bois est une solution intéressante. Cet appareil est également un système de chauffage économique grâce à sa faible consommation et son fort rendement.</p> <p><i class=\"fa fa-angle-double-right\" style=\"color: #337ab7;\"></i> <a href=\"/equipements/energie-renouvelable/poele-a-granules\" title=\"Tout sur le fonctionnement du poêle à granulés\">En savoir plus sur le fonctionnement des poêles à granulés</a></p> <i class=\"fa fa-angle-double-right\" style=\"color: #337ab7;\"></i> <a href=\"/equipements/energie-renouvelable/poele-a-granules\" title=\"Tout sur le fonctionnement du poêle à granulés\">En savoir plus sur le fonctionnement des poêles à granulés</a>"
    },
    {
      "title": "Chauffe-eau solaire",
      "text": "<p>L'énergie solaire est non polluante, économique, facilement disponible et renouvelable. Un moyen simple et fiable permet d'en tirer profit : le chauffe-eau solaire individuel, particulièrement adapté aux Alpes-Maritimes, une région très ensoleillée. Il vous permettra de réaliser de belles économies d'énergie.</p> <p><i class=\"fa fa-angle-double-right\" style=\"color: #337ab7;\"></i> <a href=\"/equipements/energie-renouvelable/chauffe-eau-solaire\" title=\"Tout sur le fonctionnement du chauffe-eau solaire\">En savoir plus sur les chauffe-eaux solaire</a></p> <i class=\"fa fa-angle-double-right\" style=\"color: #337ab7;\"></i> <a href=\"/equipements/energie-renouvelable/chauffe-eau-solaire\" title=\"Tout sur le fonctionnement du chauffe-eau solaire\">En savoir plus sur les chauffe-eaux solaire</a>"
    },
    {
      "title": "Chauffe-eau thermodynamique",
      "text": "<p>C'est l'association d'un accumulateur d'eau et d'une pompe à chaleur qui va puiser la chaleur de l'air chaud ambiant ou extérieur. Le chauffe-eau thermodynamique est le plus souvent accompagné d'un système chauffant électrique d'appoint et d'une régulation. Basé sur un principe simple et éprouvé, il est très performant.</p> <p><i class=\"fa fa-angle-double-right\" style=\"color: #337ab7;\"></i> <a href=\"/equipements/energie-renouvelable/chauffe-eau-thermodynamique\" title=\"Tout sur le fonctionnement du chauffe-eau thermodynamique\">En savoir plus sur les chauffe-eaux thermodynamique</a></p> <i class=\"fa fa-angle-double-right\" style=\"color: #337ab7;\"></i> <a href=\"/equipements/energie-renouvelable/chauffe-eau-thermodynamique\" title=\"Tout sur le fonctionnement du chauffe-eau thermodynamique\">En savoir plus sur les chauffe-eaux thermodynamique</a>"
    }
  ],
  "related": {
    "title": "",
    "links": []
  },
  "url": "https://www.egs-energies.fr/equipements/energie-renouvelable"
}