{
  "breadcrumb": "Panneaux photovoltaiques",
  "seo": {
    "title": "Panneaux solaires autour de Nice dès 3 kW | EGS Energies",
    "description": "Vos panneaux solaires photovoltaïques autour de Nice, Menton, Grasse, Cannes, Vallauris, Monaco : nos kits photovoltaïques performants avec EGS Energies dans les Alpes-Maritimes.",
    "opengraph": {
      "site_name": "EGS Energies",
      "type": "website",
      "locale": "fr_FR",
      "title": "Panneaux solaires autour de Nice dès 3 kW | EGS Energies",
      "description": "Vos panneaux solaires photovoltaïques autour de Nice, Menton, Grasse, Cannes, Vallauris, Monaco : nos kits photovoltaïques performants avec EGS Energies dans les Alpes-Maritimes.",
      "image": {
        "src": "https://www.egs-energies.fr/build/images/egs-energies-equipement-panneaux-photovoltaiques.456x334.b5ea50bc.jpg",
        "alt": "Panneaux solaires autour de Nice : quelle solution choisir avec EGS Energies"
      }
    }
  },
  "hero": {
    "title": "Panneaux solaires autour de Nice dès 3 kW : la gamme Sol&moi",
    "subtitle": "Kits photovoltaïques haute qualité dans les Alpes-Maritimes avec EGS Energies"
  },
  "intro": {
    "image": {
      "src": "https://www.egs-energies.fr/build/images/egs-energies-equipement-panneaux-photovoltaiques.456x334.b5ea50bc.jpg",
      "alt": "Panneaux solaires autour de Nice : quelle solution choisir avec EGS Energies"
    },
    "text": "<p>Vous souhaitez faire poser des panneaux solaires à <a href=\"https://www.egs-energies.fr/chauffage-nice\" title=\"Chauffage Nice\">Nice</a>, <a href=\"https://www.egs-energies.fr/chauffage-menton\" title=\"Chauffage Menton\">Menton</a>, <a href=\"https://www.egs-energies.fr/chauffage-grasse\" title=\"Chauffage Grasse\">Grasse</a>, <a href=\"https://www.egs-energies.fr/chauffage-cannes\" title=\"Chauffage Cannes\">Cannes</a>, <a href=\"https://www.egs-energies.fr/chauffage-antibes\" title=\"Chauffage Antibes\">Antibes</a> et alentour ? Vous ne savez pas quel type de panneau et quelles technologies choisir ? Panneaux monocristallins, panneaux à hétérojonction, structure bi-verre bifaciale : il peut sembler difficile de faire le meilleur choix pour sa maison.</p> <p>EGS Energies, expert photovoltaïque certifié RGE QualiPV, vous accompagne pour sélectionner les meilleurs panneaux en fonction de vos besoins en électricité dans les Alpes-Maritimes.</p>"
  },
  "contents": [
    {
      "title": "L'autoconsommation solaire en pleine expansion dans le 06",
      "text": "<p>Il faut dire que l'autoconsommation individuelle a le vent en poupe. De plus en plus de Français cherchent à produire leur propre électricité. Économies sur leur factures d'énergie, valorisation de leur patrimoine, indépendance énergétique, les arguments ne manquent pas.</p> <p>Notre beau département comptait, au 1er juillet 2024 plus de 6300 installations solaires en autoconsommation individuelle, contre 4995 au 1er janvier 2024. Ces installations représentent une puissance de 34 MW installés <a href=\"../../conseils-et-actualites/photovoltaique-dans-les-alpes-maritimes-les-chiffres-cles\">sur notre territoire</a>.</p> <a href=\"../../conseils-et-actualites/photovoltaique-dans-les-alpes-maritimes-les-chiffres-cles\">sur notre territoire</a>"
    },
    {
      "title": "Comment fonctionne un panneau solaire photovoltaïque ?",
      "text": "<p>À la différence des panneaux solaires thermiques qui produisent de la chaleur, les panneaux photovoltaïques produisent de l'électricité. Leurs cellules sont composées d'un matériau semi-conducteur : le silicium. Lorsque des photons, les particules de lumière, atteignent la surface d'une cellule, ils libèrent des électrons emprisonnés dans le silicium.</p> <p>Ce phénomène se produit entre deux couches distinctes de silicium, dont l'une possède un excès d'électrons tandis que l'autre en manque. Ce déséquilibre pousse les électrons à se déplacer, générant ainsi un flux d'électricité continu. Cette électricité, une fois convertie en courant alternatif par un onduleur, peut alimenter les appareils domestiques ou être injectée dans le réseau électrique.</p>"
    },
    {
      "title": "Panneaux photovoltaïques : les technologies disponibles dans la gamme Sol&moi",
      "text": "<p>Les panneaux solaires monocristallins de notre gamme Sol&amp;moi sont fabriqués à partir de silicium monocristallin de haute pureté. Pour vous fournir du matériel de qualité, nous travaillons notamment avec deux marques françaises : <strong>DualSun </strong>et <strong>MyLight150</strong>.</p> <strong>DualSun </strong> <strong>MyLight150</strong> <p>La gamme de kits solaires Sol&amp;moi se découpe en trois offres, à partir de 6990€ TTC :</p> <ul><li>Sol&amp;Go, une offre simple mais efficace pour passer au photovoltaïque et faire des économies</li><li>Sol&amp;Zen, un peu plus poussée, intègre un suivi post-installation avec nos experts</li><li>Sol&amp;Plus, l'offre la plus complète embarque des panneaux à hétérojonction ainsi que du stockage virtuel</li></ul> <li>Sol&amp;Go, une offre simple mais efficace pour passer au photovoltaïque et faire des économies</li> <li>Sol&amp;Zen, un peu plus poussée, intègre un suivi post-installation avec nos experts</li> <li>Sol&amp;Plus, l'offre la plus complète embarque des panneaux à hétérojonction ainsi que du stockage virtuel</li> <h3>Les panneaux monocristallins</h3> <p>Tous les panneaux de nos offres Sol&amp;Go, Sol&amp;Zen et Sol&amp;Plus sont monocristallins. Les panneaux monocristallins de la gamme <strong>Sol&amp;Moi</strong> se démarquent par leur rendement exceptionnel, pouvant atteindre plus de 22 %. Composés de cellules de silicium pur, ces panneaux captent efficacement la lumière même dans des conditions d'ensoleillement modéré et de basse luminosité.</p> <strong>Sol&amp;Moi</strong> <p>Leur teinte sombre et uniforme permet une intégration harmonieuse avec l'architecture des maisons de la Côte d’Azur.</p> <h3>Les panneaux bifaciaux de nos kits Sol&amp;Go et Sol&amp;Zen</h3> <p>Les panneaux bifaciaux, également proposés dans la gamme <strong>Sol&amp;Moi</strong>, représentent une avancée technologique majeure. Contrairement aux panneaux traditionnels, ces modèles captent la lumière sur leurs deux faces, avant et arrière.</p> <strong>Sol&amp;Moi</strong> <p>Cette technologie se révèle particulièrement efficace dans les zones bénéficiant d'une forte réflexion lumineuse, comme les murs clairs ou les sols réfléchissants typiques des maisons méditerranéennes. Avec nos panneaux bifaciaux, vous pouvez profiter d’un gain de production allant jusqu’à 10 %, de quoi maximiser le rendement global de votre installation solaire.</p> <h3>Les panneaux à hétérojonction de l'offre Sol&amp;Plus</h3> <p>La gamme <strong>Sol&amp;Moi</strong> propose des panneaux à hétérojonction, une technologie innovante qui combine les avantages du silicium monocristallin et du silicium amorphe. Ces panneaux captent un <strong>spectre lumineux plus large</strong>, ce qui leur permet de maintenir un haut niveau de performance même par ciel couvert ou en cas de faible luminosité, y compris pendant les mois d'hiver. Grâce à leur <strong>conception bifaciale</strong>, ces panneaux captent la lumière sur les deux faces, augmentant ainsi la production d’énergie jusqu’à 30 %.</p> <strong>Sol&amp;Moi</strong> <strong>spectre lumineux plus large</strong> <strong>conception bifaciale</strong>"
    },
    {
      "title": "Les kits photovoltaïques Sol&Go, Sol&Zen et Sol&plus en détails",
      "text": "<p>En plus des technologies de panneaux solaires proposées dans la gamme <strong>Sol&amp;moi</strong>, plusieurs options et fonctionnalités avancées sont disponibles pour optimiser votr<strong>e installation solaire et maximiser votre autoconsommation</strong>. Ces options, intégrées dans les offres Sol&amp;Go, Sol&amp;Zen et Sol&amp;Plus, répondent aux besoins spécifiques des foyers situés autour de Cannes, Menton et Nice.</p> <strong>Sol&amp;moi</strong> <strong>e installation solaire et maximiser votre autoconsommation</strong> <h3>Sol&amp;Go : une solution clé en main</h3> <p>L'offre Sol&amp;Go représente une solution complète et accessible pour ceux qui souhaitent passer à l'autoconsommation solaire.&nbsp;</p> <p>Pour assurer un démarrage sans accroc, cette offre comprend une étude solaire personnalisée pour évaluer précisément le potentiel de votre toit. Une application dédiée vous permet de suivre la production de votre installation en temps réel.</p> <p>De plus, nous vous accompagnons dans toutes les démarches administratives nécessaires (mairie, Enedis, Consuel), et la pose est effectuée par un professionnel qualifié RGE, garantissant une installation conforme aux normes en vigueur. Cette solution est disponible pour des puissances allant <strong>de 3 kWc à 12 kWc</strong>, selon les besoins énergétiques de votre foyer. Batterie virtuelle en option.</p> <strong>de 3 kWc à 12 kWc</strong> <h3>Sol&amp;Zen : une optimisation poussée de votre consommation</h3> <p>L'offre Sol&amp;Zen va plus loin en intégrant non seulement des solutions d'optimisation de la consommation énergétique. Cette offre s'adresse aux utilisateurs désireux de maximiser leur autoconsommation tout en bénéficiant d'une solution robuste et performante.</p> <p>Sol&amp;Zen inclut aussi un suivi post-installation durant la première année. Ce suivi comprend l'analyse de la production, des conseils d'optimisation et une assistance dans les démarches administratives continues. Cette offre est aussi disponible pour des installations de 3 kWc à 12 kWc.&nbsp;<span style=\"color: #626262;\">Batterie virtuelle en option.</span></p> <span style=\"color: #626262;\">Batterie virtuelle en option.</span> <h3>Sol&amp;Plus : une solution avancée avec stockage virtuel</h3> <p>Pour ceux qui recherchent le nec plus ultra en matière de technologie solaire, l'offre <strong>Sol&amp;Plus</strong> embarque des panneaux <strong>à cellules à hétérojonction MyLight</strong>. L'un des autres atouts majeurs de cette offre est l'intégration d'une solution de stockage virtuel via le système <strong>MySmartBattery</strong>.</p> <strong>Sol&amp;Plus</strong> <strong>à cellules à hétérojonction MyLight</strong> <strong>MySmartBattery</strong> <p>Ce système vous permet de \"stocker\" virtuellement l'électricité excédentaire produite par vos panneaux pour la consommer ultérieurement, par exemple la nuit ou en hiver. Ainsi, vous pouvez consommer jusqu'à 100% de l'électricité que vous produisez, réduisant encore davantage votre dépendance au réseau électrique.</p> <p>En plus de l'application de suivi de la production, cette offre inclut également un suivi post-installation complet, avec analyse et optimisation de votre consommation. <strong>Sol&amp;Plus</strong> est disponible pour des installations à partir de 3 kWc.</p> <strong>Sol&amp;Plus</strong> <p><i></i> <a href=\"https://www.egs-energies.fr/installation/panneaux-photovoltaiques\" title=\"EGS Energies, installateur photovoltaïque à Nice, Vallauris, Menton et Saint-Laurent-du-Var\">L'installation de votre kit solaire photovoltaïque par EGS Energies dans les Alpes-Maritimes</a></p> <i></i> <a href=\"https://www.egs-energies.fr/installation/panneaux-photovoltaiques\" title=\"EGS Energies, installateur photovoltaïque à Nice, Vallauris, Menton et Saint-Laurent-du-Var\">L'installation de votre kit solaire photovoltaïque par EGS Energies dans les Alpes-Maritimes</a>"
    },
    {
      "title": "Kit solaire photovoltaïque à Nice, combien ça coûte ?",
      "text": "<p>Les tarifs de nos kits photovoltaïques varient selon la puissance, le nombre de panneaux à installer sur votre toiture et vos options. Notre offre de base Sol&amp;Go d’une puissance de 3 kWc est disponible dès 6990€.</p>"
    }
  ],
  "related": {
    "title": "",
    "links": []
  },
  "url": "https://www.egs-energies.fr/equipements/panneaux-photovoltaiques"
}