{
  "breadcrumb": "Poele a granules",
  "seo": {
    "title": "Poêles à Granulés à Nice et Alpes-Maritimes | EGS Energies",
    "description": "Poêle à granulés : fonctionnement, entretien, installation et prix. EGS Energies, l'expert des énergies renouvelables à Nice et les Alpes-Maritimes",
    "opengraph": {
      "site_name": "EGS Energies",
      "type": "website",
      "locale": "fr_FR",
      "title": "Poêles à Granulés à Nice et Alpes-Maritimes | EGS Energies",
      "description": "Poêle à granulés : fonctionnement, entretien, installation et prix. EGS Energies, l'expert des énergies renouvelables à Nice et les Alpes-Maritimes",
      "image": {
        "src": "https://www.egs-energies.fr/build/images/egs-energies-equipement-poele-a-granules-456x334.01e7d997.jpg",
        "alt": "EGS Energies (Electrogaz) : poêle à granulés"
      }
    }
  },
  "hero": {
    "title": "Poêle à granulés, un chauffage d'appoint pratique et économique",
    "subtitle": ""
  },
  "intro": {
    "image": {
      "src": "https://www.egs-energies.fr/build/images/egs-energies-equipement-poele-a-granules-456x334.01e7d997.jpg",
      "alt": "EGS Energies (Electrogaz) : poêle à granulés"
    },
    "text": "<p>Le poêle à granulés utilise, comme source de combustion, les granulés de bois. Ce système de chauffage est plébiscité à <a href=\"https://www.egs-energies.fr/chauffage-nice\" title=\"Chauffage Nice\">Nice</a>, <a href=\"https://www.egs-energies.fr/chauffage-cannes\" title=\"Chauffage Cannes\">Cannes</a> et <a href=\"https://www.egs-energies.fr/chauffage-saint-laurent-du-var\" title=\"Chauffage Saint Laurent Du Var\">Saint-Laurent-du-Var</a> en raison de sa praticité puisqu'il s'allume, s'éteint et s'alimente en granulés de bois de façon automatique. Son autonomie est grande, et varie entre 12 et 72 heures, en fonction de la taille du réservoir à granulés.</p> <p>Enfin, le bois faisant partie des combustibles les moins coûteux, l'utilisation d'un poêle à granulés vous permet de réduire vos dépenses énergétiques.</p>"
  },
  "contents": [
    {
      "title": "Comment fonctionne un poêle à granulés ?",
      "text": "<p>Le poêle à granulés brûle des pellets de bois, constitués de sciures et de copeaux, pour produire de la chaleur. En fonction des modèles, la chaleur dégagée peut être amplifié par la présence d'un ventilateur – modèles à convection forcée. Les poêles à granulés canalisables permettent même d'acheminer la chaleur vers d'autres pièces via une gaine.</p> <p>Cet équipement est raccordé à l'électricité et s'installe dans une pièce centrale. Il doit être relié à un conduit d'évacuation des fumées et le système de ventilation de la pièce doit être adapté à l'utilisation d'un poêle.</p>"
    },
    {
      "title": "Comment choisir un poêle à granulés ?",
      "text": "<p>Plusieurs critères entrent en compte, à commencer par les besoins en chauffage. Le poêle à granulés est considéré comme un chauffage d'appoint et ne peut pas suffire à chauffer l'intégralité d'une maison. La taille de la pièce est aussi déterminante et conditionne la puissance du poêle à granulés.</p> <p>Le design du poêle à granulés a également son importance. Les modèles sont de plus en plus esthétiques et apportent du cachet à votre intérieur.</p> <p><i class=\"fa fa-angle-double-right\" style=\"color: #337ab7;\"></i> <span class=\"obflink obflink-text\" data-o=\"L25vdXMtY29udGFjdGVyP3R5cGU9NA==\">EGS Energies vous conseille pour choisir le poêle à granulés adapté à votre logement</span></p> <i class=\"fa fa-angle-double-right\" style=\"color: #337ab7;\"></i> <span class=\"obflink obflink-text\" data-o=\"L25vdXMtY29udGFjdGVyP3R5cGU9NA==\">EGS Energies vous conseille pour choisir le poêle à granulés adapté à votre logement</span>"
    },
    {
      "title": "Poêle à granulés et crédits d'impôts",
      "text": "<p>L'installation d'un poêle à granulés à <a href=\"https://www.egs-energies.fr/chauffage-menton\" title=\"Chauffage Menton\">Menton</a>, <a href=\"https://www.egs-energies.fr/chauffage-monaco\" title=\"Chauffage Monaco\">Monaco</a> ou <a href=\"https://www.egs-energies.fr/chauffage-vallauris\" title=\"Chauffage Vallauris\">Vallauris</a> peut vous permettre de bénéficier de plusieurs aides. A commencer pour le crédit d'impôts CITE. L'éco-PTZ est également proposé ainsi que les aides de l'Anah en fonction de vos revenus.</p> <a href=\"https://www.egs-energies.fr/chauffage-menton\" title=\"Chauffage Menton\">Menton</a> <a href=\"https://www.egs-energies.fr/chauffage-monaco\" title=\"Chauffage Monaco\">Monaco</a> <a href=\"https://www.egs-energies.fr/chauffage-vallauris\" title=\"Chauffage Vallauris\">Vallauris</a> <p><i class=\"fa fa-angle-double-right\" style=\"color: #337ab7;\"></i> <span class=\"obflink obflink-text\" data-o=\"L25vdXMtY29udGFjdGVyP3R5cGU9NA==\">En savoir plus sur les aides et les crédits d'impôts proposés</span></p> <i class=\"fa fa-angle-double-right\" style=\"color: #337ab7;\"></i> <span class=\"obflink obflink-text\" data-o=\"L25vdXMtY29udGFjdGVyP3R5cGU9NA==\">En savoir plus sur les aides et les crédits d'impôts proposés</span> <p>Attention, pour être éligible à ces aides, votre équipement doit être installé par un professionnel certifié RGE (reconnu garant de l'environnement), comme EGS Energies, anciennement Electrogaz.</p> <p><i class=\"fa fa-angle-double-right\" style=\"color: #337ab7;\"></i> <span class=\"obflink obflink-text\" data-o=\"L25vdXMtY29udGFjdGVyP3R5cGU9NA==\">Installez votre poêle à granulés avec EGS Energies</span></p> <i class=\"fa fa-angle-double-right\" style=\"color: #337ab7;\"></i> <span class=\"obflink obflink-text\" data-o=\"L25vdXMtY29udGFjdGVyP3R5cGU9NA==\">Installez votre poêle à granulés avec EGS Energies</span>"
    }
  ],
  "related": {
    "title": "",
    "links": []
  },
  "url": "https://www.egs-energies.fr/equipements/energie-renouvelable/poele-a-granules"
}