{
  "breadcrumb": "Ventilation mecanique controlee",
  "seo": {
    "title": "Ventilation Mécanique Controlée (VMC) à Nice | EGS Energies",
    "description": "Tout savoir sur les Ventilation Mécanique Contrôlée (VMC) Gaz : simple et double flux. Nous intervenons à Nice, Cannes, Grasse et dans les Alpes-Maritimes",
    "opengraph": {
      "site_name": "EGS Energies",
      "type": "website",
      "locale": "fr_FR",
      "title": "Ventilation Mécanique Controlée (VMC) à Nice | EGS Energies",
      "description": "Tout savoir sur les Ventilation Mécanique Contrôlée (VMC) Gaz : simple et double flux. Nous intervenons à Nice, Cannes, Grasse et dans les Alpes-Maritimes",
      "image": {
        "src": "https://www.egs-energies.fr/build/images/egs-energies-equipement-ventilation.456x334.0046b71b.jpg",
        "alt": "EGS Energies (ex-Electrogaz) : Ventilation Mécanique Contrôlée (VMC)"
      }
    }
  },
  "hero": {
    "title": "Ventilation Mécanique Contrôlée (VMC) simple et double flux",
    "subtitle": ""
  },
  "intro": {
    "image": {
      "src": "https://www.egs-energies.fr/build/images/egs-energies-equipement-ventilation.456x334.0046b71b.jpg",
      "alt": "EGS Energies (ex-Electrogaz) : Ventilation Mécanique Contrôlée (VMC)"
    },
    "text": "<p>Pour limiter les dépenses de chauffage et augmenter le confort à <a href=\"https://www.egs-energies.fr/chauffage-grasse\" title=\"Chauffage Grasse\">Grasse</a> ou <a href=\"https://www.egs-energies.fr/chauffage-cagnes-sur-mer\" title=\"Chauffage Cagnes Sur Mer\">Cagnes-sur-Mer</a>, l'isolation thermique est de plus en plus performante. La ventilation est de fait une nécessité absolue dans ces habitations très isolées et bien chauffées. Bien entretenue, la ventilation permet de renouveler l'air intérieur et garantit le bien être dans les logements.</p> <p>Elle évacue en effet les nombreux polluants qui peuvent s'accumuler et dont certains, comme le monoxyde de carbone, sont extrêmement dangereux. Elle contrôle l'excès d'humidité, responsable de l'apparition de moisissures et de dégradations du bâti. Elle fournit l'oxygène nécessaire à notre vie et au bon fonctionnement des appareils de chauffage à combustion.</p>"
  },
  "contents": [
    {
      "title": "Fonctionnement d'une ventilation mécanique contrôlée",
      "text": "<p>Elle permet le balayage de votre logement grâce à un dispositif mécanique qui doit fonctionner sans interruption : des amenées d'air sont placées dans les pièces principales telles que le séjour et les chambres. L'air transite des pièces principales vers les pièces techniques en passant sous les portes intérieures détalonnées. Les bouches d'extraction sont installées dans les pièces de service telles que la cuisine, salle de bains et WC.</p> <p>Pour la cuisine, une bouche à débit variable actionnable manuellement est à prévoir. Ces bouches d'extraction sont raccordées, par un réseau de conduits à un extracteur mécanique. Ainsi l'air neuf balaie l'ensemble du logement et se charge des pollutions intérieures pour les rejeter à l'extérieur de l'habitat. L'extracteur assure une évacuation continue et permanente.</p> <p>Nos équipes à l'écoute de vos besoins sauront vous conseiller et intervenir pour optimiser la ventilation de votre logement situé à <a href=\"https://www.egs-energies.fr/chauffage-monaco\" title=\"Chauffage Monaco\">Monaco</a>, <a href=\"https://www.egs-energies.fr/chauffage-saint-laurent-du-var\" title=\"Chauffage Saint Laurent Du Var\">Saint-Laurent-du-Var</a> ou <a href=\"https://www.egs-energies.fr/chauffage-cannes\" title=\"Chauffage Cannes\">Cannes</a>.</p> <a href=\"https://www.egs-energies.fr/chauffage-monaco\" title=\"Chauffage Monaco\">Monaco</a> <a href=\"https://www.egs-energies.fr/chauffage-saint-laurent-du-var\" title=\"Chauffage Saint Laurent Du Var\">Saint-Laurent-du-Var</a> <a href=\"https://www.egs-energies.fr/chauffage-cannes\" title=\"Chauffage Cannes\">Cannes</a> <p><i class=\"fa fa-angle-double-right\" style=\"color: #337ab7;\"></i> <span class=\"obflink obflink-text\" data-o=\"L25vdXMtY29udGFjdGVyP3R5cGU9NA==\">Contacter les équipes d'EGS Energies</span></p> <i class=\"fa fa-angle-double-right\" style=\"color: #337ab7;\"></i> <span class=\"obflink obflink-text\" data-o=\"L25vdXMtY29udGFjdGVyP3R5cGU9NA==\">Contacter les équipes d'EGS Energies</span>"
    },
    {
      "title": "L'entretien de la VMC Gaz",
      "text": "<p>La VMC gaz évacue l'air vicié du logement et les produits de combustion d'une <a href=\"/equipements/chaudieres\" title=\"Equipement de chauffage : chaudière gaz\">chaudière</a> ou d'un <a href=\"/equipements/chauffe-eau\" title=\"Equipement production eau chaude\">chauffe-eau</a> à gaz. <a href=\"https://www.legifrance.gouv.fr/affichTexte.do?cidTexte=LEGITEXT000006074174\" title=\"Legifrance: arrêté ministériel du 25 avril 1985\" target=\"_blank\" rel=\"noopener\">L'arrêté Ministériel du 25 avril 1985</a> modifié par <a href=\"https://www.legifrance.gouv.fr/affichTexte.do?cidTexte=JORFTEXT000000505699&amp;dateTexte=20091205\" title=\"Legifrance: arrêté Ministériel du 30 mai 1989\" target=\"_blank\" rel=\"noopener\">l'Arrêté Ministériel du 30 mai 1989</a> rend obligatoire l'entretien des installations de Ventilation Mécanique Contrôlé Gaz et en définit très précisément les opérations :</p> <a href=\"/equipements/chaudieres\" title=\"Equipement de chauffage : chaudière gaz\">chaudière</a> <a href=\"/equipements/chauffe-eau\" title=\"Equipement production eau chaude\">chauffe-eau</a> <a href=\"https://www.legifrance.gouv.fr/affichTexte.do?cidTexte=LEGITEXT000006074174\" title=\"Legifrance: arrêté ministériel du 25 avril 1985\" target=\"_blank\" rel=\"noopener\">L'arrêté Ministériel du 25 avril 1985</a> <a href=\"https://www.legifrance.gouv.fr/affichTexte.do?cidTexte=JORFTEXT000000505699&amp;dateTexte=20091205\" title=\"Legifrance: arrêté Ministériel du 30 mai 1989\" target=\"_blank\" rel=\"noopener\">l'Arrêté Ministériel du 30 mai 1989</a> <p><span class=\"bold\"><b>+ Tous les ans au moins :</b></span> l'entretien du caisson d'extraction (ventilateur, courroie, paliers...), le contrôle de vacuité des conduits aérauliques, l'entretien des bouches d'extraction, la vérification de la conformité et le contrôle du bon fonctionnement du détecteur de défaut [...].&lt;/&gt;</p> <span class=\"bold\"><b>+ Tous les ans au moins :</b></span> <b>+ Tous les ans au moins :</b> <p><span class=\"bold\"><b>+ Tous les cinq ans au moins :</b></span> le contrôle et l'équilibrage de l'ensemble de l'installation, le contrôle exhaustif du bon fonctionnement du dispositif de sécurité collective sur chaque appareil raccordé [...].</p> <span class=\"bold\"><b>+ Tous les cinq ans au moins :</b></span> <b>+ Tous les cinq ans au moins :</b> <p>Nos contrats d'entretien VMC gaz respectent en tous points les modalités opératoires décrites dans ces textes de loi.</p> <p>Particulier ou Professionnel, <span class=\"obflink obflink-text\" data-o=\"L25vdXMtY29udGFjdGVyP3R5cGU9NA==\">contactez-nous</span>, nous sommes là pour vous conseiller et intervenir sur vos installations de VMC.</p> <span class=\"obflink obflink-text\" data-o=\"L25vdXMtY29udGFjdGVyP3R5cGU9NA==\">contactez-nous</span>"
    }
  ],
  "related": {
    "title": "",
    "links": []
  },
  "url": "https://www.egs-energies.fr/equipements/ventilation-mecanique-controlee"
}