{
  "breadcrumb": "Chauffe eau thermodynamique",
  "seo": {
    "title": "Chauffe-eau thermodynamique | SBF Energies",
    "description": "Nos chauffes eau thermodynamiques sont à la fois performants et économiques en terme d'énergie. Faites appel à notre équipe d'experts pour vous équiper !",
    "opengraph": {
      "site_name": "SBF Energies",
      "type": "website",
      "locale": "fr_FR",
      "title": "Chauffe-eau thermodynamique | SBF Energies",
      "description": "Nos chauffes eau thermodynamiques sont à la fois performants et économiques en terme d'énergie. Faites appel à notre équipe d'experts pour vous équiper !",
      "image": {
        "src": "https://www.sbf-energies.com/build/images/sbf-energies-equipement-chauffe-eau-456x334.533a5c87.jpg",
        "alt": "chauffe eau thermodynamique Thermor"
      }
    }
  },
  "hero": {
    "title": "Choisir son chauffe-eau thermodynamique en Savoie",
    "subtitle": "Faîtes appel à des experts pour le choix de votre chauffe-eau"
  },
  "intro": {
    "image": {
      "src": "https://www.sbf-energies.com/build/images/sbf-energies-equipement-chauffe-eau-456x334.533a5c87.jpg",
      "alt": "chauffe eau thermodynamique Thermor"
    },
    "text": "<p>Les moyens de production de l'eau chaude sanitaire sont nombreux, mais pas tous économiques ni d'ailleurs écologiques. Autrefois, les ballons électriques constituaient la norme. Ils sont avantageusement remplacés aujourd'hui par des chauffe-eaux thermodynamiques, dont la technologie s'appuie sur celle des pompes à chaleur. Plus simple à installer qu'un système solaire de production de l'ECS (eau chaude sanitaire), ce type de dispositif utilisant les énergies renouvelables constitue un choix idéal pour votre logement. SBF Energies vous conseille dans le choix de votre <a href=\"/equipements\">équipement de chauffage</a>, que vous habitiez <a href=\"https://www.sbf-energies.com/chauffagiste-frigoriste-chambery\" title=\"Chauffagiste Frigoriste Chambery\">Chambéry</a>, <a href=\"https://www.sbf-energies.com/chauffagiste-frigoriste-aix-les-bains\" title=\"Chauffagiste Frigoriste Aix Les Bains\">Aix-les-Bains</a>, <a href=\"https://www.sbf-energies.com/chauffagiste-frigoriste-rumilly\" title=\"Chauffagiste Frigoriste Rumilly\">Rumilly</a>, <a href=\"https://www.sbf-energies.com/chauffagiste-frigoriste-la-motte-servolex\" title=\"Chauffagiste Frigoriste La Motte Servolex\">La Motte-Servolex</a>, <a href=\"https://www.sbf-energies.com/chauffagiste-frigoriste-pontcharra\" title=\"Chauffagiste Frigoriste Pontcharra\">Pontcharra</a> ou les alentours.</p>"
  },
  "contents": [
    {
      "title": "Principe d'un chauffe-eau thermodynamique",
      "text": "<p>Vous aimeriez faire installer un chauffe-eau thermodynamique à Chambéry, Aix-les-Bains, Rumilly, ou les alentours ? Ce dispositif économique et performant s'installe aisément dans le neuf ou si vous voulez changer un ancien cumulus électrique et le remplacer par un chauffe-eau plus économique et plus écologique. Le principe s'apparente à celui d'une pompe à chaleur, en plus compact. Le chauffe-eau thermodynamique est doté d'un ballon qui est réchauffé grâce à la pompe à chaleur intégrée qui puise les calories dans l'air ambiant. Ce dispositif peut être installé dans votre cuisine ou votre salle de bain. SBF Energies travaille avec les meilleures marques, comme Atlantic ou Thermor et vous propose des modèles esthétiques qui trouveront aisément leur place dans votre logement.</p>"
    },
    {
      "title": "D'excellentes raisons de choisir un chauffe-eau thermodynamique en Savoie",
      "text": "<p>Les experts SBF Energies se déplacent à votre domicile à Chambéry, Aix-les-Bains, Rumilly, La Motte-Servolex, Pontcharra ou les alentours pour étudier votre chantier. Ils détermineront l'emplacement le mieux adapté à l'installation de votre chauffe-eau thermodynamique et vos besoins en eau chaude sanitaire, de manière à bien choisir le modèle qu'il vous faut. Notre équipe sera alors à même de vous proposer un devis. Le chauffe-eau thermodynamique est idéal si vous voulez remplacer un ancien ballon électrique cassé ou trop énergivore, ou encore en complément d'un chauffage par climatisation réversible ou une chaudière à condensation non dotée d'un ballon d'ECS. Ce dispositif vous permet de bénéficier des primes liées aux énergies renouvelables et est simple à installer. Vous n'avez pas à redouter de dégâts liés au chantier. Enfin, il faut savoir que les performances du chauffe-eau thermodynamique sont bien plus stables que celles d'une installation solaire, qui est tributaire de l'ensoleillement. Pour le chauffage de votre eau sanitaire en Savoie, la technologie thermodynamique se révèle fiable et source de confort.</p>"
    },
    {
      "title": "SBF Energies entretient votre chauffe-eau thermodynamique en Savoie",
      "text": "<p>Vous avez opté pour l'<a href=\"/installation/chauffe-eau-thermodynamique\">installation d'un chauffe-eau thermodynamique en Savoie</a> ? Sachez que les techniciens de SBF Energies se déplacent chez vous pour assurer l'<a href=\"/entretien/chauffe-eau-thermodynamique\">entretien régulier de votre dispositif de production d'eau chaude sanitaire</a>. Nous vous proposerons aussi un contrat de maintenance et pouvons effectuer les <a href=\"/depannage/chauffe-eau-thermodynamique\">dépannages urgents de votre chauffe-eau en 24 à 48 heures</a>.</p> <a href=\"/installation/chauffe-eau-thermodynamique\">installation d'un chauffe-eau thermodynamique en Savoie</a> <a href=\"/entretien/chauffe-eau-thermodynamique\">entretien régulier de votre dispositif de production d'eau chaude sanitaire</a> <a href=\"/depannage/chauffe-eau-thermodynamique\">dépannages urgents de votre chauffe-eau en 24 à 48 heures</a>"
    }
  ],
  "related": {
    "title": "",
    "links": []
  },
  "url": "https://www.sbf-energies.com/equipements/chauffe-eau-thermodynamique"
}