{
  "breadcrumb": "Chaudiere gaz",
  "seo": {
    "title": "La Chaudière à Gaz THPE en Savoie | SBF Energies",
    "description": "SBF Energies, chauffagiste certifié vous apporte ses conseils sur la chaudière à gaz, chauffagiste nous intervenons à Chambery et ses environs.",
    "opengraph": {
      "site_name": "SBF Energies",
      "type": "website",
      "locale": "fr_FR",
      "title": "La Chaudière à Gaz THPE en Savoie | SBF Energies",
      "description": "SBF Energies, chauffagiste certifié vous apporte ses conseils sur la chaudière à gaz, chauffagiste nous intervenons à Chambery et ses environs.",
      "image": {
        "src": "https://www.sbf-energies.com/build/images/sbf-energies-equipement-chaudiere-gaz-456x334.c09c0b71.jpg",
        "alt": "Installation et mise en route de votre chaudiere par SBF Energies"
      }
    }
  },
  "hero": {
    "title": "SBF Energies, professionnel multi-énergies aussi expert des chaudières gaz",
    "subtitle": "Nos équipes vous accompagne dans toutes les étapes de votre projet de chaudière dans la Savoie"
  },
  "intro": {
    "image": {
      "src": "https://www.sbf-energies.com/build/images/sbf-energies-equipement-chaudiere-gaz-456x334.c09c0b71.jpg",
      "alt": "Installation et mise en route de votre chaudiere par SBF Energies"
    },
    "text": "<p>Que vous habitiez en maison ou en appartement, la chaudière gaz à condensation compte de nombreux avantages et convient parfaitement à tous types d'habitations. Votre chaudière gaz a perdu en efficacité et vous souhaitez la remplacer par un nouveau modèle plus récent et moins énergivore ?</p> <p>Chez SBF Energies, nous saurons vous conseiller le modèle adapté à vos besoins pour remplacer votre ancienne chaudière.</p> <hr>"
  },
  "contents": [
    {
      "title": "Pourquoi opter pour la chaudière gaz à condensation ?",
      "text": "<p>Alors que plus d'un tiers des Français se chauffe au gaz, tous les systèmes ne se valent pas, aussi bien en termes d'efficacité que de performance. La chaudière gaz à condensation est aujourd'hui le modèle standard pour tous ceux qui sont raccordés au réseau de gaz naturel. Ses avantages sont nombreux : </p> <ul> <li>En remplacement d'une <strong>vieille chaudière</strong>, l'installation de ce type d'appareil peut vous faire économiser jusqu'à 25% sur votre consommation (source : ADEME).</li> <li>Toujours par rapport à un ancien appareil au gaz, les chaudières THPE (Très Haute Performance Énergétique) enregistrent un très bon rendement et consomment donc moins de combustible</li> <li>Avec une espérance de vie pouvant atteindre 20 ans, ces installations sont connues et appréciées pour leur robustesse et fiabilité</li> </ul> <p>Vous souhaitez réaliser des économies sur votre <strong>chauffage</strong> et améliorer votre confort en hiver ? Faites confiance à SBF Energies, à <a href=\"https://www.sbf-energies.com/chauffagiste-frigoriste-chambery\" title=\"Chauffagiste Frigoriste Chambery\">Chambéry</a>, pour vous accompagner dans votre projet de remplacement d'appareil. En tant que professionnel chauffagiste, nous saurons vous accompagner dans l'installation d'un équipement dernière génération économique et moins énergivore.</p> <hr>"
    },
    {
      "title": "Chaudière gaz à condensation : fonctionnement",
      "text": "<p>La chaudière gaz à condensation fonctionne simplement : elle utilise son combustible au gaz en produisant de la chaleur et de la fumée à partir de carbone, d'azote et de vapeur. Cette chaleur produite vient alors chauffer l'eau qui alimente le circuit de chauffage et d'alimentation en eau chaude sanitaire.</p> <p> </p> <p>Ces fumées seront récupérées par l'appareil et la vapeur, refroidie, permettra d'extraire de l'eau chaude. Cette eau chaude est alors renvoyée vers le système de chauffage ou d'eau chaude. Ce phénomène de condensation, passage d'un état gazeux à un état liquide, apporte une source de chaleur supplémentaire en permettant de ne pas consommer plus de combustible. Ce processus produit un excès d'eau qui est envoyé dans le circuit des eaux usées.</p> <hr>"
    },
    {
      "title": "Par quoi remplacer ma vieille chaudière à gaz ?",
      "text": "<p>Vous habitez à Chambéry, <a href=\"https://www.sbf-energies.com/chauffagiste-frigoriste-rumilly\" title=\"Chauffagiste Frigoriste Rumilly\">Rumilly</a>, <a href=\"https://www.sbf-energies.com/chauffagiste-frigoriste-aix-les-bains\" title=\"Chauffagiste Frigoriste Aix Les Bains\">Aix-les-Bains</a>, <a href=\"https://www.sbf-energies.com/chauffagiste-frigoriste-challes-les-eaux\" title=\"Chauffagiste Frigoriste Challes Les Eaux\">Challes-les-Eaux</a> ou encore <a href=\"https://www.sbf-energies.com/chauffagiste-frigoriste-la-motte-servolex\" title=\"Chauffagiste Frigoriste La Motte Servolex\">La Motte-Servolex</a> et vous êtes équipé(e) d'une chaudière au gaz vieillissante ? SBF Energies, votre expert en chauffage et climatisation en Savoie, est là pour vous guider vers le meilleur choix à faire pour son remplacement.</p> <p>Selon les caractéristiques de votre logement et vos besoins, plusieurs options s'offrent à vous :</p> <ul> <li>La chaudière gaz THPE (Très Haute Performance Énergétique) : comme nous vous l'expliquions, vous pouvez opter pour une chaudière à condensation dernière génération. L'avantage ? Vous ferez des économies sur votre consommation (jusqu'à 25% selon l'ADEME) et votre confort de chauffe se verra augmenté </li> <li><strong>La pompe à chaleur air/eau</strong> : équipement fonctionnant aux énergies renouvelables, elle puise les calories contenues dans l'air extérieur pour les restituer à l'intérieur de votre logement. Pouvant répondre à vos besoins de chauffage mais également d'eau chaude sanitaire, cette installation vous permettra elle aussi de réaliser de belles économies de chauffage. De plus, les pompes à chaleau air/eau sont éligibles à plusieurs aides de l'État. Demandez-nous une estimation.</li> </ul> <h3>Le saviez-vous ?</h3> <p>Chez SBF Energies, nous vous accompagnons dans toutes les démarches relatives aux aides de l'État : de l'estimation des montants disponibles pour votre projet, au montage du dossier jusqu'à la déduction des aides directement de votre devis et de la facture. Plus besoin de faire l'avance !</p> <p>Vous avez des questions concernant la chaudière gaz ou sur les alternatives de chauffage existantes ? Nous saurons vous accompagner à chaque étape de votre projet. Nos équipes se déplacent gratuitement chez vous pour une étude personnalisée du système le plus adapté à vos besoins. À La Motte-Servolex, <a href=\"https://www.sbf-energies.com/chauffagiste-frigoriste-la-ravoire\" title=\"Chauffagiste Frigoriste La Ravoire\">La Ravoire</a>, <a href=\"https://www.sbf-energies.com/chauffagiste-frigoriste-pontcharra\" title=\"Chauffagiste Frigoriste Pontcharra\">Pontcharra</a>, <a href=\"https://www.sbf-energies.com/chauffagiste-frigoriste-cognin\" title=\"Chauffagiste Frigoriste Cognin\">Cognin</a> ou les alentours, faites confiance à SBF Energies, expert depuis près de 20 ans dans les solutions de chauffage et climatisation en Savoie.</p>"
    }
  ],
  "related": {
    "title": "",
    "links": []
  },
  "url": "https://www.sbf-energies.com/equipements/chaudiere-gaz"
}