{
  "breadcrumb": "Climatisation reversible",
  "seo": {
    "title": "Climatisation réversible Chambéry Savoie - SBF Energies",
    "description": "Un climatiseur réversible est capable d'inverser son fonctionnement pour produire du chauffage en plus du froid. SBF Energies vous guide dans le choix de votre climatisation réversible !",
    "opengraph": {
      "site_name": "SBF Energies",
      "type": "website",
      "locale": "fr_FR",
      "title": "Climatisation réversible Chambéry Savoie - SBF Energies",
      "description": "Un climatiseur réversible est capable d'inverser son fonctionnement pour produire du chauffage en plus du froid. SBF Energies vous guide dans le choix de votre climatisation réversible !",
      "image": {
        "src": "https://www.sbf-energies.com/build/images/sbf-energies-equipement-climatisation-reversible-456x334.02ac3bd8.jpg",
        "alt": "Climatiseur réversible - SBF Energies"
      }
    }
  },
  "hero": {
    "title": "Votre climatisation réversible en Savoie",
    "subtitle": "Faîtes appel à des experts pour le choix de votre climatisation réversible"
  },
  "intro": {
    "image": {
      "src": "https://www.sbf-energies.com/build/images/sbf-energies-equipement-climatisation-reversible-456x334.02ac3bd8.jpg",
      "alt": "Climatiseur réversible - SBF Energies"
    },
    "text": "<p>On évoque de plus en plus souvent les avantages de la climatisation réversible. Celle-ci peut être particulièrement intéressante dans la rénovation de logements anciens. C'est en tout cas une solution pensée sur mesure pour des régions comme la Savoie, où les hivers peuvent être rigoureux, où il fait froid dès les intersaisons et où les étés peuvent néanmoins se révéler chauds et étouffants. <a href=\"/equipements/climatisation\">Climatisation</a> et pompe à chaleur réversibles constituent alors des solutions idéales pour assurer votre confort.</p>"
  },
  "contents": [
    {
      "title": "SBF Energies installe votre climatisation réversible",
      "text": "<p>La climatisation a longtemps été accusée de provoquer des problèmes de santé et d'être néfaste pour l'environnement. Ces critiques sont aujourd'hui peu fondées, surtout si vous faites installer votre climatisation réversible à <a href=\"https://www.sbf-energies.com/chauffagiste-frigoriste-chambery\" title=\"Chauffagiste Frigoriste Chambery\">Chambéry</a>, <a href=\"https://www.sbf-energies.com/chauffagiste-frigoriste-aix-les-bains\" title=\"Chauffagiste Frigoriste Aix Les Bains\">Aix-les-Bains</a>, <a href=\"https://www.sbf-energies.com/chauffagiste-frigoriste-pontcharra\" title=\"Chauffagiste Frigoriste Pontcharra\">Pontcharra</a>, <a href=\"https://www.sbf-energies.com/chauffagiste-frigoriste-rumilly\" title=\"Chauffagiste Frigoriste Rumilly\">Rumilly</a> ou <a href=\"https://www.sbf-energies.com/chauffagiste-frigoriste-cognin\" title=\"Chauffagiste Frigoriste Cognin\">Cognin</a> par des professionnels comme les experts de SBF Energies. Les systèmes actuels sont parfaitement au point et, moyennant un entretien régulier, ils contribuent même à assainir l'air du logement. N'hésitez donc plus à profiter d'un chauffage en hiver et d'un système de rafraîchissement performant en été. Nos techniciens assurent non seulement l'installation de votre climatisation réversible, mais aussi son dépannage et sa maintenance régulière.</p> <a href=\"https://www.sbf-energies.com/chauffagiste-frigoriste-chambery\" title=\"Chauffagiste Frigoriste Chambery\">Chambéry</a> <a href=\"https://www.sbf-energies.com/chauffagiste-frigoriste-aix-les-bains\" title=\"Chauffagiste Frigoriste Aix Les Bains\">Aix-les-Bains</a> <a href=\"https://www.sbf-energies.com/chauffagiste-frigoriste-pontcharra\" title=\"Chauffagiste Frigoriste Pontcharra\">Pontcharra</a> <a href=\"https://www.sbf-energies.com/chauffagiste-frigoriste-rumilly\" title=\"Chauffagiste Frigoriste Rumilly\">Rumilly</a> <a href=\"https://www.sbf-energies.com/chauffagiste-frigoriste-cognin\" title=\"Chauffagiste Frigoriste Cognin\">Cognin</a>"
    },
    {
      "title": "Qu'est-ce que la climatisation réversible ?",
      "text": "<p>Un système de climatisation a pour principale fonction la production de froid. Les dispositifs réversibles sont capables d'inverser leur fonctionnement pour produire du chauffage. Cette solution est pratique aux intersaisons, ou pour fournir une source de chauffage d'appoint. La climatisation réversible est fréquemment installée dans des logements anciens à rénover, dans la mesure où elle ne nécessite que peu de travaux. Une solution encore plus performante est la pompe à chaleur réversible. Le principe est exactement à l'opposé puisque ce dispositif est conçu pour produire de la chaleur mais que les systèmes réversibles peuvent aussi être employés pour rafraîchir un logement. La pompe à chaleur réversible utilise deux unités, une extérieure et une intérieure, reliées par un circuit contenant du fluide frigorigène. En mode chauffage, le fluide transporte les calories vers l'intérieur. Lorsqu'on utilise le mode réversible, la circulation est inversée et les calories sont extraites de l'air ambiant du logement pour le refroidir.</p>"
    },
    {
      "title": "Climatisation réversible : consultez SBF Energies en Savoie ",
      "text": "<p>Vous aimeriez remplacer votre ancien chauffage ? La chaleur estivale vous pèse ? Optez pour une solution combinée, la climatisation réversible. Les experts de SBF Energies se déplacent à votre domicile en Savoie  pour étudier les contraintes de votre chantier. Ils vous proposeront toujours la solution la mieux adaptée à vos attentes. Le devis que nous vous établirons prendra en compte vos contraintes de budget. Nous vous présenterons en particulier les avantages de la pompe à chaleur réversible, l'un des systèmes les plus intéressants du moment. Vous disposez déjà d'une climatisation réversible ? SBF Energies peut se charger de l'entretien de votre installation et assurer son dépannage en cas de dysfonctionnement.</p>"
    },
    {
      "title": "En savoir plus les climatisations réversibles",
      "text": "<p><i class=\"fa fa-angle-double-right\" style=\"color: #337ab7;\"></i> <a href=\"/installation/climatisation\">Installation de votre climatisation réversible</a></p> <i class=\"fa fa-angle-double-right\" style=\"color: #337ab7;\"></i> <a href=\"/installation/climatisation\">Installation de votre climatisation réversible</a> <p><i class=\"fa fa-angle-double-right\" style=\"color: #337ab7;\"></i> <a href=\"/entretien/climatisation\">Entretien de votre climatisation réversible</a></p> <i class=\"fa fa-angle-double-right\" style=\"color: #337ab7;\"></i> <a href=\"/entretien/climatisation\">Entretien de votre climatisation réversible</a> <p><i class=\"fa fa-angle-double-right\" style=\"color: #337ab7;\"></i> <a href=\"/depannage/climatisation\">Dépannage de votre climatisation réversible</a></p> <i class=\"fa fa-angle-double-right\" style=\"color: #337ab7;\"></i> <a href=\"/depannage/climatisation\">Dépannage de votre climatisation réversible</a>"
    }
  ],
  "related": {
    "title": "",
    "links": []
  },
  "url": "https://www.sbf-energies.com/equipements/climatisation/climatisation-reversible"
}