{
  "breadcrumb": "Climatisation",
  "seo": {
    "title": "Climatisation Chambery Savoie - SBF Energies",
    "description": "Nos climatisations sont à la fois performantes et économiques en terme d'énergie. Faites appel à notre équipe d'experts pour vous équiper !",
    "opengraph": {
      "site_name": "SBF Energies",
      "type": "website",
      "locale": "fr_FR",
      "title": "Climatisation Chambery Savoie - SBF Energies",
      "description": "Nos climatisations sont à la fois performantes et économiques en terme d'énergie. Faites appel à notre équipe d'experts pour vous équiper !",
      "image": {
        "src": "https://www.sbf-energies.com/build/images/sbf-energies-equipement-climatisation-456x334.e4f7692a.jpg",
        "alt": "Climatiseur mural - SBF Energies"
      }
    }
  },
  "hero": {
    "title": "Votre climatisation en Savoie",
    "subtitle": "Faîtes appel à des experts pour le choix de votre climatisation"
  },
  "intro": {
    "image": {
      "src": "https://www.sbf-energies.com/build/images/sbf-energies-equipement-climatisation-456x334.e4f7692a.jpg",
      "alt": "Climatiseur mural - SBF Energies"
    },
    "text": "<p>Vous habitez en Savoie ou dans ses environs ? La chaleur estivale vous pèse ? Vous pourriez envisager l'installation d'une climatisation. Pour assurer la performance du dispositif, les spécialistes SBF Energies vous conseilleront dans le choix de votre <a href=\"/equipements\">équipement de chauffage</a> et de climatisation. L'installation professionnelle de votre climatisation vous permettra de bénéficier d'une fraîcheur agréable et de performances optimisées.</p>"
  },
  "contents": [
    {
      "title": "Quels sont les avantages de la climatisation ?",
      "text": "<p>La climatisation est souvent pointée du doigt pour son impact négatif sur l'environnement. Ce reproche n'est vraiment justifié qu'avec les climatiseurs mal installés et mal entretenus. SBF Energies vous conseille pour l'installation d'une climatisation en Savoie. Que vous habitiez <a href=\"https://www.sbf-energies.com/chauffagiste-frigoriste-aix-les-bains\" title=\"Chauffagiste Frigoriste Aix Les Bains\">Aix-les-Bains</a>, <a href=\"https://www.sbf-energies.com/chauffagiste-frigoriste-la-motte-servolex\" title=\"Chauffagiste Frigoriste La Motte Servolex\">La Motte-Servolex</a>, <a href=\"https://www.sbf-energies.com/chauffagiste-frigoriste-rumilly\" title=\"Chauffagiste Frigoriste Rumilly\">Rumilly</a>, <a href=\"https://www.sbf-energies.com/chauffagiste-frigoriste-pontcharra\" title=\"Chauffagiste Frigoriste Pontcharra\">Pontcharra</a> ou <a href=\"https://www.sbf-energies.com/chauffagiste-frigoriste-chambery\" title=\"Chauffagiste Frigoriste Chambery\">Chambéry</a>, nous nous déplaçons à votre domicile pour étudier vos besoins et vous proposer les meilleures solutions. Il peut faire chaud en été, même à proximité des montagnes, et la fraîcheur qu'apporte la climatisation est appréciable. Les dernières innovations technologiques permettent par ailleurs de fournir à votre logement ou votre bureau un air assaini. Les systèmes actuels permettent aussi une programmation par thermostat sur la semaine, et en fonction des périodes de la journée. Chez SBF Energies, nous vous proposerons toujours l'installation de systèmes de climatisation des meilleures marques.</p> <a href=\"https://www.sbf-energies.com/chauffagiste-frigoriste-aix-les-bains\" title=\"Chauffagiste Frigoriste Aix Les Bains\">Aix-les-Bains</a> <a href=\"https://www.sbf-energies.com/chauffagiste-frigoriste-la-motte-servolex\" title=\"Chauffagiste Frigoriste La Motte Servolex\">La Motte-Servolex</a> <a href=\"https://www.sbf-energies.com/chauffagiste-frigoriste-rumilly\" title=\"Chauffagiste Frigoriste Rumilly\">Rumilly</a> <a href=\"https://www.sbf-energies.com/chauffagiste-frigoriste-pontcharra\" title=\"Chauffagiste Frigoriste Pontcharra\">Pontcharra</a> <a href=\"https://www.sbf-energies.com/chauffagiste-frigoriste-chambery\" title=\"Chauffagiste Frigoriste Chambery\">Chambéry</a>"
    },
    {
      "title": "Les différents systèmes de climatisation",
      "text": "<p>Quels sont les différents types de climatisation que vous pouvez installer en Savoie ? Oublions d'emblée les climatiseurs mobiles, qui constituent des solutions de secours, mais sont peu performants et énergivores. Préférez une installation fixe de qualité, réalisée par un professionnel comme SBF Energies. Nous vous proposerons selon vos besoins des systèmes monosplit, pour le rafraîchissement d'une seule pièce, des splits (consoles, à cassettes ou climatiseur mural) ainsi que des climatisations gainables, qui préservent davantage l'esthétique de votre intérieur.</p>"
    },
    {
      "title": "Climatisation réversible ou pompes à chaleur air/air en Savoie",
      "text": "<p>La <a href=\"/equipements/climatisation/climatisation-reversible\">climatisation réversible</a> ou pompe à chaleur air/air a pour principale fonction le rafraîchissement du logement ou des bureaux. Elle peut cependant, en cas de besoin, produire également de la chaleur et servir de chauffage d'appoint, par exemple aux intersaisons. A l'inverse, la pompe à chaleur air/eau est destinée à alimenter un circuit d'eau chaude pour le chauffage des pièces. Très en vogue, car utilisant une énergie renouvelable et faisant l'objet de nombreuses aides à l'installation, la pompe à chaleur air/eau peut aussi fonctionner en mode réversible et permettre de rafraîchir le logement.</p> <a href=\"/equipements/climatisation/climatisation-reversible\">climatisation réversible</a> <p><a href=\"/installation/climatisation\">SBF Energies installe vos systèmes de climatisation</a> des marques les plus performantes du moment. Nos techniciens assurent aussi la maintenance de vos installations à Chambéry, Aix-les-Bains, Pontcharra, Rumilly ou encore La Motte-Servolex. Nous intervenons dans les meilleurs délais pour <a href=\"/depannage/climatisation\">dépannage de votre climatisation</a> en cas de problème. N'oubliez pas qu'un <a href=\"/entretien/climatisation\">entretien régulier de votre climatisation</a> vous garantit des performances optimales, des économies d'énergie et une bonne qualité de l'air.</p> <a href=\"/installation/climatisation\">SBF Energies installe vos systèmes de climatisation</a> <a href=\"/depannage/climatisation\">dépannage de votre climatisation</a> <a href=\"/entretien/climatisation\">entretien régulier de votre climatisation</a>"
    }
  ],
  "related": {
    "title": "",
    "links": []
  },
  "url": "https://www.sbf-energies.com/equipements/climatisation"
}