{
  "breadcrumb": "Pac reversible",
  "seo": {
    "title": "Pompe à chaleur réversible Chambéry Savoie - SBF Energies",
    "description": "La pompe à chaleur réversible ou pac réversible est un système performant, simple à mettre en oeuvre et vous offrant un confort maximal. SBF Energies vous guide dans le choix de votre PAC !",
    "opengraph": {
      "site_name": "SBF Energies",
      "type": "website",
      "locale": "fr_FR",
      "title": "Pompe à chaleur réversible Chambéry Savoie - SBF Energies",
      "description": "La pompe à chaleur réversible ou pac réversible est un système performant, simple à mettre en oeuvre et vous offrant un confort maximal. SBF Energies vous guide dans le choix de votre PAC !",
      "image": {
        "src": "https://www.sbf-energies.com/build/images/sbf-energies-equipement-pompe-a-chaleur-reversible-456x334.5562c434.jpg",
        "alt": "pompe à chaleur réversible mitsubishi electric"
      }
    }
  },
  "hero": {
    "title": "Votre pompe à chaleur air/air réversible en Savoie",
    "subtitle": "Faîtes appel à des experts pour le choix de votre pompe à chaleur réversible"
  },
  "intro": {
    "image": {
      "src": "https://www.sbf-energies.com/build/images/sbf-energies-equipement-pompe-a-chaleur-reversible-456x334.5562c434.jpg",
      "alt": "pompe à chaleur réversible mitsubishi electric"
    },
    "text": "<p>Qu'est-ce qu'une pompe à chaleur réversible ? On parle aussi de climatiseur réversible ou de rafraichisseur d'air réversible. C'est tout simplement une <a href=\"/equipements/pompe-a-chaleur\">pompe à chaleur</a>  vous permettant à la fois de chauffer votre logement à la saison froide et de le rafraîchir en été, quand les températures grimpent. En Savoie, on a beau habiter à proximité des Alpes, il peut faire chaud à la belle saison. Difficile alors de dormir sereinement !</p> <p>La climatisation réversible est système performant, simple à mettre en oeuvre et vous offrant un confort maximal. Que vous habitiez <a href=\"https://www.sbf-energies.com/chauffagiste-frigoriste-chambery\" title=\"Chauffagiste Frigoriste Chambery\">Chambéry</a>, <a href=\"https://www.sbf-energies.com/chauffagiste-frigoriste-la-motte-servolex\" title=\"Chauffagiste Frigoriste La Motte Servolex\">La Motte-Servolex</a>, <a href=\"https://www.sbf-energies.com/chauffagiste-frigoriste-aix-les-bains\" title=\"Chauffagiste Frigoriste Aix Les Bains\">Aix-les-Bains</a>, <a href=\"https://www.sbf-energies.com/chauffagiste-frigoriste-pontcharra\" title=\"Chauffagiste Frigoriste Pontcharra\">Pontcharra</a> ou encore <a href=\"https://www.sbf-energies.com/chauffagiste-frigoriste-barberaz\" title=\"Chauffagiste Frigoriste Barberaz\">Barberaz</a>, prenez contact avec le service client de SBF Energies pour un devis gratuit.</p>"
  },
  "contents": [
    {
      "title": "Comment fonctionne une pompe à chaleur réversible ?",
      "text": "<p>La pompe à chaleur réversible est une PAC air/air, c'est-à-dire qu'elle tire les calories nécessaires au chauffage ou au rafraîchissement de l'air extérieur. Elle est composée d'une unité externe, qui pompe la chaleur, d'un circuit contenant du liquide frigorigène et d'une ou plusieurs unités intérieures selon la taille de votre logement. Ces unités intérieures consistent en ventilateurs convecteurs que l'on installe généralement au-dessus des portes des pièces à chauffer. Vous êtes intéressé par l'installation d'une pompe à chaleur air/air réversible à Chambéry, Aix-les-Bains ou <a href=\"https://www.sbf-energies.com/chauffagiste-frigoriste-la-ravoire\" title=\"Chauffagiste Frigoriste La Ravoire\">La Ravoire</a> ? Contactez les spécialistes de SBF Energies.</p> <a href=\"https://www.sbf-energies.com/chauffagiste-frigoriste-la-ravoire\" title=\"Chauffagiste Frigoriste La Ravoire\">La Ravoire</a>"
    },
    {
      "title": "Les avantages d'une pompe à chaleur air/air réversible en Savoie",
      "text": "<p>La pompe à chaleur réversible s'installe aussi bien dans le neuf que dans l'ancien, en rénovation. Elle se prête idéalement à cette seconde utilisation, puisqu'elle ne nécessite pas la présence d'un circuit d'eau chaude ou d'un plancher chauffant. En d'autres termes, nos techniciens SBF Energies peuvent installer rapidement et sans grande transformation un système de chauffage performant, économique et doublé d'une climatisation. Nous nous déplaçons sur Chambéry, La Ravoire, <a href=\"https://www.sbf-energies.com/chauffagiste-frigoriste-rumilly\" title=\"Chauffagiste Frigoriste Rumilly\">Rumilly</a>, Pontcharra ou encore Aix-les-Bains pour étudier la faisabilité et les contraintes de votre chantier. Nous vous faisons parvenir dans les meilleurs délais une proposition pour l'installation de rafraichisseur d'air réversible.</p> <a href=\"https://www.sbf-energies.com/chauffagiste-frigoriste-rumilly\" title=\"Chauffagiste Frigoriste Rumilly\">Rumilly</a>"
    },
    {
      "title": "En savoir plus les pompes à chaleur réversibles",
      "text": "<p><i class=\"fa fa-angle-double-right\" style=\"color: #337ab7;\"></i> <a href=\"/installation/pompe-a-chaleur\">Installation d'une pompe à chaleur réversible</a></p> <i class=\"fa fa-angle-double-right\" style=\"color: #337ab7;\"></i> <a href=\"/installation/pompe-a-chaleur\">Installation d'une pompe à chaleur réversible</a> <p><i class=\"fa fa-angle-double-right\" style=\"color: #337ab7;\"></i> <a href=\"/entretien/pompe-a-chaleur\">Entretien d'une pompe à chaleur réversible</a></p> <i class=\"fa fa-angle-double-right\" style=\"color: #337ab7;\"></i> <a href=\"/entretien/pompe-a-chaleur\">Entretien d'une pompe à chaleur réversible</a> <p><i class=\"fa fa-angle-double-right\" style=\"color: #337ab7;\"></i> <a href=\"/depannage/pompe-a-chaleur\">Dépannage d'une pompe à chaleur réversible</a></p> <i class=\"fa fa-angle-double-right\" style=\"color: #337ab7;\"></i> <a href=\"/depannage/pompe-a-chaleur\">Dépannage d'une pompe à chaleur réversible</a>"
    }
  ],
  "related": {
    "title": "",
    "links": []
  },
  "url": "https://www.sbf-energies.com/equipements/pompe-a-chaleur/pac-reversible"
}