{
  "breadcrumb": "Panneaux photovoltaiques",
  "seo": {
    "title": "Panneaux photovoltaïques en Savoie :  l'énergie verte locale | SBF Energies",
    "description": "Quels panneaux solaires photovoltaïques choisir en Savoie ? les conseils de SBF Energies, votre installateur certifié RGE QualiPV 100% Savoyard.",
    "opengraph": {
      "site_name": "SBF Energies",
      "type": "website",
      "locale": "fr_FR",
      "title": "Panneaux photovoltaïques en Savoie :  l'énergie verte locale | SBF Energies",
      "description": "Quels panneaux solaires photovoltaïques choisir en Savoie ? les conseils de SBF Energies, votre installateur certifié RGE QualiPV 100% Savoyard.",
      "image": {
        "src": "https://www.sbf-energies.com/build/images/sbf-energies-equipements-photovoltaiques-456x334.6c470c4a.jpg",
        "alt": "SBF Energies installe vos panneaux solaires photovoltaïques en Savoie et en Isère"
      }
    }
  },
  "hero": {
    "title": "Panneaux photovoltaïques en Savoie : l'énergie verte locale",
    "subtitle": "Passez à l'énergie solaire : le geste écologique et économique avec SBF Energies"
  },
  "intro": {
    "image": {
      "src": "https://www.sbf-energies.com/build/images/sbf-energies-equipements-photovoltaiques-456x334.6c470c4a.jpg",
      "alt": "SBF Energies installe vos panneaux solaires photovoltaïques en Savoie et en Isère"
    },
    "text": "<p>À l'heure où l'on parle de plus en plus d'énergies renouvelables et de transition énergétique, de nombreux Français se tournent vers le photovoltaïque, y compris en Savoie. Ce geste écologique permet à tout un chacun de produire sa propre électricité verte directement depuis son toit.</p> <p>Ce circuit ultra court de consommation présente un autre avantage. En plus d'utiliser une énergie 100% renouvelable pour ses besoins énergétiques, c'est aussi une garantie d'économies sur sa facture d'électricité sur le long terme.</p> <p>Mais avant de se lancer, il convient de bien s'informer sur les technologies, les avantages, les aides ou encore le potentiel solaire de sa maison. SBF Energies fait le point pour vous !</p>"
  },
  "contents": [
    {
      "title": "La différence entre solaire thermique et solaire photovoltaïque",
      "text": "<p>Tout d'abord, il est nécessaire de bien comprendre la différence entre solaire thermique et solaire photovoltaïque. Si leur point commun réside dans le fait que toutes deux exploitent l'énergie solaire, leur type de production diffère.</p> <p>Les <strong>solutions solaires thermiques</strong> produisent de la chaleur qui va permettre notamment de chauffer l'eau chaude sanitaire. C'est le principe des chauffe-eaux solaires individuels (CESI) et des systèmes solaires combinés (SSC).</p> <strong>solutions solaires thermiques</strong> <p>De leur côté, les <strong>solutions solaires photovoltaïques</strong> permettent de produire de l'électricité. Elles transforment l'énergie lumineuse ambiante en courant électrique. Les capteurs solaires photovoltaïques captent l'énergie solaire et la transforment en courant électrique continu. Un micro-onduleur se charge après de la convertir en courant alternatif.</p> <strong>solutions solaires photovoltaïques</strong> <p>L'électricité solaire est envoyée à votre tableau électrique, où elle peut être utilisée par les appareils de la maison. Le surplus de production peut être réinjecté totalement ou partiellement dans le réseau général. Il peut également être stocké dans des batteries physiques ou virtuelles.</p> <p>À savoir, les panneaux photovoltaïques sont en mesure de <strong>produire de l'électricité par tout temps</strong>, du moment qu'il y a de la luminosité. Les nuages et la pluie ne les arrêtent pas !</p> <strong>produire de l'électricité par tout temps</strong>"
    },
    {
      "title": "Les différents types de panneaux photovoltaïques",
      "text": "<p>Restons du côté des panneaux solaires photovoltaïques. Il existe différents types de panneaux qui présentent des spécificités tant au niveau de leur structure que de leur rendement.</p> <p>Pour produire de l'électricité, les panneaux photovoltaïques sont faits de <strong>cellules qui utilisent du silicium</strong>, sous forme de cristaux.</p> <strong>cellules qui utilisent du silicium</strong> <p>Les cellules des panneaux photovoltaïques <strong>monocristallins </strong>sont fabriquées à partir d'un seul cristal de silicium pur. Ce processus de production les rend en général plus chers que les autres mais leur confère un meilleur rendement. De plus, ils affichent également un meilleur rendu esthétique, avec une allure uniforme, bleue foncé ou noire.</p> <strong>monocristallins </strong> <p>Les cellules des panneaux <strong>polycristallins</strong>, comme leur nom l'indique, sont fabriquées à partir de plusieurs cristaux de silicium. Ils sont reconnaissables à leur allure composite et à leur couleur bleue plus vive. Leur rendement est généralement inférieur à celui des panneaux monocristallins du fait de leur structure hétérogène.</p> <strong>polycristallins</strong> <p>Les panneaux silicium <strong>amorphes </strong>sont généralement les moins chers, mais ont aussi le rendement le plus faible. Ils présentent cependant l'avantage d'être flexibles, fins et légers. En plus de leur rendement moindre, leur efficacité décroît avec le temps et leur durée de vie n'est que d'une dizaine d'années environ.</p> <strong>amorphes </strong> <p>Les panneaux monocristallins à <strong>cellules à hétérojonction</strong> allient du silicium pur et du silicium amorphe. Cette association augmente le rendement des panneaux et leur permet de capter l'énergie solaire sur leurs deux faces, augmentant ainsi leur rendement tout en maintenant la qualité propre aux panneaux monocristallins.</p> <strong>cellules à hétérojonction</strong> <p><i></i> <a href=\"../../conseils-et-actualites/panneaux-solaires-facteurs-rentabilite\" title=\"\">Rentabilité des panneaux solaires photovoltaïques : ce qui la fait varier</a></p> <i></i> <a href=\"../../conseils-et-actualites/panneaux-solaires-facteurs-rentabilite\" title=\"\">Rentabilité des panneaux solaires photovoltaïques : ce qui la fait varier</a>"
    },
    {
      "title": "Stocker son électricité solaire",
      "text": "<p>Quand il n'est pas possible d'utiliser toute sa production d'énergie photovoltaïque pendant la journée, il peut être judicieux de la mettre en réserve pour une utilisation ultérieure.</p> <p>Imaginez, par exemple, que vous soyez hors de votre maison toute la journée, c'est-à-dire au moment où vos panneaux ont une production maximale. Vous pourrez certes programmer vos appareils pour fonctionner à ce moment-là (lave-linge, lave-vaisselle, etc.). Il pourra être pratique de <strong>stocker votre production</strong> pour une utilisation ultérieure. Vous pourrez ainsi l'utiliser en soirée ou la nuit, pour la cuisine, recharger votre véhicule et vos appareils, par exemple.</p> <strong>stocker votre production</strong> <p>Pour ce faire, il existe des batteries physiques. Leur acquisition, assez onéreuse, nécessite de bien dimensionner la capacité de stockage en fonction de votre production et de vos usages.</p> <p>Une alternative existe : le <strong>stockage virtuel</strong>. Votre compte de stockage virtuel disponible sous abonnement (mylight150) se remplit à mesure que vous injectez votre surplus de production au réseau.</p> <strong>stockage virtuel</strong> <p>Quand vous avez besoin d'électricité du réseau pour votre consommation, l'énergie est déduite de votre stockage virtuel. C'est une solution d'<strong>autoconsommation solaire totale</strong> : vous avez la garantie de consommer tout ce que vous produisez. De plus, comme vous injectez l'électricité sans la facturer au réseau, vous la récupérez aussi sans qu'elle vous soit facturée.</p> <strong>autoconsommation solaire totale</strong>"
    },
    {
      "title": "Passer au photovoltaïque : les avantages",
      "text": "<h3>Une énergie verte à portée de main</h3> <p>Passer à l'énergie solaire présente de nombreux avantages. Vous la voyez tous les jours. La lumière du soleil est présente dans notre quotidien et disponible localement et gratuitement. C'est une énergie verte, propre et renouvelable.</p> <p>De plus, la Savoie jouit d'un potentiel solaire fort. Plusieurs <strong>cadastres solaires</strong> sont d'ailleurs à votre disposition. Celui du <a href=\"https://www.savoie.fr/web/sw_99085/des-toits-qui-rapportent-de-l-or\" title=\"Cadastre solaire Savoie\" target=\"_blank\" rel=\"noopener\">Département de Savoie</a>, de la communauté de communes <a href=\"https://coeur-de-savoie.cadastre-solaire.fr/\" title=\"Cadastre Solaire Coeur de Savoie\" target=\"_blank\" rel=\"noopener\">Cœur de Savoie</a> ou encore celui du <a href=\"https://www.grandchambery.fr/mes-demarches/aides-energies/cadastre-solaire\" title=\"Cadastre solaire Chambéry\" target=\"_blank\" rel=\"noopener\">Grand Chambéry</a> vous permettront ainsi de vous faire une idée du potentiel solaire de votre toiture.</p> <strong>cadastres solaires</strong> <a href=\"https://www.savoie.fr/web/sw_99085/des-toits-qui-rapportent-de-l-or\" title=\"Cadastre solaire Savoie\" target=\"_blank\" rel=\"noopener\">Département de Savoie</a> <a href=\"https://coeur-de-savoie.cadastre-solaire.fr/\" title=\"Cadastre Solaire Coeur de Savoie\" target=\"_blank\" rel=\"noopener\">Cœur de Savoie</a> <a href=\"https://www.grandchambery.fr/mes-demarches/aides-energies/cadastre-solaire\" title=\"Cadastre solaire Chambéry\" target=\"_blank\" rel=\"noopener\">Grand Chambéry</a> <p>Des économies sur vos factures d'électricité à long terme</p> <p>L'<a href=\"https://www.sbf-energies.com/installation/panneaux-photovoltaiques\" title=\"Installation de panneaux photovoltaïques\">installation de panneaux solaires photovoltaïques</a> pourra aussi vous faire faire des économies sur vos factures d'énergie. L'électricité que vous autoconsommez, c'est celle que vous n'achetez pas sur le réseau d'électricité général.</p> <a href=\"https://www.sbf-energies.com/installation/panneaux-photovoltaiques\" title=\"Installation de panneaux photovoltaïques\">installation de panneaux solaires photovoltaïques</a> <p>Passer au solaire photovoltaïque nécessite tout de même quelques adaptations au niveau de vos usages. Par exemple, vous préférerez lancer votre lave-linge en pleine journée plutôt que de le lancer en heures creuses, la nuit.</p> <h3>Un investissement durable</h3> <p>Outre le fait d'alléger vos factures d'électricité, installer des panneaux photovoltaïques est un investissement durable. Les panneaux photovoltaïques sont généralement rentabilisés en une dizaine d'années. Aussi, ils présentent une <strong>longue durée de vie</strong>, 30 ans en moyenne. Chez SBF Energies, nos panneaux <strong>DualSun</strong> et <strong>MyLight Systems</strong> vous offrent d'ailleurs des garanties de 30 ans.</p> <strong>longue durée de vie</strong> <strong>DualSun</strong> <strong>MyLight Systems</strong> <p>Aussi, un panneau solaire produit autant d'énergie qu'il en faut pour le fabriquer en 1 à 3 ans, ce qui réduit son empreinte carbone. En fin de vie, ils peuvent être <strong>recyclés et réutilisés à 94%</strong> !</p> <strong>recyclés et réutilisés à 94%</strong>"
    },
    {
      "title": "SBF Energies, votre installateur de panneaux solaires 100% savoyard",
      "text": "<p>La Savoie bascule lentement mais sûrement vers les énergies renouvelables. Pour accompagner nos clients, nous avons créé notre gamme photovoltaïque Sol&amp;moi en partenariat avec HomeServe. Cette nouvelle offre nous permet de vous offrir, <a href=\"/qui-sommes-nous/zones-intervention\" title=\"SBF - Zone d'intervention\">autour de Chambéry</a>, des produits de qualités avec des panneaux DualSun et MyLight, des onduleurs AP Systems et Enphase.</p> <a href=\"/qui-sommes-nous/zones-intervention\" title=\"SBF - Zone d'intervention\">autour de Chambéry</a> <p>Pour répondre à vos besoins, <a href=\"https://www.sbf-energies.com/installation/panneaux-photovoltaiques\" title=\"Installation de kits photovoltaïques\">Sol&amp;moi se décline en trois offres</a> :</p> <a href=\"https://www.sbf-energies.com/installation/panneaux-photovoltaiques\" title=\"Installation de kits photovoltaïques\">Sol&amp;moi se décline en trois offres</a> <ul><li><strong>Sol&amp;Go</strong> pour une installation en toute simplicité de votre kit solaire ;</li><li><strong>Sol&amp;Zen</strong> pour l'installation de votre kit photovoltaïque et un suivi d'optimisation ;</li><li><strong>Sol&amp;Plus</strong> pour une installation en autoconsommation totale avec le stockage virtuel et des panneaux à hétérojonction.</li></ul> <li><strong>Sol&amp;Go</strong> pour une installation en toute simplicité de votre kit solaire ;</li> <strong>Sol&amp;Go</strong> <li><strong>Sol&amp;Zen</strong> pour l'installation de votre kit photovoltaïque et un suivi d'optimisation ;</li> <strong>Sol&amp;Zen</strong> <li><strong>Sol&amp;Plus</strong> pour une installation en autoconsommation totale avec le stockage virtuel et des panneaux à hétérojonction.</li> <strong>Sol&amp;Plus</strong> <p>Enfin, SBF Energies est certifié <strong>RGE QualiPV</strong>. Cette qualification vous garantit le succès de votre projet solaire, une installation dans le respect des normes en vigueur, mais est aussi obligatoire pour que vous puissiez bénéficier des aides de l'Etat.</p> <strong>RGE QualiPV</strong> <p>Contactez nos experts de SBF Energies pour commencer votre étude solaire personnalisée !</p>"
    }
  ],
  "related": {
    "title": "",
    "links": []
  },
  "url": "https://www.sbf-energies.com/equipements/panneaux-photovoltaiques"
}