{
  "breadcrumb": "Pompe a chaleur",
  "seo": {
    "title": "Pompe à chaleur Chambery Savoie - SBF Energies",
    "description": "Le principe des pompes à chaleur est de récupérer les calories présentes dans l'air pour chauffer votre logement ou à l'inverse le rafraichir.",
    "opengraph": {
      "site_name": "SBF Energies",
      "type": "website",
      "locale": "fr_FR",
      "title": "Pompe à chaleur Chambery Savoie - SBF Energies",
      "description": "Le principe des pompes à chaleur est de récupérer les calories présentes dans l'air pour chauffer votre logement ou à l'inverse le rafraichir.",
      "image": {
        "src": "https://www.sbf-energies.com/build/images/sbf-energies-equipement-pompe-a-chaleur-456x334.6b00f020.jpg",
        "alt": "équipement pour le chauffage domestique"
      }
    }
  },
  "hero": {
    "title": "Votre pompe à chaleur en Savoie",
    "subtitle": "Faîtes appel à des experts pour le choix de votre pompe à chaleur"
  },
  "intro": {
    "image": {
      "src": "https://www.sbf-energies.com/build/images/sbf-energies-equipement-pompe-a-chaleur-456x334.6b00f020.jpg",
      "alt": "équipement pour le chauffage domestique"
    },
    "text": "<p>La pompe à chaleur est tout simplement l'un des <a href=\"/equipements\">équipements de chauffage</a> les plus économiques et les plus performants du moment. Si vous aussi souhaitez faire installer une pompe à chaleur à <a href=\"https://www.sbf-energies.com/chauffagiste-frigoriste-chambery\" title=\"Chauffagiste Frigoriste Chambery\">Chambéry</a> ou dans les environs, n'hésitez pas à contacter SBF Energies, spécialiste des énergies renouvelables dans la région de Chambéry. Vous profiterez du savoir faire de techniciens parfaitement formés.</p>"
  },
  "contents": [
    {
      "title": "Le principe de la pompe à chaleur",
      "text": "<p>Avant d'opter pour une pompe à chaleur, vous aimeriez peut-être savoir comme fonctionne ce type de chauffage. On a longtemps dit, par ailleurs, qu'il n'était possible de chauffer un logement avec une PAC que dans les régions où la température externe est relativement douce. Avec les modèles actuels, ce n'est plus le cas, et vous avez tout à fait la possibilité d'avoir recours à une pompe à chaleur pour votre plancher chauffant ou votre réseau de radiateurs, même en Savoie ou dans ses environs. Le principe de la PAC est simple : il s'agit d'un dispositif qui pompe ou extrait les calories de l'environnement. Ce terme doit être pris au sens large et recouvre plusieurs réalités, qui renvoient à différentes technologies de pompes à chaleur. C'est ce que nous allons voir dans la suite de cet article.</p>"
    },
    {
      "title": "Les différents types de pompes à chaleur",
      "text": "<p>Vous habitez dans la région de Chambéry, de <a href=\"https://www.sbf-energies.com/chauffagiste-frigoriste-la-ravoire\" title=\"Chauffagiste Frigoriste La Ravoire\">La Ravoire</a>, d'<a href=\"https://www.sbf-energies.com/chauffagiste-frigoriste-aix-les-bains\" title=\"Chauffagiste Frigoriste Aix Les Bains\">Aix-les-Bains</a>, ou de <a href=\"https://www.sbf-energies.com/chauffagiste-frigoriste-rumilly\" title=\"Chauffagiste Frigoriste Rumilly\">Rumilly</a> ? Vous vous demandez quel type de pompe à chaleur est adapté à vos besoins ? Les techniciens de SBF Energies sont à votre disposition pour poser un diagnostic précis et vous proposer la solution la mieux adaptée. Chez SBF Energies, nous travaillons avec les meilleurs fabricants, comme Mitsubishi, Daikin ou encore Atlantic.</p> <a href=\"https://www.sbf-energies.com/chauffagiste-frigoriste-la-ravoire\" title=\"Chauffagiste Frigoriste La Ravoire\">La Ravoire</a> <a href=\"https://www.sbf-energies.com/chauffagiste-frigoriste-aix-les-bains\" title=\"Chauffagiste Frigoriste Aix Les Bains\">Aix-les-Bains</a> <a href=\"https://www.sbf-energies.com/chauffagiste-frigoriste-rumilly\" title=\"Chauffagiste Frigoriste Rumilly\">Rumilly</a> <h3>La pompe à chaleur air/eau</h3> <p>La pompe à chaleur air/eau est le dispositif qui a connu le plus grand essor ces dernières années. Il est facile à installer et ses performances se sont considérablement accrues, avec une meilleure fiabilité du matériel. Comme le nom de cette PAC l'indique, il s'agit d'extraire les calories de l'air extérieur, à l'aide d'une unité externe que l'on relie à une unité interne. C'est cette dernière qui réchauffe l'eau du plancher chauffant ou du réseau de radiateurs. Si vous le souhaitez, une pompe à chaleur air/eau en Savoie peut aussi produire votre eau chaude sanitaire. Les installateurs SBF Energies vous proposeront une PAC basse température pour les planchers chauffants et une PAC haute ou moyenne température pour les radiateurs à eau.</p> <h3>La pompe à chaleur géothermique</h3> <p>Il s'agit d'une PAC eau/eau, qui nécessite d'importants travaux de forage et n'est donc adaptée qu'aux logements qui disposent de suffisamment d'espace extérieur. Le principe est similaire à celui de la PAC air/eau, à la différence que les calories sont extraites de l'eau de la nappe phréatique.</p> <p>L'installation d'une pompe à chaleur géothermique nécessite d'importants travaux de terrassement. Nous n'installons donc pas ce type de pompe à chaleur mais nous avons toutes les qualifications nécessaires pour les entretenir.</p> <h3>La pompe à chaleur air/air</h3> <p>La PAC air/air, quant à elle, tire les calories de l'air extérieur, comme la pompe à chaleur air/eau, mais elle n'alimente pas de réseau d'eau chaude. La chaleur est directement soufflée dans le logement. La pompe à chaleur air/air est facile à installer, puisqu'elle ne nécessite pas la réalisation d'un réseau d'eau chaude. On peut donc idéalement l'envisager en rénovation. L'unité extérieure est reliée à des convecteurs ventilateurs internes. Un réseau de fluide frigorigène fait la liaison entre les deux unités.</p> <p>La PAC air/air est une <a href=\"/equipements/pompe-a-chaleur/pac-reversible\">pompe à chaleur réversible</a>, c'est-à-dire qu'elle peut produire de la chaleur en hiver, mais aussi du froid en été. Elle est donc idéale pour qui veut installer à la fois un nouveau chauffage, à base d'énergies renouvelables, et un système de climatisation.</p> <a href=\"/equipements/pompe-a-chaleur/pac-reversible\">pompe à chaleur réversible</a>"
    },
    {
      "title": "En savoir plus les pompes à chaleur",
      "text": "<p><i class=\"fa fa-angle-double-right\" style=\"color: #337ab7;\"></i> <a href=\"/installation/pompe-a-chaleur\">Installation pompe à chaleur</a></p> <i class=\"fa fa-angle-double-right\" style=\"color: #337ab7;\"></i> <a href=\"/installation/pompe-a-chaleur\">Installation pompe à chaleur</a> <p><i class=\"fa fa-angle-double-right\" style=\"color: #337ab7;\"></i> <a href=\"/entretien/pompe-a-chaleur\">Entretien pompe à chaleur</a></p> <i class=\"fa fa-angle-double-right\" style=\"color: #337ab7;\"></i> <a href=\"/entretien/pompe-a-chaleur\">Entretien pompe à chaleur</a> <p><i class=\"fa fa-angle-double-right\" style=\"color: #337ab7;\"></i> <a href=\"/depannage/pompe-a-chaleur\">Dépannage pompe à chaleur</a></p> <i class=\"fa fa-angle-double-right\" style=\"color: #337ab7;\"></i> <a href=\"/depannage/pompe-a-chaleur\">Dépannage pompe à chaleur</a>"
    }
  ],
  "related": {
    "title": "",
    "links": []
  },
  "url": "https://www.sbf-energies.com/equipements/pompe-a-chaleur"
}