[
  {
    "text": " GD Energies",
    "href": "https://www.gd-energies.fr/qui-sommes-nous",
    "title": "GD Energies - votre chauffagiste et frigoriste dans la Sarthe"
  },
  {
    "text": " Zones d'intervention",
    "href": "https://www.gd-energies.fr/qui-sommes-nous/zones-intervention",
    "title": "Notre zone d'intervention à 100km du Mans"
  },
  {
    "text": " Certifications et Marques",
    "href": "https://www.gd-energies.fr/qui-sommes-nous/certifications-et-marques",
    "title": "Nos certifications et marques pour installer, entretenir et dépanner votre chauffage"
  },
  {
    "text": " Nous recrutons !",
    "href": "https://www.gd-energies.fr/qui-sommes-nous/recrutement",
    "title": "Nouus recherchons des techniciens chauffagistes et frigoristes"
  }
]