{
  "breadcrumb": "Chauffe eau electrique et thermodynamique",
  "seo": {
    "title": "Dépannage chauffe-eau électrique à Menton, Antibes, Nice",
    "description": "Dépannage et réparation de chauffe-eaux électrique et chauffe-eaux thermodynamique sur Nice, Antibes, Cannes, Le Cannet, Vallauris et les Alpes-Maritimes",
    "opengraph": {
      "site_name": "EGS Energies",
      "type": "website",
      "locale": "fr_FR",
      "title": "Dépannage chauffe-eau électrique à Menton, Antibes, Nice",
      "description": "Dépannage et réparation de chauffe-eaux électrique et chauffe-eaux thermodynamique sur Nice, Antibes, Cannes, Le Cannet, Vallauris et les Alpes-Maritimes",
      "image": {
        "src": "https://www.egs-energies.fr/build/images/egs-energies-depannage-chauffe-eau-456x334.1767bd0c.jpg",
        "alt": "EGS Energies (ex-Electrogaz) dépanne votre chauffe-eau électrique ou thermodynamique"
      }
    }
  },
  "hero": {
    "title": "Votre chauffe-eau électrique ou thermodynamique est en panne ?",
    "subtitle": "Les équipes d'EGS Energies se mobilisent pour réparer votre chauffe-eau électrique ou thermodynamique"
  },
  "intro": {
    "image": {
      "src": "https://www.egs-energies.fr/build/images/egs-energies-depannage-chauffe-eau-456x334.1767bd0c.jpg",
      "alt": "EGS Energies (ex-Electrogaz) dépanne votre chauffe-eau électrique ou thermodynamique"
    },
    "text": "<p>Une panne d'eau chaude est très contraignante. C'est pour cela qu'EGS Energiesdépanne et répare votre chauffe-eau électrique (cumulus) ou thermodynamique rapidement, dans toutes les Alpes-Maritimes. Les 25 techniciens d'EGS Energies (ex-Electrogaz) sont réactifs et experts sur leurs métiers depuis plus de 60 ans. Notre entreprise est structurée et organisée afin de mobiliser les techniciens compétents et de remettre en état de fonctionnement vos équipements : ballon d'eau chaude, chauffe-eau solaire et chauffe-eau thermodynamique.</p> <p>Nous intervenons depuis nos agences de <a href=\"https://www.egs-energies.fr/chauffage-saint-laurent-du-var\" title=\"Chauffage Saint Laurent Du Var\">Saint-Laurent-du-Var</a>, <a href=\"https://www.egs-energies.fr/chauffage-vallauris\" title=\"Chauffage Vallauris\">Vallauris</a>, <a href=\"https://www.egs-energies.fr/chauffage-menton\" title=\"Chauffage Menton\">Menton</a> et <a href=\"https://www.egs-energies.fr/chauffage-nice\" title=\"Chauffage Nice\">Nice</a> afin de couvrir tout le territoire. Nous sommes joignables par téléphone, au 04 92 00 00 10 ou par notre <span class=\"obflink obflink-text\" data-o=\"L25vdXMtY29udGFjdGVyP3R5cGU9MSZjYXRlZ29yaWU9Ym9pbGVycw==\">formulaire de contact</span>. Nous interviendrons dans les plus brefs délais.<br>&nbsp;</p>"
  },
  "contents": [
    {
      "title": "Les pannes courantes d'un ballon d'eau chaude",
      "text": "<p>Le ballon électrique vous permet de chauffer et de stocker l'eau. Son fonctionnement est simple et il se raccorde à l'électricité. La plupart des modèles sont programmables et vous permettent de tirer parti des heures creuses pour faire des économies.</p> <p>Cet équipement est pratique et durable. Mais des pannes peuvent survenir, notamment autour du groupe de sécurité, situé en bas du cumulus. Il faut être attentif à la soupape de sécurité, ainsi qu'à l'écoulement. Des risques de fuites existent aussi. Dans ce cas, pensez à couper l'alimentation électrique du chauffe-eau et appelez rapidement EGS Energies.</p> <p><i class=\"fa fa-angle-double-right\" style=\"color: #337ab7;\"></i> <a href=\"/equipements/energie-renouvelable/chauffe-eau-thermodynamique\" title=\"Comment fonctionne un ballon d'eau thermodynamique ?\">En savoir plus sur le fonctionnement du ballon d'eau thermodynamique</a></p> <i class=\"fa fa-angle-double-right\" style=\"color: #337ab7;\"></i> <a href=\"/equipements/energie-renouvelable/chauffe-eau-thermodynamique\" title=\"Comment fonctionne un ballon d'eau thermodynamique ?\">En savoir plus sur le fonctionnement du ballon d'eau thermodynamique</a>"
    },
    {
      "title": "Dépanner un chauffe-eau solaire",
      "text": "<p>Problème de température, de pression, ou de temps d'attente pour accéder à l'eau chaude... Les dysfonctionnements rencontrés peuvent être variés et atteindre, tout simplement, la panne totale. Le chauffe-eau solaire est une installation complexe et mieux vaut ne pas s'aventurer dans une tentative de réparation. Faites confiance à un professionnel certifié et reconnu comme EGS Energies (anciennement Electrogaz). Nous assurons le dépannage et la réparation des chauffe-eau solaires.</p>"
    },
    {
      "title": "Intervention de dépannage sur un chauffe-eau thermodynamique",
      "text": "<p>Ventilateur bruyant, baisse de pression ou panne d'eau chaude... Pour garantir la longévité de votre chauffe-eau thermodynamique il faut veiller à l'installer dans une pièce à l'abri du gel et des rayons du soleil, et être vigilant à ce qui entoure le chauffe-eau thermodynamique : ne posez pas d'éléments sur l'équipement ni dessous. Et pensez à couper l'alimentation si vous partez en congés.</p> <p>Si malgré ces précautions, une panne survient, contactez les équipes d'EGS Energies, habilitées à intervenir sur ce type d'installation.</p> <p><i class=\"fa fa-angle-double-right\" style=\"color: #337ab7;\"></i> <span class=\"obflink obflink-text\" data-o=\"L25vdXMtY29udGFjdGVyP3R5cGU9MSZjYXRlZ29yaWU9Ym9pbGVycw==\">Demander un RDV à nos équipes</span></p> <i class=\"fa fa-angle-double-right\" style=\"color: #337ab7;\"></i> <span class=\"obflink obflink-text\" data-o=\"L25vdXMtY29udGFjdGVyP3R5cGU9MSZjYXRlZ29yaWU9Ym9pbGVycw==\">Demander un RDV à nos équipes</span>"
    },
    {
      "title": "Remplacer votre chauffe-eau électrique",
      "text": "<p>EGS Energies vous envoie un technicien expert dans les plus brefs délais pour dépanner vos équipements électriques d'eau chaude sanitaire. Contactez-nous par téléphone ou par notre formulaire de contact pour nous décrire précisément la panne, les voyants allumés, les fuites constatées... Vous pouvez également nous envoyer des photos. Ces éléments seront utiles pour établir un pré-diagnostic et comprendre ce qui a pu occasionner l'arrêt du ballon d'eau. Nous pourrons aussi prévoir les pièces nécessaires à sa réparation.</p> <p>En cas de panne trop lourde, nos équipes pourront vous conseiller dans le choix et l'installation d'un nouveau ballon d'eau chaude, économe en énergie et en adéquation avec vos besoins.</p> <p><i class=\"fa fa-angle-double-right\" style=\"color: #337ab7;\"></i> <a href=\"/installation/chauffe-eau-electrique-et-thermodynamique\" title=\"Installer un chauffe-eau électrique\">Besoin d'installer un nouveau ballon d'eau chaude ?</a></p> <i class=\"fa fa-angle-double-right\" style=\"color: #337ab7;\"></i> <a href=\"/installation/chauffe-eau-electrique-et-thermodynamique\" title=\"Installer un chauffe-eau électrique\">Besoin d'installer un nouveau ballon d'eau chaude ?</a>"
    },
    {
      "title": "Entretenir votre chauffe-eau électrique",
      "text": "<p>Contrairement aux équipements au gaz, l'entretien annuel des équipements électriques n'est pas une obligation. Attention, il faut toutefois s'assurer régulièrement de leur bon fonctionnement, vérifier le niveau d'entartrage et remplacer, si besoin, certaines pièces. Prévoyez une visite de contrôle une fois par an afin d'éviter les pannes plus importantes et plus coûteuses...</p> <p><i class=\"fa fa-angle-double-right\" style=\"color: #337ab7;\"></i> <span class=\"obflink obflink-text\" data-o=\"L25vdXMtY29udGFjdGVyP3R5cGU9MiZjYXRlZ29yaWU9Ym9pbGVycw==\">Demandez un rendez-vous de contrôle pour votre chauffe-eau électrique</span></p> <i class=\"fa fa-angle-double-right\" style=\"color: #337ab7;\"></i> <span class=\"obflink obflink-text\" data-o=\"L25vdXMtY29udGFjdGVyP3R5cGU9MiZjYXRlZ29yaWU9Ym9pbGVycw==\">Demandez un rendez-vous de contrôle pour votre chauffe-eau électrique</span>"
    }
  ],
  "related": {
    "title": "",
    "links": []
  },
  "url": "https://www.egs-energies.fr/depannage/chauffe-eau-electrique-et-thermodynamique"
}