{
  "breadcrumb": "Chauffe eau gaz",
  "seo": {
    "title": "Dépannage chauffe-eau gaz à Nice et dans les Alpes-Maritimes",
    "description": "Réparation et dépannage de chauffe-eaux gaz et chauffe-bains sur Nice, Antibes, Cannes, Grasse, Menton, Vallauris, Saint-Laurent-du-Var et les Alpes-Maritimes",
    "opengraph": {
      "site_name": "EGS Energies",
      "type": "website",
      "locale": "fr_FR",
      "title": "Dépannage chauffe-eau gaz à Nice et dans les Alpes-Maritimes",
      "description": "Réparation et dépannage de chauffe-eaux gaz et chauffe-bains sur Nice, Antibes, Cannes, Grasse, Menton, Vallauris, Saint-Laurent-du-Var et les Alpes-Maritimes",
      "image": {
        "src": "https://www.egs-energies.fr/build/images/egs-energies-depannage-chauffe-eau-456x334.1767bd0c.jpg",
        "alt": "EGS Energies (anciennement Electrogaz) : Dépannage de votre chauffe-eau gaz à Nice"
      }
    }
  },
  "hero": {
    "title": "Dépannage chauffe-eaux gaz et chauffe-bains dans les Alpes-Maritimes",
    "subtitle": "Avec EGS Energies, retrouvez le confort d'une douche chaude rapidement !"
  },
  "intro": {
    "image": {
      "src": "https://www.egs-energies.fr/build/images/egs-energies-depannage-chauffe-eau-456x334.1767bd0c.jpg",
      "alt": "EGS Energies (anciennement Electrogaz) : Dépannage de votre chauffe-eau gaz à Nice"
    },
    "text": "<p>À <a href=\"https://www.egs-energies.fr/chauffage-cannes\" title=\"Chauffage Cannes\">Cannes</a>, <a href=\"https://www.egs-energies.fr/chauffage-nice\" title=\"Chauffage Nice\">Nice</a> comme partout ailleurs, une panne d'eau chaude est toujours problématique. Il est indispensable d'intervenir rapidement pour réparer votre chauffe-eau ou chauffe-bain dans les plus brefs délais, vous retrouverez ainsi le confort d'une douche chaude.</p> <p>EGS Energiesmobilise ses équipes de techniciens professionnels spécialistes du gaz pour vous garantir un dépannage rapide, du lundi au samedi, dans toutes les Alpes-Maritimes.</p> <p>Vous pouvez contacter nos équipes par téléphone, au 04 92 00 00 10. Ou utiliser le formulaire de contact pour faire votre demande de rendez-vous. Vous serez recontacté rapidement par nos techniciens afin de fixer un rendez-vous.</p> <p>L'équipe EGS Energies (ex-Electrogaz) vous donne différents conseils pour que vous soyez en mesure de remettre en marche rapidement votre chauffe-eau et met tout en oeuvre pour vous assurer une intervention rapide de nos techniciens sur votre installation et un dépannage effectué dans les plus brefs délais.</p>"
  },
  "contents": [
    {
      "title": "Remettre en marche rapidement votre chauffe-eau",
      "text": "<p>Avant de nous contacter, vous pouvez vérifier le fonctionnement de votre appareil et sa bonne alimentation en gaz. Retrouvez nos conseils pour réparer les pannes courantes des chauffe-eaux.</p> <p>Si l'eau chaude ne fonctionne toujours pas, contactez les équipes d'EGS Energies, par téléphone au 04 92 00 00 10 ou par notre formulaire de contact. Donnez-nous un maximum d'informations sur l'état de fonctionnement de votre chauffe-eau : débit, température de l'eau, voyants, pression... Ces informations nous seront utiles pour identifier le problème et missionner le technicien compétent, avec les pièces nécessaires.</p>"
    },
    {
      "title": "Intervention rapide sur votre chauffe-eau gaz",
      "text": "<p>EGS Energies (anciennement connu sous le nom d'Electrogaz à Nice) a acquis, en 60 ans, une expertise pointue sur tous les types d'équipements. Notre implantation multi-sites dans les Alpes-Maritimes nous permet de déployer rapidement les équipes nécessaires au dépannage de votre chauffe-eau ou chauffe-bain situé à <a href=\"https://www.egs-energies.fr/chauffage-menton\" title=\"Chauffage Menton\">Menton</a>, <a href=\"https://www.egs-energies.fr/chauffage-saint-laurent-du-var\" title=\"Chauffage Saint Laurent Du Var\">Saint-Laurent-du-Var</a> ou <a href=\"https://www.egs-energies.fr/chauffage-cagnes-sur-mer\" title=\"Chauffage Cagnes Sur Mer\">Cagnes-sur-Mer</a>.</p> <a href=\"https://www.egs-energies.fr/chauffage-menton\" title=\"Chauffage Menton\">Menton</a> <a href=\"https://www.egs-energies.fr/chauffage-saint-laurent-du-var\" title=\"Chauffage Saint Laurent Du Var\">Saint-Laurent-du-Var</a> <a href=\"https://www.egs-energies.fr/chauffage-cagnes-sur-mer\" title=\"Chauffage Cagnes Sur Mer\">Cagnes-sur-Mer</a> <p>Nous intervenons à votre domicile pour réparer et remettre en route votre appareil. Avant notre départ, nous nous assurons de son bon fonctionnement et vérifions que l'eau chaude est bien disponible dans votre logement.</p>"
    },
    {
      "title": "L'entretien de votre chauffe-eau gaz",
      "text": "<p>Comme tous les équipements au gaz, le chauffe-bain ou chauffe-eau doit être entretenu tous les ans. Il s'agit d'une obligation légale qui vise à garantir la sécurité de l'équipement et sa longévité. Un chauffe-eau bien entretenu dure plus longtemps et consomme moins. EGS Energies vous propose plusieurs formules d'entretien. En fonction de votre choix, la main-d'oeuvre et les pièces peuvent être comprises, tout au long de l'année. Renseignez-vous.</p> <p><i class=\"fa fa-angle-double-right\" style=\"color: #337ab7;\"></i> <a href=\"/entretien/chauffe-eau-gaz\" title=\"Les formules d'entretien de chauffe-eau gaz d'Electrogaz\">Découvrez les formules d'entretien proposées par EGS Energies pour votre chauffe-eau gaz</a></p> <i class=\"fa fa-angle-double-right\" style=\"color: #337ab7;\"></i> <a href=\"/entretien/chauffe-eau-gaz\" title=\"Les formules d'entretien de chauffe-eau gaz d'Electrogaz\">Découvrez les formules d'entretien proposées par EGS Energies pour votre chauffe-eau gaz</a>"
    }
  ],
  "related": {
    "title": "",
    "links": []
  },
  "url": "https://www.egs-energies.fr/depannage/chauffe-eau-gaz"
}