{
  "breadcrumb": "Chaudiere",
  "seo": {
    "title": "Dépannage chaudière à Nice et dans les Alpes-Maritimes",
    "description": "Dépannage et réparation de chaudières gaz et chaudières fioul sur Nice, Antibes, Cannes, Grasse, Le Cannet, Menton, Vallauris, Saint-Laurent-du-Var et les Alpes-Maritimes",
    "opengraph": {
      "site_name": "EGS Energies",
      "type": "website",
      "locale": "fr_FR",
      "title": "Dépannage chaudière à Nice et dans les Alpes-Maritimes",
      "description": "Dépannage et réparation de chaudières gaz et chaudières fioul sur Nice, Antibes, Cannes, Grasse, Le Cannet, Menton, Vallauris, Saint-Laurent-du-Var et les Alpes-Maritimes",
      "image": {
        "src": "https://www.egs-energies.fr/build/images/egs-energies-depannage-chaudiere.456x334.c1e0b42d.jpg",
        "alt": "Nous dépannons vos chaudières gaz et chaudières fioul"
      }
    }
  },
  "hero": {
    "title": "Dépannage chaudières à Nice, Cannes, Antibes ... et les Alpes-Maritimes",
    "subtitle": "EGS Energies et ses 25 techniciens interviennent rapidement pour dépanner vos installations"
  },
  "intro": {
    "image": {
      "src": "https://www.egs-energies.fr/build/images/egs-energies-depannage-chaudiere.456x334.c1e0b42d.jpg",
      "alt": "Nous dépannons vos chaudières gaz et chaudières fioul"
    },
    "text": "<p>EGS Energies intervient dans les plus brefs délais pour dépanner votre chaudière gaz ou fioul dans toutes les Alpes-Maritimes.</p> <p>La force de notre société réside dans son savoir-faire éprouvé depuis plus de 60 ans. Et dans sa connaissance du territoire.</p> <p>Nos quatres agences, situées à <a href=\"https://www.egs-energies.fr/chauffage-saint-laurent-du-var\" title=\"Chauffage Saint Laurent Du Var\">Saint-Laurent-du-Var</a>, <a href=\"https://www.egs-energies.fr/chauffage-nice\" title=\"Chauffage Nice\">Nice</a>, <a href=\"https://www.egs-energies.fr/chauffage-vallauris\" title=\"Chauffage Vallauris\">Vallauris</a> et <a href=\"https://www.egs-energies.fr/chauffage-menton\" title=\"Chauffage Menton\">Menton</a> nous permettent de couvrir tout le département.</p> <p>Plus de 25 techniciens sillonnent les Alpes-Maritimes et vous garantissent une intervention rapide, du lundi au samedi.</p> <p><i class=\"fa fa-angle-double-right\" style=\"color: #337ab7;\"></i> <span class=\"obflink obflink-text\" data-o=\"L25vdXMtY29udGFjdGVyP3R5cGU9MSZjYXRlZ29yaWU9Ym9pbGVycw==\">Un dépannage en urgence ? Cliquez ici</span><br><br>&nbsp;</p>"
  },
  "contents": [
    {
      "title": "Chaudières gaz : les pannes courantes",
      "text": "<p>Pour identifier en amont la panne, nous avons besoin d'un maximum d'informations. Pensez également à consulter notre page Conseils pour tenter de remettre en route vous-même votre chaudière gaz ou fioul.</p> <p>En effet, certaines pannes sont courantes et ne nécessitent pas l'intervention d'un professionnel comme les problèmes de pression ou la mise en défaut de la chaudière.</p>"
    },
    {
      "title": "Chaudières fioul : les points de vigilance",
      "text": "<p>Durables et fiables, les chaudières fioul peuvent également tomber en panne. Avant de contacter nos équipes, pensez à vérifier le niveau de fioul. Une cuve vide peut justifier un arrêt de chaudière.</p> <p>Autre cause courante : une défaillance électrique, qui empêche l'allumage de la chaudière. Vous pouvez donc vérifier que le disjoncteur est bien en marche et que les fusibles fonctionnent.</p> <p>Si malgré tout, votre chaudière fioul ne redémarre pas, contactez un chauffagiste professionnel comme EGS Energies.</p> <p><i class=\"fa fa-angle-double-right\" style=\"color: #337ab7;\"></i> <span class=\"obflink obflink-text\" data-o=\"L25vdXMtY29udGFjdGVyP3R5cGU9MSZjYXRlZ29yaWU9Ym9pbGVycw==\">Contacter les équipes d'EGS Energies </span></p> <i class=\"fa fa-angle-double-right\" style=\"color: #337ab7;\"></i> <span class=\"obflink obflink-text\" data-o=\"L25vdXMtY29udGFjdGVyP3R5cGU9MSZjYXRlZ29yaWU9Ym9pbGVycw==\">Contacter les équipes d'EGS Energies </span>"
    },
    {
      "title": "SOS votre chaudière est en panne ? Contactez EGS Energies",
      "text": "<p>Si malgré ces conseils, votre chaudière ne redémarre pas, il est indispensable d'appeler un professionnel. EGS Energies (anciennement Electrogaz) se rend disponible dans les plus brefs délais, du lundi au samedi, pour remettre en route votre chaudière, rétablir le chauffage et l'eau chaude sanitaire.</p> <p>Notre équipe, présente dans toutes les Alpes-Maritimes, dispose d'une expertise reconnue. Grâce aux informations envoyées en amont, lors de la prise de rendez-vous, l'identification de la panne et sa réparation sont rapides. Le technicien intervient à votre domicile en connaissant votre équipement et en préparant les pièces nécessaires. Il remet en route votre chaudière et s'assure de son bon fonctionnement.</p>"
    },
    {
      "title": "Pensez à l'entretien de votre chaudière gaz ou fioul",
      "text": "<p>L'entretien de votre chaudière est une obligation. Et souscrire un contrat d'entretien vous permet d'éviter les pannes et de diminuer les coûts d'intervention, qui sont compris dans les formules Avantage et Absolu proposées par EGS Energies .</p> <p><i class=\"fa fa-angle-double-right\" style=\"color: #337ab7;\"></i> <a href=\"/entretien/chaudiere-gaz\" title=\"Les formules d'entretien de chaudières d'Electrogaz\">Découvrez nos formules d'entretien de votre chaudière</a></p> <i class=\"fa fa-angle-double-right\" style=\"color: #337ab7;\"></i> <a href=\"/entretien/chaudiere-gaz\" title=\"Les formules d'entretien de chaudières d'Electrogaz\">Découvrez nos formules d'entretien de votre chaudière</a>"
    }
  ],
  "related": {
    "title": "",
    "links": []
  },
  "url": "https://www.egs-energies.fr/depannage/chaudiere"
}