{
  "breadcrumb": "Climatisation",
  "seo": {
    "title": "Dépannage climatisation à Nice et dans les Alpes-Maritimes",
    "description": "Réparation et dépannage de climatisations réversibles, monoblocs et splits sur Nice, Antibes, Cannes, Le Cannet, Vallauris, Vence et les Alpes-Maritimes",
    "opengraph": {
      "site_name": "EGS Energies",
      "type": "website",
      "locale": "fr_FR",
      "title": "Dépannage climatisation à Nice et dans les Alpes-Maritimes",
      "description": "Réparation et dépannage de climatisations réversibles, monoblocs et splits sur Nice, Antibes, Cannes, Le Cannet, Vallauris, Vence et les Alpes-Maritimes",
      "image": {
        "src": "https://www.egs-energies.fr/build/images/egs-energies-depannage-climatisation.456x334.a8e8c679.jpg",
        "alt": "Dépannage de votre climatisation par EGS Energies, anciennement Electrogaz"
      }
    }
  },
  "hero": {
    "title": "Dépannage de climatisations dans les Alpes-Maritimes",
    "subtitle": "Dépannage rapide de votre climatisation à Nice, Antibes, Grasse, Cannes, Menton, ..."
  },
  "intro": {
    "image": {
      "src": "https://www.egs-energies.fr/build/images/egs-energies-depannage-climatisation.456x334.a8e8c679.jpg",
      "alt": "Dépannage de votre climatisation par EGS Energies, anciennement Electrogaz"
    },
    "text": "<p>Dépanner une climatisation nécessite une expertise pointue et reconnue. L'entreprise EGS Energies (anciennement Electrogaz) est experte en chauffage et climatisation dans les Alpes-Maritimes depuis plus de 60 ans. Nous sommes partenaires des grandes marques de climatisation : Atlantic, Mitsubishi, Hitachi, etc. Nos équipes sont formées pour intervenir sur tous les modèles des plus grandes marques du marché, dans les plus brefs délais.</p> <p>En cas de panne, EGS Energies se rend disponible rapidement pour réparer votre climatisation et la remettre en route. Vous retrouvez ainsi le confort d'une habitation fraîche, ce qui, nous le savons bien, est important dans notre région au climat chaud et sec en été. Nous sillonnons le département et intervenons à <a href=\"https://www.egs-energies.fr/chauffage-nice\" title=\"Chauffage Nice\">Nice</a>, <a href=\"https://www.egs-energies.fr/chauffage-cannes\" title=\"Chauffage Cannes\">Cannes</a>, Valbonne, <a href=\"https://www.egs-energies.fr/chauffage-antibes\" title=\"Chauffage Antibes\">Antibes</a>, <a href=\"https://www.egs-energies.fr/chauffage-menton\" title=\"Chauffage Menton\">Menton</a>, <a href=\"https://www.egs-energies.fr/chauffage-vallauris\" title=\"Chauffage Vallauris\">Vallauris</a>, <a href=\"https://www.egs-energies.fr/chauffage-monaco\" title=\"Chauffage Monaco\">Monaco</a> et au-delà.</p> <p>Contactez nos équipes rapidement par téléphone ou via notre formulaire de contact pour obtenir votre devis pour dépannage de climatisation dans les Alpes-Maritimes.</p>"
  },
  "contents": [
    {
      "title": "Nos services de dépannage et réparation de climatisation",
      "text": "<p>Nos techniciens qualifiés sont en mesure d'établir un <strong>diagnostic rapide</strong> de votre système de climatisation. Forts de leur expérience et de leur savoir-faire, ils sauront détecter rapidement les dysfonctionnements, et vous proposer des remédiations adaptées.</p> <strong>diagnostic rapide</strong> <p>Nous disposons d'un stock important de pièces détachées pour de nombreux modèles de climatisation, ce qui nous permet de réaliser des dépannages rapides et efficaces sans avoir à attendre la livraison de nouvelles pièces. Chez EGS Energies, toutes les réparations sont assurées par des <strong>techniciens certifiés</strong>. Vous bénéficiez d'une <strong>garantie sur toutes nos réparations</strong>.</p> <strong>techniciens certifiés</strong> <strong>garantie sur toutes nos réparations</strong> <p>Aussi, pour éviter de futures pannes, nous vous proposons des <strong>contrats d'entretien personnalisés</strong>. En plus d'assurer la visite d'entretien légale de votre clim, nous vous proposons des visites annuelles de maintenance pour garder votre climatisation en bon état et prévenir les dysfonctionnements.</p> <strong>contrats d'entretien personnalisés</strong>"
    },
    {
      "title": "Votre climatisation est en panne ? Les pannes courantes",
      "text": "<p>Votre climatiseur souffle de l'air chaud en plein été ? Du froid en plein hiver ? Il ne s'allume plus ou devient particulièrement bruyant ? Votre clim ne fait plus de froid ?</p> <p>Les causes de pannes sur une climatisation réversible peuvent être multiples. Il s'agit souvent d'une simple panne électrique, ou de piles à changer dans la télécommande. N'hésitez pas à vérifier ces éléments. Parfois, il faut prendre le temps de nettoyer les filtres.</p> <p>Enfin, d'autres dysfonctionnements s'avèrent plus complexes.</p> <ul><li>Les pannes de compresseur : si vous constatez des bruits inhabituels ou que votre climatisation ne souffle plus d'air froid, cela peut indiquer une panne.</li><li>Une fuite de liquide réfrigérant : il se peut que votre clim rencontre des problèmes d'étanchéité et que le fluide frigorigène fuit. Toute manipulation de fluide frigorigène nécessite en France une attestation d'aptitude particulière, compte tenu des risques pour la santé et l'environnement. Tous nos techniciens sont formés et certifiés à la manipulation des fluides frigorigènes et pourront réparer les fuites et faire l'appoint de réfrigérant.</li><li>Les problèmes de thermostat : si votre thermostat est défectueux, vous aurez du mal à réguler la température intérieure de votre logement. Si vous n'arrivez pas à atteindre la température demandée ou que vous subissez des variations de température non expliquées, faites appel à EGS Energies. Nous vérifions et calibrons correctement votre thermostat pour garantir votre confort thermique.</li><li>Les problèmes de ventilation : la bonne ventilation de votre équipement et de votre maison est essentielle pour&nbsp; le bon fonctionnement de votre climatisation réversible. Nous nettoyons les filtres d'aération, les conduits et les grilles des unités intérieures et extérieures de votre climatisation mono ou multi-split.</li></ul> <li>Les pannes de compresseur : si vous constatez des bruits inhabituels ou que votre climatisation ne souffle plus d'air froid, cela peut indiquer une panne.</li> <li>Une fuite de liquide réfrigérant : il se peut que votre clim rencontre des problèmes d'étanchéité et que le fluide frigorigène fuit. Toute manipulation de fluide frigorigène nécessite en France une attestation d'aptitude particulière, compte tenu des risques pour la santé et l'environnement. Tous nos techniciens sont formés et certifiés à la manipulation des fluides frigorigènes et pourront réparer les fuites et faire l'appoint de réfrigérant.</li> <li>Les problèmes de thermostat : si votre thermostat est défectueux, vous aurez du mal à réguler la température intérieure de votre logement. Si vous n'arrivez pas à atteindre la température demandée ou que vous subissez des variations de température non expliquées, faites appel à EGS Energies. Nous vérifions et calibrons correctement votre thermostat pour garantir votre confort thermique.</li> <li>Les problèmes de ventilation : la bonne ventilation de votre équipement et de votre maison est essentielle pour&nbsp; le bon fonctionnement de votre climatisation réversible. Nous nettoyons les filtres d'aération, les conduits et les grilles des unités intérieures et extérieures de votre climatisation mono ou multi-split.</li>"
    },
    {
      "title": "Pourquoi choisir EGS Energies pour le dépannage de votre climatisation dans les Alpes-Maritimes ?",
      "text": "<p>La climatisation est une affaire d'experts. EGS Energies (ex-Electrogaz) intervient depuis 1958 dans le département des Alpes-Maritimes. Nos quatre agences nous permettent d'intervenir rapidement sur Nice, Mandelieu-la-Napoule, Vence, <a href=\"https://www.egs-energies.fr/chauffage-saint-laurent-du-var\" title=\"Chauffage Saint Laurent Du Var\">Saint-Laurent-du-Var</a>, <a href=\"https://www.egs-energies.fr/chauffage-cagnes-sur-mer\" title=\"Chauffage Cagnes Sur Mer\">Cagnes-sur-Mer</a>, <a href=\"https://www.egs-energies.fr/chauffage-grasse\" title=\"Chauffage Grasse\">Grasse</a>, Menton, etc.</p> <a href=\"https://www.egs-energies.fr/chauffage-saint-laurent-du-var\" title=\"Chauffage Saint Laurent Du Var\">Saint-Laurent-du-Var</a> <a href=\"https://www.egs-energies.fr/chauffage-cagnes-sur-mer\" title=\"Chauffage Cagnes Sur Mer\">Cagnes-sur-Mer</a> <a href=\"https://www.egs-energies.fr/chauffage-grasse\" title=\"Chauffage Grasse\">Grasse</a> <p>Le dépannage de votre climatisation par EGS Energies, c'est :</p> <ul><li>Une expertise locale</li><li>Des techniciens dépanneurs et réparateurs qualifiés</li><li>Une intervention rapide</li><li>Un devis transparent et garantie</li></ul> <li>Une expertise locale</li> <li>Des techniciens dépanneurs et réparateurs qualifiés</li> <li>Une intervention rapide</li> <li>Un devis transparent et garantie</li> <p>Nous savons à quel point une panne de climatisation peut être inconfortable. C'est pourquoi nous nous engageons à intervenir rapidement pour rétablir votre confort au plus vite. Nos techniciens sont hautement qualifiés et régulièrement formés aux dernières technologies auprès des plus grands fournisseurs de climatisation. Leur expertise vous garantit des interventions efficaces et durables.</p> <p>Vous bénéficiez d'une garantie Nous offrons, très logiquement, une garantie sur toutes nos réparations et maintenons une transparence totale sur nos tarifs. Vous savez exactement ce que vous payez et pour quels services.</p>"
    },
    {
      "title": "Comment ça marche : le processus de dépannage EGS Energies",
      "text": "<ol><li>Contactez-nous par téléphone, email ou via notre formulaire en ligne. Nos conseillers sont à votre écoute pour planifier une intervention rapide.</li><li>Lors de notre visite, nous effectuons une évaluation complète de votre système pour identifier les problèmes et proposer des solutions adaptées.</li><li>Une fois le diagnostic établi, nous vous soumettons un devis pour le dépannage de votre clim réversible.</li><li>Nous procédons aux réparations nécessaires en utilisant des pièces de rechange de haute qualité.</li><li>Après la réparation, nous vous proposons des services de suivi pour s'assurer que votre climatisation fonctionne de manière optimale. Nous offrons également des contrats de maintenance pour prévenir toute panne et effectuer l'entretien régulier de votre climatisation réversible.</li></ol> <li>Contactez-nous par téléphone, email ou via notre formulaire en ligne. Nos conseillers sont à votre écoute pour planifier une intervention rapide.</li> <li>Lors de notre visite, nous effectuons une évaluation complète de votre système pour identifier les problèmes et proposer des solutions adaptées.</li> <li>Une fois le diagnostic établi, nous vous soumettons un devis pour le dépannage de votre clim réversible.</li> <li>Nous procédons aux réparations nécessaires en utilisant des pièces de rechange de haute qualité.</li> <li>Après la réparation, nous vous proposons des services de suivi pour s'assurer que votre climatisation fonctionne de manière optimale. Nous offrons également des contrats de maintenance pour prévenir toute panne et effectuer l'entretien régulier de votre climatisation réversible.</li>"
    },
    {
      "title": "Nos conseils pour éviter les pannes de climatisation",
      "text": "<p>La climatisation doit être entretenue régulièrement. Cet équipement, et particulièrement l'unité extérieure, sont soumis aux aléas de la météo et il faut procéder à un nettoyage complet et approfondi. Une consommation excessive d'électricité peut aussi être le signe d'une défaillance. Pensez à faire vérifier tous les ans votre climatisation par un professionnel. Cette formalité vous permettra d'éviter les pannes plus importantes et sera, au final, source d'économies et de confort.</p> <p>Une climatisation bien entretenue est aussi plus performante et rafraîchit mieux votre intérieur !</p> <p><i class=\"fa fa-angle-double-right\" style=\"color: #337ab7;\"></i>&nbsp;<a href=\"/entretien/climatisation-pompe-a-chaleur\" title=\"Entretien PAC et climatisation\">Découvrez les formules d'entretien proposées par EGS Energies pour votre climatisation</a></p> <i class=\"fa fa-angle-double-right\" style=\"color: #337ab7;\"></i> <a href=\"/entretien/climatisation-pompe-a-chaleur\" title=\"Entretien PAC et climatisation\">Découvrez les formules d'entretien proposées par EGS Energies pour votre climatisation</a>"
    },
    {
      "title": "Installer ou remplacer une climatisation",
      "text": "<p>Si les réparations s'avèrent trop importantes, il peut être temps de changer de climatisation. Installer une nouvelle climatisation vous permet d'opter pour des modèles de dernière génération, plus efficaces, silencieux et économes en énergie.</p> <p>EGS Energies, expert de la climatisation et du chauffage, peut vous guider pour choisir la climatisation qui correspond à vos besoins et votre budget.</p> <p><i class=\"fa fa-angle-double-right\" style=\"color: #337ab7;\"></i>&nbsp;<a href=\"/installation/climatisation\" title=\"Installation pompe à chaleur air-air dans les Alpes-Maritimes\">Demandez conseil pour votre climatisation</a></p> <i class=\"fa fa-angle-double-right\" style=\"color: #337ab7;\"></i> <a href=\"/installation/climatisation\" title=\"Installation pompe à chaleur air-air dans les Alpes-Maritimes\">Demandez conseil pour votre climatisation</a>"
    }
  ],
  "related": {
    "title": "",
    "links": []
  },
  "url": "https://www.egs-energies.fr/depannage/climatisation"
}