{
  "breadcrumb": "Pompe a chaleur",
  "seo": {
    "title": "Dépannage pompe à chaleur (PAC) à Nice, Menton, Antibes",
    "description": "Dépannage et réparation de pompes à chaleur (ou PAC) : aérothermiques, air/air ou air/eau. Nous intervenons à Nice, Cannes, Grasse et les Alpes-Maritimes",
    "opengraph": {
      "site_name": "EGS Energies",
      "type": "website",
      "locale": "fr_FR",
      "title": "Dépannage pompe à chaleur (PAC) à Nice, Menton, Antibes",
      "description": "Dépannage et réparation de pompes à chaleur (ou PAC) : aérothermiques, air/air ou air/eau. Nous intervenons à Nice, Cannes, Grasse et les Alpes-Maritimes",
      "image": {
        "src": "https://www.egs-energies.fr/build/images/egs-energies-depannage-pompe-a-chaleur.456x334.58685c54.jpg",
        "alt": "Dépannage PAC (pompe à chaleur) par EGS Energies, anciennement Electrogaz"
      }
    }
  },
  "hero": {
    "title": "Dépannage et réparation de pompes à chaleur dans les Alpes-Maritimes",
    "subtitle": "EGS Energies maîtrise cette solution économique et confortable et intervient rapidement"
  },
  "intro": {
    "image": {
      "src": "https://www.egs-energies.fr/build/images/egs-energies-depannage-pompe-a-chaleur.456x334.58685c54.jpg",
      "alt": "Dépannage PAC (pompe à chaleur) par EGS Energies, anciennement Electrogaz"
    },
    "text": "<p>La société EGS Energies est votre interlocuteur unique pour le dépannage et la réparation des pompes à chaleur, dans toutes les Alpes-Maritimes.</p> <p>Nos équipes sont formées pour intervenir sur tout type de modèles et de marques, dans les plus brefs délais à <a href=\"https://www.egs-energies.fr/chauffage-cagnes-sur-mer\" title=\"Chauffage Cagnes Sur Mer\">Cagnes-sur-Mer</a>, <a href=\"https://www.egs-energies.fr/chauffage-saint-laurent-du-var\" title=\"Chauffage Saint Laurent Du Var\">Saint-Laurent-du-Var</a> ou encore Mandelieu-la-Napoule.</p> <p>Pompes à chaleur aérothermiques ou géothermiques, nous vous garantissons une réactivité maximale et un savoir-faire reconnu. Nous sommes également compétents pour prendre en charge l'entretien de cet équipement.</p> <p>Si vous constatez un défaut de fonctionnement ou une consommation anormale, contactez rapidement nos équipes. Nos 25 techniciens se déplacent dans les plus brefs délais dans tout le département.</p>"
  },
  "contents": [
    {
      "title": "Votre PAC ou pompe à chaleur est en panne ? Comment agir ?",
      "text": "<p>C'est souvent en plein coeur de l'hiver, quand la pompe à chaleur fonctionne beaucoup, qu'elle tombe en panne. En fonction des cas, votre équipement est éteint et ne redémarre pas. Parfois, il fait un bruit excessif. Et il arrive que vous constatiez une baisse de puissance... Quelle que soit la situation, une réparation rapide et efficace s'impose. EGS Energies (anciennement Electrogaz) mobilise ses équipes du lundi au samedi, dans tout le département.</p> <p><i class=\"fa fa-angle-double-right\" style=\"color: #337ab7;\"></i> <span class=\"obflink obflink-text\" data-o=\"L25vdXMtY29udGFjdGVyP3R5cGU9MSZjYXRlZ29yaWU9cmVuZXdhYmxlX2VuZXJneV9zb2x1dGlvbnM=\">Besoin d'un dépannage en urgence de votre pompr à chaleur ? Contactez nos équipes</span></p> <i class=\"fa fa-angle-double-right\" style=\"color: #337ab7;\"></i> <span class=\"obflink obflink-text\" data-o=\"L25vdXMtY29udGFjdGVyP3R5cGU9MSZjYXRlZ29yaWU9cmVuZXdhYmxlX2VuZXJneV9zb2x1dGlvbnM=\">Besoin d'un dépannage en urgence de votre pompr à chaleur ? Contactez nos équipes</span>"
    },
    {
      "title": "L'entretien de votre pompe à chaleur, la clé de longévité de votre PAC",
      "text": "<p>Afin d'éviter la panne complète, la prévention est de mise. Le contrôle de vos installations permet de s'assurer du bon état de marche de la pompe à chaleur. Les pompes à chaleur aérothermiques, qu'elles soient air/air ou air/eau, nécessitent un nettoyage régulier et complet des unités intérieures et extérieures et des pièces qui la composent (ventilateurs, filtres...).</p> <p><i class=\"fa fa-angle-double-right\" style=\"color: #337ab7;\"></i> <span class=\"obflink obflink-text\" data-o=\"L25vdXMtY29udGFjdGVyP3R5cGU9MiZjYXRlZ29yaWU9cmVuZXdhYmxlX2VuZXJneV9zb2x1dGlvbnM=\">Planifiez une visite de contrôle</span></p> <i class=\"fa fa-angle-double-right\" style=\"color: #337ab7;\"></i> <span class=\"obflink obflink-text\" data-o=\"L25vdXMtY29udGFjdGVyP3R5cGU9MiZjYXRlZ29yaWU9cmVuZXdhYmxlX2VuZXJneV9zb2x1dGlvbnM=\">Planifiez une visite de contrôle</span> <p>L'entretien des pompes à chaleur est également une obligation si la charge en fluide frigorigène de la PAC est supérieure à deux kilogrammes. Ainsi, le matériel est bien entretenu, performant et durable dans le temps. Les visites annuelles d'entretien sont l'occasion de nettoyer, régler et vérifier la pompe à chaleur. Un bon moyen pour éviter les pannes futures.</p> <p><i class=\"fa fa-angle-double-right\" style=\"color: #337ab7;\"></i> <a href=\"/entretien/climatisation-pompe-a-chaleur\" title=\"Les formules Electrogaz pour l'entretien de votre PAC\">EGS Energies vous propose plusieurs formules d'entretien pour votre PAC</a></p> <i class=\"fa fa-angle-double-right\" style=\"color: #337ab7;\"></i> <a href=\"/entretien/climatisation-pompe-a-chaleur\" title=\"Les formules Electrogaz pour l'entretien de votre PAC\">EGS Energies vous propose plusieurs formules d'entretien pour votre PAC</a>"
    }
  ],
  "related": {
    "title": "",
    "links": []
  },
  "url": "https://www.egs-energies.fr/depannage/pompe-a-chaleur"
}