{
  "breadcrumb": "Chaudiere",
  "seo": {
    "title": "Installation chaudière gaz et fioul à Grasse, Nice, Vence",
    "description": "Installation de chaudière à granulés, de chaudière à gaz ou de chaudière à bûches dans les Alpes-Maritimes. Devis gratuits, aides financières et intervention rapide.",
    "opengraph": {
      "site_name": "EGS Energies",
      "type": "website",
      "locale": "fr_FR",
      "title": "Installation chaudière gaz et fioul à Grasse, Nice, Vence",
      "description": "Installation de chaudière à granulés, de chaudière à gaz ou de chaudière à bûches dans les Alpes-Maritimes. Devis gratuits, aides financières et intervention rapide.",
      "image": {
        "src": "https://www.egs-energies.fr/build/images/egs-energies-installation-chaudiere.456x334.f39832b8.jpg",
        "alt": "Installation ou remplacement de chaudières gaz, bois et fioul par Electrogaz - EGS Energies"
      }
    }
  },
  "hero": {
    "title": "L'expertise EGS Energies au service de l'installation de votre chaudière à gaz ou à bois autour de Nice",
    "subtitle": "EGS Energies, votre installateur de chaudières à gaz, granulés ou bûches près de Menton, Grasse, Monaco, Cannes"
  },
  "intro": {
    "image": {
      "src": "https://www.egs-energies.fr/build/images/egs-energies-installation-chaudiere.456x334.f39832b8.jpg",
      "alt": "Installation ou remplacement de chaudières gaz, bois et fioul par Electrogaz - EGS Energies"
    },
    "text": "<p>Choisir un nouvel équipement de chauffage est une étape importante et l'expertise d'un professionnel est indispensable. Les marques et les modèles sont nombreux, et la gamme de prix est large. Il faut aussi prendre en compte les contraintes du logement. Alors, comment choisir ?</p> <p>En s'appuyant sur un professionnel reconnu et certifié : le groupe EGS Energies (ex Electrogaz). Depuis 60 ans, nous installons des <strong>chaudières gaz et bois dans les Alpes-Maritimes</strong>.&nbsp;Nous disposons d'un savoir-faire reconnu, avec des équipes spécialisées et compétentes. Et nous nous rendons disponibles dans les plus brefs délais pour étudier votre situation, définir avec vous vos besoins et vous guider vers la chaudière qui vous correspond.</p> <p><a title=\"Rendez-vous installation chaudière\" href=\"/nous-contacter?type=3&amp;categorie=boilers\"> Prenez RDV avec EGS Energies pour obtenir un devis pour l'installation de votre chaudière gaz, à granulés ou à bûches ! </a></p>"
  },
  "contents": [
    {
      "title": "Quand remplacer sa chaudière ?",
      "text": "<p>Plusieurs signes peuvent vous indiquer qu'il est temps de <strong> remplacer votre chaudière fioul ou gaz </strong> . Si votre chaudière affiche plus de 15 ans, son efficacité énergétique a probablement diminué. La durée de vie d'une chaudière gaz ou fioul est en effet de 15 à 17 ans.</p> <strong> remplacer votre chaudière fioul ou gaz </strong> <p>Au-delà de cet âge, il est préférable de <strong>se tourner vers une nouvelle chaudière</strong>. D'autres signes peuvent vous inviter à opter pour l'installation d'une nouvelle chaudière : des pannes à répétition, une facture d'énergie trop importante, une perte de confort...</p> <strong>se tourner vers une nouvelle chaudière</strong> <p>Si vous avez une chaudière fioul, vous désirez peut-être la remplacer par un appareil plus économe en énergie : une chaudière gaz dernière génération, une chaudière à granulés, par exemple.</p> <p>EGS Energies <a href=\"/qui-sommes-nous/zones-intervention\" title=\"Zone d'intervention EGS Energies Electogaz\">se déplace dans toutes les Alpes-Maritimes</a> pour évaluer l’état de votre chaudière et vous conseiller sur son remplacement.</p> <a href=\"/qui-sommes-nous/zones-intervention\" title=\"Zone d'intervention EGS Energies Electogaz\">se déplace dans toutes les Alpes-Maritimes</a>"
    },
    {
      "title": "Les avantages des chaudières gaz et bois pour votre logement dans les Alpes-Maritimes",
      "text": "<p>Une nouvelle chaudière gaz ou bois représente un investissement judicieux pour <strong> réduire vos factures d’énergie </strong> tout en améliorant votre confort.</p> <strong> réduire vos factures d’énergie </strong> <p>Les <a href=\"/equipements/chaudieres/chaudiere-gaz\"> chaudières gaz à condensation</a>, par exemple, récupèrent la chaleur contenue dans les fumées pour chauffer l’eau du circuit de chauffage. Cette technologie réduit considérablement la consommation de gaz, tout en augmentant le rendement global de l’installation.</p> <a href=\"/equipements/chaudieres/chaudiere-gaz\"> chaudières gaz à condensation</a> <p>Les <a href=\"https://www.egs-energies.fr/equipements/chaudieres/chaudiere-bois\" title=\"Chaudières biomasse Alpes-Maritimes\"> chaudières bois</a> (à bûches ou à granulés), quant à elles, exploitent une énergie renouvelable, ce qui en fait un choix respectueux de l’environnement.</p> <a href=\"https://www.egs-energies.fr/equipements/chaudieres/chaudiere-bois\" title=\"Chaudières biomasse Alpes-Maritimes\"> chaudières bois</a> <p>En combinant une chaudière gaz ou une chaudière bois à un circuit de chauffage central bien conçu, vous pouvez bénéficier d’une chaleur homogène et agréable dans toutes les pièces de votre logement. Ces avantages, couplés aux <strong> aides financières </strong> disponibles, rendent le remplacement d’une chaudière ancienne encore plus attrayant.</p> <strong> aides financières </strong> <h3>Comment EGS Energies vous aide à choisir la chaudière idéale pour votre logement</h3> <p>Le choix d’une chaudière dépend de plusieurs critères, tels que la configuration de votre circuit de chauffage central, la taille de votre logement, et vos besoins en eau chaude sanitaire. EGS Energies (anciennemnt <span style=\"color: #626262;\">Electrogaz)</span>&nbsp;vous accompagne dans cette démarche, en vous proposant des solutions adaptées, qu’il s’agisse d’une chaudière gaz à condensation ou d’une chaudière bois.</p> <span style=\"color: #626262;\">Electrogaz)</span> <p>Nos experts évaluent vos besoins spécifiques, puis vous orientent vers l’équipement le plus approprié. Nous prenons en compte la compatibilité avec votre installation existante, ainsi que les contraintes d’espace. Cette approche garantit que votre nouvelle chaudière fonctionne de manière optimale, tout en s’intégrant parfaitement à votre environnement</p>"
    },
    {
      "title": "Les aides financières pour l'installation de votre chaudière gaz ou bois",
      "text": "<p>L’installation d’une nouvelle chaudière gaz ou bois dans les Alpes-Maritimes ouvre droit à diverses aides financières qui allègent considérablement le coût de votre investissement. <strong>MaPrimeRénov’</strong>, les <strong>Certificats d’Économies d’Énergie</strong> (CEE), par exemple, rendent ce type de projet plus accessible.</p> <strong>MaPrimeRénov’</strong> <strong>Certificats d’Économies d’Énergie</strong> <p>EGS Energies (ex-Electrogaz) s’occupe de toutes les <strong>démarches administratives</strong>. Nos équipes vous accompagnent pour vérifier votre éligibilité et trouver toutes les subventions auxquelles vous pouvez prétendre. Grâce à ces dispositifs et à nos équipes, vous bénéficiez d’un équipement moderne et efficace, tout en réalisant <strong>des économies dès l’installation</strong>.</p> <strong>démarches administratives</strong> <strong>des économies dès l’installation</strong>"
    },
    {
      "title": "EGS Energies, partenaire des plus grandes marques de chaudières",
      "text": "<p>Depuis plus de 60 ans, nous travaillons avec <a href=\"/qui-sommes-nous/certifications-et-marques\"> les plus grandes marques</a> pour vous proposer un large choix de chaudières gaz et de chaudières bois. Nos partenariats avec des fabricants renommés tels que <strong>Frisquet</strong>, <strong>Atlantic</strong>, <strong>Chaffoteaux</strong>, <strong>ELM Leblanc</strong>, <strong>De Dietrich</strong>, <strong>Viessmann</strong> ou encore <strong>Saunier Duval</strong> nous permettent de vous proposer des équipements économes et performants.</p> <a href=\"/qui-sommes-nous/certifications-et-marques\"> les plus grandes marques</a> <strong>Frisquet</strong> <strong>Atlantic</strong> <strong>Chaffoteaux</strong> <strong>ELM Leblanc</strong> <strong>De Dietrich</strong> <strong>Viessmann</strong> <strong>Saunier Duval</strong> <p>Compacité, source d'énergie, performances énergétiques, prix, avec ou sans eau chaude sanitaire : quelles que soient vos attentes, nous vous orienterons vers la chaudière la plus pertinente et assurons son installation, sa maintenance et son dépannage si nécessaire.</p>"
    },
    {
      "title": "Pourquoi choisir EGS Energies pour l'installation de votre chaudière près de Nice, Antibes ou Saint-Laurent-du-Var ?",
      "text": "<p>EGS Energies se positionne comme un acteur incontournable pour l'installation de chaudières gaz et bois dans les Alpes-Maritimes. Anciennement connu sous les noms d’<a href=\"../../conseils-et-actualites/electrogaz-devient-egs-energies\">Electrogaz à Nice, Descamps à Vence, AD Services Gaz à Vallauris et Depan’Gaz à Menton</a>, notre entreprise a su croître grâce au savoir-faire de nos agences et de nos équipes.</p> <a href=\"../../conseils-et-actualites/electrogaz-devient-egs-energies\">Electrogaz à Nice, Descamps à Vence, AD Services Gaz à Vallauris et Depan’Gaz à Menton</a> <p>Avec plus de 60 ans d’expérience, EGS Energies vous offre un service complet, du conseil jusqu’à la mise en service de votre équipement de chauffage. Que vous habitiez <a href=\"https://www.egs-energies.fr/chauffage-nice\" title=\"Chauffage Nice\">Nice</a>, <a href=\"https://www.egs-energies.fr/chauffage-cannes\" title=\"Chauffage Cannes\">Cannes</a>, <a href=\"https://www.egs-energies.fr/chauffage-menton\" title=\"Chauffage Menton\">Menton</a>, <a href=\"https://www.egs-energies.fr/chauffage-grasse\" title=\"Chauffage Grasse\">Grasse</a> ou encore <a href=\"https://www.egs-energies.fr/chauffage-monaco\" title=\"Chauffage Monaco\">Monaco</a> vous bénéficiez ainsi d’<a href=\"../../qui-sommes-nous\" title=\"EGS Energies, chauffagiste depuis plus de 60 ans\"><strong>une expertise locale</strong></a> pour optimiser votre confort thermique tout en réalisant des économies d’énergie.</p> <a href=\"https://www.egs-energies.fr/chauffage-nice\" title=\"Chauffage Nice\">Nice</a> <a href=\"https://www.egs-energies.fr/chauffage-cannes\" title=\"Chauffage Cannes\">Cannes</a> <a href=\"https://www.egs-energies.fr/chauffage-menton\" title=\"Chauffage Menton\">Menton</a> <a href=\"https://www.egs-energies.fr/chauffage-grasse\" title=\"Chauffage Grasse\">Grasse</a> <a href=\"https://www.egs-energies.fr/chauffage-monaco\" title=\"Chauffage Monaco\">Monaco</a> <a href=\"../../qui-sommes-nous\" title=\"EGS Energies, chauffagiste depuis plus de 60 ans\"><strong>une expertise locale</strong></a> <strong>une expertise locale</strong> <p>Nos équipes qualifiées s’engagent à vous fournir des solutions adaptées à votre logement, en tenant compte de vos besoins spécifiques et des caractéristiques de votre circuit de chauffage central. Chaque projet fait l’objet d’une attention particulière pour vous garantir une installation conforme aux normes, avec un rendement énergétique optimal.</p> <p>Nos techniciens, formés aux dernières innovations, maîtrisent parfaitement les spécificités des chaudières gaz et des chaudières bois qu’elles soient à bois ou à granulés.</p>"
    }
  ],
  "related": {
    "title": "",
    "links": []
  },
  "url": "https://www.egs-energies.fr/installation/chaudiere"
}