{
  "breadcrumb": "Chauffe eau electrique et thermodynamique",
  "seo": {
    "title": "Installation chauffe-eau électrique à Saint-Laurent-du-Var, Nice, Grasse",
    "description": "Remplacement et installation chauffe-eau électrique, thermodynamique ou solaire : étude et devis gratuit. Intervention sur Nice et dans les Alpes-Maritimes",
    "opengraph": {
      "site_name": "EGS Energies",
      "type": "website",
      "locale": "fr_FR",
      "title": "Installation chauffe-eau électrique à Saint-Laurent-du-Var, Nice, Grasse",
      "description": "Remplacement et installation chauffe-eau électrique, thermodynamique ou solaire : étude et devis gratuit. Intervention sur Nice et dans les Alpes-Maritimes",
      "image": {
        "src": "https://www.egs-energies.fr/build/images/egs-energies-installation-chauffe-eau.456x334.ce920ea5.jpg",
        "alt": "installation chauffe-eau thermodynamique et électrique par EGS Energies - Electrogaz"
      }
    }
  },
  "hero": {
    "title": "Votre spécialiste de l'installation de chauffe-eaux électrique dans le 06",
    "subtitle": "Électrique, solaire ou thermodynamique, EGS Energies installe la solution adaptée à vos besoins"
  },
  "intro": {
    "image": {
      "src": "https://www.egs-energies.fr/build/images/egs-energies-installation-chauffe-eau.456x334.ce920ea5.jpg",
      "alt": "installation chauffe-eau thermodynamique et électrique par EGS Energies - Electrogaz"
    },
    "text": "<p>Depuis plus de 60 ans, EGS Energies (anciennement Electrogaz) vous accompagne dans l'installation de votre chauffe-eau électrique. Cet équipement s'adapte à tous les logements et se connecte au réseau électrique. Il chauffe l'eau pendant les heures creuses et vous délivre de l'eau chaude sanitaire à température constante, quand vous en avez besoin. Il faut donc veiller à choisir une capacité de stockage adaptée à vos besoins. Les chauffe-eau électriques sont de plus en plus compactes et design, pour s'intégrer facilement dans votre intérieur.</p> <p>Vous pouvez également vous tourner vers un chauffe-eau solaire ou thermodynamique. Les techniciens EGS Energiessont disponibles pour vous le poser et le mettre en route...</p> <p>Ils se déplacent dans toutes les Alpes-Maritimes et vous guident pour choisir l'équipement qui s'adapte à votre logement</p>"
  },
  "contents": [
    {
      "title": "Installer un chauffe-eau électrique avec un professionnel RGE",
      "text": "<p>L'installation d'un chauffe-eau électrique à <a href=\"https://www.egs-energies.fr/chauffage-nice\" title=\"Chauffage Nice\">Nice</a>, <a href=\"https://www.egs-energies.fr/chauffage-saint-laurent-du-var\" title=\"Chauffage Saint Laurent Du Var\">Saint-Laurent-du-Var</a> et <a href=\"https://www.egs-energies.fr/chauffage-cagnes-sur-mer\" title=\"Chauffage Cagnes Sur Mer\">Cagnes-sur-Mer</a> doit être réalisée par un professionnel reconnu comme le groupe EGS Energies. Notre savoir-faire est un gage de confiance et de sérieux. Nous avons tissé, sur le territoire, des partenariats avec les marques leaders, qui innovent et fabriquent des équipements toujours plus économes en énergies. Et qui délivrent une eau chaude sanitaire constante, à bonne température.</p> <a href=\"https://www.egs-energies.fr/chauffage-nice\" title=\"Chauffage Nice\">Nice</a> <a href=\"https://www.egs-energies.fr/chauffage-saint-laurent-du-var\" title=\"Chauffage Saint Laurent Du Var\">Saint-Laurent-du-Var</a> <a href=\"https://www.egs-energies.fr/chauffage-cagnes-sur-mer\" title=\"Chauffage Cagnes Sur Mer\">Cagnes-sur-Mer</a> <p><i class=\"fa fa-angle-double-right\" style=\"color: #337ab7;\"></i> <span class=\"obflink obflink-text\" data-o=\"L25vdXMtY29udGFjdGVyP3R5cGU9MyZjYXRlZ29yaWU9Ym9pbGVycw==\">Contactez notre équipe pour l'installation de votre futur chauffe-eau</span></p> <i class=\"fa fa-angle-double-right\" style=\"color: #337ab7;\"></i> <span class=\"obflink obflink-text\" data-o=\"L25vdXMtY29udGFjdGVyP3R5cGU9MyZjYXRlZ29yaWU9Ym9pbGVycw==\">Contactez notre équipe pour l'installation de votre futur chauffe-eau</span> <p>Bien choisir votre équipement, c'est se tourner vers la solution adaptée à votre espace, avec suffisamment de stockage pour vous permettre de vous laver en toute sérénité, sans douche froide. C'est aussi un dispositif économe en énergie, qui se programmera sur les heures de consommation les plus avantageuses.</p> <p>À <a href=\"https://www.egs-energies.fr/chauffage-vallauris\" title=\"Chauffage Vallauris\">Vallauris</a>, <a href=\"https://www.egs-energies.fr/chauffage-le-cannet\" title=\"Chauffage Le Cannet\">Le Cannet</a> et <a href=\"https://www.egs-energies.fr/chauffage-antibes\" title=\"Chauffage Antibes\">Antibes</a>, EGS Energies (ex-Electrogaz) établit un diagnostic de vos besoins et vous conseille pour choisir votre nouvelle solution d'eau chaude sanitaire.</p> <a href=\"https://www.egs-energies.fr/chauffage-vallauris\" title=\"Chauffage Vallauris\">Vallauris</a> <a href=\"https://www.egs-energies.fr/chauffage-le-cannet\" title=\"Chauffage Le Cannet\">Le Cannet</a> <a href=\"https://www.egs-energies.fr/chauffage-antibes\" title=\"Chauffage Antibes\">Antibes</a> <p><i class=\"fa fa-angle-double-right\" style=\"color: #337ab7;\"></i> <span class=\"obflink obflink-text\" data-o=\"L25vdXMtY29udGFjdGVyP3R5cGU9MyZjYXRlZ29yaWU9Ym9pbGVycw==\">Prendre RDV pour l'installation d'un chauffe-eau</span></p> <i class=\"fa fa-angle-double-right\" style=\"color: #337ab7;\"></i> <span class=\"obflink obflink-text\" data-o=\"L25vdXMtY29udGFjdGVyP3R5cGU9MyZjYXRlZ29yaWU9Ym9pbGVycw==\">Prendre RDV pour l'installation d'un chauffe-eau</span>"
    },
    {
      "title": "Installer ou remplacer votre chauffe-eau électrique",
      "text": "<p>Pour savoir quand remplacer votre ballon d'eau, il suffit de vous pencher sur vos factures d'électricité. Si vous constatez une hausse anormale de votre consommation, votre équipement peut être en cause. En effet, un appareil vétuste aura besoin de plus d'électricité pour mettre à température l'eau. Vous pouvez également vous alerter en cas de pannes répétées et d'écoulement suspect d'eau. Si la zone de stockage fuit, pensez à couper l'alimentation électrique et à appeler immédiatement les équipes d'EGS Energies.</p>"
    },
    {
      "title": "Installer ou remplacer votre chauffe-eau solaire",
      "text": "<p>Raccordé à un panneau photovoltaïque, le chauffe-eau solaire utilise une énergie propre et gratuite : le soleil. Un avantage considérable, qui se ressent sur vos factures. En été, le chauffe-eau solaire peut ainsi couvrir 100% des besoins du foyer. Une solution d'appoint est toutefois nécessaire en hiver.</p> <p>L'installation d'un chauffe-eau solaire est particulièrement recommandée dans le département des Alpes Maritimes, car nous bénéficions d'un ensoleillement optimal. Les équipes d'EGS Energiessont disponibles pour étudier la faisabilité et la pertinence de votre projet. Et vous orienter vers un équipement performant, au service de votre confort. En cas de défaillance ou de baisse de la performance, nous nous déplaçons très rapidement pour réparer et remettre en route votre chauffe-eau solaire.</p>"
    },
    {
      "title": "Installer ou remplacer votre chauffe-eau thermodynamique",
      "text": "<p>Le ballon thermodynamique utilise les calories présentes dans l'air pour chauffer l'eau chaude sanitaire. Il est économique et permet de diviser vos factures par trois. Il est également éligible au crédit d'impôts en vigueur.</p> <p>Les équipements proposés par EGS Energies (ex-Electrogaz) s'adaptent à vos contraintes et vous assurent un confort durable. Nos équipes sont disponibles pour vous présenter les différentes gammes de chauffe-eau thermodynamiques et trouver, avec vous, le modèles qui vous correspond.</p> <p><i class=\"fa fa-angle-double-right\" style=\"color: #337ab7;\"></i> <span class=\"obflink obflink-text\" data-o=\"L25vdXMtY29udGFjdGVyP3R5cGU9MyZjYXRlZ29yaWU9Ym9pbGVycw==\">Prendre RDV pour l'installation d'un chauffe-eau thermodynamique</span></p> <i class=\"fa fa-angle-double-right\" style=\"color: #337ab7;\"></i> <span class=\"obflink obflink-text\" data-o=\"L25vdXMtY29udGFjdGVyP3R5cGU9MyZjYXRlZ29yaWU9Ym9pbGVycw==\">Prendre RDV pour l'installation d'un chauffe-eau thermodynamique</span>"
    },
    {
      "title": "MaPrimeRenov' vous aide pour l'installation de votre chauffe-eau solaire.",
      "text": "<p>Vous habitez à <b>Nice</b> ou ses alentours, dans les villes de <b>Vallauris, <a href=\"https://www.egs-energies.fr/chauffage-grasse\" title=\"Chauffage Grasse\">Grasse</a>, Cagnes-sur-Mer</b> ou encore <b>Saint-Laurent-du-Var</b> et vous souhaitez installer un chauffe-eau solaire, une solution plus respectueuse de l'environnement qui vous permettra de réaliser des économies d'énergie ? Vous pourrez bénéficier de l'aide MaPrimeRenov' pour réaliser des économies sur vos travaux de rénovation énergétique.</p> <b>Nice</b> <b>Vallauris, <a href=\"https://www.egs-energies.fr/chauffage-grasse\" title=\"Chauffage Grasse\">Grasse</a>, Cagnes-sur-Mer</b> <a href=\"https://www.egs-energies.fr/chauffage-grasse\" title=\"Chauffage Grasse\">Grasse</a> <b>Saint-Laurent-du-Var</b> <p>Depuis le 1er octobre 2020, <a href=\"https://www.maprimerenov.gouv.fr\" title=\"site du gouvernement sur MaPrimeRenov\" target=\"_blank\" rel=\"noopener\">MaPrimeRenov'</a>, l'aide de l'ANAH (Agence Nationale de l'Habitat) est accessible à l'ensemble des propriétaires et copropriétaires qu'ils soient bailleurs ou qu'ils résident directement dans leur résidence principale. MaPrimeRenov' s'applique en fonction d'un barème coloré précis (MaPrimeRenov' Bleu, Jaune, Violet, Rose ou Copropriété), calculé en fonction de votre revenu fiscal de référence, du nombre de personnes composant votre foyer et selon le gain énergétique réalisé à la suite de vos travaux.</p> <a href=\"https://www.maprimerenov.gouv.fr\" title=\"site du gouvernement sur MaPrimeRenov\" target=\"_blank\" rel=\"noopener\">MaPrimeRenov'</a> <p>Ainsi, suite à l'installation d'un chauffe-eau solaire à Antibes ou encore Cagnes-sur-Mer par un technicien spécialisé EGS Energies, vous pourrez bénéficier de MaPrimeRenov' jusqu'à 4 000 euros si vous bénéficiez du plus haut plafond de la prime, c'est-à-dire que vous appartenez à la catégorie MaPrimeRenov' Bleu. A noter que les ménages les plus modestes bénéficient d'une prime plus importante.</p> <p>Pour vous permettre de connaître le montant exact dont vous pourrez bénéficier, le gouvernement a crée <a href=\"https://www.faire.gouv.fr/aides-de-financement/simulaides\" title=\"simulateur du gouvernement en ligne pour MaPrimeRenov et les CEE\" target=\"_blank\" rel=\"noopener\">un simulateur pour MaPrimeRenov' et les CEE en ligne</a>. Pour le remplir, il vous suffit de vous munir des caractéristiques du logement qui est concerné par votre demande (surface et année de construction notamment), des devis des entreprises que vous avez déjà sollicité ainsi que de votre dernière feuille d'imposition sur laquelle se trouve votre Revenu Fiscal de Référence (RFR).</p> <a href=\"https://www.faire.gouv.fr/aides-de-financement/simulaides\" title=\"simulateur du gouvernement en ligne pour MaPrimeRenov et les CEE\" target=\"_blank\" rel=\"noopener\">un simulateur pour MaPrimeRenov' et les CEE en ligne</a> <p>Bénéficier d'une aide MaPrimeRenov' pour l'installation de votre chauffe-eau solaire par nos techniciens dans les Alpes-Maritimes vous permettra de réaliser des économies conséquentes sur le montant de vos travaux.</p>"
    }
  ],
  "related": {
    "title": "",
    "links": []
  },
  "url": "https://www.egs-energies.fr/installation/chauffe-eau-electrique-et-thermodynamique"
}