{
  "breadcrumb": "Chauffe eau gaz",
  "seo": {
    "title": "Installation chauffe-eau gaz à Vallauris, Nice, Antibes",
    "description": "Nouvelle installation ou remplacement de votre chauffe-eau gaz : étude et devis gratuit. EGS Energies, votre chauffagiste RGE sur Nice et les Alpes-Maritimes",
    "opengraph": {
      "site_name": "EGS Energies",
      "type": "website",
      "locale": "fr_FR",
      "title": "Installation chauffe-eau gaz à Vallauris, Nice, Antibes",
      "description": "Nouvelle installation ou remplacement de votre chauffe-eau gaz : étude et devis gratuit. EGS Energies, votre chauffagiste RGE sur Nice et les Alpes-Maritimes",
      "image": {
        "src": "https://www.egs-energies.fr/build/images/egs-energies-installation-chauffe-bain.456x334.6bf449a5.jpg",
        "alt": "installation de votre chauffe-eau gaz par un chauffagiste expert dans le domaine"
      }
    }
  },
  "hero": {
    "title": "EGS Energies installe votre chauffe-eau gaz dans les Alpes-Maritimes",
    "subtitle": "Choisissez le confort du gaz pour l'eau chaude sanitaire de votre logement"
  },
  "intro": {
    "image": {
      "src": "https://www.egs-energies.fr/build/images/egs-energies-installation-chauffe-bain.456x334.6bf449a5.jpg",
      "alt": "installation de votre chauffe-eau gaz par un chauffagiste expert dans le domaine"
    },
    "text": "<p>Le chauffe-eau gaz utilise le gaz pour chauffer l'eau chaude sanitaire. Cet équipement peut être installé facilement, dans les logements individuels ou collectifs.</p> <p>Ses avantages sont nombreux : il suffit d'être approvisionner en gaz de ville pour l'installer. Il concerne donc beaucoup d'habitations. Le choix des modèles est vaste et l'équipement est durable. En termes de confort, c'est aussi une solution intéressante.</p> <p>Le chauffe-eau gaz peut être instantané : il chauffe l'eau en fonction de la demande. Ou par accumulation : vous bénéficiez alors d'un stockage d'eau et vous profitez d'une température constante. Autre atout : les dernières générations de chauffe-eau gaz à condensation sont particulièrement économes en énergie.</p> <p>Pour vous aider dans votre choix et sélectionner un équipement adapté à votre logement et vos attentes, EGS Energies (anciennement Electrogaz) vous accompagne à <a href=\"https://www.egs-energies.fr/chauffage-nice\" title=\"Chauffage Nice\">Nice</a>, <a href=\"https://www.egs-energies.fr/chauffage-vallauris\" title=\"Chauffage Vallauris\">Vallauris</a>, <a href=\"https://www.egs-energies.fr/chauffage-monaco\" title=\"Chauffage Monaco\">Monaco</a> et <a href=\"https://www.egs-energies.fr/chauffage-menton\" title=\"Chauffage Menton\">Menton</a>. Nous intervenons également dans son installation et sa mise en route, dans les Alpes-Maritimes.</p>"
  },
  "contents": [
    {
      "title": "Quand changer de chauffe-eau ?",
      "text": "<p>Il est temps de changer votre chauffe-eau quand celui-ci perd en performance ou multiplie les pannes. Si votre eau chaude baisse en température et que la réparation ne suffit pas, il faut songer à une nouvelle installation.</p> <p>EGS Energies (ex-Electrogaz), expert des solutions de chauffage depuis plus de 60 ans, est disponible pour évaluer le fonctionnement de votre chauffe-eau gaz à <a href=\"https://www.egs-energies.fr/chauffage-grasse\" title=\"Chauffage Grasse\">Grasse</a>, <a href=\"https://www.egs-energies.fr/chauffage-antibes\" title=\"Chauffage Antibes\">Antibes</a> ou <a href=\"https://www.egs-energies.fr/chauffage-cagnes-sur-mer\" title=\"Chauffage Cagnes Sur Mer\">Cagnes-sur-Mer</a>. Nos techniciens vérifient la vétusté de votre chauffe-eau et vous conseillent pour trouver l'équipement qui répondra à vos besoins et vos contraintes.</p> <a href=\"https://www.egs-energies.fr/chauffage-grasse\" title=\"Chauffage Grasse\">Grasse</a> <a href=\"https://www.egs-energies.fr/chauffage-antibes\" title=\"Chauffage Antibes\">Antibes</a> <a href=\"https://www.egs-energies.fr/chauffage-cagnes-sur-mer\" title=\"Chauffage Cagnes Sur Mer\">Cagnes-sur-Mer</a> <p>Dans le cadre de l'installation d'un nouveau chauffe-bain, vous pouvez bénéficier de <a href=\"/conseils-et-actualites/aides-au-remplacement-de-chaudiere-2019\" title=\"Tout savoir sur les crédits d'impôts\">crédits d'impôts</a>. Notre labellisation RGE (reconnu garant de l'environnement) vous rend éligible.</p> <a href=\"/conseils-et-actualites/aides-au-remplacement-de-chaudiere-2019\" title=\"Tout savoir sur les crédits d'impôts\">crédits d'impôts</a> <p><i class=\"fa fa-angle-double-right\" style=\"color: #337ab7;\"></i> <span class=\"obflink obflink-text\" data-o=\"L25vdXMtY29udGFjdGVyP3R5cGU9MyZjYXRlZ29yaWU9Ym9pbGVycw==\">Prendre un rendez-vous pour installer un chauffe-eaux gaz</span></p> <i class=\"fa fa-angle-double-right\" style=\"color: #337ab7;\"></i> <span class=\"obflink obflink-text\" data-o=\"L25vdXMtY29udGFjdGVyP3R5cGU9MyZjYXRlZ29yaWU9Ym9pbGVycw==\">Prendre un rendez-vous pour installer un chauffe-eaux gaz</span>"
    },
    {
      "title": "Chauffe-eau à condensation",
      "text": "<p>Les dernières générations de chauffe-eau sont plus compactes, design et économes en énergie. Particulièrement les chauffe-eaux gaz à condensation, qui récupèrent l'énergie contenue dans les fumées de combustion afin de chauffer l'eau chaude sanitaire. Cette solution est plus respectueuse de l'environnement : le chauffe-eau gaz rejette moins de gaz à effet de serre dans l'atmosphère.</p> <p><i class=\"fa fa-angle-double-right\" style=\"color: #337ab7;\"></i> <span class=\"obflink obflink-text\" data-o=\"L25vdXMtY29udGFjdGVyP3R5cGU9MyZjYXRlZ29yaWU9Ym9pbGVycw==\">Contactez-nous pour prendre rendez-vous avec l'un de nos techniciens</span></p> <i class=\"fa fa-angle-double-right\" style=\"color: #337ab7;\"></i> <span class=\"obflink obflink-text\" data-o=\"L25vdXMtY29udGFjdGVyP3R5cGU9MyZjYXRlZ29yaWU9Ym9pbGVycw==\">Contactez-nous pour prendre rendez-vous avec l'un de nos techniciens</span>"
    }
  ],
  "related": {
    "title": "",
    "links": []
  },
  "url": "https://www.egs-energies.fr/installation/chauffe-eau-gaz"
}