{
  "breadcrumb": "Climatisation",
  "seo": {
    "title": "Installation climatisation à Nice et dans les Alpes-Maritimes | EGS Energies",
    "description": "Installation de climatisations : étude et devis gratuit. Installateur de climatisations modernes et performantes sur Nice et les Alpes-Maritimes par EGS Energies, une entreprise locale certifiée RGE QualiPAC !",
    "opengraph": {
      "site_name": "EGS Energies",
      "type": "website",
      "locale": "fr_FR",
      "title": "Installation climatisation à Nice et dans les Alpes-Maritimes | EGS Energies",
      "description": "Installation de climatisations : étude et devis gratuit. Installateur de climatisations modernes et performantes sur Nice et les Alpes-Maritimes par EGS Energies, une entreprise locale certifiée RGE QualiPAC !",
      "image": {
        "src": "https://www.egs-energies.fr/build/images/egs-energies-installation-climatisation.456x334.7a8c49fa.jpg",
        "alt": "Installation d'une climatisation réversible par un technicien EGS Energies - Electrogaz"
      }
    }
  },
  "hero": {
    "title": "EGS Energies, installateur de climatisation dans les Alpes-Maritimes",
    "subtitle": "La pose de votre climatisation à Nice, Grasse, Antibes, Vallauris par nos techniciens qualifiés"
  },
  "intro": {
    "image": {
      "src": "https://www.egs-energies.fr/build/images/egs-energies-installation-climatisation.456x334.7a8c49fa.jpg",
      "alt": "Installation d'une climatisation réversible par un technicien EGS Energies - Electrogaz"
    },
    "text": "<p>EGS Energies est votre expert des solutions de climatisation dans les Alpes-Maritimes ainsi qu'à <a href=\"https://www.egs-energies.fr/chauffage-monaco\" title=\"Chauffage Monaco\">Monaco</a>. Entreprise certifiée RGE, nos techniciens interviennent sur tout le département des Alpes-Maritimes pour la pose de votre climatisation réversible (pompe à chaleur air-air).</p> <p>Depuis plus de 60 ans, nos experts veillent au confort thermique des Maralpins. Nous installons votre climatisation à <a href=\"https://www.egs-energies.fr/chauffage-cannes\" title=\"Chauffage Cannes\">Cannes</a>, <a href=\"https://www.egs-energies.fr/chauffage-grasse\" title=\"Chauffage Grasse\">Grasse</a>, <a href=\"https://www.egs-energies.fr/chauffage-cagnes-sur-mer\" title=\"Chauffage Cagnes Sur Mer\">Cagnes-sur-Mer</a>, Valbonne ou encore <a href=\"https://www.egs-energies.fr/chauffage-vallauris\" title=\"Chauffage Vallauris\">Vallauris</a> en tenant compte de votre budget, de la configuration de votre habitation et de vos besoins. Afin de répondre aux besoins de nos clients, nous avons noué des partenariats stratégiques avec les plus grandes marques du marché. Nos techniciens peuvent installer des climatiseursAtlantic, Mitsubishi, Hitachi, etc.</p> <p>Plusieurs marques et modèles s'offrent à vous. Quel que soit votre choix, nous sommes également compétents pour entretenir votre équipement.</p>"
  },
  "contents": [
    {
      "title": "Poser une climatisation réversible : une solution de confort thermique pour toute l'année",
      "text": "<p>Bénéficier d'un logement frais en plein été est précieux dans nos régions. Les étés caniculaires sont devenus la norme et il devient impératif de se préserver de la chaleur, notamment pour les plus fragiles. Tandis que la chaleur est devenue difficilement supportable l'été dans le sud de la France, l'installation d'une climatisation s'impose comme la solution pour garder son logement frais.</p> <p>Les systèmes de climatisation réversible, aussi appelés pompe à chaleur air-air, utilisent l'air comme ressource principale. Grâce à leur fluide frigorigène qui circule entre les unités intérieures et extérieures du système, les pompes à chaleur air-air captent l'énergie thermique de l'air extérieur pour l'amplifier et la restituer dans votre logement.</p> <h3>Se rafraîchir en été et se chauffer en hiver tout en économisant de l'énergie</h3> <p>Les climatisations réversibles vous permettent de vous rafraîchir en été mais aussi de vous chauffer en hiver. Globalement, les PAC air-air récentes embarquent des technologies d'optimisation de la capacité de chauffage. On peut par exemple citer la technologie <em>Hyper Heating</em> de Mitsubishi qui permet de maintenir de hautes performances même lorsque les températures extérieures sont négatives.</p> <em>Hyper Heating</em> <p>En utilisant principalement l'air pour produire du chaud, les climatisations réversibles permettent de faire des économies sur le long terme. Par exemple, <a href=\"https://librairie.ademe.fr/ged/7007/infographie-chauffage-passer-aux-energies-renouvelables-202203.pdf\" title=\"Infographie chauffage : passer aux énergies renouvelables - ADEME\" target=\"_blank\" rel=\"noopener\">l'ADEME</a> estime qu'en remplaçant ses vieux radiateurs par une pompe à chaleur dans la pièce principale de son logement, il est possible d'économiser environ 1100€ pour une maison de 120m².</p> <a href=\"https://librairie.ademe.fr/ged/7007/infographie-chauffage-passer-aux-energies-renouvelables-202203.pdf\" title=\"Infographie chauffage : passer aux énergies renouvelables - ADEME\" target=\"_blank\" rel=\"noopener\">l'ADEME</a>"
    },
    {
      "title": "Les types de climatiseurs",
      "text": "<p>En fonction de vos besoins et de votre budget, nos experts pourront vous conseiller des modèles de climatisation adaptés.</p> <ul><li>Climatisation mono-split pour climatiser une pièce : une unité extérieure reliée à une unité intérieure&nbsp;;</li><li>Climatisation multi-split, pour en climatiser plusieurs : une unité extérieure connectée à plusieurs unités intérieures&nbsp;;</li><li>Climatisation gainable pour climatiser votre maison via des gaines dans les faux-plafonds et des bouches d'aération discrètes&nbsp;;</li><li>Ou même climatiseur monobloc sans unité extérieure.</li></ul> <li>Climatisation mono-split pour climatiser une pièce : une unité extérieure reliée à une unité intérieure&nbsp;;</li> <li>Climatisation multi-split, pour en climatiser plusieurs : une unité extérieure connectée à plusieurs unités intérieures&nbsp;;</li> <li>Climatisation gainable pour climatiser votre maison via des gaines dans les faux-plafonds et des bouches d'aération discrètes&nbsp;;</li> <li>Ou même climatiseur monobloc sans unité extérieure.</li> <p>Que vous souhaitiez équiper une ou plusieurs pièces, dans un logement neuf comme dans un logement ancien, nos équipes vous proposent des devis sur-mesure dans les Alpes-Maritimes.</p> <p><i class=\"fa fa-angle-double-right\" style=\"color: #337ab7;\"></i> <a href=\"/equipements/climatisation\" title=\"Nos climatisations réversibles dans les Alpes-Maritimes\">Tout savoir sur les types de climatisation proposées par EGS Energies</a></p> <i class=\"fa fa-angle-double-right\" style=\"color: #337ab7;\"></i> <a href=\"/equipements/climatisation\" title=\"Nos climatisations réversibles dans les Alpes-Maritimes\">Tout savoir sur les types de climatisation proposées par EGS Energies</a>"
    },
    {
      "title": "Faire installer une climatisation réversible chez soi",
      "text": "<p>L'installation d'une climatisation est l'affaire de professionnels. La manipulation du fluide frigorigène du système de pompe à chaleur nécessite des compétences et des précautions précises. Chez EGS Energies, nos techniciens sont titulaires de l'attestation d'aptitude à la manipulation des fluides frigorigènes, indispensable pour vous garantir une prestation de qualité.</p> <p>Nos équipes maîtrisent les technologies et les contraintes liées à l'installation de climatisation réversible dans les Alpes-Maritimes depuis de nombreuses années. Mono-split, multi-split ou gainable, nos experts posent votre votre pompe à chaleur dans les règles de l'art et avec des garanties.</p> <p>Demandez conseils aux techniciens EGS Energies pour votre climatisation !</p>"
    },
    {
      "title": "Des climatisations modernes, designs et performantes",
      "text": "<p>Une fois installée et mise en route, le confort de la climatisation est vite appréciable à <a href=\"https://www.egs-energies.fr/chauffage-nice\" title=\"Chauffage Nice\">Nice</a>, Monaco ou Cannes. Les nouvelles générations de climatisation sont économes en énergie et leur design s'intègrent parfaitement dans vos intérieurs. Fini les gros blocs bruyants et peu esthétiques, vous pouvez aujourd'hui vous tourner vers des blocs fins qui habilleront votre intérieur, à fixer aux plafonds ou aux murs.</p> <a href=\"https://www.egs-energies.fr/chauffage-nice\" title=\"Chauffage Nice\">Nice</a> <p>EGS Energies a noué des partenariats avec les plus grandes marques de climatisation et vous offre un choix qualitatif : les gammes Zenkeo ou Takao d'Atlantic, les gammes MSZ et MXZ de Mitsubishi Electric, les gammes Niseko et Nagano de Thermor, etc.</p>"
    },
    {
      "title": "Installer et entretenir votre climatisation à Grasse, Roquebrune-Cap-Martin, Cannes",
      "text": "<p>Une fois installée, la climatisation doit être entretenue régulièrement pour rester performante et diffuser une fraîcheur agréable. Une fois par an, le passage d'une société spécialisée comme EGS Energies permet de nettoyer votre climatisation, de vérifier ses réglages et son bon fonctionnement.</p> <p>Ces visites d'entretien sont aussi l'occasion d'évaluer la vétusté de votre équipement et de prévenir les pannes importantes. Lors de leur venue, les experts en climatisation EGS Energies pourront vous alerter et vous conseiller, si besoin, sur une nouvelle installation.</p>"
    },
    {
      "title": "EGS Energies, votre installateur de climatisation à Nice, Antibes, Menton, Vallauris",
      "text": "<p>EGS Energies (anciennement Electrogaz) est une entreprise certifiée RGE QualiPAC, le gage d'une installation sérieuse et soignée de votre climatisation. Spécialistes en climatisation, nos experts réalisent un bilan thermique de votre logement et étudient sa configuration afin de bien dimensionner votre climatiseur réversible et de vous proposer une solution à haute performance énergétique, dans votre budget.</p> <p>Avec près de 70 ans d'expérience, EGS Energies est votre installateur de climatisation à <a href=\"https://www.egs-energies.fr/chauffage-menton\" title=\"Chauffage Menton\">Menton</a>, Cannes, Vence, Mandelieu-la-Napoule ou encore <a href=\"https://www.egs-energies.fr/chauffage-saint-laurent-du-var\" title=\"Chauffage Saint Laurent Du Var\">Saint-Laurent-du-Var</a>.</p> <a href=\"https://www.egs-energies.fr/chauffage-menton\" title=\"Chauffage Menton\">Menton</a> <a href=\"https://www.egs-energies.fr/chauffage-saint-laurent-du-var\" title=\"Chauffage Saint Laurent Du Var\">Saint-Laurent-du-Var</a> <p>Faites appel à votre entreprise locale pour vos travaux d'efficacité énergétique et de confort thermique !</p> <p><em>En 2024, EGS Energies a uni sous sa marque unique les sociétés <a href=\"#LINK_QUISOMMESNOUS#\" title=\"Qui sommes-nous ?\">Electrogaz, Descamps, ADServices Gaz, Dépan'Gaz</a>.</em></p> <em>En 2024, EGS Energies a uni sous sa marque unique les sociétés <a href=\"#LINK_QUISOMMESNOUS#\" title=\"Qui sommes-nous ?\">Electrogaz, Descamps, ADServices Gaz, Dépan'Gaz</a>.</em> <a href=\"#LINK_QUISOMMESNOUS#\" title=\"Qui sommes-nous ?\">Electrogaz, Descamps, ADServices Gaz, Dépan'Gaz</a> <p><i class=\"fa fa-angle-double-right\" style=\"color: #337ab7;\"></i> <a href=\"/entretien/climatisation-pompe-a-chaleur\" title=\"Entretien de climatisation autour de Nice et Cannes\">EGS Energies entretient également votre PAC et votre climatisation</a> !</p> <i class=\"fa fa-angle-double-right\" style=\"color: #337ab7;\"></i> <a href=\"/entretien/climatisation-pompe-a-chaleur\" title=\"Entretien de climatisation autour de Nice et Cannes\">EGS Energies entretient également votre PAC et votre climatisation</a>"
    }
  ],
  "related": {
    "title": "",
    "links": []
  },
  "url": "https://www.egs-energies.fr/installation/climatisation"
}