{
  "breadcrumb": "Panneaux photovoltaiques",
  "seo": {
    "title": "Installation de panneaux solaires dans les Alpes-Maritimes | EGS Energies",
    "description": "EGS Energies, installateur de panneaux solaires photovoltaïques autour de Nice, Grasse, Menton, Monaco, Cannes, ... Étude solaire personnalisée, panneaux de marque française.",
    "opengraph": {
      "site_name": "EGS Energies",
      "type": "website",
      "locale": "fr_FR",
      "title": "Installation de panneaux solaires dans les Alpes-Maritimes | EGS Energies",
      "description": "EGS Energies, installateur de panneaux solaires photovoltaïques autour de Nice, Grasse, Menton, Monaco, Cannes, ... Étude solaire personnalisée, panneaux de marque française.",
      "image": {
        "src": "https://www.egs-energies.fr/build/images/egs-energies-installation-panneaux-photovoltaiques.456x334.fba343ab.jpg",
        "alt": "Installation de panneaux solaires photovoltaïques autour de Cannes, Nice, Monaco par EGS Energies"
      }
    }
  },
  "hero": {
    "title": "Installation de panneaux solaires dans les Alpes-Maritimes",
    "subtitle": "EGS Energies, installateur photovoltaïque RGE QualiPV à Nice, Vallauris, Menton, Saint-Laurent-du-Var et alentours"
  },
  "intro": {
    "image": {
      "src": "https://www.egs-energies.fr/build/images/egs-energies-installation-panneaux-photovoltaiques.456x334.fba343ab.jpg",
      "alt": "Installation de panneaux solaires photovoltaïques autour de Cannes, Nice, Monaco par EGS Energies"
    },
    "text": "<p>Avec 2&nbsp;925 heures d'ensoleillement en 2023, les Alpes-Maritimes offrent un cadre idéal pour l'installation de panneaux photovoltaïques. Les azuréens sont de plus en plus nombreux à profiter des conditions climatiques favorables de la région et à faire poser des panneaux solaires sur le toit de leur maison.</p> <p>Il faut dire que les panneaux photovoltaïques présentent des avantages économiques et environnementaux séduisants. Ils captent la lumière du soleil pour la convertir en électricité grâce à leurs cellules. En produisant et consommant leur propre électricité (autoconsommation solaire), les habitants et habitantes des Alpes-Maritimes qui se sont tournés vers l'énergie solaire font des économies sur leur facture d'électricité, en plus de contribuer à la réduction des émissions de gaz à effet de serre.</p>"
  },
  "contents": [
    {
      "title": "Qu'est-ce qu'un panneau photovoltaïque",
      "text": "<p>Les <a href=\"https://www.egs-energies.fr/equipements/panneaux-photovoltaiques\" title=\"Panneaux solaires à Nice, Cannes, Menton\">panneaux solaires photovoltaïques</a> sont des dispositifs qui convertissent la lumière du soleil en électricité. Ils sont composés de cellules photovoltaïques en silicium, qui produisent un courant électrique continu lorsqu'elles sont exposées à la lumière solaire. Contrairement aux panneaux solaires thermiques, qui génèrent de la chaleur, les panneaux photovoltaïques produisent directement de l'électricité utilisable pour les besoins domestiques.</p> <a href=\"https://www.egs-energies.fr/equipements/panneaux-photovoltaiques\" title=\"Panneaux solaires à Nice, Cannes, Menton\">panneaux solaires photovoltaïques</a>"
    },
    {
      "title": "Pourquoi installer des panneaux solaires en toiture ?",
      "text": "<p>Installer des panneaux solaires en toiture permet notamment de <strong>réduire ses factures d'énergie</strong>. Vous produisez vous-même toute ou une partie de l'électricité dont vous avez besoin au quotidien. Vous êtes ainsi moins dépendant des fournisseurs d'énergies et subissez moins les hausses de tarif.</p> <strong>réduire ses factures d'énergie</strong> <p>Vos panneaux photovoltaïques vous permettent donc une meilleure indépendance énergétique et une réduction des coûts en électricité. Grâce aux différentes subventions, comme la prime à l’autoconsommation et les tarifs de rachat de l’électricité excédentaire, votre investissement initial est rapidement amorti.</p> <p>Les panneaux photovoltaïques permettent aussi de réduire significativement les <strong>émissions de gaz à effet de serre</strong>. Ils exploitent une source d'énergie renouvelable et qui a, en plus, l'avantage d'être disponible en abondance en PACA et gratuite. En plus de contribuer à la protection de l'environnement, c'est aussi un moyen durable de faire baisser le DPE de son logement.</p> <strong>émissions de gaz à effet de serre</strong>"
    },
    {
      "title": "Alpes-Maritimes : le photovoltaïque y brille",
      "text": "<p>Les Alpes-Maritimes bénéficient d'un ensoleillement exceptionnel : environ 2&nbsp;900 heures par an. Avec un faible taux de précipitations et un ensoleillement généreux, c'est la garantie d'une production photovoltaïque élevée, toute l'année.</p> <p>À la fin du premier semestre 2024, Enedis recensait d'ailleurs plus de <strong>6&nbsp;300 installations solaires en autoconsommation individuelle</strong> dans notre département. C'est 76% de plus par rapport à 2023 !</p> <strong>6&nbsp;300 installations solaires en autoconsommation individuelle</strong> <p>Dans la région, ce sont<strong> près de 55&nbsp;000 installations</strong> photovoltaïques du même type qui produisent de l'électricité en PACA. Si l'on passe à l'échelle nationale, la France comptait au 30 juin 2024 plus de <a href=\"../../conseils-et-actualites/photovoltaique-dans-les-alpes-maritimes-les-chiffres-cles\" title=\"Chiffres du photovoltaïque dans le 06 en juin 2024\">556&nbsp;000 installations individuelles</a>. Le photovoltaïque a le vent en poupe !</p> <strong> près de 55&nbsp;000 installations</strong> <a href=\"../../conseils-et-actualites/photovoltaique-dans-les-alpes-maritimes-les-chiffres-cles\" title=\"Chiffres du photovoltaïque dans le 06 en juin 2024\">556&nbsp;000 installations individuelles</a>"
    },
    {
      "title": "Les étapes d'une installation réussie avec EGS Energies",
      "text": "<p>Tout commence par <strong>une étude de faisabilité</strong>. Nos experts réalisent une étude solaire complète. Elle évalue votre potentiel de production en fonction de l'orientation, de la pente, de l'ombrage de votre toiture ainsi que des caractéristiques climatiques locales.</p> <strong>une étude de faisabilité</strong> <p><strong>Une visite technique</strong> permet aussi de s'assurer que votre maison est bien apte à supporter une installation de panneaux solaires photovoltaïques.</p> <strong>Une visite technique</strong> <p>Un devis vous est alors proposé. Une fois validé, nos équipes vous accompagnent dans les <strong>démarches administratives</strong> : le dépôt de la déclaration préalable de travaux en mairie, la demande de raccordement auprès d’Enedis, les demandes d'aides financières.</p> <strong>démarches administratives</strong> <p>Ensuite, les travaux d'installation peuvent commencer. Nos équipes de techniciens certifiés posent vos panneaux photovoltaïques sur leur structure de montage, effectuent les raccordements électriques avec le reste du matériel. Une fois l'installation complète effectuée.</p> <p>Avant la mise en service, il vous faudra obtenir l'attestation Consuel de votre installation, qui certifie la sécurité de votre système photovoltaïque. Le raccordement au réseau général est alors possible.</p>"
    },
    {
      "title": "Les aides financières et subventions disponibles",
      "text": "<p>Plusieurs aides financières rendent l'installation de panneaux solaires plus accessible, comme la <strong>prime à l'autoconsommation</strong>.</p> <strong>prime à l'autoconsommation</strong> <p>Cette dernière dépend de la puissance de votre système photovoltaïque. Son montant est <a href=\"https://www.photovoltaique.info/fr/tarifs-dachat-et-autoconsommation/tarifs-dachat/arrete-tarifaire-en-vigueur/conditions-dapplication/\" title=\"Tarifs d'achat et autoconsommation\">révisé tous les trois mois</a>.</p> <a href=\"https://www.photovoltaique.info/fr/tarifs-dachat-et-autoconsommation/tarifs-dachat/arrete-tarifaire-en-vigueur/conditions-dapplication/\" title=\"Tarifs d'achat et autoconsommation\">révisé tous les trois mois</a> <p>Outre la prime à l'autoconsommation, <strong>le taux TVA</strong> de votre facture d’installation sera ramené à 10% au lieu de 20%. Enfin, si vous avez choisi de revendre votre électricité à <strong>EDF OA</strong>, l’énergie que vous injectez dans le réseau général vous permet de générer quelques revenus en la facturant à EDF.</p> <strong>le taux TVA</strong> <strong>EDF OA</strong>"
    },
    {
      "title": "EGS Energies, installateur de panneaux photovoltaïques dans les Alpes-Maritimes",
      "text": "<p>Ancrée dans les Alpes-Maritimes depuis 1958, <a href=\"../../conseils-et-actualites/electrogaz-devient-egs-energies\" title=\"EGS Energies, anciennement Descamps, ADServices Gaz, Descamps et Depan'Gaz\">EGS Energies</a> (anciennement Electrogaz) réalise l’installation de panneaux solaires à <a href=\"https://www.egs-energies.fr/chauffage-nice\" title=\"Chauffage Nice\">Nice</a>, <a href=\"https://www.egs-energies.fr/chauffage-antibes\" title=\"Chauffage Antibes\">Antibes</a>, <a href=\"https://www.egs-energies.fr/chauffage-grasse\" title=\"Chauffage Grasse\">Grasse</a>, <a href=\"https://www.egs-energies.fr/chauffage-menton\" title=\"Chauffage Menton\">Menton</a>, <a href=\"https://www.egs-energies.fr/chauffage-saint-laurent-du-var\" title=\"Chauffage Saint Laurent Du Var\">Saint-Laurent-du-Var</a> et alentours. Nos équipes spécialisées vous garantissent du matériel (<strong>marques françaises de panneaux</strong> DualSun et mylight150) et des prestations de qualité.</p> <a href=\"../../conseils-et-actualites/electrogaz-devient-egs-energies\" title=\"EGS Energies, anciennement Descamps, ADServices Gaz, Descamps et Depan'Gaz\">EGS Energies</a> <a href=\"https://www.egs-energies.fr/chauffage-nice\" title=\"Chauffage Nice\">Nice</a> <a href=\"https://www.egs-energies.fr/chauffage-antibes\" title=\"Chauffage Antibes\">Antibes</a> <a href=\"https://www.egs-energies.fr/chauffage-grasse\" title=\"Chauffage Grasse\">Grasse</a> <a href=\"https://www.egs-energies.fr/chauffage-menton\" title=\"Chauffage Menton\">Menton</a> <a href=\"https://www.egs-energies.fr/chauffage-saint-laurent-du-var\" title=\"Chauffage Saint Laurent Du Var\">Saint-Laurent-du-Var</a> <strong>marques françaises de panneaux</strong> <h3>L’expert des énergies renouvelables dans les Alpes-Maritimes</h3> <p>EGS Energies (ex-Electrogaz) bénéficie d'une longue expérience dans le domaine des énergies renouvelables, et nos équipes sont composées de <strong>techniciens certifiés RGE</strong> (Reconnu Garant de l’Environnement). Cette certification assure non seulement une installation conforme aux normes, mais aussi l’accès aux aides financières disponibles. En tant que mandataires, nous déduisons le montant de votre prime à la consommation directement de votre devis.</p> <strong>techniciens certifiés RGE</strong> <p>EGS Energies s'engage à vous fournir un service personnalisé, en commençant par une étude de faisabilité détaillée qui prend en compte votre consommation énergétique, le climat local et les spécificités de votre toit. Nos experts vous conseillent sur le choix des panneaux les plus adaptés à vos besoins, en fonction de vos priorités de rendement et de budget.</p> <p>Nous nous occupons de toutes les <strong>démarches administratives</strong>, simplifiant le processus pour nos clients. Du dépôt de la déclaration préalable de travaux à la demande de raccordement au réseau, EGS Energies s’assure que toutes les étapes sont réalisées efficacement et conformément à la réglementation en vigueur.</p> <strong>démarches administratives</strong> <p>Nos quatre agences à Saint-Laurent-du-Var, Nice, <a href=\"https://www.egs-energies.fr/chauffage-vallauris\" title=\"Chauffage Vallauris\">Vallauris</a> et Menton nous permettent d’intervenir dans un large périmètre des Alpes-Maritimes.</p> <a href=\"https://www.egs-energies.fr/chauffage-vallauris\" title=\"Chauffage Vallauris\">Vallauris</a> <p>Contactez-nous pour obtenir votre devis personnalisé rapidement !</p>"
    }
  ],
  "related": {
    "title": "",
    "links": []
  },
  "url": "https://www.egs-energies.fr/installation/panneaux-photovoltaiques"
}