{
  "breadcrumb": "Pompe a chaleur",
  "seo": {
    "title": "Installation pompe à chaleur à Nice, Menton, Grasse | EGS Energies",
    "description": "Remplacement et installation de pompes à chaleur (ou PAC) : étude et devis gratuit. EGS Energies (ex Electrogaz), votre chauffagiste RGE sur Nice et dans les Alpes-Maritimes.",
    "opengraph": {
      "site_name": "EGS Energies",
      "type": "website",
      "locale": "fr_FR",
      "title": "Installation pompe à chaleur à Nice, Menton, Grasse | EGS Energies",
      "description": "Remplacement et installation de pompes à chaleur (ou PAC) : étude et devis gratuit. EGS Energies (ex Electrogaz), votre chauffagiste RGE sur Nice et dans les Alpes-Maritimes.",
      "image": {
        "src": "https://www.egs-energies.fr/build/images/egs-energies-installation-pompe-a-chaleur.456x334.ee6272cd.jpg",
        "alt": "Electrogaz installe ou remplace votre pompe à chaleur"
      }
    }
  },
  "hero": {
    "title": "Installez votre pompe à chaleur avec EGS Energies - Electrogaz",
    "subtitle": "Faites des économies avec une pompe à chaleur et EGS Energies, installateur RGE QualiPAC"
  },
  "intro": {
    "image": {
      "src": "https://www.egs-energies.fr/build/images/egs-energies-installation-pompe-a-chaleur.456x334.ee6272cd.jpg",
      "alt": "Electrogaz installe ou remplace votre pompe à chaleur"
    },
    "text": "<p>Vous réfléchissez à faire installer une pompe à chaleur chez vous ? Économe en énergie et confortable, la pompe à chaleur a beaucoup d'atouts pour vous convaincre. PAC air/eau, PAC eau/eau, sol/eau, air/air : nos spécialistes vous guident pour choisir votre nouveau <strong>système de chauffage</strong>.</p> <p>Pour l'installer, tournez-vous vers des experts : EGS Energies vous conseille et installe votre pompe à chaleur. Nous disposons d'une maîtrise reconnue dans toutes les Alpes-Maritimes sur ces équipements.</p> <p>Entreprise certifiée <strong>RGE QualiPAC</strong>, nous sommes capables de vous conseiller en fonction des contraintes de votre logement et de réaliser des installations de pompe à chaleur sur-mesure, pour vous garantir un confort maximal 365 jours par an à <a href=\"https://www.egs-energies.fr/chauffage-nice\" title=\"Chauffage Nice\">Nice</a>, <a href=\"https://www.egs-energies.fr/chauffage-cannes\" title=\"Chauffage Cannes\">Cannes</a>, <a href=\"https://www.egs-energies.fr/chauffage-antibes\" title=\"Chauffage Antibes\">Antibes</a> ou encore <a href=\"https://www.egs-energies.fr/chauffage-le-cannet\" title=\"Chauffage Le Cannet\">Le Cannet</a>.</p> <p>EGS Energies (ex-Electrogaz) assure également la <strong>maintenance </strong>de vos pompes à chaleur.</p>"
  },
  "contents": [
    {
      "title": "Choisir une pompe géothermique ou aérothermique ?",
      "text": "<p>Votre <a href=\"/equipements/energie-renouvelable/pompe-a-chaleur\" title=\"Pompe à chaleur dans les Alpes-Maritimes\">pompe à chaleur</a> peut être <strong>géothermique</strong>, c'est-à-dire qu'elle puise l'énergie dans le sol ou l'eau (nappe phréatique).&nbsp; C'est le cas d'une <strong>pompe à chaleur eau-eau</strong> ou sol-eau. Elle la redistribue ensuite dans votre logement via le circuit d'eau de chauffage qui alimente des radiateurs ou un plancher chauffant.</p> <a href=\"/equipements/energie-renouvelable/pompe-a-chaleur\" title=\"Pompe à chaleur dans les Alpes-Maritimes\">pompe à chaleur</a> <strong>géothermique</strong> <strong>pompe à chaleur eau-eau</strong> <p>Elle peut également être <strong>aérothermique </strong>: elle s'approvisionne en énergie par l'air, grâce à une unité extérieure. La diffusion se fait ensuite par les radiateurs ou un ventilo-convecteur. Selon le modèle que vous choisirez, la <strong>PAC air-eau</strong> peut également chauffer l'eau chaude sanitaire. La <strong>PAC air-air</strong> correspond, quant à elle, à une climatisation réversible.</p> <strong>aérothermique </strong> <strong>PAC air-eau</strong> <strong>PAC air-air</strong> <p><strong>Quelle PAC choisir ?</strong> Là encore, tout dépend de la configuration de votre logement. La possibilité d'accéder à l'énergie thermique et la place disponible en extérieur pour installer une unité. EGS Energies (anciennement Electrogaz) se rend disponible pour <strong>étudier les possibilités d'installation</strong> d'une pompe à chaleur à votre domicile.</p> <strong>Quelle PAC choisir ?</strong> <strong>étudier les possibilités d'installation</strong>"
    },
    {
      "title": "Installer ou remplacer une PAC : les critères importants",
      "text": "<p>L'installation d'une pompe à chaleur à <a href=\"https://www.egs-energies.fr/chauffage-saint-laurent-du-var\" title=\"Chauffage Saint Laurent Du Var\">Saint-Laurent-du-Var</a> ou bien <a href=\"https://www.egs-energies.fr/chauffage-grasse\" title=\"Chauffage Grasse\">Grasse</a> nécessite une <strong>étude approfondie du logement</strong>, de sa configuration et de ses besoins.</p> <p>L'isolation de la maison, sa taille, ses zones de perte d'énergie et le nombre de résidents sont des facteurs clés pour sélectionner la bonne pompe à chaleur. La surface disponible autour de la maison pour le groupe extérieur est aussi un critère important.</p> <p>Cette évaluation détaillée doit être effectuée par des spécialistes, capables d'effectuer les calculs requis et ayant une bonne <strong>connaissance du territoire</strong> et de son climat pour adapter l'installation en conséquence.</p> <p>Nos techniciens se chargent de cette analyse et vous conseillent sur le modèle le mieux adapté à vos besoins énergétiques. Que vous choisissiez une pompe à chaleur géothermique ou aérothermique, EGS Energies assure une installation performante et économique pour votre chauffage.</p> <p>EGS Energies, (anciennement Electrogaz), est une entreprise <strong>experte du chauffage et de la climatisation</strong> depuis plus de 60 ans dans les Alpes-Maritimes. Nous nous appuyons sur l'expertise de nos équipes et notre ancrage local pour vous conseiller et vous aider dans le choix de votre pompe à chaleur. Nous assurons l'installation, le dépannage et l'entretien de votre équipement.</p> <hr> <section id=\"section3\" aria-label=\"Installer ou remplacer une PAC : les critères importants\"><h2>Installation de pompe à chaleur hybride</h2><p>Une pompe à chaleur hybride est une<strong> PAC air-eau dotée d'une chaudière gaz</strong>. Cet appoint permet de maintenir des performances optimales de chauffe par grand froid. Ce système est particulièrement adapté dans les régions qui connaissent des baisses de températures importantes.</p><p>Afin de vous proposer le modèle de PAC Hybride qui correspondra le mieux à votre situation, nos experts vont tout d'abord procéder à un diagnostic thermique de votre logement pour <strong>évaluer les besoins</strong> en eau chaude et en chauffage.</p><p>Pour l'installation de votre pompe à chaleur hybride, il est recommandé de faire appel à des professionnels possédant la <strong>mention \"PAC Hybride\"</strong> décernée par l'Association \"<strong>Professionnel du Gaz</strong>\". Il s'agit d'un gage de qualité et d'expertise que possède EGS Energies (ex Electrogaz). Cette certification vous permettra aussi de bénéficier de toutes les aides financières de l'Etat sur les pompes à chaleur : MaPrimeRénov', Eco-PTZ, Aides ANAH, prime CEE et TVA réduite.</p></section> <hr> <section id=\"section4\" aria-label=\"Profitez des aides financières pour installer votre pompe à chaleur avec EGS Energies\"><h2>Profitez des aides financières pour installer votre pompe à chaleur avec EGS Energies</h2><p>Profitez de MaPrimeRenov et optez pour un confort optimal en remplaçant votre équipement de chauffage actuel par une pompe à chaleur, plus performante, économique et éco-responsable.</p><p>Nos techniciens spécialisés Electrogaz vous accompagnent pour l'installation de votre PAC dans les <strong>Alpes-Maritimes</strong>, à <strong>La Trinité</strong>, <strong><a href=\"https://www.egs-energies.fr/chauffage-cagnes-sur-mer\" title=\"Chauffage Cagnes Sur Mer\">Cagnes-sur-Mer</a></strong> ou <strong>Antibes</strong>, par exemple.</p><h3>MaPrimeRénov : quel montant pour une pompe à chaleur ?</h3><p><strong>MaPrimeRenov'</strong>, l'aide de l'Anah est accessible depuis le 1er octobre 2020 aux propriétaires, bailleurs et copropriétaires de leur résidence principale. Elle concerne les travaux de rénovation énergétique et est soumise à des conditions de revenus.</p><p>Le montant attribué à chacun est calculé de manière forfaitaire selon un barème de couleurs (Bleu, Jaune, Violet, Rose, Copropriété). Elle varie selon différents critères : le revenu fiscal de référence, le nombre de personnes composant votre foyer, le gain énergétique dont va bénéficier votre logement à l'issue des travaux, le nombre de gestes de rénovation effectués.</p><p>Pour <strong>connaître le montant de prime</strong> auquel vous aurez droit suite à l'installation d'une pompe à chaleur dans le département maralpin, vous pouvez vous connecter sur <a href=\"../../renovation-energetique-chauffage\" title=\"Simulateur aides\" target=\"_blank\" rel=\"noopener\">le simulateur en ligne de MaPrimeRenov et des CEE</a>, mis en place par le gouvernement. En renseignant les caractéristiques du logement concerné (notamment sa surface et son année de construction), les devis d'entreprises et de votre dernière feuille d'imposition sur laquelle se trouve votre Revenu Fiscal de Référence (RFR) vous pourrez connaître à quel montant de prime vous êtes éligible.</p><p>En 2024, en catégorie bleue, vous pourrez toucher <strong>jusqu'à 11 000 euros</strong> pour l'installation d'une PAC géothermique ou solarothermique et <strong>jusqu'à 5 000 euros</strong> pour l'installation d'une PAC air/eau. A noter que ces montants restent indicatifs et sont ceux accessibles aux ménages les plus modestes.</p><h3>Le Coup de pouce Chauffage jusqu'au 31 décembre 2025</h3><p>Pour l'installation d'une PAC par votre prestataire EGS Energies, MaPrimeRenov' est cumulable avec les <strong>Certificats d'Economie d'Energie (CEE)</strong> et notamment la prime <a href=\"https://www.service-public.fr/particuliers/vosdroits/F34421\" title=\"Coup de pouce Chauffage\" target=\"_blank\" rel=\"noopener\"><strong>Coup de pouce chauffage</strong></a>.</p><p>Pour le <strong>remplacement d'un chauffage au charbon</strong> par une pompe à chaleur air/eau, vous pouvez percevoir au moins 2500€ pour les ménages classiques (4000€ pour les plus modestes). Si vous optez pour une pompe à chaleur eau-eau, c'est 5000€ d'aides, et 4000€ pour une PAC hybride.</p><h3>Le Coup de pouce PAC augmente à l'automne 2024</h3><p>Pour les <strong>Coup de pouce PAC</strong>, du 1er septembre au 31 décembre, les primes CEE augmentent pour les foyers modestes et classiques.</p><p>Pour une pompe à chaleur air-eau ou hybride :</p><ul><li>3500€ pour les foyers classiques au lieu de 2700€</li><li>5000€ pour les foyers modestes au lieu de 4300€</li><li>5100€ pour les foyers très modestes</li></ul><p>Pour une pompe à chaleur eau-eau ou sol-eau :</p><ul><li>6000€ pour les foyers classiques au lieu de 5000€</li><li>6000€ pour les foyers modestes au lieu de 5000€</li><li>6350€ pour les foyers très modestes</li></ul><p>Toutes ces aides financières sont directement <strong>déduites de votre facture</strong> d'installation de pompe à chaleur chez EGS Energies. Vous n'avez aucune démarche à effectuer, nous nous occupons de tout !</p><h3>L'éco-prêt à taux zéro</h3><p>L'éco-prêt à taux zéro (Éco-PTZ) est un dispositif en partenariat avec les établissements bancaires. Il permet aux particuliers d'emprunter une somme sans intérêt auprès de leur banque pour un projet de rénovation énergétique.</p></section> <hr> <section id=\"section5\" aria-label=\"EGS Energies, votre installateur de pompe à chaleur à Nice, Vallauris, Menton et Saint-Laurent-du-Var\"><h2>EGS Energies, votre installateur de pompe à chaleur à Nice, Vallauris, Menton et Saint-Laurent-du-Var</h2><p>Electrogaz s'est imposé comme un leader dans l’installation de pompes à chaleur <a href=\"/qui-sommes-nous/zones-intervention\" title=\"Notre zone d'intervention\">dans les Alpes-Maritimes</a>. Avec plus de 60 ans d'expérience, nos techniciens EGS Energies (anciennement Electrogaz) possèdent toutes les qualifications pour garantir une installation conforme aux normes.</p><p>Grâce à <a href=\"/qui-sommes-nous/certifications-et-marques\" title=\"Nos certifications EGS Energies\">notre expertise et à nos certifications</a>, telles que la certification <strong>RGE QualiPAC</strong> et la <strong>mention PAC Hybride Professionnel du Gaz</strong>, nous vous accompagnons tout au long de votre projet, du diagnostic thermique jusqu'à la mise en service.</p><p>Nous nous engageons à fournir un service complet qui inclut non seulement l’installation, mais aussi l'entretien et le dépannage de votre pompe à chaleur.</p></section> <hr> <section id=\"section6\" aria-label=\"Demandez un devis gratuit pour l'installation d'une pompe à chaleur dans les Alpes-Maritimes\"><h2>Demandez un devis gratuit pour l'installation d'une pompe à chaleur dans les Alpes-Maritimes</h2><p>Appelez-nous ou écrivez-nous via notre formulaire de contact. Notre équipe vous recontactera rapidement pour organiser une visite à domicile, réaliser un bilan personnalisé et vous présenter un devis clair et détaillé. Profitez de l’expertise d’EGS Energies (ex Electrogaz) pour une installation sur mesure et un confort thermique optimal toute l'année !</p></section>"
    },
    {
      "title": "Installation de pompe à chaleur hybride",
      "text": "<p>Une pompe à chaleur hybride est une<strong> PAC air-eau dotée d'une chaudière gaz</strong>. Cet appoint permet de maintenir des performances optimales de chauffe par grand froid. Ce système est particulièrement adapté dans les régions qui connaissent des baisses de températures importantes.</p> <p>Afin de vous proposer le modèle de PAC Hybride qui correspondra le mieux à votre situation, nos experts vont tout d'abord procéder à un diagnostic thermique de votre logement pour <strong>évaluer les besoins</strong> en eau chaude et en chauffage.</p> <p>Pour l'installation de votre pompe à chaleur hybride, il est recommandé de faire appel à des professionnels possédant la <strong>mention \"PAC Hybride\"</strong> décernée par l'Association \"<strong>Professionnel du Gaz</strong>\". Il s'agit d'un gage de qualité et d'expertise que possède EGS Energies (ex Electrogaz). Cette certification vous permettra aussi de bénéficier de toutes les aides financières de l'Etat sur les pompes à chaleur : MaPrimeRénov', Eco-PTZ, Aides ANAH, prime CEE et TVA réduite.</p>"
    },
    {
      "title": "Profitez des aides financières pour installer votre pompe à chaleur avec EGS Energies",
      "text": "<p>Profitez de MaPrimeRenov et optez pour un confort optimal en remplaçant votre équipement de chauffage actuel par une pompe à chaleur, plus performante, économique et éco-responsable.</p> <p>Nos techniciens spécialisés Electrogaz vous accompagnent pour l'installation de votre PAC dans les <strong>Alpes-Maritimes</strong>, à <strong>La Trinité</strong>, <strong><a href=\"https://www.egs-energies.fr/chauffage-cagnes-sur-mer\" title=\"Chauffage Cagnes Sur Mer\">Cagnes-sur-Mer</a></strong> ou <strong>Antibes</strong>, par exemple.</p> <h3>MaPrimeRénov : quel montant pour une pompe à chaleur ?</h3> <p><strong>MaPrimeRenov'</strong>, l'aide de l'Anah est accessible depuis le 1er octobre 2020 aux propriétaires, bailleurs et copropriétaires de leur résidence principale. Elle concerne les travaux de rénovation énergétique et est soumise à des conditions de revenus.</p> <p>Le montant attribué à chacun est calculé de manière forfaitaire selon un barème de couleurs (Bleu, Jaune, Violet, Rose, Copropriété). Elle varie selon différents critères : le revenu fiscal de référence, le nombre de personnes composant votre foyer, le gain énergétique dont va bénéficier votre logement à l'issue des travaux, le nombre de gestes de rénovation effectués.</p> <p>Pour <strong>connaître le montant de prime</strong> auquel vous aurez droit suite à l'installation d'une pompe à chaleur dans le département maralpin, vous pouvez vous connecter sur <a href=\"../../renovation-energetique-chauffage\" title=\"Simulateur aides\" target=\"_blank\" rel=\"noopener\">le simulateur en ligne de MaPrimeRenov et des CEE</a>, mis en place par le gouvernement. En renseignant les caractéristiques du logement concerné (notamment sa surface et son année de construction), les devis d'entreprises et de votre dernière feuille d'imposition sur laquelle se trouve votre Revenu Fiscal de Référence (RFR) vous pourrez connaître à quel montant de prime vous êtes éligible.</p> <p>En 2024, en catégorie bleue, vous pourrez toucher <strong>jusqu'à 11 000 euros</strong> pour l'installation d'une PAC géothermique ou solarothermique et <strong>jusqu'à 5 000 euros</strong> pour l'installation d'une PAC air/eau. A noter que ces montants restent indicatifs et sont ceux accessibles aux ménages les plus modestes.</p> <h3>Le Coup de pouce Chauffage jusqu'au 31 décembre 2025</h3> <p>Pour l'installation d'une PAC par votre prestataire EGS Energies, MaPrimeRenov' est cumulable avec les <strong>Certificats d'Economie d'Energie (CEE)</strong> et notamment la prime <a href=\"https://www.service-public.fr/particuliers/vosdroits/F34421\" title=\"Coup de pouce Chauffage\" target=\"_blank\" rel=\"noopener\"><strong>Coup de pouce chauffage</strong></a>.</p> <p>Pour le <strong>remplacement d'un chauffage au charbon</strong> par une pompe à chaleur air/eau, vous pouvez percevoir au moins 2500€ pour les ménages classiques (4000€ pour les plus modestes). Si vous optez pour une pompe à chaleur eau-eau, c'est 5000€ d'aides, et 4000€ pour une PAC hybride.</p> <h3>Le Coup de pouce PAC augmente à l'automne 2024</h3> <p>Pour les <strong>Coup de pouce PAC</strong>, du 1er septembre au 31 décembre, les primes CEE augmentent pour les foyers modestes et classiques.</p> <p>Pour une pompe à chaleur air-eau ou hybride :</p> <ul><li>3500€ pour les foyers classiques au lieu de 2700€</li><li>5000€ pour les foyers modestes au lieu de 4300€</li><li>5100€ pour les foyers très modestes</li></ul> <p>Pour une pompe à chaleur eau-eau ou sol-eau :</p> <ul><li>6000€ pour les foyers classiques au lieu de 5000€</li><li>6000€ pour les foyers modestes au lieu de 5000€</li><li>6350€ pour les foyers très modestes</li></ul> <p>Toutes ces aides financières sont directement <strong>déduites de votre facture</strong> d'installation de pompe à chaleur chez EGS Energies. Vous n'avez aucune démarche à effectuer, nous nous occupons de tout !</p> <h3>L'éco-prêt à taux zéro</h3> <p>L'éco-prêt à taux zéro (Éco-PTZ) est un dispositif en partenariat avec les établissements bancaires. Il permet aux particuliers d'emprunter une somme sans intérêt auprès de leur banque pour un projet de rénovation énergétique.</p>"
    },
    {
      "title": "EGS Energies, votre installateur de pompe à chaleur à Nice, Vallauris, Menton et Saint-Laurent-du-Var",
      "text": "<p>Electrogaz s'est imposé comme un leader dans l’installation de pompes à chaleur <a href=\"/qui-sommes-nous/zones-intervention\" title=\"Notre zone d'intervention\">dans les Alpes-Maritimes</a>. Avec plus de 60 ans d'expérience, nos techniciens EGS Energies (anciennement Electrogaz) possèdent toutes les qualifications pour garantir une installation conforme aux normes.</p> <p>Grâce à <a href=\"/qui-sommes-nous/certifications-et-marques\" title=\"Nos certifications EGS Energies\">notre expertise et à nos certifications</a>, telles que la certification <strong>RGE QualiPAC</strong> et la <strong>mention PAC Hybride Professionnel du Gaz</strong>, nous vous accompagnons tout au long de votre projet, du diagnostic thermique jusqu'à la mise en service.</p> <p>Nous nous engageons à fournir un service complet qui inclut non seulement l’installation, mais aussi l'entretien et le dépannage de votre pompe à chaleur.</p>"
    },
    {
      "title": "Demandez un devis gratuit pour l'installation d'une pompe à chaleur dans les Alpes-Maritimes",
      "text": "<p>Appelez-nous ou écrivez-nous via notre formulaire de contact. Notre équipe vous recontactera rapidement pour organiser une visite à domicile, réaliser un bilan personnalisé et vous présenter un devis clair et détaillé. Profitez de l’expertise d’EGS Energies (ex Electrogaz) pour une installation sur mesure et un confort thermique optimal toute l'année !</p>"
    },
    {
      "title": "Installation de pompe à chaleur hybride",
      "text": "<p>Une pompe à chaleur hybride est une<strong> PAC air-eau dotée d'une chaudière gaz</strong>. Cet appoint permet de maintenir des performances optimales de chauffe par grand froid. Ce système est particulièrement adapté dans les régions qui connaissent des baisses de températures importantes.</p> <strong> PAC air-eau dotée d'une chaudière gaz</strong> <p>Afin de vous proposer le modèle de PAC Hybride qui correspondra le mieux à votre situation, nos experts vont tout d'abord procéder à un diagnostic thermique de votre logement pour <strong>évaluer les besoins</strong> en eau chaude et en chauffage.</p> <strong>évaluer les besoins</strong> <p>Pour l'installation de votre pompe à chaleur hybride, il est recommandé de faire appel à des professionnels possédant la <strong>mention \"PAC Hybride\"</strong> décernée par l'Association \"<strong>Professionnel du Gaz</strong>\". Il s'agit d'un gage de qualité et d'expertise que possède EGS Energies (ex Electrogaz). Cette certification vous permettra aussi de bénéficier de toutes les aides financières de l'Etat sur les pompes à chaleur : MaPrimeRénov', Eco-PTZ, Aides ANAH, prime CEE et TVA réduite.</p> <strong>mention \"PAC Hybride\"</strong> <strong>Professionnel du Gaz</strong>"
    },
    {
      "title": "Profitez des aides financières pour installer votre pompe à chaleur avec EGS Energies",
      "text": "<p>Profitez de MaPrimeRenov et optez pour un confort optimal en remplaçant votre équipement de chauffage actuel par une pompe à chaleur, plus performante, économique et éco-responsable.</p> <p>Nos techniciens spécialisés Electrogaz vous accompagnent pour l'installation de votre PAC dans les <strong>Alpes-Maritimes</strong>, à <strong>La Trinité</strong>, <strong><a href=\"https://www.egs-energies.fr/chauffage-cagnes-sur-mer\" title=\"Chauffage Cagnes Sur Mer\">Cagnes-sur-Mer</a></strong> ou <strong>Antibes</strong>, par exemple.</p> <strong>Alpes-Maritimes</strong> <strong>La Trinité</strong> <strong><a href=\"https://www.egs-energies.fr/chauffage-cagnes-sur-mer\" title=\"Chauffage Cagnes Sur Mer\">Cagnes-sur-Mer</a></strong> <a href=\"https://www.egs-energies.fr/chauffage-cagnes-sur-mer\" title=\"Chauffage Cagnes Sur Mer\">Cagnes-sur-Mer</a> <strong>Antibes</strong> <h3>MaPrimeRénov : quel montant pour une pompe à chaleur ?</h3> <p><strong>MaPrimeRenov'</strong>, l'aide de l'Anah est accessible depuis le 1er octobre 2020 aux propriétaires, bailleurs et copropriétaires de leur résidence principale. Elle concerne les travaux de rénovation énergétique et est soumise à des conditions de revenus.</p> <strong>MaPrimeRenov'</strong> <p>Le montant attribué à chacun est calculé de manière forfaitaire selon un barème de couleurs (Bleu, Jaune, Violet, Rose, Copropriété). Elle varie selon différents critères : le revenu fiscal de référence, le nombre de personnes composant votre foyer, le gain énergétique dont va bénéficier votre logement à l'issue des travaux, le nombre de gestes de rénovation effectués.</p> <p>Pour <strong>connaître le montant de prime</strong> auquel vous aurez droit suite à l'installation d'une pompe à chaleur dans le département maralpin, vous pouvez vous connecter sur <a href=\"../../renovation-energetique-chauffage\" title=\"Simulateur aides\" target=\"_blank\" rel=\"noopener\">le simulateur en ligne de MaPrimeRenov et des CEE</a>, mis en place par le gouvernement. En renseignant les caractéristiques du logement concerné (notamment sa surface et son année de construction), les devis d'entreprises et de votre dernière feuille d'imposition sur laquelle se trouve votre Revenu Fiscal de Référence (RFR) vous pourrez connaître à quel montant de prime vous êtes éligible.</p> <strong>connaître le montant de prime</strong> <a href=\"../../renovation-energetique-chauffage\" title=\"Simulateur aides\" target=\"_blank\" rel=\"noopener\">le simulateur en ligne de MaPrimeRenov et des CEE</a> <p>En 2024, en catégorie bleue, vous pourrez toucher <strong>jusqu'à 11 000 euros</strong> pour l'installation d'une PAC géothermique ou solarothermique et <strong>jusqu'à 5 000 euros</strong> pour l'installation d'une PAC air/eau. A noter que ces montants restent indicatifs et sont ceux accessibles aux ménages les plus modestes.</p> <strong>jusqu'à 11 000 euros</strong> <strong>jusqu'à 5 000 euros</strong> <h3>Le Coup de pouce Chauffage jusqu'au 31 décembre 2025</h3> <p>Pour l'installation d'une PAC par votre prestataire EGS Energies, MaPrimeRenov' est cumulable avec les <strong>Certificats d'Economie d'Energie (CEE)</strong> et notamment la prime <a href=\"https://www.service-public.fr/particuliers/vosdroits/F34421\" title=\"Coup de pouce Chauffage\" target=\"_blank\" rel=\"noopener\"><strong>Coup de pouce chauffage</strong></a>.</p> <strong>Certificats d'Economie d'Energie (CEE)</strong> <a href=\"https://www.service-public.fr/particuliers/vosdroits/F34421\" title=\"Coup de pouce Chauffage\" target=\"_blank\" rel=\"noopener\"><strong>Coup de pouce chauffage</strong></a> <strong>Coup de pouce chauffage</strong> <p>Pour le <strong>remplacement d'un chauffage au charbon</strong> par une pompe à chaleur air/eau, vous pouvez percevoir au moins 2500€ pour les ménages classiques (4000€ pour les plus modestes). Si vous optez pour une pompe à chaleur eau-eau, c'est 5000€ d'aides, et 4000€ pour une PAC hybride.</p> <strong>remplacement d'un chauffage au charbon</strong> <h3>Le Coup de pouce PAC augmente à l'automne 2024</h3> <p>Pour les <strong>Coup de pouce PAC</strong>, du 1er septembre au 31 décembre, les primes CEE augmentent pour les foyers modestes et classiques.</p> <strong>Coup de pouce PAC</strong> <p>Pour une pompe à chaleur air-eau ou hybride :</p> <ul><li>3500€ pour les foyers classiques au lieu de 2700€</li><li>5000€ pour les foyers modestes au lieu de 4300€</li><li>5100€ pour les foyers très modestes</li></ul> <li>3500€ pour les foyers classiques au lieu de 2700€</li> <li>5000€ pour les foyers modestes au lieu de 4300€</li> <li>5100€ pour les foyers très modestes</li> <p>Pour une pompe à chaleur eau-eau ou sol-eau :</p> <ul><li>6000€ pour les foyers classiques au lieu de 5000€</li><li>6000€ pour les foyers modestes au lieu de 5000€</li><li>6350€ pour les foyers très modestes</li></ul> <li>6000€ pour les foyers classiques au lieu de 5000€</li> <li>6000€ pour les foyers modestes au lieu de 5000€</li> <li>6350€ pour les foyers très modestes</li> <p>Toutes ces aides financières sont directement <strong>déduites de votre facture</strong> d'installation de pompe à chaleur chez EGS Energies. Vous n'avez aucune démarche à effectuer, nous nous occupons de tout !</p> <strong>déduites de votre facture</strong> <h3>L'éco-prêt à taux zéro</h3> <p>L'éco-prêt à taux zéro (Éco-PTZ) est un dispositif en partenariat avec les établissements bancaires. Il permet aux particuliers d'emprunter une somme sans intérêt auprès de leur banque pour un projet de rénovation énergétique.</p>"
    },
    {
      "title": "EGS Energies, votre installateur de pompe à chaleur à Nice, Vallauris, Menton et Saint-Laurent-du-Var",
      "text": "<p>Electrogaz s'est imposé comme un leader dans l’installation de pompes à chaleur <a href=\"/qui-sommes-nous/zones-intervention\" title=\"Notre zone d'intervention\">dans les Alpes-Maritimes</a>. Avec plus de 60 ans d'expérience, nos techniciens EGS Energies (anciennement Electrogaz) possèdent toutes les qualifications pour garantir une installation conforme aux normes.</p> <a href=\"/qui-sommes-nous/zones-intervention\" title=\"Notre zone d'intervention\">dans les Alpes-Maritimes</a> <p>Grâce à <a href=\"/qui-sommes-nous/certifications-et-marques\" title=\"Nos certifications EGS Energies\">notre expertise et à nos certifications</a>, telles que la certification <strong>RGE QualiPAC</strong> et la <strong>mention PAC Hybride Professionnel du Gaz</strong>, nous vous accompagnons tout au long de votre projet, du diagnostic thermique jusqu'à la mise en service.</p> <a href=\"/qui-sommes-nous/certifications-et-marques\" title=\"Nos certifications EGS Energies\">notre expertise et à nos certifications</a> <strong>RGE QualiPAC</strong> <strong>mention PAC Hybride Professionnel du Gaz</strong> <p>Nous nous engageons à fournir un service complet qui inclut non seulement l’installation, mais aussi l'entretien et le dépannage de votre pompe à chaleur.</p>"
    },
    {
      "title": "Demandez un devis gratuit pour l'installation d'une pompe à chaleur dans les Alpes-Maritimes",
      "text": "<p>Appelez-nous ou écrivez-nous via notre formulaire de contact. Notre équipe vous recontactera rapidement pour organiser une visite à domicile, réaliser un bilan personnalisé et vous présenter un devis clair et détaillé. Profitez de l’expertise d’EGS Energies (ex Electrogaz) pour une installation sur mesure et un confort thermique optimal toute l'année !</p>"
    }
  ],
  "related": {
    "title": "",
    "links": []
  },
  "url": "https://www.egs-energies.fr/installation/pompe-a-chaleur"
}