{
  "breadcrumb": "Chaudieres gaz",
  "seo": {
    "title": "Entretien de Chaudière Gaz autour de Nîmes | GD Energies",
    "description": "GD Energies, votre chauffagiste spécialiste en chaudières gaz à Nîmes, réalise l'entretien et la maintenance de votre chaudière gaz. Interventions rapides et certifiées RGE. Entretien au forfait ou sous contrat.",
    "opengraph": {
      "site_name": "GD Energies",
      "type": "website",
      "locale": "fr_FR",
      "title": "Entretien de Chaudière Gaz autour de Nîmes | GD Energies",
      "description": "GD Energies, votre chauffagiste spécialiste en chaudières gaz à Nîmes, réalise l'entretien et la maintenance de votre chaudière gaz. Interventions rapides et certifiées RGE. Entretien au forfait ou sous contrat.",
      "image": {
        "src": "https://www.gd-energies.fr/build/images/gd-energies-entretien-chaudiere-456x334.72564665.jpg",
        "alt": "Confiez l'entretien annuel obligatoire de votre chaudière gaz à GD Energies à Nîmes. Bénéficiez d'un service rapide, sécurisé et certifié RGE. Souscrivez à un contrat d'entretien dès aujourd'hui."
      }
    }
  },
  "hero": {
    "title": "Entretien de votre chaudière gaz à Nîmes et ses environs",
    "subtitle": "GD Energies effectue la maintenance de votre chaudière gaz basse température ou à condensation autour de Nîmes et du Grau-du-Roi."
  },
  "intro": {
    "image": {
      "src": "https://www.gd-energies.fr/build/images/gd-energies-entretien-chaudiere-456x334.72564665.jpg",
      "alt": "Confiez l'entretien annuel obligatoire de votre chaudière gaz à GD Energies à Nîmes. Bénéficiez d'un service rapide, sécurisé et certifié RGE. Souscrivez à un contrat d'entretien dès aujourd'hui."
    },
    "text": "<p>L’entretien de sa chaudière gaz par un professionnel qualifié est obligatoire et doit être effectué chaque année (décret n°2009-649 du 09 juin 2009). GD Energies est votre chauffagiste à <a href=\"https://www.gd-energies.fr/chauffage-nimes\" title=\"Chauffage Nimes\">Nîmes</a>, expert historique de l'installation de la maintenance et du dépannage gaz de plus de 50 ans !</p> <p>Notre équipe de techniciens expérimentés et qualifiés est à votre disposition pour vous proposer des solutions d'entretien sur-mesure et adaptées à vos besoins, afin de préserver les performances de votre chaudière gaz et votre confort en toute saison.</p> <p>Chez GD Energies, nous vous proposons des <strong>contrats d'entretien personnalisés</strong> ainsi que des <strong>entretiens au forfait</strong>, quel que soit le type de chaudière gaz que vous avez. Nos professionnels certifiés interviennent notamment en urgence dans un rayon de 35km <strong>autour de Nîmes et dans la zone du <a href=\"https://www.gd-energies.fr/chauffage-grau-du-roi\" title=\"Chauffage Grau Du Roi\">Grau-du-Roi</a></strong>.</p>"
  },
  "contents": [
    {
      "title": "Pourquoi faire entretenir sa chaudière gaz ?",
      "text": "<p>La <strong>sécurité</strong> est sans doute la raison la plus importante pour entretenir régulièrement votre chaudière gaz. Un appareil mal entretenu peut présenter des risques sérieux, comme des fuites de gaz ou une mauvaise combustion, pouvant entraîner des intoxications au monoxyde de carbone. C'est pourquoi l'entretien par des professionnels qualifiés a été rendu obligatoire.</p> <strong>sécurité</strong> <p>Une chaudière gaz bien entretenue <strong>fonctionne plus efficacement</strong>. Vous consommez alors moins de gaz. Le nettoyage des composants internes et la vérification des réglages permettent à la chaudière de fonctionner à son rendement optimal, un atout pour l'environnement et votre portefeuille.</p> <strong>fonctionne plus efficacement</strong> <p>L'entretien régulier <strong>prolonge aussi la durée de vie</strong> de votre chaudière. En s'assurant que chaque composant fonctionne correctement et en remplaçant les pièces usées avant qu'elles ne causent des dommages plus importants, vous pouvez éviter des réparations coûteuses et prématurées.</p> <strong>prolonge aussi la durée de vie</strong>"
    },
    {
      "title": "Les étapes de l'entretien de votre chaudière gaz",
      "text": "<p>La première étape de l'entretien consiste en une <strong>inspection visuelle</strong> de la chaudière pour détecter tout signe apparent de dommage ou de dysfonctionnement. Cela inclut la <strong>recherche de fuites de gaz, de corrosion</strong>, et de toute anomalie visible.</p> <strong>inspection visuelle</strong> <strong>recherche de fuites de gaz, de corrosion</strong> <p>Le <strong>nettoyage des composants internes</strong>, comme le brûleur et l'échangeur de chaleur, est essentiel pour maintenir l'efficacité de la chaudière. Votre technicien élimine également toute accumulation de suie ou de débris qui pourrait obstruer le fonctionnement de ces composants.</p> <strong>nettoyage des composants internes</strong> <p>Après le nettoyage, un <strong>test de performance</strong> est effectué pour s'assurer que la chaudière fonctionne correctement. Il inclut la vérification et l'ajustement si nécessaire des niveaux de combustion, de la pression de l'eau et du gaz, ainsi que de la température de l'eau.</p> <strong>test de performance</strong>"
    },
    {
      "title": "3 signes qui indiquent qu'un entretien de votre chaudière est nécessaire",
      "text": "<ul><li><strong>Des bruits étranges</strong>, comme des cliquetis, des sifflements ou des grognements, peuvent indiquer un problème avec la chaudière. Ces bruits peuvent provenir de pièces desserrées, de dépôts dans le système ou d'autres anomalies qui nécessitent une attention immédiate.</li><li>Si vous remarquez que <strong>votre chaudière met plus de temps à chauffer</strong> ou que la température de l'eau n'est pas aussi élevée qu'elle devrait l'être, cela peut indiquer un problème d'efficacité.</li><li>T<strong>oute fuite d'eau ou de gaz</strong> autour de la chaudière est un signe évident de problème. Les fuites de gaz, en particulier, sont extrêmement dangereuses et nécessitent une intervention immédiate d'un professionnel qualifié.</li><li>Aussi, si la date d'anniversaire du dernier entretien approche, n'attendez pas pour nous contacter !</li></ul> <li><strong>Des bruits étranges</strong>, comme des cliquetis, des sifflements ou des grognements, peuvent indiquer un problème avec la chaudière. Ces bruits peuvent provenir de pièces desserrées, de dépôts dans le système ou d'autres anomalies qui nécessitent une attention immédiate.</li> <strong>Des bruits étranges</strong> <li>Si vous remarquez que <strong>votre chaudière met plus de temps à chauffer</strong> ou que la température de l'eau n'est pas aussi élevée qu'elle devrait l'être, cela peut indiquer un problème d'efficacité.</li> <strong>votre chaudière met plus de temps à chauffer</strong> <li>T<strong>oute fuite d'eau ou de gaz</strong> autour de la chaudière est un signe évident de problème. Les fuites de gaz, en particulier, sont extrêmement dangereuses et nécessitent une intervention immédiate d'un professionnel qualifié.</li> <strong>oute fuite d'eau ou de gaz</strong> <li>Aussi, si la date d'anniversaire du dernier entretien approche, n'attendez pas pour nous contacter !</li>"
    },
    {
      "title": "Nos contrats d'entretien pour votre chaudière près de Nîmes et du Grau-du-Roi",
      "text": "<p>GD Energies installe, entretient et <a href=\"https://www.gd-energies.fr/depannage/chaudieres-gaz\" title=\"Dépannage chaudière gaz\">dépanne votre chaudière gaz</a> à condensation ou votre chaudière gaz basse température dans le Gard et les Bouches-du-Rhône.</p> <a href=\"https://www.gd-energies.fr/depannage/chaudieres-gaz\" title=\"Dépannage chaudière gaz\">dépanne votre chaudière gaz</a> <p>Nos contrats incluent <em>a minima</em> :</p> <em>a minima</em> <ul><li>La visite d’entretien Annuelle Obligatoire</li><li>Le pré-diagnostic téléphonique par des conseillers expérimentés</li><li>Un rendez-vous programmé en moins de 30 minutes</li><li>Le déplacement et la main d’œuvre gratuits pour les dépannages justifiés</li><li>Une garantie d’intervention sous 24h en cas de panne totale en hiver et 48h maximum en période normale</li><li>Des interventions 6j/7 et heures ouvrables en période hivernale</li><li>Un diagnostic sécurité de l’installation : la ventilation et la nature des locaux, la combustion et son analyse, la tuyauterie fixe et le système d’évacuation des produits de combustion.</li></ul> <li>La visite d’entretien Annuelle Obligatoire</li> <li>Le pré-diagnostic téléphonique par des conseillers expérimentés</li> <li>Un rendez-vous programmé en moins de 30 minutes</li> <li>Le déplacement et la main d’œuvre gratuits pour les dépannages justifiés</li> <li>Une garantie d’intervention sous 24h en cas de panne totale en hiver et 48h maximum en période normale</li> <li>Des interventions 6j/7 et heures ouvrables en période hivernale</li> <li>Un diagnostic sécurité de l’installation : la ventilation et la nature des locaux, la combustion et son analyse, la tuyauterie fixe et le système d’évacuation des produits de combustion.</li> <p>La <strong>visite d’entretien annuelle</strong> comprend les prestations suivantes, conformément à la norme NF X 50-010 :</p> <strong>visite d’entretien annuelle</strong> <ul><li>Nettoyage du corps de chauffe, du brûleur, de la veilleuse, de l’extracteur (si incorporé dans l’appareil)</li><li>Vérification du circulateur (si incorporé dans l’appareil)</li><li>Vérification et réglage des organes de régulation (si incorporé dans l’appareil)</li><li>Vérification des dispositifs de sécurité de l’appareil</li><li>Vérification de l’état, de la nature et de la géométrie du conduit de raccordement de l’appareil</li><li>Mesure du taux de monoxyde de carbone</li></ul> <li>Nettoyage du corps de chauffe, du brûleur, de la veilleuse, de l’extracteur (si incorporé dans l’appareil)</li> <li>Vérification du circulateur (si incorporé dans l’appareil)</li> <li>Vérification et réglage des organes de régulation (si incorporé dans l’appareil)</li> <li>Vérification des dispositifs de sécurité de l’appareil</li> <li>Vérification de l’état, de la nature et de la géométrie du conduit de raccordement de l’appareil</li> <li>Mesure du taux de monoxyde de carbone</li>"
    },
    {
      "title": "GD Energies, votre chauffagiste expert des chaudières gaz à Nîmes",
      "text": "<p>Les équipes GD sont spécialistes du gaz depuis 1975 ! GD Energies (<a href=\"https://www.gd-energies.fr/gaz-depannage\" title=\"Gaz Dépannage Nîmes Plomberie devient GD Energies\">anciennement Gaz Dépannage</a>) est spécialisée dans le contrat, l’entretien, le dépannage et le remplacement des chaudières à gaz, chauffe-Eau, chauffe-bain et radiateurs à gaz. Forts de plus de 50 ans d’expérience dans le gaz, nous intervenons sur la majorité des marques d'équipements de chauffage.</p> <a href=\"https://www.gd-energies.fr/gaz-depannage\" title=\"Gaz Dépannage Nîmes Plomberie devient GD Energies\">anciennement Gaz Dépannage</a> <p>GD Energies est aussi experte dans le dépannage d’urgence avec une garantie de service en 24/48 heures jours ouvrés ainsi que des <strong>interventions 6 jours sur 7</strong> en période hivernale.</p> <strong>interventions 6 jours sur 7</strong> <p><a href=\"/qui-sommes-nous/zones-intervention\" title=\"GD Energies - Zone d'intervention dans le Gard et le 13\">Notre rayon d’intervention</a> est de 35 km autour de Nîmes ainsi que la <strong>zone du Grau-du-Roi</strong> et ses environs. Chaque année, nos collaborateurs réalisent <strong>près de 16000 interventions</strong> !</p> <a href=\"/qui-sommes-nous/zones-intervention\" title=\"GD Energies - Zone d'intervention dans le Gard et le 13\">Notre rayon d’intervention</a> <strong>zone du Grau-du-Roi</strong> <strong>près de 16000 interventions</strong> <h3>Des professionnels du gaz reconnus</h3> <p>Au-delà de nos plus de 50 ans d'expérience, nos experts sont certifiés <a href=\"/qui-sommes-nous/certifications-et-marques\" title=\"Nos certifications : RGE, QualiSAV, QualiPAC, ...\">RGE Chauffage+ et Professionnel du Gaz</a>. Ils sont également QualiSAV, attestant de leur professionnalisme en matière de maintenance et de dépannage des systèmes de chauffage et d'eau chaude sanitaire au gaz.</p> <a href=\"/qui-sommes-nous/certifications-et-marques\" title=\"Nos certifications : RGE, QualiSAV, QualiPAC, ...\">RGE Chauffage+ et Professionnel du Gaz</a>"
    },
    {
      "title": "Les bons gestes pour maintenir votre chaudière en bon état",
      "text": "<ul><li>Nettoyez régulièrement l'extérieur de votre chaudière et de la ventilation extérieure pour éviter l'accumulation de poussière et de débris.</li><li>Surveillez régulièrement les indicateurs de votre chaudière, comme la pression et la température. Toute variation anormale doit être signalée à un professionnel.</li><li>La purge régulière de vos radiateurs permet d'éliminer l'air qui s'y accumule, améliorant ainsi leur efficacité et la répartition de la chaleur dans votre logement.</li></ul> <li>Nettoyez régulièrement l'extérieur de votre chaudière et de la ventilation extérieure pour éviter l'accumulation de poussière et de débris.</li> <li>Surveillez régulièrement les indicateurs de votre chaudière, comme la pression et la température. Toute variation anormale doit être signalée à un professionnel.</li> <li>La purge régulière de vos radiateurs permet d'éliminer l'air qui s'y accumule, améliorant ainsi leur efficacité et la répartition de la chaleur dans votre logement.</li> <h3>Pour bien utiliser ma chaudière</h3> <ul><li>Je veille à ne pas surchauffer mon logement</li><li>Je règle la température minimale dont j’ai besoin</li><li>Je veille à baisser mon thermostat ou à arrêter ma chaudière quand j’aère mon logement</li><li>Je ne laisse pas couler l’eau chaude inutilement</li><li>Je ne bouche pas les ventilations</li></ul> <li>Je veille à ne pas surchauffer mon logement</li> <li>Je règle la température minimale dont j’ai besoin</li> <li>Je veille à baisser mon thermostat ou à arrêter ma chaudière quand j’aère mon logement</li> <li>Je ne laisse pas couler l’eau chaude inutilement</li> <li>Je ne bouche pas les ventilations</li>"
    }
  ],
  "related": {
    "title": "",
    "links": []
  },
  "url": "https://www.gd-energies.fr/entretien/chaudieres-gaz"
}