{
  "breadcrumb": "Chauffe eaux chauffe bains",
  "seo": {
    "title": "Entretien de Chauffe-Eau et Chauffe-Bain dans le Gard | GD Energies",
    "description": "Maintenance de votre chauffe-eau thermodynamique ou chauffe-bain gaz autour de Nîmes avec GD Energies. Entretien annuel, détartrage, et sécurité. Souscrivez à un contrat d'entretien pour plus de sérénité.",
    "opengraph": {
      "site_name": "GD Energies",
      "type": "website",
      "locale": "fr_FR",
      "title": "Entretien de Chauffe-Eau et Chauffe-Bain dans le Gard | GD Energies",
      "description": "Maintenance de votre chauffe-eau thermodynamique ou chauffe-bain gaz autour de Nîmes avec GD Energies. Entretien annuel, détartrage, et sécurité. Souscrivez à un contrat d'entretien pour plus de sérénité.",
      "image": {
        "src": "https://www.gd-energies.fr/build/images/gd-energies-entretien-chauffe-eau-456x334.e2133091.jpg",
        "alt": "Entretien de chauffe-eau, ballon d'eau chaude, chauffe-bain et cumulus dans le Gard"
      }
    }
  },
  "hero": {
    "title": "Entretien de chauffe-eaux et de chauffe-bains autour de Nîmes",
    "subtitle": "Entretien et maintenance de votre chauffe-eau à Nîmes, Uzès, Le Grau-du-Roi, Beaucaire, ..."
  },
  "intro": {
    "image": {
      "src": "https://www.gd-energies.fr/build/images/gd-energies-entretien-chauffe-eau-456x334.e2133091.jpg",
      "alt": "Entretien de chauffe-eau, ballon d'eau chaude, chauffe-bain et cumulus dans le Gard"
    },
    "text": "<p>L'entretien de votre chauffe-eau ou de votre chauffe-bain est une opération importante afin d'assurer le bon fonctionnement de vos appareils, de prolonger leur durée de vie et d'assurer votre sécurité, que vous soyez à <a href=\"https://www.gd-energies.fr/chauffage-nimes\" title=\"Chauffage Nimes\">Nîmes</a> ou dans le reste du Gard.</p> <p>GD Energies, c'est une équipe de plombiers chauffagistes spécialiste de la maintenance, l'entretien et la réparation de vos équipements d'eau chaude sanitaire.</p> <p>Nos experts interviennent sur vos chauffe-eaux thermodynamiques et vos chauffe-bains gaz de marques diverses : Ariston, Atlantic, Bosch, Chaffoteaux, Chappée, De Dietrich, ELM Leblanc, Frisquet, Saunier Duval, Vaillant ou encore Viessmann.</p>"
  },
  "contents": [
    {
      "title": "Pourquoi faire entretenir son chauffe-bain gaz ?",
      "text": "<p>Le décret n°2009-649 du 9 juin 2009 a rendu obligatoire la visite annuelle d'entretien des chaudières et chauffe-bains à gaz en France. Cette obligation légale a notamment pour objectif d'assurer la sécurité des personnes, avec des appareils qui utilisent un combustible potentiellement dangereux.</p> <p>En effet, un équipement à gaz mal entretenu qui brûle mal son combustible peut produire du monoxyde de carbone (CO). Si ces gaz viennent à se retrouver dans le logement en raison d'une fuite ou d'un défaut dans l'évacuation, il existe un risque réel d'intoxication au monoxyde de carbone. Une fuite de gaz dans l'alimentation de la chaudière peut également avoir des effets désastreux.</p> <p>Pour ces raisons, il est <strong>obligatoire de faire entretenir son chauffe-eau au gaz</strong> au moins une fois par an par un professionnel agréé.</p> <strong>obligatoire de faire entretenir son chauffe-eau au gaz</strong>"
    },
    {
      "title": "Pourquoi faire entretenir un chauffe-eau thermodynamique ?",
      "text": "<p>Un <a href=\"https://www.gd-energies.fr/equipements/chauffe-eaux-chauffe-bains\" title=\"Nos chauffe-eaux dans le Gard\">chauffe-eau thermodynamique</a> fonctionne grâce à une pompe à chaleur. Il utilise l'air pour produire de l'eau chaude sanitaire. Nous vous recommandons de faire entretenir votre système tous les ans afin de maintenir ses performances.</p> <a href=\"https://www.gd-energies.fr/equipements/chauffe-eaux-chauffe-bains\" title=\"Nos chauffe-eaux dans le Gard\">chauffe-eau thermodynamique</a> <p>Nos <a href=\"/qui-sommes-nous/certifications-et-marques\" title=\"GD Energies - Entreprise RGE\">techniciens qualifiés GD Energies</a> pourront nettoyer le condenseur, vérifier le circuit électrique, s'assurer de l'étanchéité du système, et prévenir des pannes plus coûteuses. Ils pourront également mesurer et optimiser les performances de votre chauffe-eau thermodynamique et vous proposer des conseils pour son utilisation.</p> <a href=\"/qui-sommes-nous/certifications-et-marques\" title=\"GD Energies - Entreprise RGE\">techniciens qualifiés GD Energies</a> <p>Enfin, l'eau du Gard est considérée comme relativement dure. Il est donc nécessaire d'effectuer un détartrage tous les 2 à 5 ans de votre chauffe-eau thermodynamique. Cette opération a pour but de désencrasser votre chauffe-eau du calcaire qui peut s'y déposer avec le temps et ainsi de prolonger sa durée de vie.</p>"
    },
    {
      "title": "GD Energies, vos experts de l'entretien de votre chauffe eau ou chauffe bain à Beaucaire, Calvisson, Milhaud",
      "text": "<p>GD Energies, anciennement connu sous le nom de <a href=\"https://www.gd-energies.fr/gaz-depannage\" title=\"GD Energies - Gaz Dépannage\">Gaz Dépannage Nîmes Plomberie</a>, intervient depuis 1975 sur les équipements d'eau chaude sanitaire dans le Gard. Nos plombiers chauffagistes réalisent la maintenance, l'optimisation et la réparation de vos chauffe-eaux gaz et thermodynamiques. Nous effectuons aussi le dépannage des cumulus électriques.</p> <a href=\"https://www.gd-energies.fr/gaz-depannage\" title=\"GD Energies - Gaz Dépannage\">Gaz Dépannage Nîmes Plomberie</a> <p>Nos équipes interviennent dans <a href=\"/qui-sommes-nous/zones-intervention\" title=\"Zone d'intervention - GD Energies Gaz Dépannage\">un rayon de 35km autour de Nîmes</a>. Nos experts se déplacent par exemple à <a href=\"https://www.gd-energies.fr/chauffage-aramon\" title=\"Chauffage Aramon\">Aramon</a>, <a href=\"https://www.gd-energies.fr/chauffage-les-angles\" title=\"Chauffage Les Angles\">Les Angles</a>, <a href=\"https://www.gd-energies.fr/chauffage-saint-gilles\" title=\"Chauffage Saint Gilles\">Saint-Gilles</a>, <a href=\"https://www.gd-energies.fr/chauffage-uzes\" title=\"Chauffage Uzes\">Uzès</a>, <a href=\"https://www.gd-energies.fr/chauffage-vauvert\" title=\"Chauffage Vauvert\">Vauvert</a> ou encore <a href=\"https://www.gd-energies.fr/chauffage-poulx\" title=\"Chauffage Poulx\">Poulx</a>, ainsi qu'autour du <a href=\"https://www.gd-energies.fr/chauffage-grau-du-roi\" title=\"Chauffage Grau Du Roi\">Grau-du-Roi</a>.</p> <a href=\"/qui-sommes-nous/zones-intervention\" title=\"Zone d'intervention - GD Energies Gaz Dépannage\">un rayon de 35km autour de Nîmes</a> <a href=\"https://www.gd-energies.fr/chauffage-aramon\" title=\"Chauffage Aramon\">Aramon</a> <a href=\"https://www.gd-energies.fr/chauffage-les-angles\" title=\"Chauffage Les Angles\">Les Angles</a> <a href=\"https://www.gd-energies.fr/chauffage-saint-gilles\" title=\"Chauffage Saint Gilles\">Saint-Gilles</a> <a href=\"https://www.gd-energies.fr/chauffage-uzes\" title=\"Chauffage Uzes\">Uzès</a> <a href=\"https://www.gd-energies.fr/chauffage-vauvert\" title=\"Chauffage Vauvert\">Vauvert</a> <a href=\"https://www.gd-energies.fr/chauffage-poulx\" title=\"Chauffage Poulx\">Poulx</a> <a href=\"https://www.gd-energies.fr/chauffage-grau-du-roi\" title=\"Chauffage Grau Du Roi\">Grau-du-Roi</a> <h3>Votre visite d'entretien pour votre chauffe-eau ou chauffe-bain</h3> <p><a href=\"/qui-sommes-nous\" title=\"GD Energies, depuis 1975\">Avec plus de 50 ans d'expérience</a>, nos plombiers chauffagistes sont des spécialistes de l'entretien de chauffe-bain et chauffe-eau dans le Gard. Ils pourront ainsi effectuer une inspection globale de votre système, contrôler le groupe de sécurité et vérifier les raccordements. Nos techniciens qualifiés nettoient les composants de votre chauffe-eau. Ils nettoient les filtres à air, le bac de condensat, l'évaporateur et vérifient la pression du fluide frigorigène de votre chauffe-eau thermodynamique.</p> <a href=\"/qui-sommes-nous\" title=\"GD Energies, depuis 1975\">Avec plus de 50 ans d'expérience</a> <p>Nos experts testent la pression de gaz, inspectent le système d'évacuation des fumées, et contrôlent aussi l'étanchéité de votre chauffe-bain à gaz. Ils nettoient aussi le brûleur, l'échangeur thermique et le ballon d'eau chaude si existant. Enfin, ils contrôlent votre thermostat et vérifient les dispositifs de sécurité. À l'issue de votre entretien annuel, nos techniciens certifiés vous remettent l'attestation d'entretien, preuve de votre conformité à la loi.</p>"
    }
  ],
  "related": {
    "title": "Souscrivez un contrat d'entretien",
    "links": [
      {
        "text": "Demander un contrat d'entretien pour votre chauffe-eau ou chauffe-bain dans le Gard",
        "href": "/nous-contacter?type=2&categorie=water_heater",
        "title": "Entretien de chauffe-eau autour de Nîmes"
      }
    ]
  },
  "url": "https://www.gd-energies.fr/entretien/chauffe-eaux-chauffe-bains"
}