{
  "breadcrumb": "Climatisations",
  "seo": {
    "title": "Entretien de Climatisation Réversible dans le Gard | GD Energies",
    "description": "GD Energies, experts RGE à Nîmes, assure l'entretien de votre climatisation réversible / pompe à chaleur air-air. Entretien professionnel, contrats d'entretien, et interventions rapides.",
    "opengraph": {
      "site_name": "GD Energies",
      "type": "website",
      "locale": "fr_FR",
      "title": "Entretien de Climatisation Réversible dans le Gard | GD Energies",
      "description": "GD Energies, experts RGE à Nîmes, assure l'entretien de votre climatisation réversible / pompe à chaleur air-air. Entretien professionnel, contrats d'entretien, et interventions rapides.",
      "image": {
        "src": "https://www.gd-energies.fr/build/images/gd-energies-entretien-climatisation-456x334.76adc7da.jpg",
        "alt": "GD Energies, experts RGE à Nîmes, assure l'entretien de votre climatisation réversible. "
      }
    }
  },
  "hero": {
    "title": "Maintenance et entretien de votre climatisation dans le Gard",
    "subtitle": "GD Energies réalise la visite d'entretien de votre climatisation réversible à Nîmes et alentours"
  },
  "intro": {
    "image": {
      "src": "https://www.gd-energies.fr/build/images/gd-energies-entretien-climatisation-456x334.76adc7da.jpg",
      "alt": "GD Energies, experts RGE à Nîmes, assure l'entretien de votre climatisation réversible. "
    },
    "text": "<p>En plein coeur du Gard, les journées d'été peuvent être particulièrement chaudes et étouffantes. C'est pourquoi, pour assurer votre confort thermique tout au long de l'année, une climatisation réversible, ou pompe à chaleur air-air, est devenue un équipement indispensable pour de nombreux foyers. Cependant, pour garantir le bon fonctionnement, la longévité et l'efficacité énergétique de votre appareil, un entretien régulier par un professionnel qualifié est indispensable.</p> <p>GD Energies est votre climaticien expert RGE dans le Gard. Nous intervenons dans un rayon de 35km autour de <a href=\"https://www.gd-energies.fr/chauffage-nimes\" title=\"Chauffage Nimes\">Nîmes</a>, ce qui comprend une partie des Bouches-du-Rhône. GD Energies entretient votre climatisation réversible sous contrat ou au forfait autour de Nîmes.</p>"
  },
  "contents": [
    {
      "title": "Pourquoi entretenir votre climatisation réversible à Nîmes ?",
      "text": "<p>L’entretien de sa climatisation par un professionnel qualifié est <strong>obligatoire </strong>et doit être effectué tous les deux ans minimums en fonction de sa puissance et sa charge en fluide frigorigène (décret n°2020-912 du 28 juillet 2020)</p> <strong>obligatoire </strong> <p>Au-delà d'être une <strong>obligation légale</strong>, un entretien régulier de votre climatisation réversible permet de <strong>maintenir ses performances optimales</strong>. Lorsqu'un système est bien entretenu, il fonctionne plus efficacement.</p> <strong>obligation légale</strong> <strong>maintenir ses performances optimales</strong> <p>Un appareil encrassé, en revanche,&nbsp; consomme plus d'énergie pour produire la même quantité de froid ou de chaud, ce qui augmente votre consommation électrique et, par conséquent, vos factures. Les <strong>filtres encrassés</strong> peuvent laisser passer des pollens, des poussières et des allergènes, affectant la qualité de l'air intérieur. C'est pourquoi nous vous recommandons d'opter pour <strong>une visite annuelle d'entretien</strong>, d'autant plus si vous avez un usage régulier de votre clim réversible.</p> <strong>filtres encrassés</strong> <strong>une visite annuelle d'entretien</strong> <p>Un manque d'entretien régulier peut également entraîner des <strong>pannes prématurées</strong>, souvent coûteuses à réparer.</p> <strong>pannes prématurées</strong> <p>Une climatisation bien entretenue <strong>garantit une température stable</strong> et agréable tout au long de l'année, peu importe les variations climatiques extérieures, que ce soit en été pour rafraîchir votre maison ou en hiver pour la chauffer.</p> <strong>garantit une température stable</strong>"
    },
    {
      "title": "Puis-je entretenir moi-même ma climatisation réversible ?",
      "text": "<p>Il est possible d'effectuer certains gestes d'entretien basiques sur votre climatisation réversible vous-même :</p> <ul><li>Le flux d'air extérieur autour de votre PAC air-air ne doit être obstrué par aucun obstacle. Assurez-vous que les grilles d'aération ne sont pas obstruées (poussière, pollen, feuilles, détritus, débris, etc).</li><li>L'unité extérieure doit être nettoyée régulièrement pour enlever la poussière et les débris qui pourraient s'y accumuler.</li><li>Les filtres à air doivent être nettoyés régulièrement, environ une fois par mois, pour garantir une bonne circulation de l'air et éviter la propagation de polluants.</li></ul> <li>Le flux d'air extérieur autour de votre PAC air-air ne doit être obstrué par aucun obstacle. Assurez-vous que les grilles d'aération ne sont pas obstruées (poussière, pollen, feuilles, détritus, débris, etc).</li> <li>L'unité extérieure doit être nettoyée régulièrement pour enlever la poussière et les débris qui pourraient s'y accumuler.</li> <li>Les filtres à air doivent être nettoyés régulièrement, environ une fois par mois, pour garantir une bonne circulation de l'air et éviter la propagation de polluants.</li> <p>L’entretien d’une <a href=\"https://www.gd-energies.fr/equipements/climatisations\" title=\"Climatisation réversible\">pompe à chaleur air-air</a> reste cependant un <strong>acte technique</strong>. Il implique en effet des opérations complexes qui nécessitent des compétences techniques et des outils spécifiques. C'est pourquoi il est fortement recommandé de faire appel à un <strong>professionnel qualifié RGE</strong>, comme GD Energies, pour l'entretien annuel de votre appareil. Nos <a href=\"/qui-sommes-nous/certifications-et-marques\" title=\"GD Energies est certifiée QualiSAV\">professionnels certifiés <strong>QualiSAV</strong></a>&nbsp;sont des personnes formées aux actes de maintenance, de dépannage et de remplacement.</p> <a href=\"https://www.gd-energies.fr/equipements/climatisations\" title=\"Climatisation réversible\">pompe à chaleur air-air</a> <strong>acte technique</strong> <strong>professionnel qualifié RGE</strong> <a href=\"/qui-sommes-nous/certifications-et-marques\" title=\"GD Energies est certifiée QualiSAV\">professionnels certifiés <strong>QualiSAV</strong></a> <strong>QualiSAV</strong>"
    },
    {
      "title": "Visite d'entretien de climatisation : en quoi consiste-t-elle ?",
      "text": "<p>Lors de l'entretien de votre climatisation, chez GD Energies, nous nous engageons à réaliser les o<strong>pérations de nettoyage</strong> suivantes :</p> <strong>pérations de nettoyage</strong> <ul><li>Dépoussiérage, nettoyage et désinfection des unités extérieure et intérieure</li><li>Dépoussiérage et désinfection du bac à condensats</li><li>Nettoyage du filtre à boue</li><li>Nettoyage de la pompe de relevage si existante</li></ul> <li>Dépoussiérage, nettoyage et désinfection des unités extérieure et intérieure</li> <li>Dépoussiérage et désinfection du bac à condensats</li> <li>Nettoyage du filtre à boue</li> <li>Nettoyage de la pompe de relevage si existante</li> <p>Nos climaticiens effectuent aussi des <strong>contrôles des systèmes</strong> électriques et frigorifiques, des fixations et de l'étanchéité de l'ensemble de l'installation.</p> <strong>contrôles des systèmes</strong> <ul><li>Vérification du fluide frigorigène : niveau et état du fluide, recherche de fuites éventuelles</li><li>Contrôles du fonctionnement des circulateurs</li><li>Contrôle de l'alimentation électrique, isolement, intensités, resserrage des connexions</li><li>Contrôle de la performance des dispositifs de sécurité et des systèmes automatiques intégrés à l'équipement</li><li>Contrôle des signalisations de défauts et de sécurités frigorifiques</li><li>Contrôle de la fonction dégivrage</li><li>Contrôle de l'eau de l'installation de chauffage</li><li>Vérification de l'écoulement des eaux de condensats et pompe de relevage si existante</li><li>Contrôle des performances : test de fonctionnement et ajustements nécessaires pour optimiser l'efficacité</li><li>Rapport d'entretien : documentation des travaux effectués, attestation d'entretien et recommandations pour l'utilisateur</li></ul> <li>Vérification du fluide frigorigène : niveau et état du fluide, recherche de fuites éventuelles</li> <li>Contrôles du fonctionnement des circulateurs</li> <li>Contrôle de l'alimentation électrique, isolement, intensités, resserrage des connexions</li> <li>Contrôle de la performance des dispositifs de sécurité et des systèmes automatiques intégrés à l'équipement</li> <li>Contrôle des signalisations de défauts et de sécurités frigorifiques</li> <li>Contrôle de la fonction dégivrage</li> <li>Contrôle de l'eau de l'installation de chauffage</li> <li>Vérification de l'écoulement des eaux de condensats et pompe de relevage si existante</li> <li>Contrôle des performances : test de fonctionnement et ajustements nécessaires pour optimiser l'efficacité</li> <li>Rapport d'entretien : documentation des travaux effectués, attestation d'entretien et recommandations pour l'utilisateur</li>"
    }
  ],
  "related": {
    "title": "Pourquoi choisir GD Energies autour de Nîmes pour l'entretien de votre climatisation réversible ?",
    "links": [
      {
        "text": "dans un rayon de 35 kilomètres",
        "href": "/qui-sommes-nous/zones-intervention",
        "title": "Zone d'intervention de GD Energies dans le Gard"
      },
      {
        "text": "Poulx",
        "href": "https://www.gd-energies.fr/chauffage-poulx",
        "title": "Chauffage Poulx"
      },
      {
        "text": "Beaucaire",
        "href": "https://www.gd-energies.fr/chauffage-beaucaire",
        "title": "Chauffage Beaucaire"
      },
      {
        "text": "Vauvert",
        "href": "https://www.gd-energies.fr/chauffage-vauvert",
        "title": "Chauffage Vauvert"
      },
      {
        "text": "Saint-Gilles",
        "href": "https://www.gd-energies.fr/chauffage-saint-gilles",
        "title": "Chauffage Saint Gilles"
      },
      {
        "text": "Les Angles",
        "href": "https://www.gd-energies.fr/chauffage-les-angles",
        "title": "Chauffage Les Angles"
      },
      {
        "text": "Aramon",
        "href": "https://www.gd-energies.fr/chauffage-aramon",
        "title": "Chauffage Aramon"
      },
      {
        "text": "Uzès",
        "href": "https://www.gd-energies.fr/chauffage-uzes",
        "title": "Chauffage Uzes"
      },
      {
        "text": "Grau-du-Roi",
        "href": "https://www.gd-energies.fr/chauffage-grau-du-roi",
        "title": "Chauffage Grau Du Roi"
      },
      {
        "text": " Demandez un devis gratuit pour l'entretien de votre climatisation à Nîmes et ses alentours",
        "href": "/nous-contacter?type=2&categorie=air_conditionner",
        "title": "Devis entretien climatisation"
      },
      {
        "text": "Comment souscrire à nos services d'entretien ? Ecrivez-nous ou appelez-nous !",
        "href": "/nous-contacter?type=2&categorie=air_conditionner",
        "title": "Contrat d'entretien climatisation"
      }
    ]
  },
  "url": "https://www.gd-energies.fr/entretien/climatisations"
}