{
  "breadcrumb": "Entretien",
  "seo": {
    "title": "Entretien Chauffage et Climatisation dans le Gard | GD Energies",
    "description": "GD Energies, certifié RGE QualiSAV, entretient vos chaudières, pompes à chaleur, chauffe-eaux et climatiseurs à Nîmes. Souscrivez à un contrat d'entretien pour un service complet ou optez pour un entretien forfaitaire.",
    "opengraph": {
      "site_name": "GD Energies",
      "type": "website",
      "locale": "fr_FR",
      "title": "Entretien Chauffage et Climatisation dans le Gard | GD Energies",
      "description": "GD Energies, certifié RGE QualiSAV, entretient vos chaudières, pompes à chaleur, chauffe-eaux et climatiseurs à Nîmes. Souscrivez à un contrat d'entretien pour un service complet ou optez pour un entretien forfaitaire.",
      "image": {
        "src": "https://www.gd-energies.fr/build/images/gd-energies-entretien-456x334.8a01ada8.jpg",
        "alt": "Besoin d'un entretien pour votre chaudière, PAC, ou climatisation à Nîmes ? GD Energies, experts RGE, propose des services de maintenance sur-mesure dans tout le Gard. "
      }
    }
  },
  "hero": {
    "title": "Entretien de chauffage et de climatisation dans le Gard",
    "subtitle": "GD Energies entretient votre chaudière, pompe à chaleur, climatisation réversible, chauffe-eau, ..."
  },
  "intro": {
    "image": {
      "src": "https://www.gd-energies.fr/build/images/gd-energies-entretien-456x334.8a01ada8.jpg",
      "alt": "Besoin d'un entretien pour votre chaudière, PAC, ou climatisation à Nîmes ? GD Energies, experts RGE, propose des services de maintenance sur-mesure dans tout le Gard. "
    },
    "text": "<p>GD Energies est le spécialiste de l'entretien des appareils de chauffage et de climatisation à <a href=\"https://www.gd-energies.fr/chauffage-nimes\" title=\"Chauffage Nimes\">Nîmes</a>. Notre entreprise est certifiée RGE <strong>QualiSAV </strong>et assure la maintenance de votre chaudière, votre chauffe-eau, votre pompe à chaleur ou votre adoucisseur d'eau.</p><p>Nous vous proposons des contrats d'entretien et des interventions forfaitaires dans une large zone du Gard et une partie des Bouches-du-Rhône. À Nîmes, Sommières, Tarascon, <a href=\"https://www.gd-energies.fr/chauffage-vauvert\" title=\"Chauffage Vauvert\">Vauvert</a> ou encore au <a href=\"https://www.gd-energies.fr/chauffage-grau-du-roi\" title=\"Chauffage Grau Du Roi\">Grau-du-Roi</a>, nos plombiers chauffagistes et frigoristes interviennent rapidement pour la maintenance de vos appareils. Nos professionnels qualifiés GD Energies vous garantissent un service sérieux et de qualité, comme en témoignent nos qualifications <strong>RGE Chauffage+</strong> et <strong>QualiPAC</strong>.</p>"
  },
  "teasers": [
    {
      "title": "Entretien de chaudière sur Nîmes, Vauvert, Caissargues, Calvisson",
      "text": "<p>Nos chauffagistes qualifiés interviennent sur vos appareils de chauffage afin d'en assurer le fonctionnement optimal. ils vérifient la sécurité de vos appareils à gaz tels que votre chaudière THPE à condensation ou votre chaudière gaz basse température. Nos techniciens effectuent également toutes les opérations de maintenance nécessaires afin de prolonger la durée de vie de votre appareil&nbsp;:</p><ul><li>Nettoyage des composants (extracteur, brûleur, sondes, chambre de combustion)</li><li>Contrôle et mesure du taux de monoxyde de carbone</li><li>Vérification de l'état des composants</li><li>Réglage des débits d'eau et de gaz</li><li>Contrôle des organes de sécurité</li></ul><p>Nos techniciens effectuent tous les réglages pour optimiser votre consommation d'énergie et vous aider à faire des économies sur votre facture. Ils peuvent aussi vous donner des conseils pour vous aider à faire baisser vos factures.</p><p>Pour rappel, l'entretien annuel de vos chaudières gaz est une obligation légale depuis 2009. Pour vous aider dans cette démarche, GD Energies, <a href=\"https://www.gd-energies.fr/gaz-depannage\" title=\"GD Energies, le nouveau nom de Gaz Dépannage Nîmes\">anciennement Gaz Dépannage</a>, vous propose des contrats d'entretien pour vos chaudières gaz. Nous intervenons sur un large panel de marques : Saunier Duval, Vaillant, Chappée, Viessmann, Bosch, Ariston, Elm Leblanc, De Dietrich, Atlantic, Frisquet, Chaffoteaux &amp; Maury, Bosch, etc.</p>",
      "link": {
        "href": "https://www.gd-energies.fr/entretien/chaudieres-gaz",
        "text": "En savoir plus sur l'entretien de chaudière avec GD Energies",
        "title": "Entretien de chaudière gaz autour de Nîmes"
      }
    },
    {
      "title": "Entretien de pompe à chaleur à Nîmes, Beaucaire, Milhaud, Poulx, Aramon",
      "text": "<p>Les pompes à chaleur sont aussi soumises à une <strong>obligation légale d'entretien</strong>, au minimum tous les deux ans (décret n° 2020-912 du 28 juillet 2020). La visite d'entretien est essentielle pour votre PAC air-eau ou hybride. Elle permet d'assurer le fonctionnement normal de votre pompe à chaleur :</p><ul><li>Nettoyage des unités intérieures et extérieures, du bac à condensats, du filtre à boue, et de la pompe de relevage.</li><li>Contrôles et réglages : vérification visuelle et auditive, alimentation électrique, étanchéité des circuits frigorifiques, dégivrage, eaux de condensats, et mesures du pH et du glycol.</li></ul><p>L'ensemble de ces opérations permet d'optimiser les performances de votre pompe à chaleur en s'assurant notamment de la bonne circulation de l'air et des fluides dans le système. Nos techniciens sont essentiels pour veiller à l'étanchéité de votre circuit de PAC, éviter les fuites de liquide frigorigène et recharger votre PAC en fluide si nécessaire.</p><p>Pour un fonctionnement toujours optimal, nous vous conseillons d'opter pour un entretien annuel, sous contrat, afin de bénéficier d'interventions rapides.</p>",
      "link": {
        "href": "https://www.gd-energies.fr/entretien/pompes-a-chaleur",
        "text": "En savoir plus sur l'entretien de pompe à chaleur",
        "title": "Entretien de pompe à chaleur autour de Nîmes"
      }
    },
    {
      "title": "Entretien de votre climatisation réversible autour de Saint-Gilles, Vergèze, Uzès",
      "text": "<p>Nos frigoristes et chauffagistes professionnels réalisent la maintenance de votre pompe à chaleur air-air ou climatisation réversible dans le Gard. Gardois nous-mêmes, nous savons que ce type d'appareils peut être très sollicité en été dans notre département. C'est pourquoi nous proposons à nos clients de <strong>souscrire à un contrat d'entretien</strong> pour leur climatisation réversible.</p><p>Comme les pompes à chaleur air-eau et hybride, les climatisations réversibles doivent aussi être contrôlées <strong>tous les deux ans au moins</strong>. Idem, nous vous recommandons de le faire faire tous les ans afin de nettoyer l'intégralité de vos appareils : groupes extérieur et intérieur.</p><p>Lors de l'entretien de votre climatisation réversible, nos techniciens qualifiés veillent au bon fonctionnement de vos équipements, assurent la propreté du système, changent les filtres si nécessaire et contrôlent l'étanchéité et la quantité de fluide frigorigène de votre PAC air-air. Vous pouvez opter pour la tranquillité de nos contrats d'entretien PAC climatiseurs ou choisir un entretien forfaitaire au besoin.</p>",
      "link": {
        "href": "https://www.gd-energies.fr/entretien/climatisations",
        "text": "En savoir plus sur l'entretien de climatiseur",
        "title": "Entretien de climatisation réversible autour de Nîmes"
      }
    },
    {
      "title": "Maintenance de votre chauffe-eau autour du Grau-du-Roi, de Vézénobres, Sommières",
      "text": "<p>GD Energies entretient aussi votre <strong>chauffe-eau thermodynamique</strong> ou votre <strong>chauffe-bain gaz</strong>. Nos experts du gaz et des PAC interviennent sur ces deux types d'équipements pour la production d'eau chaude sanitaire. Nos professionnels contrôlent l'étanchéité des circuits, l'état d'usure des différentes pièces ainsi que l'entartage de votre ballon d'eau chaude.</p><p>Faites appel à GD Energies pour l'entretien de votre chauffe-eau à Nîmes, Tarascon, Vauvert ou encore au Grau-du-Roi. Les techniciens GD Energies vous proposent des <strong>interventions rapides</strong> et des services d'entretien de qualité sur les plus grandes marques du marché : Atlantic, Saunier Duval, Ariston, Frisquet, Viessmann, Vaillant, Chappée, Chaffoteaux, etc.</p>",
      "link": {
        "href": "https://www.gd-energies.fr/entretien/chauffe-eaux-chauffe-bains",
        "text": "En savoir plus sur l'entretien de chauffe-eau",
        "title": "Entretien de chauffe-eau autour de Nîmes"
      }
    },
    {
      "title": "Nos contrats d’entretien",
      "text": "<p>Pour plus de tranquillité, vous pouvez souscrire un ou plusieurs contrats d’entretien GD Energies pour vos appareils :&nbsp;</p><ul><li>Pompe à chaleur air-eau ou hybride</li><li>Chaudière gaz</li><li>Climatisation split</li><li>Adoucisseur d’eau</li><li>Chauffe-bain gaz</li><li>Chauffe-eau thermodynamique</li></ul><p>Nous vous proposons <strong>trois niveaux de contrats d’entretien</strong> pour correspondre à tous les budgets et à tous les besoins : Accès, Avantage et Absolu.</p><p>Les <strong>contrats d’entretien Accès</strong> comprennent l’organisation de la visite d’entretien par nos soins, le contrôle de l’installation et de sa sécurité. En cas de panne, vous êtes prioritaire pour une intervention. En cas de panne totale, nous pouvons intervenir sous 24 à 48h du lundi au vendredi aux heures ouvrables de la société et le samedi matin en période de chauffe.</p><p>En plus de tous les éléments précédents, les <strong>contrats d’entretien Avantage</strong> vous donnent droit à des dépannages illimités, déplacement et main d’œuvre sans frais.</p><p>Enfin, <strong>nos contrats d’entretien Absolu</strong>, sur demande, incluent les pièces détachées.</p>",
      "link": {
        "href": "",
        "text": "",
        "title": ""
      }
    },
    {
      "title": "Une entreprise certifiée QualiSAV",
      "text": "<p>Le savoir-faire de GD Energies en matière de services de maintenance et d'efficacité énergétique n'est plus à démontrer. <a href=\"/qui-sommes-nous\" title=\"GD Energies, depuis 50 ans\">Depuis 1975</a>, nos techniciens qualifiés interviennent sur les systèmes de chauffage et de climatisation des Gardois. Notre certification QualiSAV atteste des qualifications de nos techniciens, du respect des normes sur nos chantiers et des engagements de GD Energies quant à la qualité des services proposés.</p>",
      "link": {
        "href": "/nous-contacter?type=2",
        "text": "Faites appel à GD Energies pour toutes vos demandes d'entretien d'appareils de chauffage et de climatisation !",
        "title": "Entretien de chaudière gaz autour de Nîmes"
      }
    }
  ]
}