{
  "breadcrumb": "Pompes a chaleur",
  "seo": {
    "title": "Entretien de Pompe à Chaleur autour de Nîmes | GD Energies",
    "description": "GD Energies, expert RGE QualiPAC à Nîmes, réalise l'entretien de votre pompe à chaleur air-eau. Entretien annuel, maintenance régulière. Souscrivez à un contrat d'entretien pour plus de sérénité !",
    "opengraph": {
      "site_name": "GD Energies",
      "type": "website",
      "locale": "fr_FR",
      "title": "Entretien de Pompe à Chaleur autour de Nîmes | GD Energies",
      "description": "GD Energies, expert RGE QualiPAC à Nîmes, réalise l'entretien de votre pompe à chaleur air-eau. Entretien annuel, maintenance régulière. Souscrivez à un contrat d'entretien pour plus de sérénité !",
      "image": {
        "src": "https://www.gd-energies.fr/build/images/gd-energies-entretien-pompe-a-chaleur-456x334.6501b596.jpg",
        "alt": "Assurez la performance de votre pompe à chaleur à Nîmes avec GD Energies. Entretien annuel, maintenance régulière."
      }
    }
  },
  "hero": {
    "title": "Entretien d'une pompe à chaleur à Nîmes et ses environs",
    "subtitle": "GD Energies est qualifiée RGE QualiPAC et réalise la maintenance de votre PAC dans le Gard"
  },
  "intro": {
    "image": {
      "src": "https://www.gd-energies.fr/build/images/gd-energies-entretien-pompe-a-chaleur-456x334.6501b596.jpg",
      "alt": "Assurez la performance de votre pompe à chaleur à Nîmes avec GD Energies. Entretien annuel, maintenance régulière."
    },
    "text": "<p>Économe en énergie et confortable, la pompe à chaleur a beaucoup d'atouts pour vous convaincre. Facile à utiliser, elle permet de faire des économies d'énergie et offre une alternative aux systèmes de chauffage à énergie fossile.</p> <p>Cependant, une pompe à chaleur non ou mal entretenue peut perdre en efficacité avec le temps et rencontrer des pannes.</p> <p>Chez GD Energies, nous assurons la maintenance de votre pompe à chaleur air-eau ou hybride. Entreprise certifiée&nbsp; RGE QualiPAC et QualiSAV, nos techniciens se déplacent dans le Gard et une partie des Bouches-du-Rhône pour l'entretien de votre appareil.</p> <p>&nbsp;</p>"
  },
  "contents": [
    {
      "title": "Ce qu'il faut savoir sur l'entretien d'une PAC",
      "text": "<h3>Pourquoi faire entretenir sa pompe à chaleur ?</h3> <p>Une PAC bien entretenue <strong>consomme moins d'énergie</strong> et vous permet donc de <a href=\"../../conseils-et-actualites/pourquoi-entretenir-pompe-a-chaleur\" title=\"Pourquoi entretenir une PAC\">réduire votre facture</a>. Un entretien régulier permet de garantir le bon fonctionnement de votre PAC et donc de vous assurer un chauffage et une eau chaude sanitaire performants. Il permet aussi de <strong>détecter et de corriger d'éventuels problèmes</strong> avant qu'ils ne causent des pannes plus graves et coûteuses.</p> <strong>consomme moins d'énergie</strong> <a href=\"../../conseils-et-actualites/pourquoi-entretenir-pompe-a-chaleur\" title=\"Pourquoi entretenir une PAC\">réduire votre facture</a> <strong>détecter et de corriger d'éventuels problèmes</strong> <p>Une PAC bien entretenue minimise également le <strong>risque de fuite du fluide frigorigène</strong>, qui est très nocif pour l'environnement. L'entretien annuel de votre PAC par un professionnel qualifié est obligatoire.</p> <strong>risque de fuite du fluide frigorigène</strong> <h3>Qui peut réaliser l'entretien de ma PAC ?</h3> <p>La visite d'entretien doit être réalisée par un <strong>professionnel qualifié RGE</strong> (reconnu garant de l'environnement) QualiPAC, comme GD Energies.</p> <strong>professionnel qualifié RGE</strong> <h3>Quand faut-il faire entretenir sa PAC air-eau ou hybride ?</h3> <p>L’entretien de sa pompe à chaleur est obligatoire et doit être effectué <strong>au minimum tous les deux ans</strong> si sa puissance est comprise entre 4 et 70 kW (décret n°2020-912 du 28 juillet 2020).</p> <strong>au minimum tous les deux ans</strong> <p>Nous vous conseillons néanmoins de faire entretenir votre PAC air-eau ou hybride une fois par an, le plus simple étant en dehors de la saison de chauffage et pas forcémment juste avant le démarrage de celle-ci. Nos équipes sauront vous proposer le créneau adapté.&nbsp;</p> <h3>Que peut-il se passer si je ne fais pas entretenir ma PAC air-eau ou hybride ?</h3> <p>Si vous ne faites pas entretenir votre PAC air-eau ou hybride, vous risquez de :</p> <ul><li>Consommer plus d'énergie et donc de payer des factures plus élevées</li><li>Avoir des pannes de chauffage ou d'eau chaude sanitaire</li><li>Réduire la durée de vie de votre appareil</li></ul> <li>Consommer plus d'énergie et donc de payer des factures plus élevées</li> <li>Avoir des pannes de chauffage ou d'eau chaude sanitaire</li> <li>Réduire la durée de vie de votre appareil</li> <p>Enfin, si vous négligez l'entretien de votre pompe à chaleur, les garanties sur les appareils ne s'appliqueront pas.</p>"
    },
    {
      "title": "Pourquoi souscrire un contrat de maintenance GD Energies ?",
      "text": "<p>Les contrats sans soucis de GD Energies vous garantissent un entretien annuel programmé. GD Energies est un expert en <a href=\"https://www.gd-energies.fr/installation/pompes-a-chaleur\" title=\"Installation pompe à chaleur Nîmes\">installation et maintenance de PAC</a> air-eau et hybrides. En souscrivant à un contrat de maintenance, vous bénéficiez de nombreux avantages :</p> <a href=\"https://www.gd-energies.fr/installation/pompes-a-chaleur\" title=\"Installation pompe à chaleur Nîmes\">installation et maintenance de PAC</a> <ul><li><strong>Une intervention rapide et efficace</strong> pour un service de proximité fiable.</li><li><strong>Des techniciens qualifiés RGE </strong><strong>et QualiPAC</strong> : nos techniciens sont formés et expérimentés pour assurer l'entretien et le dépannage de votre PAC dans le respect des normes en vigueur.</li><li><strong>Un suivi régulier de votre installation</strong> : nous vous assurons un suivi régulier de votre PAC pour prévenir les pannes et garantir son bon fonctionnement.</li><li><strong>Des tarifs avantageux</strong> : nos contrats de maintenance sont proposés à des tarifs compétitifs pour vous permettre de bénéficier d'un service de qualité à un prix raisonnable.</li><li><strong>La tranquillité d'esprit</strong> : en souscrivant à un contrat de maintenance GD Energies, vous avez l'assurance que votre PAC est en bon état de marche et que vous serez pris en charge en cas de panne.</li></ul> <li><strong>Une intervention rapide et efficace</strong> pour un service de proximité fiable.</li> <strong>Une intervention rapide et efficace</strong> <li><strong>Des techniciens qualifiés RGE </strong><strong>et QualiPAC</strong> : nos techniciens sont formés et expérimentés pour assurer l'entretien et le dépannage de votre PAC dans le respect des normes en vigueur.</li> <strong>Des techniciens qualifiés RGE </strong> <strong>et QualiPAC</strong> <li><strong>Un suivi régulier de votre installation</strong> : nous vous assurons un suivi régulier de votre PAC pour prévenir les pannes et garantir son bon fonctionnement.</li> <strong>Un suivi régulier de votre installation</strong> <li><strong>Des tarifs avantageux</strong> : nos contrats de maintenance sont proposés à des tarifs compétitifs pour vous permettre de bénéficier d'un service de qualité à un prix raisonnable.</li> <strong>Des tarifs avantageux</strong> <li><strong>La tranquillité d'esprit</strong> : en souscrivant à un contrat de maintenance GD Energies, vous avez l'assurance que votre PAC est en bon état de marche et que vous serez pris en charge en cas de panne.</li> <strong>La tranquillité d'esprit</strong> <p>GD Energies, votre expert nîmois de la PAC intervient dans un rayon de <a title=\"Zone d'intervention GD Energies\" href=\"/qui-sommes-nous/zones-intervention\">35 km autour de Nîmes</a> ainsi que dans la zone du <a href=\"https://www.gd-energies.fr/chauffage-grau-du-roi\" title=\"Chauffage Grau Du Roi\">Grau-du-Roi</a>. Nos équipes se déplacent par exemple à <a href=\"https://www.gd-energies.fr/chauffage-uzes\" title=\"Chauffage Uzes\">Uzès</a>, <a href=\"https://www.gd-energies.fr/chauffage-beaucaire\" title=\"Chauffage Beaucaire\">Beaucaire</a>, <a href=\"https://www.gd-energies.fr/chauffage-vauvert\" title=\"Chauffage Vauvert\">Vauvert</a>, <a href=\"https://www.gd-energies.fr/chauffage-milhaud\" title=\"Chauffage Milhaud\">Milhaud</a> ou encore Sommières.</p> <a title=\"Zone d'intervention GD Energies\" href=\"/qui-sommes-nous/zones-intervention\">35 km autour de Nîmes</a> <a href=\"https://www.gd-energies.fr/chauffage-grau-du-roi\" title=\"Chauffage Grau Du Roi\">Grau-du-Roi</a> <a href=\"https://www.gd-energies.fr/chauffage-uzes\" title=\"Chauffage Uzes\">Uzès</a> <a href=\"https://www.gd-energies.fr/chauffage-beaucaire\" title=\"Chauffage Beaucaire\">Beaucaire</a> <a href=\"https://www.gd-energies.fr/chauffage-vauvert\" title=\"Chauffage Vauvert\">Vauvert</a> <a href=\"https://www.gd-energies.fr/chauffage-milhaud\" title=\"Chauffage Milhaud\">Milhaud</a>"
    },
    {
      "title": "Les opérations réalisées durant l'entretien de votre PAC par GD Energies",
      "text": "<p>Lors de l'entretien de votre pompe à chaleur, nous nous engageons chez GD Energies à réaliser les opérations suivantes :</p> <h3>Le nettoyage de votre pompe à chaleur</h3> <ul><li>Dépoussiérage, nettoyage et désinfection du groupe extérieur</li><li>Dépoussiérage, nettoyage et désinfection de l'unité intérieure</li><li>Dépoussiérage et désinfection du bac à condensats</li><li>Nettoyage du filtre à boues</li><li>Nettoyage de la pompe de relevage si existante</li></ul> <li>Dépoussiérage, nettoyage et désinfection du groupe extérieur</li> <li>Dépoussiérage, nettoyage et désinfection de l'unité intérieure</li> <li>Dépoussiérage et désinfection du bac à condensats</li> <li>Nettoyage du filtre à boues</li> <li>Nettoyage de la pompe de relevage si existante</li> <h3>Contrôles, réglages et mesures</h3> <ul><li>Contrôle visuel et auditif de l'ensemble (bruit anormal, panneaux détachés, calorifuge, trace de fuite d'eau, fixation et support...)</li><li>Contrôle du bon fonctionnement de la pompe à chaleur par check-list</li><li>Contrôles du fonctionnement des circulateurs</li><li>Contrôle alimentation électrique, isolement, intensités, resserrage des connexions</li><li>Vérification du bon fonctionnement des sécurités et automatismes internes à l'appareil</li><li>Contrôle de l'étanchéité des circuits frigorifiques, détection de fuites éventuelles</li><li>Contrôle des signalisations de défauts et de sécurités frigorifiques</li><li>Contrôle de la fonction dégivrage</li><li>Contrôle de l'eau de l'installation de chauffage</li><li>Vérification de l'écoulement des eaux de condensats et pompe de relevage si existante</li><li>Mesure du pH et du taux de glycol du circuit hydraulique</li><li>Délivrance d'un certificat d'étanchéité pour les installations concernées par la loi en vigueur des équipements sous pression</li></ul> <li>Contrôle visuel et auditif de l'ensemble (bruit anormal, panneaux détachés, calorifuge, trace de fuite d'eau, fixation et support...)</li> <li>Contrôle du bon fonctionnement de la pompe à chaleur par check-list</li> <li>Contrôles du fonctionnement des circulateurs</li> <li>Contrôle alimentation électrique, isolement, intensités, resserrage des connexions</li> <li>Vérification du bon fonctionnement des sécurités et automatismes internes à l'appareil</li> <li>Contrôle de l'étanchéité des circuits frigorifiques, détection de fuites éventuelles</li> <li>Contrôle des signalisations de défauts et de sécurités frigorifiques</li> <li>Contrôle de la fonction dégivrage</li> <li>Contrôle de l'eau de l'installation de chauffage</li> <li>Vérification de l'écoulement des eaux de condensats et pompe de relevage si existante</li> <li>Mesure du pH et du taux de glycol du circuit hydraulique</li> <li>Délivrance d'un certificat d'étanchéité pour les installations concernées par la loi en vigueur des équipements sous pression</li> <p>L’entretien d’une pompe à chaleur est un <strong>acte technique</strong>, qui doit être réalisé par un professionnel compétent, spécialisé, et formé pour cela. Les professionnels <a href=\"/qui-sommes-nous/certifications-et-marques\" title=\"Nos certifications\">qualifiés Qualisav</a> de GD Energies sont des personnes formées aux actes d’entretien, de dépannage et de remplacement. Nos équipes interviennent rapidement pour maintenir et réparer votre pompe à chaleur !</p> <strong>acte technique</strong> <a href=\"/qui-sommes-nous/certifications-et-marques\" title=\"Nos certifications\">qualifiés Qualisav</a>"
    },
    {
      "title": "Bon à savoir : 5 conseils pour prolonger la durée de vie de votre PAC",
      "text": "<p>Pour bien utiliser ma pompe à chaleur :</p> <ul><li>Je veille à ne pas surchauffer mon logement</li><li>Je règle la température minimale dont j’ai besoin (chaque degré supplémentaire augmente la consommation énergétique de l'ordre de 7%)</li><li>Je veille à baisser mon thermostat ou à arrêter ma pompe à chaleur quand j’aère mon logement</li><li>Je ne laisse pas couler l’eau chaude inutilement</li></ul> <li>Je veille à ne pas surchauffer mon logement</li> <li>Je règle la température minimale dont j’ai besoin (chaque degré supplémentaire augmente la consommation énergétique de l'ordre de 7%)</li> <li>Je veille à baisser mon thermostat ou à arrêter ma pompe à chaleur quand j’aère mon logement</li> <li>Je ne laisse pas couler l’eau chaude inutilement</li> <p>Pour votre pompe à chaleur, la circulation de l'air autour de l'unité extérieure ne doit pas être entravée. Assurez-vous donc régulièrement qu'aucun débris ne vienne empêcher l'air de circuler normalement.</p>"
    },
    {
      "title": "Votre pompe à chaleur est en panne, quelques réflexes",
      "text": "<p>Si votre pompe à chaleur est en panne et ne fonctionne plus, pensez à vérifier quelques éléments :</p> <ul><li>La température actuelle de votre logement</li><li>Votre niveau d'eau et ajustez-le à 1.5 bar</li><li>L'alimentation électrique de votre pompe à chaleur (voyant allumé)</li><li>L'usure des piles de votre thermostat d'ambiance</li></ul> <li>La température actuelle de votre logement</li> <li>Votre niveau d'eau et ajustez-le à 1.5 bar</li> <li>L'alimentation électrique de votre pompe à chaleur (voyant allumé)</li> <li>L'usure des piles de votre thermostat d'ambiance</li> <p>Si vous n'êtes pas en mesure de déterminer la source du problème, nos dépanneurs et réparateurs PAC sont à votre disposition. Appelez-nous ou écrivez-nous !</p>"
    }
  ],
  "related": {
    "title": "",
    "links": []
  },
  "url": "https://www.gd-energies.fr/entretien/pompes-a-chaleur"
}