{
  "breadcrumb": "Chauffe eau thermodynamique",
  "seo": {
    "title": "Entretien de chauffe eau thermodynamique en Savoie | SBF Energies",
    "description": "Un chauffe eau thermodynamique s'entretient. SBF Energies est spécialiste de l'entretien de chauffe eau à Chambery. Optez pour un contrat d'entretien !",
    "opengraph": {
      "site_name": "SBF Energies",
      "type": "website",
      "locale": "fr_FR",
      "title": "Entretien de chauffe eau thermodynamique en Savoie | SBF Energies",
      "description": "Un chauffe eau thermodynamique s'entretient. SBF Energies est spécialiste de l'entretien de chauffe eau à Chambery. Optez pour un contrat d'entretien !",
      "image": {
        "src": "https://www.sbf-energies.com/build/images/sbf-energies-entretien-chauffe-eau-456x334.d44f7abd.jpg",
        "alt": "Entretien de votre chauffe eau thermodynamique par les chauffagistes SBF Energies"
      }
    }
  },
  "hero": {
    "title": "L'entretien de votre chauffe-eau thermodynamique en Savoie",
    "subtitle": "Faîtes appel à des experts pour l'entretien de votre chauffe eau"
  },
  "intro": {
    "image": {
      "src": "https://www.sbf-energies.com/build/images/sbf-energies-entretien-chauffe-eau-456x334.d44f7abd.jpg",
      "alt": "Entretien de votre chauffe eau thermodynamique par les chauffagistes SBF Energies"
    },
    "text": "<p>Le chauffe-eau thermodynamique est l'un des dispositifs de production de l'eau chaude sanitaire les plus intéressants. Utilisant les calories présentes dans l'air ambiant, ce chauffe-eau constitue une solution pratique et économique de production d'ECS.</p> <p>Vous disposez d'un tel appareil et vous en êtes pleinement satisfait ? Peut-être même avez-vous eu recours aux services de SBF Energies pour l'installer.</p> <p>Mais savez-vous que pour bien fonctionner, votre chauffe-eau thermodynamique a besoin d'être entretenu régulièrement ?</p> <p>N'hésitez pas à vous informer auprès du service client de SBF Energies, spécialiste des chauffe-eaux thermodynamiques en Savoie et de l'<a href=\"/entretien\">entretien des installations de chauffage</a></p>"
  },
  "contents": [
    {
      "title": "Pourquoi entretenir votre chauffe-eau thermodynamique ?",
      "text": "<p>Vous habitez en Savoie et votre logement est équipé d'un chauffe-eau thermodynamique : pensez à le faire entretenir régulièrement par des professionnels. Certes, ce type de dispositif nécessite peu d'entretien, une caractéristique qui contribue pour une grande part à son succès. Il convient néanmoins d'être attentif à son bon fonctionnement, qui conditionne sa rentabilité. Ainsi, il est recommandé de faire effectuer tous les ans le nettoyage du condenseur Ce dernier a tendance à retenir les poussières et à s'obstruer. Pour effectuer le nettoyage, il est nécessaire de disposer d'outils appropriés : brosse de nettoyage avec un manche flexible de manière à aplatir les ailettes. La meilleure solution consiste donc à vous adresser pour cette opération à une entreprise qualifiée, comme SBF Energies, qui saura prendre en charge le nettoyage de votre chauffe-eau thermodynamique que vous habitiez <a href=\"https://www.sbf-energies.com/chauffagiste-frigoriste-chambery\" title=\"Chauffagiste Frigoriste Chambery\">Chambéry</a>, <a href=\"https://www.sbf-energies.com/chauffagiste-frigoriste-aix-les-bains\" title=\"Chauffagiste Frigoriste Aix Les Bains\">Aix-les-Bains</a>, <a href=\"https://www.sbf-energies.com/chauffagiste-frigoriste-rumilly\" title=\"Chauffagiste Frigoriste Rumilly\">Rumilly</a>, ou encore <a href=\"https://www.sbf-energies.com/chauffagiste-frigoriste-la-motte-servolex\" title=\"Chauffagiste Frigoriste La Motte Servolex\">La Motte-Servolex</a>.</p> <a href=\"https://www.sbf-energies.com/chauffagiste-frigoriste-chambery\" title=\"Chauffagiste Frigoriste Chambery\">Chambéry</a> <a href=\"https://www.sbf-energies.com/chauffagiste-frigoriste-aix-les-bains\" title=\"Chauffagiste Frigoriste Aix Les Bains\">Aix-les-Bains</a> <a href=\"https://www.sbf-energies.com/chauffagiste-frigoriste-rumilly\" title=\"Chauffagiste Frigoriste Rumilly\">Rumilly</a> <a href=\"https://www.sbf-energies.com/chauffagiste-frigoriste-la-motte-servolex\" title=\"Chauffagiste Frigoriste La Motte Servolex\">La Motte-Servolex</a>"
    },
    {
      "title": "Autres mesures d'entretien des chauffe-eaux thermodynamiques en Savoie",
      "text": "<p>La vidange annuelle est particulièrement conseillée : elle permet d'éviter une accumulation des dépôts au fond de la cuve qui peuvent conduire à une diminution de la performance énergétique de votre appareil. Il dépensera davantage d'énergie afin de répondre à votre demande de production d'eau chaude sanitaire. Si votre logement est situé dans une zone où l'eau est calcaire, un détartrage est nécessaire, en moyenne tous les 2 à 5 ans. Enfin, lors de sa visite d'entretien, votre technicien SBF Energies s'assurera de l'intégrité du système et de l'absence de fuite. Vous ne savez pas bien quelles mesures d'entretien sont nécessaires ? N'hésitez pas à appeler le service client de SBF Energies en Savoie, nous vous conseillerons un contrat d'entretien adapté à votre système de production d'eau chaude sanitaire. Nous nous déplaçons à Chambéry, Aix-les-Bains, Rumilly, La Motte-Servolex, <a href=\"https://www.sbf-energies.com/chauffagiste-frigoriste-pontcharra\" title=\"Chauffagiste Frigoriste Pontcharra\">Pontcharra</a> et dans les zones limitrophes, pour assurer l'entretien de votre chauffe-eau thermodynamique. Nous sommes spécialisés dans les meilleures marques, comme Atlantic et Thermor. Faites appel à des spécialistes en Savoie ! Nous installons et dépannons votre chauffe-eau thermodynamique. Lors des visites annuelles d'entretien, prévues dans nos contrats de maintenance, nos techniciens vous conseillent sur les mesures courantes permettant d'optimiser les performances de votre installation de production d'eau chaude sanitaire.</p> <a href=\"https://www.sbf-energies.com/chauffagiste-frigoriste-pontcharra\" title=\"Chauffagiste Frigoriste Pontcharra\">Pontcharra</a>"
    },
    {
      "title": "En savoir plus sur le chauffe eau thermodynamique",
      "text": "<p><i class=\"fa fa-angle-double-right\" style=\"color: #337ab7;\"></i> <a href=\"/installation/chauffe-eau-thermodynamique\">Installation du chauffe eau thermodynamique</a></p> <i class=\"fa fa-angle-double-right\" style=\"color: #337ab7;\"></i> <a href=\"/installation/chauffe-eau-thermodynamique\">Installation du chauffe eau thermodynamique</a> <p><i class=\"fa fa-angle-double-right\" style=\"color: #337ab7;\"></i> <a href=\"/depannage/chauffe-eau-thermodynamique\">Dépannage du chauffe eau thermodynamique</a></p> <i class=\"fa fa-angle-double-right\" style=\"color: #337ab7;\"></i> <a href=\"/depannage/chauffe-eau-thermodynamique\">Dépannage du chauffe eau thermodynamique</a>"
    }
  ],
  "related": {
    "title": "",
    "links": []
  },
  "url": "https://www.sbf-energies.com/entretien/chauffe-eau-thermodynamique"
}