{
  "breadcrumb": "Climatisation",
  "seo": {
    "title": "Entretien de climatisation en Savoie | SBF Energies",
    "description": "Une climatisation s'entretient. SBF Energies est spécialiste de l'entretien de climatisations en Savoie. Optez pour un contrat d'entretien !",
    "opengraph": {
      "site_name": "SBF Energies",
      "type": "website",
      "locale": "fr_FR",
      "title": "Entretien de climatisation en Savoie | SBF Energies",
      "description": "Une climatisation s'entretient. SBF Energies est spécialiste de l'entretien de climatisations en Savoie. Optez pour un contrat d'entretien !",
      "image": {
        "src": "https://www.sbf-energies.com/build/images/sbf-energies-entretien-climatisation-456x334.34353ccf.jpg",
        "alt": "Entretien de votre climatisation par votre chauffagiste SBF Energies"
      }
    }
  },
  "hero": {
    "title": "SBF Energies : entretien de climatisation en Savoie",
    "subtitle": "Faîtes appel à des experts pour l'entretien de votre climatisation"
  },
  "intro": {
    "image": {
      "src": "https://www.sbf-energies.com/build/images/sbf-energies-entretien-climatisation-456x334.34353ccf.jpg",
      "alt": "Entretien de votre climatisation par votre chauffagiste SBF Energies"
    },
    "text": "<p>Pourquoi entretenir sa climatisation ? Ce dispositif de rafraîchissement est très apprécié à la saison chaude, même dans nos régions de Savoie proches de la montagne. Il peut faire chaud à <a href=\"https://www.sbf-energies.com/chauffagiste-frigoriste-chambery\" title=\"Chauffagiste Frigoriste Chambery\">Chambéry</a>, <a href=\"https://www.sbf-energies.com/chauffagiste-frigoriste-aix-les-bains\" title=\"Chauffagiste Frigoriste Aix Les Bains\">Aix-les-Bains</a> ou <a href=\"https://www.sbf-energies.com/chauffagiste-frigoriste-rumilly\" title=\"Chauffagiste Frigoriste Rumilly\">Rumilly</a>, et la fraîcheur apportée par un système de climatisation, quelle que soit sa technologie, est appréciable.</p> <p>Pour conserver des performances optimales et pour éviter les problèmes de santé liés à l'encrassement des filtres, faites effectuer l'<a href=\"/entretien\">entretien régulier de votre chauffage</a> par des professionnels certifiés Qualiclimafroid comme SBF Energies.</p> <p>Nous proposons des contrats de maintenance annuels permettant le suivi et l'entretien du matériel que nous garantissons. Notre service maintenance assure aussi des dépannages dans l'ensemble de nos réseaux sous 24/48h.</p>"
  },
  "contents": [
    {
      "title": "Pourquoi faire entretenir régulièrement sa climatisation ?",
      "text": "<p>Que vous ayez fait installer une climatisation réversible, un système gainable, un monosplit ou un multisplit, vous devez faire effectuer un entretien régulier. En effet, les filtres des climatiseurs ont tendance à s'encrasser. Ce phénomène se produit lorsque la climatisation brasse l'air des pièces. Durant ce processus, le système accumule des particules présentes dans l'air ambiant. Pour ne pas voir se détériorer la qualité de l'air que vous respirez, le nettoyage des filtres doit être effectué régulièrement. N'oubliez pas qu'un climatiseur, quelle que soit sa technologie, peut brasser jusqu'à 8 fois le volume d'air d'une pièce en une heure de fonctionnement. Vous habitez à Chambéry, Aix-les-Bains, Rumilly ou encore <a href=\"https://www.sbf-energies.com/chauffagiste-frigoriste-la-motte-servolex\" title=\"Chauffagiste Frigoriste La Motte Servolex\">La Motte-Servolex</a> ? Pensez à faire appel aux techniciens de SBF Energies pour l'entretien annuel de votre climatiseur. Nous intervenons sur les meilleures marques : Mitsubishi, Daikin et Atlantic, en particulier.</p> <a href=\"https://www.sbf-energies.com/chauffagiste-frigoriste-la-motte-servolex\" title=\"Chauffagiste Frigoriste La Motte Servolex\">La Motte-Servolex</a>"
    },
    {
      "title": "Encrassement du filtre : quels sont les risques ?",
      "text": "<p>Si les systèmes de climatisation ne sont pas entretenus régulièrement, des moisissures peuvent se développer. Des bactéries ont tendance à se répandre dans l'air ambiant. Les principaux risques associés sont le développement d'allergies, d'asthme ou d'autres pathologies respiratoires. Bien évidemment, l'encrassement des systèmes de climatisation présente d'autres risques que sanitaires. Le bon fonctionnement de la climatisation est lui aussi compromis, et les performances énergétiques sont dégradées. L'appareil produit moins de fraîcheur tout en consommant davantage. Vous allez donc voir s'alourdir vos factures énergétiques. Vous avez fait installer une climatisation en Savoie ? Pensez à faire effectuer un nettoyage et un entretien réguliers pour un fonctionnement optimisé.</p>"
    },
    {
      "title": "Quelles prestations pour un entretien de votre climatiseur en Savoie ?",
      "text": "<p>L'entretien courant consiste à nettoyer les filtres régulièrement. L'entretien standard exige de l'eau chaude et un aspirateur. Les appareils dotés de filtres destinés à la purification de l'air et à l'absorption des mauvaises odeurs nécessitent un remplacement des dispositifs de filtrage. Les techniciens SBF Energies vous indiqueront à la quelle fréquence remplacer les filtres, en fonction de leur modèle (entre 3 mois et 3 ans de durée de vie). Un entretien professionnel est indispensable si le fonctionnement est affecté ou si le climatiseur produit une odeur désagréable. De même, faites effectuer au moins tous les ans une vérification de l'étanchéité du circuit de fluide. Ce dernier est en effet nocif pour l'environnement et doit toujours être manipulé par un professionnel.</p>"
    },
    {
      "title": "Contrôles effectués lors de l'entretien d'une climatisation par SBF Energies",
      "text": "<h3>Contrôles électriques</h3> <ul> <li>Resserrage des connexions électriques</li> <li>Contrôle des tensions</li> <li>Contrôle des intensités</li> <li>Contrôle des organes de sécurité</li> <li>Contrôle de la télécommande</li> <li>Contrôle des volets et vitesses de ventilation</li> </ul> <li>Resserrage des connexions électriques</li> <li>Contrôle des tensions</li> <li>Contrôle des intensités</li> <li>Contrôle des organes de sécurité</li> <li>Contrôle de la télécommande</li> <li>Contrôle des volets et vitesses de ventilation</li> <h3>Contrôles frigorifiques</h3> <ul> <li>Contrôle des pressions BP et HP</li> <li>Nettoyage du condenseur</li> <li>Contrôle des organes de sécurité</li> <li>Contrôle des organes de régulation</li> <li>Contrôle des régulations de température</li> <li>Contrôle de l'état des ventilateurs et turbines</li> <li>Désinfection et rinçage des échangeurs</li> <li>Recherche de fuite sur le réseau frigorifique</li> </ul> <li>Contrôle des pressions BP et HP</li> <li>Nettoyage du condenseur</li> <li>Contrôle des organes de sécurité</li> <li>Contrôle des organes de régulation</li> <li>Contrôle des régulations de température</li> <li>Contrôle de l'état des ventilateurs et turbines</li> <li>Désinfection et rinçage des échangeurs</li> <li>Recherche de fuite sur le réseau frigorifique</li> <h3>Contrôles divers</h3> <ul> <li>Nettoyage carrosserie et environnement</li> <li>Nettoyage du bac des condensats et essais d'évacuation</li> </ul> <li>Nettoyage carrosserie et environnement</li> <li>Nettoyage du bac des condensats et essais d'évacuation</li>"
    },
    {
      "title": "En savoir plus sur la climatisation",
      "text": "<p><i class=\"fa fa-angle-double-right\" style=\"color: #337ab7;\"></i> <a href=\"/installation/climatisation\">Installation de la climatisation</a></p> <i class=\"fa fa-angle-double-right\" style=\"color: #337ab7;\"></i> <a href=\"/installation/climatisation\">Installation de la climatisation</a> <p><i class=\"fa fa-angle-double-right\" style=\"color: #337ab7;\"></i> <a href=\"/depannage/climatisation\">Dépannage de la climatisation</a></p> <i class=\"fa fa-angle-double-right\" style=\"color: #337ab7;\"></i> <a href=\"/depannage/climatisation\">Dépannage de la climatisation</a>"
    }
  ],
  "related": {
    "title": "",
    "links": []
  },
  "url": "https://www.sbf-energies.com/entretien/climatisation"
}