{
  "breadcrumb": "Pompe a chaleur",
  "seo": {
    "title": "Entretien de votre pompe à chaleur en Savoie | SBF Energies",
    "description": "Qu'elle soit air / air ou air / eau, une pompe à chaleur s'entretient. SBF Energies est spécialiste de l'entretien de pompes à chaleur en Savoie. Optez pour un contrat d'entretien !",
    "opengraph": {
      "site_name": "SBF Energies",
      "type": "website",
      "locale": "fr_FR",
      "title": "Entretien de votre pompe à chaleur en Savoie | SBF Energies",
      "description": "Qu'elle soit air / air ou air / eau, une pompe à chaleur s'entretient. SBF Energies est spécialiste de l'entretien de pompes à chaleur en Savoie. Optez pour un contrat d'entretien !",
      "image": {
        "src": "https://www.sbf-energies.com/build/images/sbf-energies-entretien-pompe-a-chaleur-456x334.19e3eb2d.jpg",
        "alt": "Entretien de votre pompe à chaleur par votre chauffagiste SBF Energies"
      }
    }
  },
  "hero": {
    "title": "SBF Energies entretient votre pompe à chaleur en Savoie",
    "subtitle": "Faîtes appel à des experts pour l'entretien de votre pompe à chaleur"
  },
  "intro": {
    "image": {
      "src": "https://www.sbf-energies.com/build/images/sbf-energies-entretien-pompe-a-chaleur-456x334.19e3eb2d.jpg",
      "alt": "Entretien de votre pompe à chaleur par votre chauffagiste SBF Energies"
    },
    "text": "<p>L'<a href=\"/entretien\">entretien de votre chauffage</a> contribue non seulement à sa performance, mais aussi à la durée dans le temps de votre installation. Vous souhaitez optimiser le rendement énergétique de votre PAC ? N'oubliez pas de faire réaliser l'entretien de votre pompe à chaleur à <a href=\"https://www.sbf-energies.com/chauffagiste-frigoriste-chambery\" title=\"Chauffagiste Frigoriste Chambery\">Chambéry</a>, en Savoie.</p> <p>SBF Energies intervient aussi à Chambéry, <a href=\"https://www.sbf-energies.com/chauffagiste-frigoriste-aix-les-bains\" title=\"Chauffagiste Frigoriste Aix Les Bains\">Aix-les-Bains</a>, <a href=\"https://www.sbf-energies.com/chauffagiste-frigoriste-rumilly\" title=\"Chauffagiste Frigoriste Rumilly\">Rumilly</a>, <a href=\"https://www.sbf-energies.com/chauffagiste-frigoriste-la-motte-servolex\" title=\"Chauffagiste Frigoriste La Motte Servolex\">La Motte-Servolex</a>, <a href=\"https://www.sbf-energies.com/chauffagiste-frigoriste-pontcharra\" title=\"Chauffagiste Frigoriste Pontcharra\">Pontcharra</a>, ainsi que dans les localités des environs. Nous vous proposerons un contrat d'entretien pompe à chaleur air/air ou air/eau pour un chauffage économique et sans souci.</p> <p>Nous proposons des contrats de maintenance annuels permettant le suivi et l'entretien du matériel que nous garantissons. Notre service maintenance assure aussi des dépannages dans l'ensemble de nos réseaux clients et professionnels sous 24/48h.</p>"
  },
  "contents": [
    {
      "title": "Pourquoi faire effectuer l'entretien de sa PAC en Savoie ?",
      "text": "<p>Une pompe à chaleur air/eau ou air/air doit être entretenue régulièrement pour préserver ses composants. Lors de la visite annuelle, les techniciens spécialisés SBF Energies optimiseront les réglages. Vous éviterez ainsi les mauvaises surprises lors des changements de saison. L'entretien de votre pompe à chaleur à Chambéry, Aix-les-Bains ou Rumilly vous garantit les meilleures performances énergétiques, il permet aussi de prévenir les principales pannes. En souscrivant un contrat d'entretien chez SBF Energies, vous avez par ailleurs l'assurance d'une intervention dans les meilleurs délais en cas de problème : nous n'allons pas vous laisser sans chauffage et sans eau chaude.</p>"
    },
    {
      "title": "Faire entretenir sa pompe à chaleur pour préserver l'environnement",
      "text": "<p>L'entretien régulier de votre pompe à chaleur, que vous soyez à Chambéry, à Aix-les-Bains, à Rumilly, ou dans les localités des environs, vous permet de préserver l'environnement. Une pompe à chaleur utilise un fluide frigorigène qui peut être nocif, même si les nouveaux modèles utilisent une technologie et des composants plus respectueux de la nature. Si votre logement est équipé d'une PAC réversible, vous devez veiller à l'absence de fuite, de manière à ce que le fluide demeure confiné en circuit fermé. Il doit aussi, en raison de sa toxicité, être manipulé exclusivement par un professionnel. Faites appel à SBF Energies : nos techniciens sont formés à l'entretien des pompes à chaleur air/air, air/eau et géothermie.. Ils savent assurer la sécurité de vos installations, quelle que soit la technologie. Ils vérifieront en particulier l'étanchéité du système et que le niveau de fluide frigorigène est suffisant.</p>"
    },
    {
      "title": "L'entretien pompe à chaleur, une obligation légale",
      "text": "<p>En faisant entretenir régulièrement votre pompe à chaleur en Savoie, vous respectez par ailleurs une obligation légale, qui s'applique aux installations contenant plus de 2kg de fluide frigorigène. La visite d'entretien, effectuée par un professionnel, doit être programmée tous les ans, ou tous les deux ans selon le type d'installation. Vous vous interrogez sur vos obligations ? Contactez le service client de SBF Energies, nous vous conseillerons au mieux pour l'entretien de votre pompe à chaleur air/eau, air/air ou eau/eau à Chambéry et dans les environs. Vous habitez Chambéry, Aix-les-Bains, Rumilly, La Motte-Servolex, Pontcharra ou les alentours ? Faites appel aux services de professionnels comme SBF Energies. Nos techniciens sont hautement qualifiés et régulièrement formés. SBF Energies vous délivrera aussi tous les certificats de conformités nécessaires, en particulier lors de la mise en service d'une nouvelle PAC.</p>"
    },
    {
      "title": "Contrôles effectués lors de l'entretien d'une pompes à chaleur",
      "text": "<h3>Contrôles électriques</h3> <ul> <li>Resserrage des connexions électriques</li> <li>Contrôle des tensions</li> <li>Contrôle des intensités</li> <li>Contrôle des organes de sécurité et de régulation</li> <li>Contrôle des températures de fonctionnement</li> </ul> <li>Resserrage des connexions électriques</li> <li>Contrôle des tensions</li> <li>Contrôle des intensités</li> <li>Contrôle des organes de sécurité et de régulation</li> <li>Contrôle des températures de fonctionnement</li> <h3>Contrôles frigorifiques</h3> <ul> <li>Contrôle des pressions BP et HP</li> <li>Nettoyage du condenseur</li> <li>Contrôle des organes de sécurité</li> <li>Contrôle des organes de régulation</li> <li>Contrôle des régulations de température</li> <li>Contrôle de l'état des ventilateurs et turbines</li> <li>Désinfection et rinçage des échangeurs</li> <li>Recherche des fuites</li> <li>Contrôle du dégivrage</li> </ul> <li>Contrôle des pressions BP et HP</li> <li>Nettoyage du condenseur</li> <li>Contrôle des organes de sécurité</li> <li>Contrôle des organes de régulation</li> <li>Contrôle des régulations de température</li> <li>Contrôle de l'état des ventilateurs et turbines</li> <li>Désinfection et rinçage des échangeurs</li> <li>Recherche des fuites</li> <li>Contrôle du dégivrage</li> <h3>Contrôles Hydrauliques</h3> <ul> <li>Remise en pression des vases d'expansion</li> <li>Contrôle et dégommage des circulateurs</li> <li>Remise en pression du circuit hydraulique</li> <li>Contrôle ouverture et fermeture de la vanne 3 voies</li> <li>Contrôle ouverture et fermeture de la vanne ECS / CHAUFFAGE</li> <li>Contrôle des températures de départ et retour d'eau</li> <li>Contrôle des purgeurs et vannes de sécurité</li> <li>Nettoyage des filtres à tamis</li> <li>Contrôle du taux de glycol</li> </ul> <li>Remise en pression des vases d'expansion</li> <li>Contrôle et dégommage des circulateurs</li> <li>Remise en pression du circuit hydraulique</li> <li>Contrôle ouverture et fermeture de la vanne 3 voies</li> <li>Contrôle ouverture et fermeture de la vanne ECS / CHAUFFAGE</li> <li>Contrôle des températures de départ et retour d'eau</li> <li>Contrôle des purgeurs et vannes de sécurité</li> <li>Nettoyage des filtres à tamis</li> <li>Contrôle du taux de glycol</li> <h3>Contrôles divers</h3> <ul> <li>Nettoyage carrosserie et environnement</li> <li>Nettoyage du bac des condensats du groupe</li> <li>Pose de la pastille de conformité</li> </ul> <li>Nettoyage carrosserie et environnement</li> <li>Nettoyage du bac des condensats du groupe</li> <li>Pose de la pastille de conformité</li>"
    },
    {
      "title": "En savoir plus sur la pompe à chaleur",
      "text": "<p><i class=\"fa fa-angle-double-right\" style=\"color: #337ab7;\"></i> <a href=\"/installation/pompe-a-chaleur\">Installation pompe à chaleur</a></p> <i class=\"fa fa-angle-double-right\" style=\"color: #337ab7;\"></i> <a href=\"/installation/pompe-a-chaleur\">Installation pompe à chaleur</a> <p><i class=\"fa fa-angle-double-right\" style=\"color: #337ab7;\"></i> <a href=\"/depannage/pompe-a-chaleur\">Dépannage pompe à chaleur</a></p> <i class=\"fa fa-angle-double-right\" style=\"color: #337ab7;\"></i> <a href=\"/depannage/pompe-a-chaleur\">Dépannage pompe à chaleur</a>"
    }
  ],
  "related": {
    "title": "",
    "links": []
  },
  "url": "https://www.sbf-energies.com/entretien/pompe-a-chaleur"
}