{
  "breadcrumb": "Egs energies vallauris",
  "seo": {
    "title": "EXPERT Chauffagiste à Vallauris | EGS Energies",
    "description": "EGS Energies Vallauris : chauffagiste expert dans le dépannage, l'installation et l'entretien de chauffages et climatisations à Vallauris et ses environs",
    "opengraph": {
      "site_name": "EGS Energies",
      "type": "website",
      "locale": "fr_FR",
      "title": "EXPERT Chauffagiste à Vallauris | EGS Energies",
      "description": "EGS Energies Vallauris : chauffagiste expert dans le dépannage, l'installation et l'entretien de chauffages et climatisations à Vallauris et ses environs",
      "image": {
        "src": "https://www.egs-energies.fr/build/images/egs-energies-agence-vallauris-adservicesgaz-456x334.6e8d7aaa.jpg",
        "alt": "EGS Energies, chauffagiste RGE à Vallauris (anciennement AD Services Gaz)"
      }
    }
  },
  "hero": {
    "title": "EGS Energies : votre chauffagiste à Vallauris",
    "subtitle": "Votre chauffagiste à Vallauris, Antibes, Cannes, Grasse, Mandelieu-la-Napoule et ses environs"
  },
  "intro": {
    "image": {
      "src": "/build/images/egs-energies-agence-vallauris-adservicesgaz-456x334.6e8d7aaa.jpg",
      "alt": "EGS Energies, chauffagiste RGE à Vallauris (anciennement AD Services Gaz)"
    },
    "text": "<p>L'agence EGS Energies de <a href=\"https://www.egs-energies.fr/chauffage-vallauris\" title=\"Chauffage Vallauris\">Vallauris</a> (anciennement ADServices Gaz) est votre partenaire de confiance pour l'installation, l'entretien et le dépannage de vos systèmes de chauffage, de climatisation, d'eau chaude sanitaire et d'énergies renouvelables. Située à proximité des grandes villes comme <a href=\"https://www.egs-energies.fr/chauffage-antibes\" title=\"Chauffage Antibes\">Antibes</a>, <a href=\"https://www.egs-energies.fr/chauffage-cannes\" title=\"Chauffage Cannes\">Cannes</a> et <a href=\"https://www.egs-energies.fr/chauffage-grasse\" title=\"Chauffage Grasse\">Grasse</a>, notre agence dispose d' une équipe de 10 techniciens certifiés et à votre service pour garantir votre confort thermique et optimiser vos équipements.</p> <p>Nos techniciens chauffagistes interviennent aussi bien sur les solutions électriques et au gaz et sont compétents pour installer, maintenir et réparer vos solutions de chauffage et d'eau chaude sanitaire. Nous pouvons également vous conseiller en matière d'énergies renouvelables.</p> <p>Notre bureau Vallaurien est installé au 2040 Chemin St Bernard - Porte 12, 06220 Vallauris.</p> <p><i class=\"fa fa-angle-double-right\" style=\"color: #337ab7;\"></i> <span class=\"obflink obflink-text\" data-o=\"L25vdXMtY29udGFjdGVy\">Cliquez ici pour contacter l'agence EGS Energies à Vallauris</span></p> <hr>"
  },
  "contents": [
    {
      "title": "Horaires d'ouverture de l'agence EGS Energies Vallauris",
      "text": "<p><i>Lundi</i> : 08:00-12:00, 13:30-17:30 <br><i>Mardi</i> : 08:00-12:00, 13:30-17:30 <br><i>Mercredi</i> : 08:00-12:00, 13:30-17:30 <br><i>Jeudi</i> : 08:00-12:00, 13:30-17:30 <br><i>Vendredi</i> : 08:00-12:00, 13:30-17:30 </p> <p><i class=\"fa fa-angle-double-right\" style=\"color: #337ab7;\"></i> <span class=\"obflink obflink-text\" data-o=\"L25vdXMtY29udGFjdGVy\">Prendre un rendez-vous avec EGS Energies Vallauris</span></p> <hr>"
    },
    {
      "title": "Zones d'intervention depuis Vallauris",
      "text": "<p>Depuis Vallauris nous nous déplaçons également à Antibes, Cannes, Grasse, Mandelieu-la-Napoule, Mougins, Valbonne, Mouans-Sartoux, Biot, Peymeinade, Pégomas, La Roquette-sur-Siagne, Le Rouret, Saint-Cézaire-sur-Siagne, Saint-Vallier-de-Thiey, Châteauneuf-Grasse, Le Tignet, Auribeau-sur-Siagne, Opio, Théoule-sur-Mer, Cabris, Spéracèdes, Escragnolles, Andon, Séranon, Valderoure, Caille, Caussols, Gars, ...</p> <p><i class=\"fa fa-angle-double-right\" style=\"color: #337ab7;\"></i> <span class=\"obflink obflink-text\" data-o=\"L25vdXMtY29udGFjdGVy\">Demander une intervention dans votre ville</span></p> <hr>"
    },
    {
      "title": "Domaines d'intervention d'EGS Energies à Vallauris",
      "text": "<p><a href=\"/entretien/chaudiere-gaz\" title=\"Entretien chaudière gaz\">Entretien chaudière gaz</a>,  <a href=\"/entretien/chaudiere-fioul\" title=\"Entretien chaudière fioul\">Entretien chaudière fioul</a>,  <a href=\"/entretien/chauffe-eau-gaz\" title=\"Entretien chauffe-eau gaz\">Entretien chauffe-eau gaz</a>,  <a href=\"/entretien/climatisation-pompe-a-chaleur\" title=\"Entretien climatisation\">entretien climatisation</a>,  <a href=\"/entretien/climatisation-pompe-a-chaleur\" title=\"Entretien PAC\">entretien pompe à chaleur / PAC</a>,  <a href=\"/entretien/desembouage\" title=\"Désembouage canalisations de chauffage\">Désembouage canalisations de chauffage</a>,  <a href=\"/depannage/chaudiere\" title=\"Dépannage chaudière\">Dépannage chaudière</a>,  <a href=\"/depannage/chauffe-eau-gaz\" title=\"Dépannage chauffe-eaux gaz\">Dépannage chauffe-eaux gaz</a>,  <a href=\"/depannage/chauffe-eau-electrique-et-thermodynamique\" title=\"Dépannage cumulus et chauffe-eau thermodynamique\">Dépannage cumulus et chauffe-eau thermodynamique</a>,  <a href=\"/depannage/climatisation\" title=\"Dépannage climatisation\">Dépannage climatisation</a>,  <a href=\"/depannage/pompe-a-chaleur\" title=\"Dépannage pompe à chaleur\">Dépannage pompe à chaleur</a>,  <a href=\"/installation/chaudiere\" title=\"Installation chaudière gaz ou fioul\">Installation chaudière gaz ou fioul</a>,  <a href=\"/installation/chauffe-eau-gaz\" title=\"Installation chauffe-eau gaz et chauffe-bain\">Installation chauffe-eau gaz et chauffe-bain</a>,  <a href=\"/installation/chauffe-eau-electrique-et-thermodynamique\" title=\"Installation chauffe-eau électrique et ballon thermodynamique\">Installation chauffe-eau électrique et ballon thermodynamique</a>,  <a href=\"/installation/climatisation\" title=\"Installation climatisation\">Installation climatisation</a>,  <a href=\"/installation/pompe-a-chaleur\" title=\"Installation pompe à chaleur\">Installation pompe à chaleur</a> </p> <hr>"
    },
    {
      "title": "En 2024, ADServices Gaz est devenu EGS Energies",
      "text": "<p>Depuis 1997, AD Services Gaz n'a cessé d'accroître son expertise dans les Alpes-Maritimes. Chauffagiste et frigoriste réputé à Vallauris, AD Services Gaz a beaucoup évolué depuis la fin des années 1990.</p> <p>Tout d'abord, notre expertise s'est étendue. Experts historiques du chauffage au gaz, nous sommes aujourd'hui aussi spécialistes des pompes à chaleur, du photovoltaïque, des ballon thermodynamiques ou encore de la climatisation.</p> <p>Avec cet savoir-faire élargi et notre intégration au groupe HomeServe, un actualisation de notre marque s'imposait. Afin de mieux refléter nos activité et nos synergies, AD Services Gaz s'appelle désormais EGS Energies.</p> <p>Notre nouvelle marque EGS Energies fédère nos 4 agences historiques dans les Alpes-Maritimes, à <a href=\"https://www.egs-energies.fr/chauffage-nice\" title=\"Chauffage Nice\">Nice</a>, à Vallauris, à <a href=\"https://www.egs-energies.fr/chauffage-menton\" title=\"Chauffage Menton\">Menton</a> et à <a href=\"https://www.egs-energies.fr/chauffage-saint-laurent-du-var\" title=\"Chauffage Saint Laurent Du Var\">Saint-Laurent-du-Var</a>. EGS Energies, c'est le reflet de notre expertise multi-énergie et de notre positionnement dans les Alpes-Maritimes. Aussi, même si notre nom a quelque peu changé, notre engagement reste le même : vous délivrer une haute qualité de service pour tous vos besoins en chauffage, climatisation, ventilation et énergies renouvelables autour de Vallauris.</p> <h3>Contactez EGS Energies Menton dès aujourd'hui</h3> <p>Besoin d'un conseil ou d'une intervention pour votre chauffage ou votre eau chaude ? L'équipe EGS Energies de Menton est à votre disposition pour répondre à vos questions et organiser vos rendez-vous.</p> <p>Contactez-nous dès maintenant et profitez de notre savoir-faire pour un confort thermique durable et performant !</p>"
    }
  ]
}