{
  "breadcrumb": "Egs energies saint laurent du var",
  "seo": {
    "title": "EXPERT Chauffagiste à Saint-Laurent-du-Var | EGS Energies",
    "description": "EGS Energies Saint-Laurent-du-Var : chauffagiste RGE dans l'entretien, le dépannage et l'installation de solutions de chauffages et climatisations à Saint-Laurent-du-Var et ses environs",
    "opengraph": {
      "site_name": "EGS Energies",
      "type": "website",
      "locale": "fr_FR",
      "title": "EXPERT Chauffagiste à Saint-Laurent-du-Var | EGS Energies",
      "description": "EGS Energies Saint-Laurent-du-Var : chauffagiste RGE dans l'entretien, le dépannage et l'installation de solutions de chauffages et climatisations à Saint-Laurent-du-Var et ses environs",
      "image": {
        "src": "https://www.egs-energies.fr/build/images/egs-energies-agence-saint-laurent-descamps-456x334.8bea4ba2.jpg",
        "alt": "EGS Energies, votre chauffagiste RGE à Saint-Laurent-du-Var"
      }
    }
  },
  "hero": {
    "title": "EGS Energies, votre expert chauffage et climatisation à Saint-Laurent-du-Var",
    "subtitle": "Votre expert chauffagiste présent sur Saint-Laurent-du-Var, Cagnes-sur-Mer, La Colle-sur-Loup, La Gaude et ses environs"
  },
  "intro": {
    "image": {
      "src": "/build/images/egs-energies-agence-saint-laurent-descamps-456x334.8bea4ba2.jpg",
      "alt": "EGS Energies, votre chauffagiste RGE à Saint-Laurent-du-Var"
    },
    "text": "<p>Notre agence EGS Energies, anciennement connue sous le nom Descamps à Vence, est désormais située à <a href=\"https://www.egs-energies.fr/chauffage-saint-laurent-du-var\" title=\"Chauffage Saint Laurent Du Var\">Saint-Laurent-du-Var</a>. Elle est également le siège social de notre entreprise, au cœur de notre réseau dans les Alpes-Maritimes.</p> <p>Par sa localisation, EGS Energies à Saint-Laurent-du-Var nous permet de rayonner dans toute la région. et aux alentours, grâce à son équipe de techniciens experts en chauffage et climatisation.</p> <p>Avec une équipe de techniciens certifiés et expérimentés, nous intervenons sur tous types d'équipements : chaudières, pompes à chaleur, chauffe-eaux, climatisations et solutions en énergies renouvelables. Que ce soit pour l'installation, l'entretien ou le dépannage, nous sommes à vos côtés pour garantir votre confort thermique toute l'année.</p> <p>Notre bureau à Saint-Laurent-du-Var est installé au 31 allée des Architectes, 06700 Saint-Laurent-du-Var.</p> <p><i class=\"fa fa-angle-double-right\" style=\"color: #337ab7;\"></i> <span class=\"obflink obflink-text\" data-o=\"L25vdXMtY29udGFjdGVy\">Cliquez ici pour contacter EGS Energies à Saint-Laurent-du-Var</span></p> <hr>"
  },
  "contents": [
    {
      "title": "Horaires d'ouverture de l'agence EGS Energies Saint-Laurent-du-Var",
      "text": "<p><i>Lundi</i> : 08:00-12:00, 13:30-17:30 <br><i>Mardi</i> : 08:00-12:00, 13:30-17:30 <br><i>Mercredi</i> : 08:00-12:00, 13:30-17:30 <br><i>Jeudi</i> : 08:00-12:00, 13:30-17:30 <br><i>Vendredi</i> : 08:00-12:00, 13:30-17:30 </p> <p><i class=\"fa fa-angle-double-right\" style=\"color: #337ab7;\"></i> <span class=\"obflink obflink-text\" data-o=\"L25vdXMtY29udGFjdGVy\">Prendre un rendez-vous avec EGS Energies</span></p> <hr>"
    },
    {
      "title": "Zones d'intervention depuis Saint-Laurent-du-Var",
      "text": "<p>Depuis Saint-Laurent-du-Var nous nous déplaçons également à <a href=\"https://www.egs-energies.fr/chauffage-cagnes-sur-mer\" title=\"Chauffage Cagnes Sur Mer\">Cagnes-sur-Mer</a>, Vence, La Colle-sur-Loup, La Gaude, Roquefort-les-Pins, Tourrettes-sur-Loup, Gattières, Saint-Jeannet, Saint-Paul, Le Bar-sur-Loup, Le Broc, Gréolières, Coursegoules, Bouyon, Gourdon, Cipières, Bézaudun-les-Alpes, Courmes, …</p> <p><i class=\"fa fa-angle-double-right\" style=\"color: #337ab7;\"></i> <span class=\"obflink obflink-text\" data-o=\"L25vdXMtY29udGFjdGVyP3R5cGU9MyZjYXRlZ29yaWU9dmVudGlsYXRpb24=\">Demander une intervention dans votre ville</span></p> <hr>"
    },
    {
      "title": "Domaines d'intervention de EGS Energies à Saint-Laurent-du-Var",
      "text": "<p><a href=\"/equipements/chaudieres/chaudiere-gaz\" title=\"Entretien chaudière gaz\">Entretien chaudière gaz</a>,  <a href=\"/equipements/chaudiere-fioul\" title=\"Entretien chaudière fioul\">Entretien chaudière fioul</a>,  <a href=\"/entretien/chauffe-eau-gaz\" title=\"Entretien chauffe-eau gaz\">Entretien chauffe-eau gaz</a>,  <a href=\"/entretien/climatisation-pompe-a-chaleur\" title=\"Entretien climatisation\">Entretien climatisation</a>,  <a href=\"/entretien/climatisation-pompe-a-chaleur\" title=\"Entretien PAC\">Entretien pompe à chaleur / PAC</a>,  <a href=\"/entretien/desembouage\" title=\"Désembouage canalisations de chauffage\">Désembouage canalisations de chauffage</a>,  <a href=\"/depannage/chaudiere\" title=\"Dépannage chaudière\">dépannage chaudière</a>,  <a href=\"/depannage/chauffe-eau-gaz\" title=\"Dépannage chauffe-eaux gaz\">Dépannage chauffe-eaux gaz</a>,  <a href=\"/depannage/chauffe-eau-electrique-et-thermodynamique\" title=\"Dépannage cumulus et chauffe-eau thermodynamique\">Dépannage cumulus et chauffe-eau thermodynamique</a>,  <a href=\"/depannage/climatisation\" title=\"Dépannage climatisation\">Dépannage climatisation</a>,  <a href=\"/depannage/pompe-a-chaleur\" title=\"Dépannage pompe à chaleur\">Dépannage pompe à chaleur</a>,  <a href=\"/installation/chaudiere\" title=\"Installation chaudière gaz ou fioul\">Installation chaudière gaz ou fioul</a>,  <a href=\"/installation/chauffe-eau-gaz\" title=\"Installation chauffe-eau gaz et chauffe-bain\">Installation chauffe-eau gaz et chauffe-bain</a>,  <a href=\"/installation/chauffe-eau-electrique-et-thermodynamique\" title=\"Installation chauffe-eau électrique et ballon thermodynamique\">Installation chauffe-eau électrique et ballon thermodynamique</a>,  <a href=\"/installation/climatisation\" title=\"Installation climatisation\">Installation climatisation</a>,  <a href=\"/installation/pompe-a-chaleur\" title=\"Installation pompe à chaleur\">Installation pompe à chaleur</a> </p> <hr> <h3>Pourquoi choisir EGS Energies à Saint-Laurent-du-Var ?</h3> <ul> <li><strong>Un siège social à votre service</strong> : notre agence de Saint-Laurent-du-Var est au cœur de nos activités, avec une équipe administrative et technique dédiée à la gestion de vos projets.</li> <li><strong>Une expertise certifiée</strong> : nos techniciens sont qualifiés RGE et formés pour intervenir dans le respect des normes les plus strictes.</li> <li><strong>Un service de proximité</strong> : basés à Saint-Laurent-du-Var, nous intervenons rapidement dans tout le secteur, du littoral à l'arrière-pays.</li> <li><strong>Un réseau étendu</strong> : grâce à nos agences de <a href=\"https://www.egs-energies.fr/chauffage-nice\" title=\"Chauffage Nice\">Nice</a>, <a href=\"https://www.egs-energies.fr/chauffage-vallauris\" title=\"Chauffage Vallauris\">Vallauris</a> et <a href=\"https://www.egs-energies.fr/chauffage-menton\" title=\"Chauffage Menton\">Menton</a>, nous couvrons l'ensemble des Alpes-Maritimes.</li> </ul> <h3>Contactez-nous dès aujourd'hui</h3> <p>Besoin d'un conseil ou d'une intervention ? L'équipe EGS Energies à Saint-Laurent-du-Var est à votre disposition pour répondre à toutes vos questions. Faites confiance à notre expertise pour l'installation, l'entretien ou le dépannage de vos équipements thermiques et climatiques.</p> <p>Contactez-nous et bénéficiez d'un service professionnel et réactif, adapté à vos besoins.</p> <hr>"
    },
    {
      "title": "De Descamps Vence à EGS Energies Saint-Laurent-du-Var",
      "text": "<p>Fondée en 1999 l'entreprise Descamps a été pendant de longues années l'un des chauffagistes de référence à Vence. Afin de poursuivre sa croissance, Descamps Vence a rejoint Electrogaz et le groupe HomeServe en octobre 2018. Après plusieurs années de synergies avec les agences du département, Descamps Vence, ADServices Gaz à Vallauris, Electrogaz Nice et Depan'Gaz à Menton se sont réunies en 2024 sous la marque unique EGS Energies.</p> <p>Si la marque Descamps Vence n'est plus d'usage, nos équipes, nos engagements, notre professionnalisme et notre réactivité restent inchangées.</p> <p>Une autre mutation s'est opérée pour Descamps Vence en 2024, désormais EGS Energies. Notre agence a quitté son fief historique de Vence pour Saint-Laurent-du-Var. Avec ce déménagement EGS Energies à Saint-Laurent-du-Var est également devenue le siège de notre entreprise EGS Energies.</p> <p>Aujourd'hui, EGS Energies, ce sont 56 collaborateurs et collaboratrices, 4 agences et plus de 18&nbsp;000 clients desservis dans les Alpes-Maritimes. C'est aussi une expertise accrue dans les énergies renouvelables : pompe à chaleur, panneaux solaires photovoltaïques.</p>"
    }
  ]
}