{
  "breadcrumb": "Egs energies menton",
  "seo": {
    "title": "EXPERT Chauffagiste à Menton | EGS Energies",
    "description": "EGS Energies Menton : chauffagiste RGE spécialisé dans l'installation, l'entretien et le dépannage de climatisations et chauffages à Menton et ses environs",
    "opengraph": {
      "site_name": "EGS Energies",
      "type": "website",
      "locale": "fr_FR",
      "title": "EXPERT Chauffagiste à Menton | EGS Energies",
      "description": "EGS Energies Menton : chauffagiste RGE spécialisé dans l'installation, l'entretien et le dépannage de climatisations et chauffages à Menton et ses environs",
      "image": {
        "src": "https://www.egs-energies.fr/build/images/egs-energies-agence-menton-depangaz-456x334.73f607e2.jpg",
        "alt": "EGS Energies, votre chauffagiste à Menton (anciennement Depan'Gaz)"
      }
    }
  },
  "hero": {
    "title": "Votre chauffagiste EGS Energies à Menton",
    "subtitle": "10 techniciens chauffagistes présents sur Menton, Beausoleil, Roquebrune-Cap-Martin, Monaco et ses environs"
  },
  "intro": {
    "image": {
      "src": "/build/images/egs-energies-agence-menton-depangaz-456x334.73f607e2.jpg",
      "alt": "EGS Energies, votre chauffagiste à Menton (anciennement Depan'Gaz)"
    },
    "text": "<p>L'agence EGS Energies de <a href=\"https://www.egs-energies.fr/chauffage-menton\" title=\"Chauffage Menton\">Menton</a> (anciennement Depan'Gaz) est votre artisan local pour l'installation, l'entretien et le dépannage de vos systèmes de chauffage et d'eau chaude sanitaire. Avec une équipe de 10 techniciens certifiés, nous intervenons sur Menton et ses environs pour garantir votre confort thermique tout au long de l'année.</p> <p>Que ce soit pour une chaudière, un chauffe-eau, une pompe à chaleur ou des solutions à énergies renouvelables, nos professionnels vous accompagnent avec expertise et réactivité.</p> <p>Notre bureau Mentonnais est installé au 121 avenue de Sospel - le Rhodes, 06500 Menton.</p> <p><i class=\"fa fa-angle-double-right\" style=\"color: #337ab7;\"></i> <span class=\"obflink obflink-text\" data-o=\"L25vdXMtY29udGFjdGVy\">Cliquez ici pour contacter EGS Energies Menton</span></p> <hr>"
  },
  "contents": [
    {
      "title": "Horaires d'ouverture de EGS Energies Menton",
      "text": "<p><i>Lundi</i> : 08:00-12:00, 13:30-17:30 <br><i>Mardi</i> : 08:00-12:00, 13:30-17:30 <br><i>Mercredi</i> : 08:00-12:00, 13:30-17:30 <br><i>Jeudi</i> : 08:00-12:00, 13:30-17:30 <br><i>Vendredi</i> : 08:00-12:00, 13:30-17:30 </p> <p><i class=\"fa fa-angle-double-right\" style=\"color: #337ab7;\"></i> <span class=\"obflink obflink-text\" data-o=\"L25vdXMtY29udGFjdGVy\">Prendre un rendez-vous avec EGS Energies</span></p> <hr>"
    },
    {
      "title": "Zones d'intervention depuis Menton",
      "text": "<p>Depuis Menton nous nous déplaçons également à Beausoleil, Roquebrune-Cap-Martin, Cap-d'Ail, Sospel, La Turbie, Breil-sur-Roya, Tende, Gorbio, Sainte-Agnès, Castellar, La Brigue, Saorge, Castillon, Fontan, Moulinet, <a href=\"https://www.egs-energies.fr/chauffage-monaco\" title=\"Chauffage Monaco\">Monaco</a> ...</p> <p><i class=\"fa fa-angle-double-right\" style=\"color: #337ab7;\"></i> <span class=\"obflink obflink-text\" data-o=\"L25vdXMtY29udGFjdGVy\">Demander une intervention dans votre ville</span></p> <hr>"
    },
    {
      "title": "Domaines d'intervention de EGS Energies à Menton",
      "text": "<p><a href=\"/entretien/chaudiere-gaz\" title=\"Entretien chaudière gaz\">Entretien chaudière gaz</a>,  <a href=\"/entretien/chaudiere-fioul\" title=\"Entretien chaudière fioul\">Entretien chaudière fioul</a>,  <a href=\"/entretien/chauffe-eau-gaz\" title=\"Entretien chauffe-eau gaz\">Entretien chauffe-eau gaz</a>,  <a href=\"/entretien/climatisation-pompe-a-chaleur\" title=\"Entretien climatisation\">Entretien climatisation</a>,  <a href=\"/entretien/climatisation-pompe-a-chaleur\" title=\"Entretien PAC\">Entretien pompe à chaleur / PAC</a>,  <a href=\"/entretien/desembouage\" title=\"Désembouage canalisations de chauffage\">Désembouage canalisations de chauffage</a>,  <a href=\"/depannage/chaudiere\" title=\"Dépannage chaudière\">Dépannage chaudière</a>,  <a href=\"/depannage/chauffe-eau-gaz\" title=\"Dépannage chauffe-eaux gaz\">Dépannage chauffe-eaux gaz</a>,  <a href=\"/depannage/chauffe-eau-electrique-et-thermodynamique\" title=\"Dépannage cumulus et chauffe-eau thermodynamique\">Dépannage cumulus et chauffe-eau thermodynamique</a>,  <a href=\"/depannage/climatisation\" title=\"Dépannage climatisation\">Dépannage climatisation</a>,  <a href=\"/depannage/pompe-a-chaleur\" title=\"Dépannage pompe à chaleur\">Dépannage pompe à chaleur</a>,  <a href=\"/installation/chaudiere\" title=\"Installation chaudière gaz ou fioul\">Installation chaudière gaz ou fioul</a>,  <a href=\"/installation/chauffe-eau-gaz\" title=\"Installation chauffe-eau gaz et chauffe-bain\">Installation chauffe-eau gaz et chauffe-bain</a>,  <a href=\"/installation/chauffe-eau-electrique-et-thermodynamique\" title=\"Installation chauffe-eau électrique et ballon thermodynamique\">Installation chauffe-eau électrique et ballon thermodynamique</a>,  <a href=\"/installation/climatisation\" title=\"Installation climatisation\">Installation climatisation</a>,  <a href=\"/installation/pompe-a-chaleur\" title=\"Installation pompe à chaleur\">Installation pompe à chaleur</a> </p> <hr>"
    },
    {
      "title": "De Depan'Gaz Menton à EGS Energies à Menton",
      "text": "<p>En 2024, Depan'Gaz a changé de nom ! Chauffagiste expert historique du gaz, notre entreprise a bien évolué depuis sa création en 1999. À l'origine spécialiste des chaudières gaz et chauffe-bains, notre entreprise a développé son expertise sur les pompes à chaleur, le solaire photovoltaïque, les chauffe-eaux thermodynamiques ou encore les climatisations réversibles.</p> <p>Ainsi, Depan'Gaz est devenu en 2024 EGS Energies. Ce changement de marque correspond à notre savoir-faire multi-énergie, mais aussi à notre croissance dans les Alpes-Maritimes. En effet, nous formions avec Electrogaz <a href=\"https://www.egs-energies.fr/chauffage-nice\" title=\"Chauffage Nice\">Nice</a>, Descamps Vence et ADServices Gaz <a href=\"https://www.egs-energies.fr/chauffage-vallauris\" title=\"Chauffage Vallauris\">Vallauris</a> une seule et même entreprise depuis des années déjà. Alors, en 2024, nous avons pris la décision de nous unir sous une même bannière : EGS Energies.</p> <p>SI le nom Depan'Gaz a désormais cédé sa place à EGS Energies, notre savoir-faire, nos réactivité et notre professionnalisme demeurent. Nous avons toujours la même ambition : vous satisfaire dans tous vos besoins en confort thermique et efficacité énergétique de la maison : chauffage, climatisation, ventilation, énergies renouvelables. EGS Energies à Vallauris est donc toujours votre chauffagiste et frigoriste local !</p> <hr> <h3>Contactez EGS Energies Menton dès aujourd'hui</h3> <p>Besoin d'un conseil ou d'une intervention pour votre chauffage ou votre eau chaude ? L'équipe EGS Energies de Menton est à votre disposition pour répondre à vos questions et organiser vos rendez-vous.</p> <p>Contactez-nous et profitez de notre savoir-faire pour un confort thermique durable toute l'année !</p>"
    }
  ]
}