{
  "breadcrumb": "Egs energies nice",
  "seo": {
    "title": "EGS Energies à Nice : horaires et zones d'intervention",
    "description": "EGS Energies Nice : chauffagiste RGE spécialisé dans l'entretien, le dépannage et l'installation de chaudières et climatisations à Nice et ses environs",
    "opengraph": {
      "site_name": "EGS Energies",
      "type": "website",
      "locale": "fr_FR",
      "title": "EGS Energies à Nice : horaires et zones d'intervention",
      "description": "EGS Energies Nice : chauffagiste RGE spécialisé dans l'entretien, le dépannage et l'installation de chaudières et climatisations à Nice et ses environs",
      "image": {
        "src": "https://www.egs-energies.fr/build/images/egs-energies-agence-nice-electrogaz-456x334.7bfabb69.jpg",
        "alt": "L'agence EGS Energies à Nice, chauffagiste local (anciennement Electrogaz)"
      }
    }
  },
  "hero": {
    "title": "L'agence historique dans les Alpes-Maritimes : EGS Energies Nice",
    "subtitle": "40 techniciens chauffagistes présents sur Nice, Saint-Laurent-du-Var, Villeneuve-Loubet et ses environs"
  },
  "intro": {
    "image": {
      "src": "/build/images/egs-energies-agence-nice-electrogaz-456x334.7bfabb69.jpg",
      "alt": "L'agence EGS Energies à Nice, chauffagiste local (anciennement Electrogaz)"
    },
    "text": "<p>Notre agence EGS Energies à <a href=\"https://www.egs-energies.fr/chauffage-nice\" title=\"Chauffage Nice\">Nice</a> (anciennement Electrogaz) est le point de référence pour tous vos besoins en chauffage, climatisation, eau chaude sanitaire et énergies renouvelables. Nous intervenons sur une large gamme d'équipements pour l'installation, l'entretien et le dépannage : chaudières gaz et fioul, pompes à chaleur air-eau, eau-eau, air-air ou hybrides, chauffe-eaux (électriques, gaz, thermodynamiques) et solutions solaires photovoltaïques.</p> <p>Installée au cœur de Nice, à deux pas du Vieux Port, notre agence est à votre service pour répondre à vos demandes avec réactivité et expertise.</p> <p><i class=\"fa fa-angle-double-right\" style=\"color: #337ab7;\"></i> <span class=\"obflink obflink-text\" data-o=\"L25vdXMtY29udGFjdGVy\">Cliquez ici pour contacter notre agence EGS Energies à Nice</span></p> <hr>"
  },
  "contents": [
    {
      "title": "Horaires d'ouverture de l'agence EGS Energies de Nice",
      "text": "<p><i>Lundi</i> : 08:00-12:00, 13:30-17:30 <br><i>Mardi</i> : 08:00-12:00, 13:30-17:30 <br><i>Mercredi</i> : 08:00-12:00, 13:30-17:30 <br><i>Jeudi</i> : 08:00-12:00, 13:30-17:30 <br><i>Vendredi</i> : 08:00-12:00, 13:30-17:30 <br><i>Samedi</i> : 08:00-12:00 </p> <p><i class=\"fa fa-angle-double-right\" style=\"color: #337ab7;\"></i> <span class=\"obflink obflink-text\" data-o=\"L25vdXMtY29udGFjdGVy\">Prendre un rendez-vous avec EGS Energies</span></p> <hr>"
    },
    {
      "title": "Zones d'intervention depuis Nice",
      "text": "<p>L'agence EGS Energies Nice intervient dans un large périmètre pour l'installation, l'entretien et le dépannage de vos équipements de chauffage et d'eau chaude. Nos techniciens se déplacent dans les communes suivantes :</p> <ul> <li> <strong>Littoral et proximité immédiate</strong> :<br> Nice, <a href=\"https://www.egs-energies.fr/chauffage-saint-laurent-du-var\" title=\"Chauffage Saint Laurent Du Var\">Saint-Laurent-du-Var</a>, Villeneuve-Loubet, Villefranche-sur-Mer, Saint-Jean-Cap-Ferrat, Èze, Beaulieu-sur-Mer, <a href=\"https://www.egs-energies.fr/chauffage-cagnes-sur-mer\" title=\"Chauffage Cagnes Sur Mer\">Cagnes-sur-Mer</a>, Colomars, Saint-André-de-la-Roche. </li> <li> <strong>Vallée du Var et alentours</strong> :<br> Carros, La Roquette-sur-Var, Gilette, Bonson, Levens, Saint-Blaise, Saint-Martin-du-Var, Castagniers, Aspremont, Falicon. </li> <li> <strong>Vallées de la Tinée et de la Vésubie</strong> :<br> Isola, Saint-Étienne-de-Tinée, Valdeblore, Roure, Saint-Sauveur-sur-Tinée, Rimplas, Saint-Dalmas-le-Selvage, Roquebillière, Lantosque, Belvédère, Saint-Martin-Vésubie. </li> <li> <strong>Vallée du Paillon et arrière-pays niçois</strong> :<br> Drap, La Trinité, Contes, Blausasc, Peille, Peillon, L'Escarène, Touët-de-l'Escarène, Lucéram, Berre-les-Alpes, Châteauneuf-Villevieille, Coaraze, Tourrette-Levens. </li> <li> <strong>Vallée de l'Estéron et Préalpes</strong> :<br> Roquesteron, Sigale, Pierrefeu, Toudon, Revest-les-Roches, Malaussène, Thiéry, Bouyon, Guillaumes, Péone, Beuil, Daluis, Villeneuve-d'Entraunes, Châteauneuf-d'Entraunes, Saint-Martin-d'Entraunes, Sauze, Entraunes. </li> <li> <strong>Autres communes rurales</strong> :<br> Aiglun, Collongues, Amirat, Sallagriffon, Les Mujouls, Roquestéron-<a href=\"https://www.egs-energies.fr/chauffage-grasse\" title=\"Chauffage Grasse\">Grasse</a>, Le Mas, Touët-sur-Var, Bairols, Massoins. </li> </ul> <p><i class=\"fa fa-angle-double-right\" style=\"color: #337ab7;\"></i> <span class=\"obflink obflink-text\" data-o=\"L25vdXMtY29udGFjdGVy\">Demander une intervention dans votre ville</span></p> <hr>"
    },
    {
      "title": "Domaines d'intervention d'EGS Energies à Nice",
      "text": "<p><a href=\"/entretien/chaudiere-gaz\" title=\"Entretien chaudière gaz\">Entretien chaudière gaz</a>,  <a href=\"/entretien/chaudiere-fioul\" title=\"Entretien chaudière fioul\">Entretien chaudière fioul</a>,  <a href=\"/entretien/chauffe-eau-gaz\" title=\"Entretien chauffe-eau gaz\">Entretien chauffe-eau gaz</a>,  <a href=\"/entretien/climatisation-pompe-a-chaleur\" title=\"Entretien climatisation\">Entretien climatisation</a>,  <a href=\"/entretien/climatisation-pompe-a-chaleur\" title=\"Entretien PAC\">Entretien pompe à chaleur / PAC</a>,  <a href=\"/entretien/desembouage\" title=\"Désembouage canalisations de chauffage\">Désembouage canalisations de chauffage</a>,  <a href=\"/depannage/chaudiere\" title=\"Dépannage chaudière\">Dépannage chaudière</a>,  <a href=\"/depannage/chauffe-eau-gaz\" title=\"Dépannage chauffe-eaux gaz\">Dépannage chauffe-eaux gaz</a>,  <a href=\"/depannage/chauffe-eau-electrique-et-thermodynamique\" title=\"Dépannage cumulus et chauffe-eau thermodynamique\">Dépannage cumulus et chauffe-eau thermodynamique</a>,  <a href=\"/depannage/climatisation\" title=\"Dépannage climatisation\">Dépannage climatisation</a>,  <a href=\"/depannage/pompe-a-chaleur\" title=\"Dépannage climatisation\">Dépannage pompe à chaleur</a>,  <a href=\"/installation/chaudiere\" title=\"Installation chaudière gaz ou fioul\">Installation chaudière gaz ou fioul</a>,  <a href=\"/installation/chauffe-eau-gaz\" title=\"Installation chauffe-eau gaz et chauffe-bain\">Installation chauffe-eau gaz et chauffe-bain</a>,  <a href=\"/installation/chauffe-eau-electrique-et-thermodynamique\" title=\"Installation chauffe-eau électrique et ballon thermodynamique\">Installation chauffe-eau électrique et ballon thermodynamique</a>,  <a href=\"/installation/climatisation\" title=\"Installation climatisation\">Installation climatisation</a>,  <a href=\"/installation/pompe-a-chaleur\" title=\"Installation pompe à chaleur\">Installation pompe à chaleur</a> </p> <hr>"
    },
    {
      "title": "Electrogaz Nice est devenu EGS Energies",
      "text": "<p>À sa création en 1958, notre entreprise s'est spécialisée dans les systèmes de chauffage au gaz. Depuis, Electrogaz a bien évolué. Nous avons acquis l'expertise et l'expérience dans les systèmes à énergie renouvelable : pompe à chaleur, énergie solaire, ballon thermodynamique.</p> <p>C'est ainsi que notre marque Electrogaz à Nice a dû elle aussi évoluer. Afin de mieux retranscrire notre savoir-faire multi-énergie et notre investissement dans le domaine des énergies renouvelables, Electrogaz et devenue en 2024 EGS Energies.</p> <p>EGS Energies reste à votre service à Nice pour tous vos besoins en chauffage, climatisation, ventilation et énergies renouvelables. Notre marque Electrogaz disparait donc du paysage, mais ce n'est pas le cas de nos engagements. Chez EGS Energies, nous tenons à maintenir un service client de qualité, des <a href=\"#LINK_CERTIFICATIONS-MARQUES#\" title\"nos=\"\" marques=\"\" partenaires\"=\"\">partenariats avec les plus grandes marques</a> du marché pour vous offrir des équipements fiables, un savoir-faire sans cesse mis à jour de nos équipes et une réactivité optimale.</p> <h3>Un réseau local à votre disposition</h3> <p>En tant qu'agence historique, EGS Energies Nice fait partie du réseau régional d'EGS Energies, présent dans tout le département des Alpes-Maritimes. Retrouvez nos autres agences :</p> <ul> <li><strong>EGS Energies Saint-Laurent-du-Var</strong></li> <li><strong>EGS Energies <a href=\"https://www.egs-energies.fr/chauffage-vallauris\" title=\"Chauffage Vallauris\">Vallauris</a></strong></li> <li><strong>EGS Energies <a href=\"https://www.egs-energies.fr/chauffage-menton\" title=\"Chauffage Menton\">Menton</a></strong></li> </ul> <p>Ce réseau nous permet de coordonner nos ressources et d'intervenir rapidement sur tout le territoire.</p> <h3><strong>Pourquoi choisir EGS Energies à Nice ?</strong></h3> <ul> <li><strong>Une expertise locale</strong> : plus de 20 ans d'expérience au service des particuliers et des professionnels niçois.</li> <li><strong>Des techniciens qualifiés</strong> : certifiés RGE, nos experts interviennent dans le respect des normes et avec des outils à la pointe.</li> <li><strong>Un service de proximité</strong> : basée au cœur de Nice, notre équipe connaît parfaitement les spécificités locales et s'engage à répondre à vos besoins dans les meilleurs délais.</li> </ul>"
    }
  ]
}