{
  "breadcrumb": "Qui sommes nous",
  "seo": {
    "title": "Experts des solutions de chauffage depuis 1958 | EGS Energies",
    "description": "Expert chauffagiste depuis plus de 65 ans avec 4 agences dans les Alpes-Maritimes : Saint-Laurent-du-Var, Nice, Vallauris et Menton. Entreprise locale RGE.",
    "opengraph": {
      "site_name": "EGS Energies",
      "type": "website",
      "locale": "fr_FR",
      "title": "Experts des solutions de chauffage depuis 1958 | EGS Energies",
      "description": "Expert chauffagiste depuis plus de 65 ans avec 4 agences dans les Alpes-Maritimes : Saint-Laurent-du-Var, Nice, Vallauris et Menton. Entreprise locale RGE.",
      "image": {
        "src": "https://www.egs-energies.fr/build/images/egs-energies-qui-sommes-nous.456x334.9b10809c.jpg",
        "alt": "EGS Energies, chauffagiste à Saint-Laurent-du-Var et nos agences à Nice, Vallauris et Menton"
      }
    }
  },
  "hero": {
    "title": "Experts des solutions de chauffage depuis plus de 60 ans",
    "subtitle": ""
  },
  "intro": {
    "image": {
      "src": "/build/images/egs-energies-qui-sommes-nous.456x334.9b10809c.jpg",
      "alt": "EGS Energies, chauffagiste à Saint-Laurent-du-Var et nos agences à Nice, Vallauris et Menton"
    },
    "text": "<p>A votre service dans les Alpes-Maritimes depuis 1958, nous sommes là pour veiller à la sécurité de vos installations et garantir votre confort au quotidien. Grâce à nos implantations à <a href=\"https://www.egs-energies.fr/chauffage-saint-laurent-du-var\" title=\"Chauffage Saint Laurent Du Var\">Saint-Laurent-du-Var</a>, <a href=\"https://www.egs-energies.fr/chauffage-nice\" title=\"Chauffage Nice\">Nice</a>, <a href=\"https://www.egs-energies.fr/chauffage-menton\" title=\"Chauffage Menton\">Menton</a> et <a href=\"https://www.egs-energies.fr/chauffage-vallauris\" title=\"Chauffage Vallauris\">Vallauris</a>, nous intervenons dans tout le département et comptons plus de 18 000 clients qui nous font confiance.</p> <p>En 2018, nous avons rejoint HomeServe, société de services pour la maison qui intervient au quotidien, depuis plus de 15 ans, au coeur des foyers français pour des prestations d'assistance et de dépannage, des travaux d'installation et de rénovation. Plombiers, électriciens, chauffagistes, ces professionnels de la maison sont au quotidien au service de plus d'1 million de clients répartis sur toute la France.</p> <hr>"
  },
  "contents": [
    {
      "title": "Nos métiers : l'entretien, le dépannage, l'installation",
      "text": "<p>Nous intervenons pour le dépannage, l'entretien et l'installation des systèmes de production d'eau chaude, de chauffage (chaudières et chauffe-eaux), de climatisation, des appareils à énergies renouvelables (pompes à chaleur, installations solaires…), des installations de climatisation et de ventilation des logements.</p> <hr>"
    },
    {
      "title": "Nos agences : comment nous contacter ?",
      "text": "<p>Nos agences sont ouvertes du lundi au vendredi de 8h à 12h et de 13h30 à 17h30 ainsi que le samedi de 8h à 12h (uniquement notre agence de Nice). Notre service d'accueil téléphonique est fermé le samedi matin en juillet/août.</p> <div class=\"col-xs-12\" style=\"padding:2% 0px;\"> <div class=\"row\"> <div class=\"col-xs-offset-1 col-sm-offset-0 col-md-offset-0 col-xs-10 col-sm-6 col-md-4\"> <div class=\"col-xs-offset-1 col-sm-offset-0 col-lg-offset-0\"> <h4>EGS Energies - Saint-Laurent-du-Var</h4> <span style=\"font-size:1.1em;\"> <p>31 allée des Architectes<br>06700 Saint-Laurent-du-Var</p> <p><b>Téléphone</b> : 04 93 58 38 49<br><b>Email</b> : <a href=\"mailto:sav@egs-energies.fr\">sav@egs-energies.fr</a></p> <p>En savoir+ sur : <a href=\"/qui-sommes-nous/egs-energies-saint-laurent-du-var\" title=\"Agence EGS Energies Saint-Laurent-du-Var\">EGS Energies à Saint-Laurent-du-Var</a></p> </span> </div> </div> <div class=\"col-xs-offset-1 col-sm-offset-0 col-md-offset-0 col-xs-10 col-sm-6 col-md-4\"> <div class=\"col-xs-offset-1 col-sm-offset-0 col-lg-offset-0\"> <h4>EGS Energies - Nice</h4> <span style=\"font-size:1.1em;\"> <p>15 Rue Bavastro<br>06300 Nice</p> <p><b>Téléphone</b> : 04 92 00 00 10<br><b>Email</b> : <a href=\"mailto:sav@egs-energies.fr\">sav@egs-energies.fr</a></p> <p>En savoir + sur <a href=\"/qui-sommes-nous/egs-energies-nice\" title=\"Agence EGS Energies Nice\">EGS Energies à Nice</a></p> </span> </div> </div> <div class=\"col-xs-offset-1 col-sm-offset-0 col-md-offset-0 col-xs-10 col-sm-6 col-md-4\"> <div class=\"col-xs-offset-1 col-sm-offset-0 col-lg-offset-0\"> <h4>EGS Energies Menton</h4> <span style=\"font-size:1.1em;\"> <p>121 avenue de Sospel - le Rhodes<br>06500 Menton</p> <p><b>Téléphone</b> : 04 93 28 32 35<br><b>Email</b> : <a href=\"mailto:sav@egs-energies.fr\">sav@egs-energies.fr</a></p> <p>En savoir + sur <a href=\"/qui-sommes-nous/egs-energies-menton\" title=\"Agence EGS Energies Menton\">EGS Energies à Menton</a></p> </span> </div> </div> </div> <div class=\"row\"> <div class=\"col-xs-offset-1 col-sm-offset-0 col-md-offset-0 col-xs-10 col-sm-6 col-md-4\"> <div class=\"col-xs-offset-1 col-sm-offset-0 col-lg-offset-0\"> <h4>EGS Energies Vallauris</h4> <span style=\"font-size:1.1em;\"> <p>2040 Chemin St Bernard - Porte 12<br>06220 Vallauris</p> <p><b>Téléphone</b> : 04 93 64 51 51<br><b>Email</b> : <a href=\"mailto:sav@egs-energies.fr\">sav@egs-energies.fr</a></p> <p>En savoir + sur <a href=\"/qui-sommes-nous/egs-energies-vallauris\" title=\"Agence EGS Energies Vallauris\">EGS Energies à Vallauris</a></p> </span> </div> </div> </div> </div> <hr>"
    },
    {
      "title": "EGS Energies, la réunion de 4 entreprises historiques du chauffage dans les Alpes-Maritimes",
      "text": "<p>EGS Energies, c'était au départ Electrogaz, chauffagiste local à Nice, spécialiste des équipements à gaz. Avec les années, nous avons intégré d'autres entreprises et marques dans notre giron :</p> <ul> <li>AD Services Gaz à Vallauris</li> <li>Depan'Gaz à Menton</li> <li>Descamps à Vence</li> </ul> <p>En 2024, Electrogaz, Descamps, AD Services Gaz et Depan'Gaz sont toutes les quatre devenues EGS Energies. Nos quatre agences dans les Alpes-Maritimes arborent désormais la même étiquette, sans renier ce qui a fait leur force pendant des décennies : un service client de haute qualité, une forte réactivité, une expertise dans le chauffage, la climatisation et les énergies renouvelables sans cesse actualisée.</p>"
    }
  ]
}