{
  "breadcrumb": "Recrutement",
  "seo": {
    "title": "Recrutement technicien chauffagiste dans les Alpes-Maritimes | EGS Energies",
    "description": "Entreprise en croissance nous recrutons en CDI dans les Alpes-Maritimes des technicien(ne) de maintenance chauffage et génie climatique",
    "opengraph": {
      "site_name": "EGS Energies",
      "type": "website",
      "locale": "fr_FR",
      "title": "Recrutement technicien chauffagiste dans les Alpes-Maritimes | EGS Energies",
      "description": "Entreprise en croissance nous recrutons en CDI dans les Alpes-Maritimes des technicien(ne) de maintenance chauffage et génie climatique",
      "image": {
        "src": "https://www.egs-energies.fr/build/images/egs-energies-recrutement.456x334.6cd3db6b.jpg",
        "alt": "EGS Energies (ex-Electrogaz) recrute en CDI des techniciens chauffagistes et frigoristes"
      }
    }
  },
  "hero": {
    "title": "EGS Energies, une entreprise en croissance qui recrute",
    "subtitle": ""
  },
  "intro": {
    "image": {
      "src": "/build/images/egs-energies-recrutement.456x334.6cd3db6b.jpg",
      "alt": "EGS Energies (ex-Electrogaz) recrute en CDI des techniciens chauffagistes et frigoristes"
    },
    "text": "<p>Vous vous sentez impliqué dans tout ce que vous entreprenez, vous avez le sens des responsabilités et voulez évoluer dans un environnement professionnel alliant développement technique et contacts humains ? Venez rejoindre notre équipe. Nous recrutons des techniciens débutants et confirmés dans le domaine de l'entretien et de la maintenance d'appareils de production d'eau chaude et de chauffage toutes énergies, de pompes à chaleur ou de climatisation et ventilation.</p> <p><i class=\"fa fa-angle-double-right\" style=\"color: #337ab7;\"></i> <span class=\"obflink obflink-text\" data-o=\"L25vdXMtY29udGFjdGVyP3R5cGU9NQ==\">Rejoignez-nous en postulant ici (joindre CV et lettre de motivation)</span></p> <p>Devenez expert chauffagiste frigoriste en CDI en intégrant EGS Energies (ex Electrogaz). Notre entreprise, reconnue depuis plus de 60 ans dans les Alpes-Maritimes, a à cœur d'accompagner ses collaborateurs dans leur progression de carrière.</p> <p>Nous formons nos techniciens chauffagistes et frigoristes aux innovations technologiques afin qu'ils puissent intervenir sur tous les modèles et toutes les marques, et qu'ils soient au fait des solutions les plus performantes et économiques du marché.</p> <p>Rejoindre EGS Energies, c'est intégrer une équipe d'artisans experts de proximité, concentrés sur l'humain et la satisfaction client.<br>&nbsp;</p> <hr>"
  },
  "contents": [
    {
      "title": "Quatre agences EGS Energies dans les Alpes-Maritimes",
      "text": "<p>EGS Energies, c'est quatre agences dans le 06 :</p> <ul> <li>EGS Energies à <a href=\"https://www.egs-energies.fr/chauffage-saint-laurent-du-var\" title=\"Chauffage Saint Laurent Du Var\">Saint-Laurent-du-Var</a> (anciennement Descamps Vence)</li> <li>EGS Energies à <a href=\"https://www.egs-energies.fr/chauffage-nice\" title=\"Chauffage Nice\">Nice</a> (anciennement Electrogaz)</li> <li>EGS Energies à <a href=\"https://www.egs-energies.fr/chauffage-menton\" title=\"Chauffage Menton\">Menton</a> (anciennement Depan'Gaz)</li> <li>EGS Energies à <a href=\"https://www.egs-energies.fr/chauffage-vallauris\" title=\"Chauffage Vallauris\">Vallauris</a> (anciennement ADServices Gaz)</li> </ul> <hr>"
    },
    {
      "title": "EGS Energies est une entreprise Great Place to Work !",
      "text": "<p>Connaissez-vous ce label ? Il atteste du plus haut niveau de qualité de vie au travail d'une entreprise. Nous sommes fiers de cette reconnaissance qui valorise l'ensemble des engagements pris au quotidien pour nos collaborateurs : des conditions de travail qui permettent à chacun de s'épanouir dans son métier, des formations pour apprendre et développer ses compétences, un esprit d'équipe qui valorise l'entraide et la bonne humeur. Vous l'aurez compris, nous déployons toute notre énergie pour le bien-être et la sécurité de nos collaborateurs.</p> <hr>"
    },
    {
      "title": "EGS Energies recherche un technicien de maintenance chauffage en CDI",
      "text": "<p>Notre développement est soutenu et régulier. Nous sommes toujours à la recherche de techniciens et techniciennes maintenance chauffage. Nos offres d'emploi sont en CDI et comprennent un salaire fixe et un variable motivant.</p> <p>Les notions de service et de proximité que nous privilégions auprès de nos clients et de nos équipes vous permettront de développer vos compétences et contribueront à votre évolution professionnelle.</p> <p>Rattaché au chef d'agence, vous assurez la maintenance et le dépannage des installations thermiques principalement chaudières et chauffe-eau gaz. Des connaissances en fioul, PAC, climatisation, solaire sont des atouts supplémentaires. Vous respectez les règles de sécurité et les normes en vigueur.</p> <p>Autonome, vous êtes capable d'intervenir seul sur des installations thermiques et possédez un bon relationnel. Organisation, capacité d'adaptation et esprit d'équipe sont des qualités vivement appréciées pour le poste.</p> <p>Vous devez détenir impérativement le permis de conduire. Vous souhaitez postuler ? Adressez votre candidature (lettre de motivation manuscrite + CV avec photo) en ligne via la rubrique nous contacter.</p> <hr>"
    },
    {
      "title": "Recrutement en cours",
      "text": "<p> <i class=\"fa fa-angle-double-right\" style=\"color: #337ab7;\"></i> <a href=\"/conseils-et-actualites/egs-energies-recrutement-technicien-de-maintenance-chauffage\" title=\"Technicien-ne de maintenance chauffage en CDI\">Technicien / technicienne de maintenance chauffage en CDI</a><br> <i class=\"fa fa-angle-double-right\" style=\"color: #337ab7;\"></i> <a href=\"/conseils-et-actualites/egs-energies-recrutement-technicien-ne-genie-climatique\" title=\"Technicien-ne génie climatique en CDI\">Technicien / technicienne génie climatique en CDI</a><br> <i class=\"fa fa-angle-double-right\" style=\"color: #337ab7;\"></i> <a href=\"https://www.energies-services.homeserve.fr/recrutement-homeservehes\" title=\"HomeServe Energies Services - Offres d'emploi chauffage et climatisation\" target=\"_blank\">Découvrir toutes nos offres d'emploi sur HomeServe Energies Services</a> </p>"
    }
  ]
}