{
  "breadcrumb": "Zones intervention",
  "seo": {
    "title": "Zones d'intervention dans les Alpes-Maritimes | EGS Energies",
    "description": "Artisan chauffagiste depuis 60 ans nous intervenons dans les Alpes-Maritimes et Monaco : Nice, Antibes, Cannes, Grasse, Cagnes-sur-Mer, Le Cannet, Carros",
    "opengraph": {
      "site_name": "EGS Energies",
      "type": "website",
      "locale": "fr_FR",
      "title": "Zones d'intervention dans les Alpes-Maritimes | EGS Energies",
      "description": "Artisan chauffagiste depuis 60 ans nous intervenons dans les Alpes-Maritimes et Monaco : Nice, Antibes, Cannes, Grasse, Cagnes-sur-Mer, Le Cannet, Carros",
      "image": {
        "src": "https://www.egs-energies.fr/build/images/egs-energies-zone-intervention.456x334.76fa7b22.jpg",
        "alt": "Les techniciens d'EGS Energies interviennent dans les Alpes-Maritimes"
      }
    }
  },
  "hero": {
    "title": "Artisan chauffagiste depuis 60 ans dans les Alpes-Maritimes",
    "subtitle": ""
  },
  "intro": {
    "image": {
      "src": "/build/images/egs-energies-zone-intervention.456x334.76fa7b22.jpg",
      "alt": "Les techniciens d'EGS Energies interviennent dans les Alpes-Maritimes"
    },
    "text": "<p>Basés à <a href=\"https://www.egs-energies.fr/chauffage-nice\" title=\"Chauffage Nice\">Nice</a>, <a href=\"https://www.egs-energies.fr/chauffage-menton\" title=\"Chauffage Menton\">Menton</a>, <a href=\"https://www.egs-energies.fr/chauffage-vallauris\" title=\"Chauffage Vallauris\">Vallauris</a> et <a href=\"https://www.egs-energies.fr/chauffage-saint-laurent-du-var\" title=\"Chauffage Saint Laurent Du Var\">Saint-Laurent-du-Var</a>, les techniciens chauffagistes de nos quatres agences interviennent dans toutes les Alpes-Maritimes. Nous rayonnons ainsi sur tout le territoire, jusqu'à <a href=\"https://www.egs-energies.fr/chauffage-monaco\" title=\"Chauffage Monaco\">Monaco</a>. Cette proximité est la clé de notre réactivité : nous connaissons parfaitement le territoire et nous nous déplaçons rapidement pour dépanner vos chaudières, climatisations, chauffe-eaux, pompes à chaleur.</p> <p>Faites le choix d'une société reconnue localement et proche de ses clients. EGS Energies, artisan chauffagiste, vous guide et vous conseille depuis plus de 60 ans dans le département. Nos techniciens sont formés aux dernières avancées technologiques et peuvent vous proposer des solutions innovantes, qui collent à vos besoins.</p> <p>Nos équipes sont réputées pour leur savoir-faire et leur disponibilité. Nous nous appuyons également sur un stock important de pièces détachées de toutes marques. Ainsi, nous sommes en capacité de réparer et de remettre en fonctionnement immédiatement vos équipements.</p> <p>Nos partenariats, noués avec les plus grandes marques de chauffage, chaudière, climatisation, chauffe-eau, vous garantissent un large choix et des offres compétitives, concentrées sur vos besoins et vos contraintes.</p> <hr>"
  },
  "contents": [
    {
      "title": "Un acteur ancré sur son territoire",
      "text": "<p>EGS Energies (anciennement Electrogaz) est un acteur attaché à son territoire. Nous avons tissé des liens étroits avec nos clients et les professionnels des Alpes-Maritimes depuis 1958. Nos quatre agences, réparties sur le département, nous permettent de connaitre les spécificités de chaque ville et de chaque typologie d'habitation. Nous sommes ainsi force de proposition et nous vous accompagnons dans le choix de vos solutions de chauffage et de climatisation. Notre attachement se manifeste également par le soutien aux associations locales.</p> <hr>"
    },
    {
      "title": "Zones d'intervention d'EGS Energies et de ses agences",
      "text": "<p>Nous intervenons à Nice, Menton, Vallauris, Saint-Laurent-du-Var et dans les villes alentours :<br><br><a href=\"https://www.egs-energies.fr/chauffage-antibes\" title=\"Chauffage Antibes\">Antibes</a>, <a href=\"https://www.egs-energies.fr/chauffage-cannes\" title=\"Chauffage Cannes\">Cannes</a>, <a href=\"https://www.egs-energies.fr/chauffage-grasse\" title=\"Chauffage Grasse\">Grasse</a>, <a href=\"https://www.egs-energies.fr/chauffage-cagnes-sur-mer\" title=\"Chauffage Cagnes Sur Mer\">Cagnes-sur-Mer</a>, Saint-Laurent-du-Var, Mandelieu-la-Napoule, Mougins, Villeneuve-Loubet, Beausoleil, Valbonne, Roquebrune-Cap-Martin, Carros, Mouans-Sartoux, La Trinité, Biot, Peymeinade, La Colle-sur-Loup, Contes, Pégomas, La Gaude, Roquefort-les-Pins, Villefranche-sur-Mer, Saint-André-de-la-Roche, La Roquette-sur-Siagne, Cap-d'Ail, Tourrette-Levens, Levens, Drap, Tourrettes-sur-Loup, Gattières, Le Rouret, Saint-Jeannet, Beaulieu-sur-Mer, Saint-Cézaire-sur-Siagne, Sospel, Saint-Paul, Saint-Vallier-de-Thiey, Colomars, Châteauneuf-Grasse, Le Tignet, La Turbie, Auribeau-sur-Siagne, Le Bar-sur-Loup, Saint-Martin-du-Var, Èze, Breil-sur-Roya, L'Escarène, Peille, Aspremont, Opio, Tende, Saint-Jean-Cap-Ferrat, Falicon, Puget-Théniers, Roquebillière, Castagniers, Théoule-sur-Mer, Gilette, Blausasc, Cabris, Saint-Étienne-de-Tinée, Peillon, Le Broc, Lantosque, Saint-Martin-Vésubie, Gorbio, Cantaron, Spéracèdes, Berre-les-Alpes, Lucéram, Sainte-Agnès, Valdeblore, Castellar, Saint-Blaise, Péone, Bendejun, La Roquette-sur-Var, Châteauneuf-Villevieille, Isola, Coaraze, La Brigue, Utelle, Guillaumes, Bonson, Touët-sur-Var, Villars-sur-Var, Belvédère, Escragnolles, Gréolières, Andon, Clans, La Bollène-Vésubie, Roquesteron, La Tour, Beuil, Coursegoules, Bouyon, Séranon, Saorge, Saint-Sauveur-sur-Tinée, Gourdon, Valderoure, Cipières, Caille, Castillon, Touët-de-l'Escarène, La Penne, Toudon, Pierrefeu, Malaussène, Fontan, Caussols, Briançonnet, Saint-Auban, Bézaudun-les-Alpes, Sigale, Rigaud, Monaco, ...</p> <p id=\"map\" style=\"height:500px; margin-top:30px;\"></p>"
    }
  ]
}