{
  "breadcrumb": "Chauffe eau thermodynamique",
  "seo": {
    "title": "Dépannage de chauffe eau thermodynamique en Savoie | SBF Energies",
    "description": "Faites appel à notre équipe de Chambery pour la réparation et le dépannage de votre chauffe eau thermodynamique. Intervention rapide dans toute la Savoie !",
    "opengraph": {
      "site_name": "SBF Energies",
      "type": "website",
      "locale": "fr_FR",
      "title": "Dépannage de chauffe eau thermodynamique en Savoie | SBF Energies",
      "description": "Faites appel à notre équipe de Chambery pour la réparation et le dépannage de votre chauffe eau thermodynamique. Intervention rapide dans toute la Savoie !",
      "image": {
        "src": "https://www.sbf-energies.com/build/images/sbf-energies-depannage-chauffe-eau-456x334.d0860a8c.jpg",
        "alt": "Le dépannage d'un chauffe eau thermodynamique par les chauffagistes SBF Energies"
      }
    }
  },
  "hero": {
    "title": "SBF Energies assure le dépannage de votre chauffe eau thermodynamique",
    "subtitle": "Faîtes appel à des experts pour le dépannage de votre chauffe-eau"
  },
  "intro": {
    "image": {
      "src": "https://www.sbf-energies.com/build/images/sbf-energies-depannage-chauffe-eau-456x334.d0860a8c.jpg",
      "alt": "Le dépannage d'un chauffe eau thermodynamique par les chauffagistes SBF Energies"
    },
    "text": "<p>Les ballons thermodynamiques sont des systèmes de production d'eau chaude performants, mais de conception récente. C'est la raison pour laquelle il convient de s'adresser pour leur dépannage à une entreprise spécialisée dans les énergies renouvelables, comme SBF Energies.</p> <p>Nos techniciens sont des réparateurs de chauffe-eaux thermodynamiques expérimentés. Que votre logement soit situé en Savoie ou en Isère, ils sauront prendre en charge le <a href=\"/depannage\">dépannage de votre chauffage</a>, généralement sous 24 à 48 heures.</p> <p> L'équipe VB Gaz revient sur les pannes les plus fréquentes qui peuvent avoir lieu sur un chauffe-eau thermodynamique, sur les autres problèmes que vous pouvez éventuellement rencontrer ainsi que sur l'expertise, la compétence et le professionnalisme dont dispose SBF Energies pour répondre au mieu à vos besoins.</p>"
  },
  "contents": [
    {
      "title": "Pannes les plus fréquentes sur un chauffe-eau thermodynamique",
      "text": "<p>Les ballons thermodynamiques sont des équipements particulièrement fiables, qui demandent peu de maintenance. Pour autant, programmer une visite régulière d'entretien constitue la meilleure prévention des pannes. Rien n'est plus désagréable, en effet, que de se retrouver sans eau chaude sanitaire. Mais quelles sont les pannes les plus fréquentes que l'on rencontre sur un chauffe-eau thermodynamique ? La plupart du temps, vous remarquerez la présence d'un problème à l'arrêt de la production d'eau chaude sanitaire. La panne peut être liée à une fuite du circuit, mais aussi à une défaillance du circuit électrique. Certains phénomènes annoncent aussi une panne imminente, qu'il vaut alors mieux prévenir en faisant appel dans les plus brefs délais à un réparateur de chauffe eau thermodynamique.</p>"
    },
    {
      "title": "Autres problèmes sur un chauffe eau thermodynamique",
      "text": "<p>Vous pouvez évidemment rencontrer d'autres problèmes sur votre chauffe eau thermodynamique, comme une température de l'ECS inadaptée, trop chaude ou trop froide. Votre dispositif peut consommer trop d'énergie, ce qui n'est évidemment pas le but recherché. Il ne s'agit pas à proprement parler d'une panne, mais de dysfonctionnement qui nécessitent un dépannage de votre chauffe eau thermodynamique. Les techniciens SBF Energies interviennent à <a href=\"https://www.sbf-energies.com/chauffagiste-frigoriste-chambery\" title=\"Chauffagiste Frigoriste Chambery\">Chambéry</a>, <a href=\"https://www.sbf-energies.com/chauffagiste-frigoriste-aix-les-bains\" title=\"Chauffagiste Frigoriste Aix Les Bains\">Aix-les-Bains</a>, <a href=\"https://www.sbf-energies.com/chauffagiste-frigoriste-pontcharra\" title=\"Chauffagiste Frigoriste Pontcharra\">Pontcharra</a>, <a href=\"https://www.sbf-energies.com/chauffagiste-frigoriste-la-ravoire\" title=\"Chauffagiste Frigoriste La Ravoire\">La Ravoire</a> et <a href=\"https://www.sbf-energies.com/chauffagiste-frigoriste-rumilly\" title=\"Chauffagiste Frigoriste Rumilly\">Rumilly</a>. Prenez contact avec notre service client, nous effectuerons ensemble une première analyse des problèmes que rencontre votre installation. Nous pourrons alors programmer une intervention en urgence, en Savoie, ou prendre RDV pour une visite d'entretien, dès lors que les problèmes signalés relèvent plutôt d'une absence de maintenance.</p> <a href=\"https://www.sbf-energies.com/chauffagiste-frigoriste-chambery\" title=\"Chauffagiste Frigoriste Chambery\">Chambéry</a> <a href=\"https://www.sbf-energies.com/chauffagiste-frigoriste-aix-les-bains\" title=\"Chauffagiste Frigoriste Aix Les Bains\">Aix-les-Bains</a> <a href=\"https://www.sbf-energies.com/chauffagiste-frigoriste-pontcharra\" title=\"Chauffagiste Frigoriste Pontcharra\">Pontcharra</a> <a href=\"https://www.sbf-energies.com/chauffagiste-frigoriste-la-ravoire\" title=\"Chauffagiste Frigoriste La Ravoire\">La Ravoire</a> <a href=\"https://www.sbf-energies.com/chauffagiste-frigoriste-rumilly\" title=\"Chauffagiste Frigoriste Rumilly\">Rumilly</a>"
    },
    {
      "title": "Choisissez la compétence et le professionnalisme de SBF Energies",
      "text": "<p>Chez SBF Energies, les techniciens sont spécialisés dans les meilleures marques de chauffe-eaux thermodynamiques, comme par exemple Thermor et Atlantic, mais ils connaissent aussi les autres modèles et sauront toujours vous proposer une solution adaptée en cas de panne. Ne restez pas sans eau chaude ! Que votre logement soit situé à Chambéry, à Aix-les-Bains, à Rumilly ou à Pontcharra, nous vous envoyons un technicien qui interviendra dans les meilleurs délais pour réparer votre chauffe eau thermodynamique ou pour changer la pièce défectueuse. Il posera toujours un diagnostic précis et vous indiquera les causes de la panne, qu'il s'agisse d'un mauvais positionnement du dispositif, dans un endroit exposé au gel, d'une alimentation électrique inadaptée ou encore d'une mauvaise maintenance du ballon. SBF Energies, votre spécialiste des énergies renouvelables en Savoie et aux alentours, vous conseillera pour améliorer les performances de votre ballon et augmenter sa durabilité.</p>"
    },
    {
      "title": "En savoir plus sur le chauffe eau thermodynamique",
      "text": "<p><i class=\"fa fa-angle-double-right\" style=\"color: #337ab7;\"></i> <a href=\"/installation/chauffe-eau-thermodynamique\">Installation du chauffe eau thermodynamique</a></p> <i class=\"fa fa-angle-double-right\" style=\"color: #337ab7;\"></i> <a href=\"/installation/chauffe-eau-thermodynamique\">Installation du chauffe eau thermodynamique</a> <p><i class=\"fa fa-angle-double-right\" style=\"color: #337ab7;\"></i> <a href=\"/entretien/chauffe-eau-thermodynamique\">Entretien du chauffe eau thermodynamique</a></p> <i class=\"fa fa-angle-double-right\" style=\"color: #337ab7;\"></i> <a href=\"/entretien/chauffe-eau-thermodynamique\">Entretien du chauffe eau thermodynamique</a>"
    }
  ],
  "related": {
    "title": "",
    "links": []
  },
  "url": "https://www.sbf-energies.com/depannage/chauffe-eau-thermodynamique"
}