{
  "breadcrumb": "Climatisation",
  "seo": {
    "title": "Dépannage de votre climatisation en Savoie | SBF Energies",
    "description": "Intervention rapide autour de Aix-les-Bains, Rumilly, La Ravoire, Chambéry. Entreprise RGE QualiPAC, spécialiste de la climatisation à La-Motte-Servolex.",
    "opengraph": {
      "site_name": "SBF Energies",
      "type": "website",
      "locale": "fr_FR",
      "title": "Dépannage de votre climatisation en Savoie | SBF Energies",
      "description": "Intervention rapide autour de Aix-les-Bains, Rumilly, La Ravoire, Chambéry. Entreprise RGE QualiPAC, spécialiste de la climatisation à La-Motte-Servolex.",
      "image": {
        "src": "https://www.sbf-energies.com/build/images/sbf-energies-depannage-climatisation-456x334.00e51891.jpg",
        "alt": "Le dépannage de votre climatisation par votre chauffagiste SBF Energies"
      }
    }
  },
  "hero": {
    "title": "Dépannage de climatisation en Savoie",
    "subtitle": "Faîtes appel à des experts pour le dépannage de votre climatisation"
  },
  "intro": {
    "image": {
      "src": "https://www.sbf-energies.com/build/images/sbf-energies-depannage-climatisation-456x334.00e51891.jpg",
      "alt": "Le dépannage de votre climatisation par votre chauffagiste SBF Energies"
    },
    "text": "<p>Les systèmes de climatisation sont aujourd'hui parfaitement au point. Avec un entretien régulier, ils sont durables et conservent leur performances. Quelle que soit la qualité de systèmes que nous vous proposons chez SBF Energies, il peut arriver, avec le temps et si la climatisation est fortement sollicitée, qu'une panne survienne.</p> <p>La visite d'entretien annuelle ou bisannuelle permet de prévenir une grande partie des pannes, mais il arrive néanmoins qu'un composant puisse être défaillant et provoque l'arrêt de votre climatisation.</p> <p>Vous vous retrouvez en panne alors qu'il fait plus de 30°C à l'extérieur ? C'est toujours au mauvais moment que la panne semble se produire ! N'hésitez pas et faites appel aux experts de SBF Energies pour la réparation de votre climatisation en Savoie et le <a href=\"/depannage\">dépannage de votre chauffage</a> !</p>"
  },
  "contents": [
    {
      "title": "Pourquoi choisir SBF Energies pour le dépannage de sa climatisation",
      "text": "<p>Chez SBF Energies, nous savons bien que vous ne pouvez pas attendre une semaine ou quinze jours qu'un technicien vienne dépanner votre climatisation. Vous souhaitez au contraire retrouver le plus vite possible votre confort et la fraîcheur produite par votre système de rafraîchissement. Que vous disposiez d'une climatisation mono ou multisplit ou d'un système gainable, vous voulez retrouver votre sommeil. Dormir lorsque le temps est lourd et que les températures estivales grimpent n'est pas chose aisée. C'est pourquoi, chez SBF Energies, nous mettons tout en oeuvre pour vous dépanner dans les 24 à 48 heures. Nous intervenons en Savoie et alentours, à <a href=\"https://www.sbf-energies.com/chauffagiste-frigoriste-aix-les-bains\" title=\"Chauffagiste Frigoriste Aix Les Bains\">Aix-les-Bains</a>, <a href=\"https://www.sbf-energies.com/chauffagiste-frigoriste-rumilly\" title=\"Chauffagiste Frigoriste Rumilly\">Rumilly</a>, <a href=\"https://www.sbf-energies.com/chauffagiste-frigoriste-la-ravoire\" title=\"Chauffagiste Frigoriste La Ravoire\">La Ravoire</a> ou encore <a href=\"https://www.sbf-energies.com/chauffagiste-frigoriste-chambery\" title=\"Chauffagiste Frigoriste Chambery\">Chambéry</a>. Confiez la réparation de votre climatisation à un spécialiste, comme le sont tous nos techniciens. Nous sommes spécialisés dans les meilleures marques et disposons généralement d'un stock de pièces de rechange et pouvons nous approvisionner rapidement.</p> <a href=\"https://www.sbf-energies.com/chauffagiste-frigoriste-aix-les-bains\" title=\"Chauffagiste Frigoriste Aix Les Bains\">Aix-les-Bains</a> <a href=\"https://www.sbf-energies.com/chauffagiste-frigoriste-rumilly\" title=\"Chauffagiste Frigoriste Rumilly\">Rumilly</a> <a href=\"https://www.sbf-energies.com/chauffagiste-frigoriste-la-ravoire\" title=\"Chauffagiste Frigoriste La Ravoire\">La Ravoire</a> <a href=\"https://www.sbf-energies.com/chauffagiste-frigoriste-chambery\" title=\"Chauffagiste Frigoriste Chambery\">Chambéry</a>"
    },
    {
      "title": "Panne de climatisation : choisissez notre expertise !",
      "text": "<p>Les systèmes de climatisation, qu'il s'agisse de monosplits, de multisplits, d'une climatisation réversible ou gainable, nécessitent l'intervention d'un professionnel parfaitement formé en cas de dysfonctionnement. Les techniciens SBF Energies connaissent le matériel dont est équipé votre logement et sauront donc détecter rapidement l'origine de votre panne. Nous disposons fréquemment de la pièce d'origine de la marque et nous pourrons effectuer immédiatement la réparation ou sous un délai rapide. Nous travaillons avec les meilleures marques : Mitsubishi, Daikin, Atlantic. Pour éviter les mauvaises surprises et maintenir votre climatisation en parfait état de fonctionnement, SBF Energies vous propose ses formules d'entretien annuel, avec nettoyage régulier et maintenance courante du système. Vous anticipez ainsi la plupart des pannes, l'usure des pièces pouvant être repérée par le technicien qui effectue l'entretien.</p> <p>Une panne de climatisation à Chambéry, Aix-les-Bains ou <a href=\"https://www.sbf-energies.com/chauffagiste-frigoriste-pontcharra\" title=\"Chauffagiste Frigoriste Pontcharra\">Pontcharra</a> ? Pensez à contacter SBF Energies et profitez des compétences d'une entreprise labellisée Qualiclimafroid.</p> <a href=\"https://www.sbf-energies.com/chauffagiste-frigoriste-pontcharra\" title=\"Chauffagiste Frigoriste Pontcharra\">Pontcharra</a>"
    },
    {
      "title": "En savoir plus sur la climatisation",
      "text": "<p><i class=\"fa fa-angle-double-right\" style=\"color: #337ab7;\"></i> <a href=\"/installation/climatisation\">Installation de la climatisation</a></p> <i class=\"fa fa-angle-double-right\" style=\"color: #337ab7;\"></i> <a href=\"/installation/climatisation\">Installation de la climatisation</a> <p><i class=\"fa fa-angle-double-right\" style=\"color: #337ab7;\"></i> <a href=\"/entretien/climatisation\">Entretien de la climatisation</a></p> <i class=\"fa fa-angle-double-right\" style=\"color: #337ab7;\"></i> <a href=\"/entretien/climatisation\">Entretien de la climatisation</a>"
    }
  ],
  "related": {
    "title": "",
    "links": []
  },
  "url": "https://www.sbf-energies.com/depannage/climatisation"
}