{
  "breadcrumb": "Pompe a chaleur",
  "seo": {
    "title": "Dépannage de votre pompe à chaleur en Savoie | SBF Energies",
    "description": "Dépannage de PAC à Aix-les-Bains, Chambéry, La Ravoire, Saint-Alban-Leysse et environs sous 24 à 48h. Réparation de pompes à chaleur géothermiques et air-eau.",
    "opengraph": {
      "site_name": "SBF Energies",
      "type": "website",
      "locale": "fr_FR",
      "title": "Dépannage de votre pompe à chaleur en Savoie | SBF Energies",
      "description": "Dépannage de PAC à Aix-les-Bains, Chambéry, La Ravoire, Saint-Alban-Leysse et environs sous 24 à 48h. Réparation de pompes à chaleur géothermiques et air-eau.",
      "image": {
        "src": "https://www.sbf-energies.com/build/images/sbf-energies-depannage-pompe-a-chaleur-456x334.7d8c75ad.jpg",
        "alt": "Le dépannage de votre pompe à chaleur par votre chauffagiste SBF Energies"
      }
    }
  },
  "hero": {
    "title": "Dépannage de pompes à chaleur en Savoie",
    "subtitle": "Faîtes appel à des experts pour le dépannage de votre pompe à chaleur"
  },
  "intro": {
    "image": {
      "src": "https://www.sbf-energies.com/build/images/sbf-energies-depannage-pompe-a-chaleur-456x334.7d8c75ad.jpg",
      "alt": "Le dépannage de votre pompe à chaleur par votre chauffagiste SBF Energies"
    },
    "text": "<p>Les pompes à chaleur sont des dispositifs robustes, mais complexes. Quelle que soit la fiabilité des grandes marques que nous vous proposons chez SBF Energies, aucun appareil n'est jamais totalement à l'abri d'une défaillance de l'un de ses composants.</p> <p>Vous comptez sur votre pompe à chaleur pour votre chauffage et pour la production de votre eau chaude sanitaire.</p> <p>Il est donc important de diagnostiquer rapidement la panne et de procéder à l'échange des pièces défectueuses.</p> <p>SBF Energies intervient à <a href=\"https://www.sbf-energies.com/chauffagiste-frigoriste-chambery\" title=\"Chauffagiste Frigoriste Chambery\">Chambéry</a>, <a href=\"https://www.sbf-energies.com/chauffagiste-frigoriste-aix-les-bains\" title=\"Chauffagiste Frigoriste Aix Les Bains\">Aix-les-Bains</a>, <a href=\"https://www.sbf-energies.com/chauffagiste-frigoriste-rumilly\" title=\"Chauffagiste Frigoriste Rumilly\">Rumilly</a>, <a href=\"https://www.sbf-energies.com/chauffagiste-frigoriste-la-motte-servolex\" title=\"Chauffagiste Frigoriste La Motte Servolex\">La Motte-Servolex</a>, <a href=\"https://www.sbf-energies.com/chauffagiste-frigoriste-pontcharra\" title=\"Chauffagiste Frigoriste Pontcharra\">Pontcharra</a> et alentours ou dans les environs pour le <a href=\"/depannage\">dépannage de votre chauffage</a>.</p>"
  },
  "contents": [
    {
      "title": "Dépannage rapide de votre pompe à chaleur",
      "text": "<p>Les pompes à chaleur connaissent un succès croissant, d'autant que la technologie est aujourd'hui fiable et que les performances sont excellentes. Malgré leur fiabilité, les PAC des grandes marques peuvent connaître des défaillances, en particulier lorsqu'elles sont sollicitées de manière intensive et qu'elles fonctionnent à plein régime. N'oubliez pas qu'en hiver, lorsque les températures baissent et que vous allumez le chauffage, votre pompe à chaleur doit non seulement produire l'eau chaude sanitaire, mais aussi alimenter en eau chaude votre plancher chauffant.</p> <p>Votre installation est en panne ? Contactez SBF Energies. Nous sommes spécialistes des meilleures marques comme Mitsubishi, Daikin, ou Atlantic, pour lesquelles nous pouvons disposer des pièces de rechange. Notre service client effectue une première analyse du problème que vous nous signalez, puis un réparateur de pompe à chaleur se déplace chez vous dans un délai de 24 à 48 heures. Nous effectuons aussi la remise en route de votre pompe à chaleur après réparation ou si vous l'avez arrêtée pendant une période de vacances et qu'elle refuse de démarrer. Les techniciens SBF Energies interviennent en Savoie , à Chambéry, Aix-les-Bains, Rumilly, La Motte-Servolex, Pontcharra et alentours. N'oubliez pas que vous pouvez utilement prévenir les pannes en souscrivant un contrat de maintenance, avec entretien annuel.</p>"
    },
    {
      "title": "SBF Energies : notre service de réparation de pompe à chaleur",
      "text": "<p>Quand il s'agit de dépanner un système sophistiqué et complexe comme une pompe à chaleur, la qualité du service ainsi que les qualifications des réparateurs sont essentielles. Les techniciens SBF Energies sont des réparateurs spécialisés dans les pompes à chaleur de différentes technologies :</p> <ul><li>Pompe à chaleur géothermique;</li><li>Pompe à chaleur air/air, climatisation réversible, monosplit, multisplit;</li><li>Pompe à chaleur air/eau.</li></ul> <li>Pompe à chaleur géothermique;</li> <li>Pompe à chaleur air/air, climatisation réversible, monosplit, multisplit;</li> <li>Pompe à chaleur air/eau.</li> <p>La qualification de nos experts en pompe à chaleur est la condition d'un service de qualité. Votre pompe à chaleur est vitale pour votre confort. Nous effectuons le dépannage de votre PAC à Aix-les-Bains, Chambéry, <a href=\"https://www.sbf-energies.com/chauffagiste-frigoriste-la-ravoire\" title=\"Chauffagiste Frigoriste La Ravoire\">La Ravoire</a>, <a href=\"https://www.sbf-energies.com/chauffagiste-frigoriste-saint-alban-leysse\" title=\"Chauffagiste Frigoriste Saint Alban Leysse\">Saint-Alban-Leysse</a> et environs dans les meilleurs délais, généralement 24 heures et jusqu'à 48 heures maximum. Nos experts peuvent aussi assurer la réparation de la pompe à chaleur de votre piscine.</p> <a href=\"https://www.sbf-energies.com/chauffagiste-frigoriste-la-ravoire\" title=\"Chauffagiste Frigoriste La Ravoire\">La Ravoire</a> <a href=\"https://www.sbf-energies.com/chauffagiste-frigoriste-saint-alban-leysse\" title=\"Chauffagiste Frigoriste Saint Alban Leysse\">Saint-Alban-Leysse</a> <p>Vous devez remplacer votre pompe à chaleur ? Vous souhaitez prévenir les pannes en souscrivant un contrat d'entretien ? Contactez SBF Energies en Savoie. Nous vous conseillerons au mieux ! Nous mettons toujours la satisfaction de nos clients au centre de nos préoccupations et c'est pourquoi nous nous engageons à effectuer la réparation de votre pompe à chaleur dans les meilleurs délais, conformément à notre charte de qualité. Vous bénéficierez par ailleurs des services qualifiés d'une entreprise labellisée RGE Qualipac.</p>"
    },
    {
      "title": "En savoir plus sur la pompe à chaleur",
      "text": "<p><i class=\"fa fa-angle-double-right\" style=\"color: #337ab7;\"></i> <a href=\"/installation/pompe-a-chaleur\">Installation pompe à chaleur</a></p> <i class=\"fa fa-angle-double-right\" style=\"color: #337ab7;\"></i> <a href=\"/installation/pompe-a-chaleur\">Installation pompe à chaleur</a> <p><i class=\"fa fa-angle-double-right\" style=\"color: #337ab7;\"></i> <a href=\"/entretien/pompe-a-chaleur\">Entretien pompe à chaleur</a></p> <i class=\"fa fa-angle-double-right\" style=\"color: #337ab7;\"></i> <a href=\"/entretien/pompe-a-chaleur\">Entretien pompe à chaleur</a>"
    }
  ],
  "related": {
    "title": "",
    "links": []
  },
  "url": "https://www.sbf-energies.com/depannage/pompe-a-chaleur"
}