{
  "breadcrumb": "Modifications CEE pour les pompes à chaleur air-eau : ce qui change",
  "seo": {
    "title": "CEE 2025 & PAC air-eau, ce qui change au 1er octobre 2025",
    "description": "Au 1er oct. 2025, les CEE évoluent pour les PAC air-eau : SBF Energies vous aide à estimer vos aides. Cumul CEE + MaPrimeRénov’ jusqu’à 10 800 € d'aide !",
    "opengraph": {
      "site_name": "",
      "type": "",
      "locale": "",
      "title": "",
      "description": "",
      "image": {
        "src": "",
        "alt": ""
      }
    }
  },
  "title": " Modifications CEE pour les pompes à chaleur air-eau : ce qui change ",
  "chapo": "Au 1er oct. 2025, les CEE évoluent : SBF Energies vous aide à estimer vos aides CEE pour l'installation dune pompe à chaleur air-eau.",
  "image": {
    "src": "/upload/files/aide-cee-pac-air-eau-changements-f67fe055b9.jpg",
    "alt": "Modifications CEE pour les pompes à chaleur air-eau : ce qui change"
  },
  "intro": "<p>Installer une pompe à chaleur n’a jamais autant été encouragé. Au 1er octobre 2025, la règle du jeu a changé. Désormais, la prime CEE pour les PAC air-eau est calculée sur des <strong>fiches standardisées révisées</strong>, dopées par un <strong>coefficient multiplicateur</strong>. Résultat : des montants souvent plus élevés qu’avant, un périmètre d’éligibilité resserré et un dossier à monter avec un peu plus de rigueur.</p> <div style=\"background: #c9f5f2; padding: 20px; border-radius: 40px; margin: 16px 0;\">\n<p style=\"margin: 0 0 8px 0;\"><strong>À retenir en 30 secondes</strong></p>\n<ul style=\"margin: 0; padding-left: 20px;\">\n<li>Le Coup de pouce chauffage disparaît au 1ᵉʳ octobre 2025. <strong>Le forfait “Coup de pouce” (montant plancher national) pour les PAC air-eau disparaît, mais la bonification existe toujours : elle s’exprime désormais via un coefficient multiplicateur appliqué aux fiches PAC révisées.</strong></li>\n<li>Le Coup de pouce Chauffage reste inchangé pour les PAC hybrides.</li>\n<li><strong>Place à une prime CEE calculée via les fiches standardisées révisées (BAR-TH-171/172), multipliées par un coefficient (~×5).</strong></li>\n<li><strong>Montants souvent plus élevés</strong> qu’avant pour les logements avec une surface habitable relativement importante.</li>\n<li><strong>Résidences principales uniquement</strong> pour la bonification, cependant un CEE existe aussi pour les résidences secondaires et les propriétaires bailleurs.</li>\n<li><strong>CEE + MaPrimeRénov’</strong> : cumul toujours possible, sous conditions.</li>\n</ul>\n</div>",
  "paragraphs": [
    {
      "title": "CEE avant / après : ce qui change vraiment pour vous",
      "text": "<p>Jusqu’au 30 septembre, vous entendiez parler d’un « Coup de pouce » avec des <strong>montants forfaitaires</strong> faciles à retenir. C’était lisible, mais parfois trop rigide et, selon les cas, pas assez incitatif. À côté, existait la prime « standard » calculée selon une fiche technique (kWh cumulés économisés, zone climatique, performance de l’équipement).</p> <p>Depuis le <strong>1ᵉʳ octobre 2025</strong>, on ne parle plus de forfait national. La prime se calcule <strong>à partir des fiches PAC (BAR-TH-171/172) révisées</strong>, sur lesquelles s’applique un <strong>bonus multiplicateur (≈ ×5)</strong>. Cette modification ne s’applique que dans le cas du remplacement d’un équipement à énergie fossile. En clair : on repart de la méthode de calcul \"technique\", mais on la <strong>bonifie fortement</strong>.</p> <p>Autre bascule clé : la <strong>prime bonifiée vise uniquement les résidences principales</strong>. Les résidences secondaires sortent du dispositif bonifié. L’idée est de concentrer l’effort sur les logements occupés à l’année et de maximiser les économies d’énergie réellement réalisées. Cette recentration s’accompagne d’un <strong>renforcement des preuves</strong> (facture détaillée, note de dimensionnement, photo de plaque signalétique) afin de sécuriser le versement.</p>"
    },
    {
      "title": "Aide CEE pour votre pompe à chaleur : combien pouvez-vous toucher?",
      "text": "<p>Le montant CEE dépend principalement de :</p> <ul>\n<li>la <strong>zone climatique</strong>,</li>\n<li>la <strong>surface réellement chauffée</strong>,</li>\n<li>la <strong>performance saisonnière (ETAS)</strong> de la PAC,</li>\n<li>les <strong>revenus du ménage</strong>.</li>\n</ul> <p>En Savoie, comme les deux tiers de la France, nous nous trouvons en <strong>zone climatique H1</strong> : les besoins de chauffage sont élevés, et les <strong>montants CEE</strong> pour une PAC sont donc parmi les plus intéressants. Deux leviers majeurs font grimper la prime : l’ETAS (plus le % est élevé, plus la PAC consomme peu et plus la prime est haute) et l’usage : chauffage + eau chaude sanitaire (ECS) est mieux valorisé que “chauffage seul”.</p> <h3><strong><em>ETAS, c’est quoi ?</em></strong></h3> <p><em>L’</em><strong><em>Efficacité Thermique Annuelle Saisonnière</em></strong><em> mesure la </em><strong><em>performance réelle</em></strong><em> d’une PAC sur une saison (liée au </em><strong><em>SCOP</em></strong><em>). Elle s’exprime en </em><strong><em>%</em></strong><em> et figure sur l’étiquette énergie. </em><strong><em>Pour être éligible</em></strong><em>, une PAC doit respecter </em><strong><em>≥ 111 %</em></strong><em> (moyenne/haute T) </em><strong><em>ou ≥ 126 %</em></strong><em> (basse T). </em><strong><em>Plus l’ETAS est élevé</em></strong><em>, plus la consommation baisse… </em><strong><em>et plus la prime est élevée</em></strong><em>.</em></p>"
    },
    {
      "title": "Cumul CEE + MaPrimeRénov’ : oui, mais dans le bon ordre",
      "text": "<p>Bonne nouvelle : <a title=\"Tout savoir sur les changements CEE en 2025\" href=\"https://www.homeserve.fr/conseils-actualites/chauffage/changements-cee-coup-de-pouce\" target=\"_blank\" rel=\"noopener\">CEE et MaPrimeRénov’ restent cumulables</a>, sous réserve de respecter l’ordre des démarches et les conditions propres à MaPrimeRénov’ (modulation selon revenus, nature des travaux, ancienneté du logement, etc.).</p> <p>Dans les profils <strong>modestes à très modestes</strong>, ce cumul permet souvent d’atteindre les <strong>montants hauts</strong> des fourchettes évoquées. L’enjeu, encore une fois, est d’<strong>orchestrer</strong> correctement le dossier : SBF Energies crée votre demande CEE au bon moment, fige le devis, dépose MaPrimeRénov’, puis déroule l’installation et la collecte des justificatifs. Vous bénéficiez d’un accompagnement administratif complet de nos équipes.</p> <p>Notez qu’un <strong>plafond global</strong> peut s’appliquer : même si CEE + MPR “théoriques” dépassent 12 000 €, le <strong>versé</strong> pourra être <strong>écrêté</strong> à ce niveau.</p>"
    },
    {
      "title": "Quelques exemples d’estimations d’aides CEE et MaPrimeRénov’ en Savoie",
      "text": "<p>Nos exemples chiffrés ci-après s’appliquent aux <strong>résidences principales ≥ 130 m². En-dessous de cette superficie, la prime existe mais les montants sont généralement plus bas, demandez votre estimation personnalisée.</strong></p> <p>Pour l’<a title=\"Pose de pompe à chaleur en Savoie\" href=\"/installation/pompe-a-chaleur\"><strong>installation d’une pompe à chaleur autour de Chambéry</strong></a> dans une maison de plus de 130m², vous pouvez ainsi bénéficier d’un <strong>montant minimal d’aide de 7 240,90 € sans condition de revenu</strong>. Avec MaPrimeRénov’, vous pourrez ainsi <strong>obtenir jusqu’à 10 800 € d’aides financières, après écrêtement, pour la pose de votre PAC</strong>.</p> <p>Il n’existe plus de “montant minimal national” : la prime est <strong>calculée puis bonifiée</strong>, d’où l’importance de l’<strong>ETAS</strong>.</p> <p>Des plafonds peuvent s’appliquer en cas de <strong>cumul</strong> avec <strong>MaPrimeRénov’</strong>. Le total exact CEE+MaPrimeRénov’ dépend aussi des caractéristiques de votre logement (ancienneté, surface) et du niveau de revenus si vous sollicitez MaPrimeRénov’. La <strong>prime CEE de base</strong>, elle, n’est <strong>pas conditionnée aux revenus, mais selon votre catégorie de ménage, elle peut être majorée</strong>.</p>"
    },
    {
      "title": "Des règles plus simples… et des preuves plus sérieuses",
      "text": "<p>Une PAC bien calibrée à votre maison consomme moins, chauffe mieux, d’où l’intérêt de faire appel à un artisan RGE. Pour bénéficier de la bonification, votre PAC doit <strong>couvrir 100 % des besoins de chauffage</strong> du logement ; un équipement d’appoint n’est pas éligible.</p> <h3>Dossiers mieux contrôlés : ce qu’on vous demandera</h3> <ul>\n<li><strong>Note de dimensionnement</strong> (puissance PAC adaptée aux <strong>déperditions</strong> et aux <strong>émetteurs</strong>).</li>\n<li><strong>Photo de la plaque signalétique</strong> de la PAC effectivement posée.</li>\n<li><strong>Attestation sur l’honneur</strong>, <strong>facture détaillée</strong>, <strong>RGE</strong> de SBF Energies pour la PAC.</li>\n</ul> <p>Cela peut sembler formel, mais c’est dans votre intérêt : ces pièces <strong>sécurisent</strong> le versement de la prime et vous évitent les mauvaises surprises (dossiers rejetés, retards).</p> <h3>Résidence principale uniquement : pourquoi cette restriction ?</h3> <p>La cible prioritaire, ce sont les économies d’énergie « utiles pour le pays » et pour le pouvoir d’achat du foyer. En concentrant la bonification sur les <strong>résidences principales</strong>, l’État incite les ménages à remplacer au plus vite les chaudières énergivores là où l’on vit réellement au quotidien. Si vous avez un projet en résidence secondaire, d’autres aides locales peuvent exister et une aide CEE moindre s’applique.</p>"
    },
    {
      "title": "Obtenir une estimation de vos aides pour l’installation d’une pompe à chaleur en Savoie",
      "text": "<p>Contactez nos équipes pour obtenir un devis personnalisé et maximiser vos aides. <strong>SBF Energies</strong> s’occupe de <strong>l’orchestration administrative</strong> du dossier et des justificatifs pour vos aides financières. Ces dernières sont déduites de votre devis et vous ne payez que le reste à charge.</p> <p><a title=\"Zone d'intervention\" href=\"/qui-sommes-nous/zones-intervention\">Nos experts interviennent en Savoie</a> pour vous aider à évaluer votre besoin et estimer vos aides, contactez-nous !</p>"
    }
  ]
}