{
  "breadcrumb": "Chauffages réversibles et design",
  "seo": {
    "title": "Chauffages réversibles et design",
    "description": "Les progrès techniques des systèmes de chauffage réversible se sont accompagnés d’une évolution esthétique",
    "opengraph": {
      "site_name": "",
      "type": "",
      "locale": "",
      "title": "",
      "description": "",
      "image": {
        "src": "",
        "alt": ""
      }
    }
  },
  "title": " Chauffages réversibles et design ",
  "chapo": "Entre progrès techniques et évolution esthétique.",
  "image": {
    "src": "/upload/files/5ebd3b9441db7807124859.jpg",
    "alt": "Chauffages réversibles et design"
  },
  "intro": "",
  "paragraphs": [
    {
      "title": "LES CHAUFFAGES RÉVERSIBLES ESTHÉTIQUES",
      "text": "<p>Entre décoration intérieure et confort thermique, il n’est plus question de faire de concessions. Les progrès techniques des systèmes de chauffage réversible se sont accompagnés d’une évolution esthétique. Discret ou assumé, classique ou design, chacun peut choisir, parmi une large gamme, l’appareil qui trouvera harmonieusement sa place au sein de son intérieur.</p>"
    },
    {
      "title": "TROIS SOLUTIONS POUR PLACER LES UNITÉS AU SEIN DE L’HABITATION",
      "text": "<p>Avant tout, il convient de choisir entre trois types d’unité intérieure. L’unité murale a la particularité d’être très compacte. Placée en hauteur, par exemple au-dessus d’une porte, elle s’intègre de manière discrète. L’appareil de type console se pose au sol ou en bas d’un mur, par exemple sous une fenêtre. L’air soufflé se dirige, à la fois, vers le plafond et vers le sol afin de réchauffer l’ensemble de la pièce de manière homogène. Encastré dans les combles ou dans un faux plafond, le système gainable est pratiquement invisible : seules apparaissent les deux grilles par lesquelles l’air circule.</p>"
    },
    {
      "title": "DES CLIMATISEURS RÉVERSIBLES DESIGN HAUT DE GAMME",
      "text": "<p>Les amateurs d’une esthétique moderne, raffinée, pourront se tourner vers des appareils aux lignes sobres et contemporaines, pour un résultat qui allie style et performance technique.</p>"
    },
    {
      "title": "BON À SAVOIR",
      "text": "<p>Des applications existent pour visualiser son système, au sein de son habitation, avant même son installation. Ces applications permettent de sélectionner le système de chauffage de votre choix et de le visualiser à l’endroit souhaité de votre intérieur. A l’aide de la caméra d’un smartphone ou d’une tablette, on peut visualiser le modèle choisi en 3D et avoir un rendu précis de la pièce avec l’appareil.</p>"
    }
  ]
}