{
  "breadcrumb": "Tout savoir sur les climatisations réversibles Mitsubishi avec SBF !",
  "seo": {
    "title": "Climatisation réversible Mitsubishi : Guide des gammes MSZ, MUZ, MXZ",
    "description": "Découvrez les climatisations réversibles Mitsubishi Electric : gammes MSZ, MUZ, et MXZ. Des solutions adaptées pour toutes les surfaces et besoins, été comme hiver. Parcourez notre guide 2024-2025 !",
    "opengraph": {
      "site_name": "",
      "type": "",
      "locale": "",
      "title": "",
      "description": "",
      "image": {
        "src": "",
        "alt": ""
      }
    }
  },
  "title": " Tout savoir sur les climatisations réversibles Mitsubishi avec SBF ! ",
  "chapo": "Pour climatiser une chambre ou un salon, découvrez la gamme Mitsubishi Electric. Modèles MSZ, MUZ et MXZ",
  "image": {
    "src": "/upload/files/sbf-energies-article-climatisations-mitsubishi-15c996a93b.jpg",
    "alt": "Tout savoir sur les climatisations réversibles Mitsubishi avec SBF !"
  },
  "intro": "<p>Vous recherchez une climatisation réversible Mitsubishi Electric, mais vous ne savez pas quel modèle choisir ? Que vous souhaitiez climatiser une petite surface comme une chambre, ou bien un grand salon voire plusieurs pièces, il existe forcément une solution Mitsubishi adaptée à vos besoins. Découvrez les gammes MSZ, MUZ et MXZ de climatisation réversible Mitsubishi, des solutions performantes pour votre confort thermique, été comme hiver.</p>",
  "paragraphs": [
    {
      "title": "Qu'est-ce qu'une climatisation réversible ?",
      "text": "<p>Les systèmes de climatisation réversible permettent de bénéficier d'une solution de rafraîchissement en été et de chauffage en hiver. Ces pompes à chaleur air/air utilisent l'énergie thermique de l'air extérieur, même lorsqu'il est froid pour produire de l'air chaud ou froid à l'intérieur de votre logement, selon vos besoins.</p> <p>Grâce à l'air extérieur, une énergie gratuite et renouvelable, et à de l'électricité, les pompes à chaleur air-air offrent des solutions de confort thermique économiques et tout-en-un.</p> <p>Les climatisations réversibles Mitsubishi présentent ainsi de hautes performances énergétiques en mode chaud comme en mode froid.</p>"
    },
    {
      "title": "Mitsubishi Electric MSZ, MXZ, ça veut dire quoi ?",
      "text": "<p>Si vous pensez que les lettres des modèles de climatisation Mitsu sont distribuées au hasard, vous faites erreur. Chaque nom de produit suit un code bien précis.</p> <p>La gamme MSZ correspond à une climatisation de la série <strong> M</strong>, murale (<strong>S</strong>) et qui fonctionne avec une pompe à chaleur Inverter réversible (<strong>Z</strong>). Les climatisations Mitsubishi MXZ désignent des climatiseurs muraux réversibles en multi-split (<strong>X</strong>).</p> <p>Quelques autres éléments pourront vous aider à mieux comprendre les modèles. Prenons l'exemple de la clim réversible multi-split Mitsubishi <strong> MXZ 3F68 </strong> : cette unité extérieure peut être connectée à <strong>3</strong> unités intérieures (tri-split) ; <strong>F</strong> signifie que le système utilise le fluide frigorigène R32 et <strong> 68 </strong> veut dire que sa puissance frigorifique nominale est de 6,8kW.</p>"
    },
    {
      "title": "Les technologies avancées de Mitsubishi",
      "text": "<h3>Inverter et Power Inverter</h3> <p>Dans les années 1980, la technologie Inverter a révolutionné le monde de la climatisation. Avant, les climatiseurs fonctionnaient sur la base du \"tout ou rien\" : ils soufflent à une vitesse donnée, s'arrêtent, puis repartent.</p> <p>Avec la technologie Inverter, le compresseur adapte sa puissance pour atteindre la température demandée sans fonctionner par à-coups. Finis donc les démarrages et les arrêts intempestifs des climatisations. Dès qu'il y a une variation de température, le système ajuste sa vitesse de ventilation pour maintenir un meilleur confort thermique.</p> <p>Puis, dans les années 1990 est arrivée la technologie Power Inverter, une exclusivité Mitsubishi. Plus précis que le système Inverter, avec une remontée en puissance plus performante, les pompes à chaleur Power Inverter garantissent un confort thermique optimal tout en économisant de l'énergie.</p> <h3>Hyper Heating et Hyper Heating Ultimate</h3> <p>Si vous avez déjà utilisé une climatisation réversible en mode chaud en hiver, vous avez peut-être remarqué qu'il arrive qu'elle souffle brièvement de l'air frais à l'intérieur. Si cela arrive ce n'est évidemment pas pour vous embêter, mais pour dégivrer le groupe extérieur du système de climatisation réversible.</p> <p>La climatisation procède par dégivrage par phase, c'est-à-dire qu'elle inverse de temps en temps son fonctionnement. Elle rejette alors de l'air chaud vers l'extérieur pour faire fondre le givre et fait donc entrer un peu d'air froid dans votre logement. Si, techniquement, la solution permet à votre climatisation réversible de bien vous chauffer par grand froid, elle peut néanmoins provoquer de l'inconfort.</p> <p>La technologie <strong> Hyper Heating </strong> de Mitsubishi permet de pallier ces inconvénients en mode chaud avec une solution dédiée au chauffage. L'Hyper Heating assure un chauffage performant même pas très grand froid : jusqu'à -25°C (-30°C avec Hyper Heating Ultimate). En plus, avec une clim réversible Mitsubishi avec Hyper Heating, votre logement monte plus rapidement en température et conserve toute sa puissance de chauffage jusqu'à -15°C (-25°C avec Hyper Heating Ultimate). En dessous, votre PAC air-air devra consommer un peu plus d'énergie pour vous réchauffer.</p>"
    },
    {
      "title": "Les climatiseurs mono-split Mitsubishi Electric MSZ",
      "text": "<p>La gamme MSZ de Mitsubishi correspond à des modèles de climatiseurs muraux monosplit, comme le populaire MSZ-HR. Parmi ces modèles d'unités intérieures on peut nommer différentes familles de produits de puissance nominale allant de 1,5kW à 7,1kW en mode froid :</p> <ul>\n<li>La MSZ-HR (Essentiel) : un modèle simple, mais performant</li>\n<li>La MSZ-AP (Compact) : un format de largeur réduite pour s'intégrer parfaitement au-dessus des portes ;</li>\n<li>La MSZ-AY : les nouveaux modèles Compact, avec plus d'options (Wi-Fi de série, et un chauffage garanti jusqu'à -20°C ;</li>\n<li>La MSZ-EF (Design) :</li>\n<li>La MSZ-FT (Mural Compact+)</li>\n<li>La MSZ-LN (Design Premium+)</li>\n<li>La MSZ-RW (Ultimate+)</li>\n</ul> <p>Ces unités intérieures mono-split sont compatibles avec des unités extérieures mono-split Mitsubishi de la gamme MUZ, ainsi qu'avec les unités MXZ en mutli-split.</p> <h3>Tableau comparatif de la gamme résidentielle Mitsubishi MSZ</h3> <table style=\"border-collapse: collapse; width: 100%; background-color: #f9f9f9;\"><caption style=\"font-weight: bold; padding: 10px;\">Comparatif des modèles de climatisation Mitsubishi</caption>\n<tbody>\n<tr>\n<td style=\"text-align: center;\">&nbsp;</td>\n<td style=\"border: 1px solid #d3d3d3; padding: 8px; text-align: center;\"><strong>MSZ-HR</strong><br><strong>Essentiel</strong></td>\n<td style=\"border: 1px solid #d3d3d3; padding: 8px; text-align: center;\"><strong>MSZ-AP</strong><br><strong>Compact</strong></td>\n<td style=\"border: 1px solid #d3d3d3; padding: 8px; text-align: center;\"><strong>MSZ-AY</strong><br><strong>Compact</strong></td>\n<td style=\"border: 1px solid #d3d3d3; padding: 8px; text-align: center;\"><strong>MSZ-EF</strong><br><strong>Mural Design</strong></td>\n<td style=\"border: 1px solid #d3d3d3; padding: 8px; text-align: center;\"><strong>MSZ-FT</strong><br><strong>Mural Compact+</strong></td>\n<td style=\"border: 1px solid #d3d3d3; padding: 8px; text-align: center;\"><strong>MSZ-LN</strong><br><strong>Design Premium+</strong></td>\n<td style=\"border: 1px solid #d3d3d3; padding: 8px; text-align: center;\"><strong>MSZ-RW</strong><br><strong>Ultimate+</strong></td>\n</tr>\n<tr>\n<td style=\"border: 1px solid #d3d3d3; padding: 8px; text-align: center;\">\n<p>Performance en mode chaud</p>\n</td>\n<td style=\"border: 1px solid #d3d3d3; padding: 8px; text-align: center;\">A+</td>\n<td style=\"border: 1px solid #d3d3d3; padding: 8px; text-align: center;\">A++</td>\n<td style=\"border: 1px solid #d3d3d3; padding: 8px; text-align: center;\">A++</td>\n<td style=\"border: 1px solid #d3d3d3; padding: 8px; text-align: center;\">A++</td>\n<td style=\"border: 1px solid #d3d3d3; padding: 8px; text-align: center;\">A++</td>\n<td style=\"border: 1px solid #d3d3d3; padding: 8px; text-align: center;\">A+++</td>\n<td style=\"border: 1px solid #d3d3d3; padding: 8px; text-align: center;\">A+++</td>\n</tr>\n<tr>\n<td style=\"border: 1px solid #d3d3d3; padding: 8px; text-align: center;\">\n<p>SCOP</p>\n</td>\n<td style=\"border: 1px solid #d3d3d3; padding: 8px; text-align: center;\">jusqu'à 4,5</td>\n<td style=\"border: 1px solid #d3d3d3; padding: 8px; text-align: center;\">jusqu'à 4,8</td>\n<td style=\"border: 1px solid #d3d3d3; padding: 8px; text-align: center;\">jusqu'à 4,8</td>\n<td style=\"border: 1px solid #d3d3d3; padding: 8px; text-align: center;\">jusqu'à 4,7</td>\n<td style=\"border: 1px solid #d3d3d3; padding: 8px; text-align: center;\">jusqu'à 4,6</td>\n<td style=\"border: 1px solid #d3d3d3; padding: 8px; text-align: center;\">jusqu'à 5,2</td>\n<td style=\"border: 1px solid #d3d3d3; padding: 8px; text-align: center;\">jusqu'à 5,2</td>\n</tr>\n<tr>\n<td style=\"border: 1px solid #d3d3d3; padding: 8px; text-align: center;\">\n<p>Performance en mode froid</p>\n</td>\n<td style=\"border: 1px solid #d3d3d3; padding: 8px; text-align: center;\">A++</td>\n<td style=\"border: 1px solid #d3d3d3; padding: 8px; text-align: center;\">A+++</td>\n<td style=\"border: 1px solid #d3d3d3; padding: 8px; text-align: center;\">A+++</td>\n<td style=\"border: 1px solid #d3d3d3; padding: 8px; text-align: center;\">A+++</td>\n<td style=\"border: 1px solid #d3d3d3; padding: 8px; text-align: center;\">A+++</td>\n<td style=\"border: 1px solid #d3d3d3; padding: 8px; text-align: center;\">A+++</td>\n<td style=\"border: 1px solid #d3d3d3; padding: 8px; text-align: center;\">A+++</td>\n</tr>\n<tr>\n<td style=\"border: 1px solid #d3d3d3; padding: 8px; text-align: center;\">\n<p>SEER</p>\n</td>\n<td style=\"border: 1px solid #d3d3d3; padding: 8px; text-align: center;\">jusqu'à 7,2</td>\n<td style=\"border: 1px solid #d3d3d3; padding: 8px; text-align: center;\">jusqu'à 8,6</td>\n<td style=\"border: 1px solid #d3d3d3; padding: 8px; text-align: center;\">jusqu'à 8,7</td>\n<td style=\"border: 1px solid #d3d3d3; padding: 8px; text-align: center;\">jusqu'à 9,1</td>\n<td style=\"border: 1px solid #d3d3d3; padding: 8px; text-align: center;\">jusqu'à 8,6</td>\n<td style=\"border: 1px solid #d3d3d3; padding: 8px; text-align: center;\">jusqu'à 10,5</td>\n<td style=\"border: 1px solid #d3d3d3; padding: 8px; text-align: center;\">jusqu'à 11,2</td>\n</tr>\n<tr>\n<td style=\"border: 1px solid #d3d3d3; padding: 8px; text-align: center;\">\n<p>Niveau sonore (à partir de)</p>\n</td>\n<td style=\"border: 1px solid #d3d3d3; padding: 8px; text-align: center;\">21 dB</td>\n<td style=\"border: 1px solid #d3d3d3; padding: 8px; text-align: center;\">19 dB</td>\n<td style=\"border: 1px solid #d3d3d3; padding: 8px; text-align: center;\">18 dB</td>\n<td style=\"border: 1px solid #d3d3d3; padding: 8px; text-align: center;\">21 dB</td>\n<td style=\"border: 1px solid #d3d3d3; padding: 8px; text-align: center;\">19 dB</td>\n<td style=\"border: 1px solid #d3d3d3; padding: 8px; text-align: center;\">19 dB</td>\n<td style=\"border: 1px solid #d3d3d3; padding: 8px; text-align: center;\">19 dB</td>\n</tr>\n<tr>\n<td style=\"border: 1px solid #d3d3d3; padding: 8px; text-align: center;\">\n<p>Coloris</p>\n</td>\n<td style=\"border: 1px solid #d3d3d3; padding: 8px; text-align: center;\">Blanc</td>\n<td style=\"border: 1px solid #d3d3d3; padding: 8px; text-align: center;\">Blanc pur</td>\n<td style=\"border: 1px solid #d3d3d3; padding: 8px; text-align: center;\">Blanc</td>\n<td style=\"border: 1px solid #d3d3d3; padding: 8px; text-align: center;\">Blanc pur / Argent mat / Noir brillant</td>\n<td style=\"border: 1px solid #d3d3d3; padding: 8px; text-align: center;\">Blanc pur</td>\n<td style=\"border: 1px solid #d3d3d3; padding: 8px; text-align: center;\">Blanc pur/ Blanc perle / Rouge rubis / Noir onix</td>\n<td style=\"border: 1px solid #d3d3d3; padding: 8px; text-align: center;\">Blanc pur</td>\n</tr>\n<tr>\n<td style=\"border: 1px solid #d3d3d3; padding: 8px; text-align: center;\">\n<p>Wi-Fi</p>\n</td>\n<td style=\"border: 1px solid #d3d3d3; padding: 8px; text-align: center;\">En option</td>\n<td style=\"border: 1px solid #d3d3d3; padding: 8px; text-align: center;\">De Série (Sauf taille 20)</td>\n<td style=\"border: 1px solid #d3d3d3; padding: 8px; text-align: center;\">De série</td>\n<td style=\"border: 1px solid #d3d3d3; padding: 8px; text-align: center;\">De série</td>\n<td style=\"border: 1px solid #d3d3d3; padding: 8px; text-align: center;\">De série</td>\n<td style=\"border: 1px solid #d3d3d3; padding: 8px; text-align: center;\">De série</td>\n<td style=\"border: 1px solid #d3d3d3; padding: 8px; text-align: center;\">De série</td>\n</tr>\n<tr>\n<td style=\"border: 1px solid #d3d3d3; padding: 8px; text-align: center;\">\n<p>Puissances disponibles mono-split (en kW)</p>\n</td>\n<td style=\"border: 1px solid #d3d3d3; padding: 8px; text-align: center;\">2,5 / 3,5 / 4,2 / 5 / 6 / 7,1</td>\n<td style=\"border: 1px solid #d3d3d3; padding: 8px; text-align: center;\">1,5 / 2 / 6 / 7,1</td>\n<td style=\"border: 1px solid #d3d3d3; padding: 8px; text-align: center;\">2,5 / 3,5 / 4,2 / 5</td>\n<td style=\"border: 1px solid #d3d3d3; padding: 8px; text-align: center;\">2,5 / 3,5 / 4,2 / 5</td>\n<td style=\"border: 1px solid #d3d3d3; padding: 8px; text-align: center;\">2,5 / 3,5 / 5</td>\n<td style=\"border: 1px solid #d3d3d3; padding: 8px; text-align: center;\">2,5 / 3,5 / 5 / 6</td>\n<td style=\"border: 1px solid #d3d3d3; padding: 8px; text-align: center;\">2,5 / 3,5 / 5</td>\n</tr>\n<tr>\n<td style=\"border: 1px solid #d3d3d3; padding: 8px; text-align: center;\">\n<p>Puissances disponibles multi-split</p>\n</td>\n<td style=\"border: 1px solid #d3d3d3; padding: 8px; text-align: center;\">2,5 / 3,5 / 4,2 / 5</td>\n<td style=\"border: 1px solid #d3d3d3; padding: 8px; text-align: center;\">1,5 / 2 / 6 / 7,1</td>\n<td style=\"border: 1px solid #d3d3d3; padding: 8px; text-align: center;\">2,5 / 3,5 / 4,2 / 5</td>\n<td style=\"border: 1px solid #d3d3d3; padding: 8px; text-align: center;\">1,5 / 2,5 / 3,5 / 4,2 / 5</td>\n<td style=\"border: 1px solid #d3d3d3; padding: 8px; text-align: center;\">2,5 / 3,5</td>\n<td style=\"border: 1px solid #d3d3d3; padding: 8px; text-align: center;\">1,5 / 2,5 / 3,5 / 5</td>\n<td style=\"border: 1px solid #d3d3d3; padding: 8px; text-align: center;\">2,5 / 3,5 / 5</td>\n</tr>\n<tr>\n<td style=\"border: 1px solid #d3d3d3; padding: 8px; text-align: center;\">\n<p>Gamme standard Inverter</p>\n</td>\n<td style=\"border: 1px solid #d3d3d3; padding: 8px; text-align: center;\">Oui</td>\n<td style=\"border: 1px solid #d3d3d3; padding: 8px; text-align: center;\">Oui</td>\n<td style=\"border: 1px solid #d3d3d3; padding: 8px; text-align: center;\">Oui</td>\n<td style=\"border: 1px solid #d3d3d3; padding: 8px; text-align: center;\">Oui</td>\n<td style=\"border: 1px solid #d3d3d3; padding: 8px; text-align: center;\">Oui</td>\n<td style=\"border: 1px solid #d3d3d3; padding: 8px; text-align: center;\">-</td>\n<td style=\"border: 1px solid #d3d3d3; padding: 8px; text-align: center;\">-</td>\n</tr>\n<tr>\n<td style=\"border: 1px solid #d3d3d3; padding: 8px; text-align: center;\">\n<p>Gamme spécial chauffage hyper Heating</p>\n</td>\n<td style=\"border: 1px solid #d3d3d3; padding: 8px; text-align: center;\">-</td>\n<td style=\"border: 1px solid #d3d3d3; padding: 8px; text-align: center;\">-</td>\n<td style=\"border: 1px solid #d3d3d3; padding: 8px; text-align: center;\">-</td>\n<td style=\"border: 1px solid #d3d3d3; padding: 8px; text-align: center;\">-</td>\n<td style=\"border: 1px solid #d3d3d3; padding: 8px; text-align: center;\">Oui</td>\n<td style=\"border: 1px solid #d3d3d3; padding: 8px; text-align: center;\">Oui</td>\n<td style=\"border: 1px solid #d3d3d3; padding: 8px; text-align: center;\">Oui</td>\n</tr>\n</tbody>\n</table>"
    },
    {
      "title": "Les unités extérieures mono-split MUZ",
      "text": "<p>Si vous souhaitez climatiser la pièce principale de votre logement, une chambre ou votre bureau, vous pourrez associer une unité intérieure Mitsubishi MSZ à une unité extérieure mono-split MUZ.</p> <p>Comme la gamme MSZ, les groupes extérieurs Mitsubishi sont disponibles en 1.5kW, 2kW, 2.5kW, 3.5kW, 4.2kW, 5kW, 6kW et 7.1kW. Elles vous permettront de climatiser des surfaces allant jusqu'à 50m² sans forcer. Elles embarquent notamment les technologies Inverter, Hyper Heating et Hyper Heating Ultimate selon les modèles.</p> <p>Les unités extérieures multi-split Mitsubishi Electric MXZ</p> <p>La gamme MXZ de Mitsubishi offre des solutions multi-split. Elle permet de connecter 2 à 6 unités intérieures à une seule unité extérieure. Elle se révèle idéale pour les grandes maisons où l'on souhaite climatiser plusieurs pièces. Elle trouve également sa place dans les espaces de bureaux.</p> <p>Disponibles de 3,3 kW à 12 kW, les Mitsubishi MXZ existent dans plusieurs gammes :</p> <ul>\n<li>Essentiel : 2 à 3 connexions</li>\n<li>Standard : avec la technologie Inverter, 2 à 6 connexions, au R32 ou au R410A</li>\n<li>Hyper Heating avec 2 ou 4 connexions selon les modèles</li>\n</ul>"
    },
    {
      "title": "Les principales options de filtration de l’air",
      "text": "<p>Parmi les options que vous pourrez rencontrer chez les climatisations réversibles Mitsubishi Electric se trouvent des filtres haute performance. Particulièrement appréciés pour lutter contre les allergènes et les polluants, ils permettent une filtration efficace de l’air.&nbsp;</p> <p>Les <strong> filtrations Plasma Quad </strong> et <strong> V-Blocking </strong> , en option ou de série selon les modèles, montrent des résultats de tests intéressants en laboratoire : plus de 99% des virus et bactéries dont celui du Covid-19 ont été détruits, ainsi que plus de 96% des allergènes.</p>"
    },
    {
      "title": "Bien choisir sa clim Mitsubishi Electric avec SBF Energies",
      "text": "<p>Chez SBF Energies, nous vous accompagnons pour faire les meilleurs choix en matière de confort thermique de la maison. Depuis 20 ans, nos équipes sont spécialisées dans l'installation, l'entretien et le dépannage des systèmes de chauffage et de climatisation. Entreprise locale savoyarde, nous intervenons à <a href=\"https://www.sbf-energies.com/chauffagiste-frigoriste-chambery\" title=\"Chauffagiste Frigoriste Chambery\">Chambéry</a> et dans ses environs. Nous nous déplaçons à <a href=\"https://www.sbf-energies.com/chauffagiste-frigoriste-aix-les-bains\" title=\"Chauffagiste Frigoriste Aix Les Bains\">Aix-les-Bains</a>, <a href=\"https://www.sbf-energies.com/chauffagiste-frigoriste-rumilly\" title=\"Chauffagiste Frigoriste Rumilly\">Rumilly</a>, <a href=\"https://www.sbf-energies.com/chauffagiste-frigoriste-pontcharra\" title=\"Chauffagiste Frigoriste Pontcharra\">Pontcharra</a>, <a href=\"https://www.sbf-energies.com/chauffagiste-frigoriste-saint-laurent-du-pont\" title=\"Chauffagiste Frigoriste Saint Laurent Du Pont\">Saint-Laurent-du-Pont</a> et bien d'autres.</p> <h3>SBF Energies votre installateur de climatisation en Savoie</h3> <p>Nos techniciens qualifiés remplacent et installent votre climatisation réversible mono-split ou multi-split. Nos équipes réalisent un bilan thermique de votre logement afin de vous proposer les meilleurs équipements. En fonction de vos envies et de votre budget, nous pouvons vous proposer des climatisations Mitsubishi Electric, mais également des climatisations réversibles performantes d'autres grandes marques du marché : Hitachi, Atlantic, Thermor, etc.</p> <p><a title=\"Devis personnalisé climatisation\" href=\"/nous-contacter?type=3&amp;categorie=air_conditioner\">Demander un devis pour l'installation d'une climatisation en Savoie</a></p>"
    }
  ]
}