{
  "breadcrumb": "Peut-on installer une climatisation en appartement en Savoie ?",
  "seo": {
    "title": "Climatisation en appartement : tout ce qu'il faut savoir",
    "description": "Tout ce qu'il faut savoir pour faire installer votre climatisation en copropriété avec SBF Energies, que vous soyez propriétaire ou locataire de l'appartement.",
    "opengraph": {
      "site_name": "",
      "type": "",
      "locale": "",
      "title": "",
      "description": "",
      "image": {
        "src": "",
        "alt": ""
      }
    }
  },
  "title": " Peut-on installer une climatisation en appartement en Savoie ? ",
  "chapo": "Climatisation en appartement : que dit la loi, et comment s’équiper sans stress ?",
  "image": {
    "src": "/upload/files/sbf-energies-article-climatisation-appartement-regles-e232f5cf9a.jpg",
    "alt": "Peut-on installer une climatisation en appartement en Savoie ?"
  },
  "intro": "<p><strong>Bonne nouvelle</strong> : oui, il est tout à fait possible d'installer une climatisation dans un appartement, même en copropriété.<br>Cependant, <strong>certaines règles doivent être respectées</strong>, notamment lorsqu'il s'agit de <strong>travaux visibles de l’extérieur</strong>.</p>",
  "paragraphs": [
    {
      "title": "Climatisation en appartement : quelques règles de base",
      "text": "<p>Dès que votre projet prévoit l’installation d’une unité extérieure (par exemple sur un balcon, en façade ou en toiture), vous devez :</p> <ul>\n<li><strong>Obtenir l'accord de votre copropriété en assemblée générale</strong>, car cela modifie l'apparence extérieure de l’immeuble,</li>\n<li><strong>Respecter le règlement d’urbanisme de votre commune</strong>, notamment si votre immeuble est situé dans une zone protégée ou classée (certaines parties historiques de <a href=\"https://www.sbf-energies.com/chauffagiste-frigoriste-chambery\" title=\"Chauffagiste Frigoriste Chambery\">Chambéry</a>, <a href=\"https://www.sbf-energies.com/chauffagiste-frigoriste-aix-les-bains\" title=\"Chauffagiste Frigoriste Aix Les Bains\">Aix-les-Bains</a> ou <a href=\"https://www.sbf-energies.com/chauffagiste-frigoriste-pontcharra\" title=\"Chauffagiste Frigoriste Pontcharra\">Pontcharra</a>, par exemple).</li>\n</ul> <p>En Savoie, <strong>chaque situation peut varier</strong> :</p> <ul>\n<li>Dans les résidences récentes, les règles peuvent être plus souples,</li>\n<li>Dans les centres anciens ou à proximité de monuments historiques, les contraintes peuvent être plus strictes.</li>\n</ul> <p><strong>S’entourer de professionnels expérimentés est donc essentiel</strong> pour sécuriser votre projet et éviter tout refus ou malentendu avec la copropriété ou la mairie.</p> <p>Chez <strong>SBF Energies</strong>, nous vous accompagnons à chaque étape : étude de faisabilité, sélection d’une solution adaptée aux règlements locaux, et assistance dans vos démarches auprès de votre syndic ou de votre mairie si nécessaire.</p>"
    },
    {
      "title": "Climatisation et copropriété : que devez-vous savoir avant de vous lancer ?",
      "text": "<p>Installer une <a title=\"Climatisation réversible en Savoie\" href=\"/equipements/climatisation/climatisation-reversible\">climatisation réversible</a> en appartement est tout à fait possible, mais si vous vivez en copropriété, certaines démarches sont indispensables.</p> <ol>\n<li><strong> L’unité extérieure implique l’accord de la copropriété</strong><strong><br></strong>Si votre installation prévoit une unité visible depuis l’extérieur (balcon, façade, toiture, cour intérieure...), vous devez obtenir <strong>l’autorisation préalable</strong> de l'assemblée générale des copropriétaires.<br>Le projet sera voté à la majorité simple ou absolue selon l'impact visuel et sonore.</li>\n<li><strong> Préparer un dossier complet facilite l’acceptation</strong><strong><br></strong> Pour convaincre l’assemblée, il est recommandé de présenter :</li>\n</ol> <ul>\n<li>Un descriptif clair de l’équipement (marque, modèle, dimensions, <a title=\"Niveau sonore climatisation réversible\" href=\"../../conseils-et-actualites/la-performance-acoustique-du-chauffage-reversible\">niveau sonore</a>),</li>\n<li>Un schéma ou des photos situant l’installation,</li>\n<li>Les avantages pour l'immeuble (silence, discrétion, économies d'énergie).</li>\n</ul> <ol start=\"3\">\n<li><strong> Certaines installations intérieures sont libres</strong><strong><br></strong>Si votre projet concerne uniquement une <strong>unité intérieure sans modification extérieure</strong> (par exemple une climatisation mobile sans perçage de mur), aucune autorisation n’est requise.<br>Cependant, ces solutions sont souvent <strong>moins efficaces et plus bruyantes</strong> que les systèmes fixes.</li>\n<li><strong> Attention aux règlements de copropriété et aux normes locales</strong><strong><br></strong>Certains règlements d'immeuble interdisent ou encadrent strictement les installations visibles.<br>À Chambéry, Aix-les-Bains, ou dans d'autres communes savoyardes, les règlements d'urbanisme peuvent également imposer des contraintes spécifiques, notamment dans les zones protégées ou près des monuments historiques.</li>\n<li><strong> En cas de doute, faites-vous accompagner</strong><strong><br></strong> Chez SBF Energies, nous réalisons <strong>l'étude technique complète</strong>, <strong>vous aidons à constituer votre dossier pour le syndic</strong>, et proposons <strong>des équipements adaptés aux exigences des copropriétés</strong> : silencieux, compacts, esthétiques.</li>\n</ol>"
    },
    {
      "title": "Comment obtenir l’accord de la copropriété sans stress ?",
      "text": "<p>Quelques astuces pour maximiser vos chances d’obtenir l’accord de votre copropriété pour l'installation de votre climatisation en appartement :</p> <ul>\n<li><strong>Privilégiez un équipement discret et silencieux</strong>, spécifiquement conçu pour les copropriétés,</li>\n<li><strong>Positionnez l’unité extérieure</strong> dans un endroit peu visible (cour intérieure, balcon discret, toiture...),</li>\n<li><strong>Mettez en avant les performances énergétiques et acoustiques</strong> de votre futur climatiseur.</li>\n</ul> <p>Bon à savoir : un appareil moderne qui <strong>améliore le confort sans nuire à l'apparence ni au calme de l'immeuble</strong> est souvent bien accueilli. Chez SBF Energies, nous vous aidons à choisir <a title=\"Nos offres climatisation 2025\" href=\"../../conseils-et-actualites/offre-climatisation-2025\">les meilleures climatisations</a>&nbsp;pour votre appartement. Et surtout, nous vous guidons quant au positionnement optimal des unités, à l’intérieur comme à l’extérieur.</p>"
    },
    {
      "title": "Quelles solutions techniques pour climatiser un appartement sans soucis ?",
      "text": "<p>Chez SBF Energies, nous proposons des <a title=\"Nos climatisations Mitsubishi\" href=\"../../conseils-et-actualites/climatisation-reversible-mitsubishi-guide\">climatisations mono-split murales compactes</a> : parfait pour climatiser une pièce sans envahir l’espace. Nous pouvons aussi vous proposer du <strong>multisplit </strong>pour climatiser plusieurs pièces de votre appartement.</p> <p><strong>Toutes nos climatisations sont <a title=\"Fonctionnement climatisation réversible\" href=\"../../conseils-et-actualites/comment-fonctionne-une-climatisation\">réversibles</a> !</strong> En été elles vous rafraîchissent, en hiver, elles vous servent de <a title=\"Climatisation réversibles vs chauffage électrique\" href=\"../../conseils-et-actualites/climatisation-reversible-ou-chauffage-electrique\">chauffage d’appoint</a>.</p>"
    },
    {
      "title": "Et si l’autorisation est refusée ? Nos solutions pour se rafraîchir sans climatisation fixe",
      "text": "<p>Si votre demande auprès de la copropriété est refusée, d'autres options existent, même si elles restent <strong>moins performantes</strong> qu'une climatisation fixe.</p> <h3>Les solutions provisoires possibles :</h3> <ul>\n<li><strong>Climatiseur mobile</strong>&nbsp; :<br>Ce type d’appareil est souvent choisi par défaut. Il reste utile pour <strong>gagner quelques degrés dans une pièce</strong>, mais il présente des inconvénients notables :</li>\n<ul>\n<li>Il est <strong>plus bruyant</strong> qu’un climatiseur mural,</li>\n<li>Il nécessite <strong>un système d’évacuation par fenêtre</strong> souvent peu pratique et qui laisse entrer la chaleur,</li>\n<li>Son efficacité est <strong>très limitée</strong> en cas de fortes chaleurs prolongées.</li>\n</ul>\n<li><strong>Refroidisseur d'air (air cooler)</strong> :<br>Moins puissant qu'un climatiseur, il fonctionne sans groupe extérieur, mais n’abaisse que très légèrement la température. Son impact reste limité dans les régions soumises à de vraies périodes chaudes.</li>\n</ul> <p><strong>Bonnes pratiques complémentaires :</strong></p> <ul>\n<li>Installer des <strong>stores extérieurs ou intérieurs</strong> pour limiter le rayonnement solaire,</li>\n<li>Utiliser des <strong>rideaux thermiques</strong> pour réduire l’entrée de chaleur,</li>\n<li>Favoriser la <strong>ventilation nocturne</strong> en ouvrant les fenêtres côté ombragé,</li>\n<li>Penser à <strong>isoler</strong> les ouvertures si cela est envisageable.</li>\n<li>Peindre ou équiper les murs/balcons en teintes claires, si possible, pour réduire l'absorption de chaleur.</li>\n</ul> <p>Même si ces solutions permettent <strong>un léger gain de confort</strong>, elles ne remplacent pas <strong>l’efficacité, la discrétion et la stabilité thermique</strong> offertes par une climatisation murale bien dimensionnée.</p> <p>Chez SBF Energies, nous vous accompagnons aussi dans <strong>la réflexion sur ces alternatives</strong> et dans <strong>l’anticipation d’une future installation fixe</strong>, dès que la situation administrative le permettra.</p>"
    },
    {
      "title": "Installer une climatisation en tant que locataire : que devez-vous savoir ?",
      "text": "<p>Vous êtes <strong>locataire</strong> de votre appartement à Chambéry, Aix-les-Bains ou ailleurs en Savoie ?<br>Avant d’installer une climatisation fixe, quelques précautions sont nécessaires.</p> <ul>\n<li><strong>Vous devez obtenir l'accord écrit de votre propriétaire</strong> avant d’engager des travaux qui modifient le logement (notamment l’ajout d’une unité extérieure ou le perçage d’un mur).</li>\n<li>En copropriété, <strong>l’accord du syndic</strong> reste également indispensable si l'installation est visible de l’extérieur.</li>\n<li>Certains propriétaires peuvent accepter sous condition que <strong>l'appareil reste démontable</strong> ou que <strong>le logement soit remis en état</strong> au départ du locataire.</li>\n</ul> <p>Chez SBF Energies, nous pouvons également <strong>vous conseiller sur les solutions adaptées aux locations</strong>.</p>"
    },
    {
      "title": "Pourquoi faire appel à un installateur local en Savoie ?",
      "text": "<p>Installer un climatiseur en appartement nécessite :</p> <ul>\n<li>Une <strong>connaissance des règlements d'urbanisme</strong> (notamment à Chambéry, Aix-les-Bains, <a href=\"https://www.sbf-energies.com/chauffagiste-frigoriste-cognin\" title=\"Chauffagiste Frigoriste Cognin\">Cognin</a>...),</li>\n<li>Une <strong>expertise en copropriété</strong>,</li>\n<li>Une capacité à <strong>intervenir rapidement et proprement</strong>.</li>\n</ul> <p>Chez <strong>SBF Energies</strong>, nos techniciens :</p> <ul>\n<li>Réalisent l'étude technique gratuite,</li>\n<li>Conseillent le bon matériel,</li>\n<li>Accompagnent la demande auprès de votre syndic,</li>\n<li><a title=\"Pose de climatisation en Savoie\" href=\"/installation/climatisation\">Installent votre climatisation réversible</a> <strong>dans les règles de l’art</strong>.</li>\n</ul> <p>SBF Energies, basé à <a href=\"https://www.sbf-energies.com/chauffagiste-frigoriste-la-motte-servolex\" title=\"Chauffagiste Frigoriste La Motte Servolex\">La Motte-Servolex</a>, près de Chambéry, est un <a title=\"SBF Energies est RGE QualiPAC\" href=\"/qui-sommes-nous/certification-rge-qualipac\">chauffagiste et frigoriste certifié RGE QualiPAC</a>. Contactez-nous pour obtenir plus d’informations ou un devis personnalisé !</p>"
    }
  ]
}