{
  "breadcrumb": "Bien vieillir chez soi : la climatisation, un atout pour le confort",
  "seo": {
    "title": "Climatisation pour seniors en Savoie : confort et sécurité",
    "description": "Canicule et risques de santé... La climatisation est une solution discrète  pour aider les seniors à bien vieillir chez eux. Faites appel à votre expert, SBF Énergies. ",
    "opengraph": {
      "site_name": "",
      "type": "",
      "locale": "",
      "title": "",
      "description": "",
      "image": {
        "src": "",
        "alt": ""
      }
    }
  },
  "title": " Bien vieillir chez soi : la climatisation, un atout pour le confort ",
  "chapo": "Bien vieillir chez soi, c’est aussi savoir se protéger des fortes chaleurs. Grâce à la climatisation adaptée, votre logement reste un lieu de confort et de sérénité",
  "image": {
    "src": "/upload/files/sbf-energies-article-autonomie-personne-agee-climatisation-fabf4b8cd7.jpg",
    "alt": "Bien vieillir chez soi : la climatisation, un atout pour le confort"
  },
  "intro": "<p>Rester le plus longtemps possible dans son logement est aujourd'hui un souhait partagé par de nombreux seniors. <strong>Confort, sécurité, autonomie</strong> : pour bien vieillir chez soi, ces trois piliers sont essentiels.</p> <p>Si la canicule de l'été 2003 semble aujourd'hui bien loin, elle n'en reste pas moins un signal d'alerte majeur. Depuis, les étés se sont réchauffés, les vagues de chaleur sont devenues plus fréquentes et plus longues, même en Savoie.</p> <p>Dans ce contexte, une <strong>climatisation moderne</strong> apparaît non pas comme un luxe, mais comme un atout discret et précieux pour préserver la santé, le confort et la qualité de vie au quotidien.</p>",
  "paragraphs": [
    {
      "title": "Les risques de la chaleur excessive pour les seniors (et pourquoi la Savoie est concernée)",
      "text": "<p>Quand la température dépasse 26–27°C, le corps peine à se réguler naturellement.<br>Chez les personnes âgées, cela peut entraîner rapidement :</p> <ul>\n<li>Déshydratation,</li>\n<li>Fatigue extrême,</li>\n<li>Troubles du sommeil,</li>\n<li>Et dans les cas les plus graves, des coups de chaleur.</li>\n</ul> <p>Longtemps perçue comme rare en Savoie, la chaleur excessive est devenue une réalité locale ces dernières années.</p> <p>Quelques chiffres récents :</p> <ul>\n<li>En <strong>été 2023</strong>, la Savoie a connu <strong>20 jours de vigilance forte chaleur</strong>, dont <strong>12 jours en vigilance orange</strong>, avec <strong>3 vagues de chaleur distinctes</strong>.</li>\n<li>En <strong>été 2024</strong>, malgré un été moins extrême, <strong>11 jours de vigilance</strong> ont été enregistrés, dont <strong>9 jours en vigilance orange</strong> (4 en situation officielle de canicule).</li>\n</ul> <p>Et ces chiffres ne sont pas anecdotiques : les journées de vigilance orange sont celles où le risque pour la santé est jugé élevé, notamment pour les seniors et les personnes vulnérables.</p>"
    },
    {
      "title": "Pourquoi la climatisation est une solution efficace et discrète",
      "text": "<p>La climatisation moderne est loin des vieux clichés de machines bruyantes et compliquées. Aujourd'hui, elle offre <strong>une solution simple, douce et très discrète</strong> pour assurer un <strong>confort optimal</strong> à la maison, jour et nuit.</p> <p>Installer une climatisation chez soi permet de :</p> <ul>\n<li><strong>Maintenir une température intérieure idéale</strong> autour de 23–24°C,</li>\n<li><strong>Éviter les pics de chaleur</strong> dangereux, notamment en fin d'après-midi, qui fatiguent, essoufflent et perturbent le sommeil,</li>\n<li><strong>Garantir des nuits de sommeil réparatrices</strong>, même en pleine canicule.</li>\n<li><strong>Profiter d’un air intérieur plus sain</strong> grâce aux systèmes de filtration intégrés (poussières, pollens...).</li>\n</ul> <p>Les systèmes modernes sont :</p> <ul>\n<li><strong>Très silencieux</strong> (moins de 22 dB pour l'unité intérieure),</li>\n<li><strong>Faciles à programmer</strong> : consignes de température simples, mode automatique,</li>\n<li><strong>Peu encombrants</strong> : unités murales compactes, adaptées même aux petits logements.</li>\n</ul> <p>Chez <a title=\"SBF Energies, climaticien à Chambéry\" href=\"/qui-sommes-nous\">SBF Energies</a>, nous privilégions des solutions à la fois performantes et discrètes, adaptées aux besoins des seniors et de leurs proches aidants.</p> <p>La climatisation n'est pas un caprice : c’est <strong>un outil de confort et de santé</strong>, essentiel pour continuer à <a title=\"Offre clim été 2025\" href=\"../../conseils-et-actualites/offre-climatisation-2025\">profiter sereinement de son logement même lors des étés les plus chauds</a>. Et pour les enfants de parents âgés, c’est aussi une façon d’agir concrètement pour leur bien-être, en toute simplicité.</p>"
    },
    {
      "title": "Faut-il avoir peur de la climatisation quand on est âgé ?",
      "text": "<p>Il est normal de se poser des questions.</p> <p>Pendant longtemps, on a entendu dire que \"la clim donne des rhumes\" ou \"la clim rend malade\". Mais avec les équipements modernes, ces inquiétudes ne sont plus justifiées, à condition de respecter quelques règles simples.</p> <p><strong>Utiliser la climatisation de manière saine, c’est :</strong></p> <ul>\n<li>Éviter de diriger le flux d’air directement sur soi (lit, fauteuil...),</li>\n<li>Programmer une température confortable sans excès (22 à 24°C, inutile de chercher 19°C),</li>\n<li>Faire entretenir son appareil régulièrement pour garantir <strong>un air propre et filtré</strong>.</li>\n</ul> <p>Bien utilisée, <strong>la climatisation devient un véritable allié</strong> :</p> <ul>\n<li>Pour mieux respirer,</li>\n<li>Pour éviter les coups de chaleur,</li>\n<li>Pour passer des nuits reposantes, même au cœur de l’été.</li>\n</ul> <p>Et surtout, elle offre une tranquillité d’esprit, aussi bien pour les seniors que pour leurs familles.</p>"
    },
    {
      "title": "Quelles solutions de climatisation choisir pour bien vieillir chez soi ?",
      "text": "<p><a title=\"Climatisations réversibles en Savoie\" href=\"/equipements/climatisation\">Toutes les climatisations</a> ne se valent pas, surtout lorsqu’il s'agit d’accompagner le vieillissement à domicile.</p> <p>Chez SBF Energies, nous privilégions :</p> <ul>\n<li><strong>Les climatisations mono-split murales</strong> : compactes, silencieuses, très efficaces pour rafraîchir une pièce de vie ou une chambre,</li>\n<li><strong>Les climatisations multi-split</strong> s’il s’agit d’équiper plusieurs pièces.</li>\n<li>Des modèles <strong>ultra-simples à utiliser</strong>, avec :</li>\n</ul> <ul>\n<ul>\n<li>Une <strong>télécommande intuitive</strong> aux boutons clairs et lisibles,</li>\n<li>Une <strong>programmation automatique</strong> (température jour/nuit) pour ne pas avoir à régler sans cesse,</li>\n<li>Un <strong>mode \"confort nuit\"</strong> silencieux pour dormir en toute tranquillité.</li>\n</ul>\n</ul> <p><strong>L’objectif : </strong>faciliter l’utilisation quotidienne, sans complexité inutile, pour que le confort thermique soit accessible à tous, sans effort.</p> <p>Les climatisations réversibles sont aussi appelées<strong> “</strong><a title=\"Climatisation réversible en Savoie\" href=\"/equipements/climatisation/climatisation-reversible\">pompes à chaleur air/air</a><strong>”. </strong>Elles permettent également de chauffer en hiver de manière économique.</p>"
    },
    {
      "title": "L’installation et l’entretien : un accompagnement indispensable",
      "text": "<p>Chez SBF Energies, nous proposons des <a title=\"Entretien climatisation Chambéry\" href=\"/entretien/climatisation\">contrats d’entretien adaptés</a>&nbsp;pour assurer votre sérénité tout au long de l’année.</p>"
    },
    {
      "title": "L’installation et l’entretien : un accompagnement indispensable",
      "text": "<p><a title=\"Installation climatisation en Savoie\" href=\"/installation/climatisation\">Installer une climatisation</a> ne s’improvise pas, surtout pour un logement occupé par une personne âgée.</p> <p>Chez SBF Energies, nous veillons à :</p> <ul>\n<li><strong>Étudier chaque logement</strong> pour choisir l’emplacement idéal (pas de courant d’air direct, accès facile pour l’entretien),</li>\n<li><strong>Installer l’appareil rapidement et proprement</strong>, sans gros travaux ni nuisances,</li>\n<li><strong>Configurer les réglages personnalisés</strong> dès l’installation pour que tout soit prêt à l’emploi.</li>\n</ul> <p><strong>Et après l’installation ?</strong></p> <p>Un entretien régulier est <strong>indispensable</strong> pour :</p> <ul>\n<li>Garantir une qualité d’air irréprochable,</li>\n<li>Préserver la performance énergétique de l’appareil,</li>\n<li>Respecter les obligations légales en vigueur en France.</li>\n</ul> <p>Nous proposons des <strong>contrats d’entretien adaptés</strong> :</p> <ul>\n<li>Visite annuelle ou biannuelle,</li>\n<li>Vérification complète,</li>\n<li>Nettoyage des filtres,</li>\n<li>Délivrance d’une attestation d’entretien.</li>\n</ul> <p>L’entretien est aussi un gage de sérénité, pour les seniors comme pour leurs proches.</p>"
    },
    {
      "title": "Comment utiliser sa climatisation sans faire exploser sa facture d'électricité ?",
      "text": "<p>La climatisation moderne est bien plus économe que celle d’il y a 20 ans.<br>Cependant, quelques bonnes pratiques permettent d’en profiter pleinement sans mauvaises surprises sur la facture.</p> <p><strong>Nos conseils simples :</strong></p> <ul>\n<li><strong>Choisir un appareil performant</strong> : privilégier une climatisation classée <strong>A++ ou A+++</strong> sur l'étiquette énergie,</li>\n<li><strong>Régler une température raisonnable</strong> : 23–24°C suffisent largement pour rester au frais sans surconsommer,</li>\n<li><strong>Activer le mode éco ou confort nuit</strong> en soirée : il réduit automatiquement la consommation électrique,</li>\n<li><strong>Fermer volets et rideaux en journée</strong> pour limiter l’échauffement naturel de l’intérieur,</li>\n<li><strong>Programmer des plages horaires adaptées</strong> : inutile de laisser tourner la clim toute la journée si personne n'est présent,</li>\n<li><strong>Faire entretenir régulièrement l’appareil</strong> : un climatiseur propre fonctionne mieux et consomme moins.</li>\n</ul> <p><strong>Le saviez-vous ?<br></strong>En utilisant intelligemment sa climatisation, <strong>la consommation moyenne reste modeste</strong> : comptez <strong>environ 10 à 20 € par mois</strong> d’électricité supplémentaire pour rafraîchir un salon ou une chambre pendant l’été.</p> <p><strong>Chez SBF Energies</strong>, nous :</p> <ul>\n<li>Sélectionnons pour vous <strong>des modèles très économes en énergie</strong>,</li>\n<li>Programmons l’appareil lors de l'installation pour <strong>optimiser automatiquement la consommation</strong>,</li>\n<li>Vous conseillons pour utiliser votre climatisation <strong>de façon confortable et économique</strong>, au quotidien.</li>\n</ul> <table style=\"border-collapse: collapse; width: 100%; background-color: #f9f9f9;\"><caption style=\"font-weight: bold; padding: 10px;\">\n<h3>5 gestes pour réduire votre consommation avec la climatisation</h3>\n</caption>\n<thead>\n<tr>\n<th style=\"border: 1px solid #d3d3d3; padding: 8px; background-color: #234a71; color: #ffffff;\">Geste à adopter</th>\n<th style=\"border: 1px solid #d3d3d3; padding: 8px; background-color: #234a71; color: #ffffff;\">Impact sur la consommation</th>\n</tr>\n</thead>\n<tbody>\n<tr>\n<td style=\"border: 1px solid #d3d3d3; padding: 8px;\">Réglez votre climatisation à 23–24°C</td>\n<td style=\"border: 1px solid #d3d3d3; padding: 8px;\">Chaque degré en moins augmente la consommation de 7 à 10 %</td>\n</tr>\n<tr>\n<td style=\"border: 1px solid #d3d3d3; padding: 8px;\">Fermez les volets et les stores pendant les heures chaudes</td>\n<td style=\"border: 1px solid #d3d3d3; padding: 8px;\">Réduit naturellement la chaleur entrante</td>\n</tr>\n<tr>\n<td style=\"border: 1px solid #d3d3d3; padding: 8px;\">Utilisez la fonction “éco” ou “nuit”</td>\n<td style=\"border: 1px solid #d3d3d3; padding: 8px;\">Diminue la puissance consommée sans perte de confort</td>\n</tr>\n<tr>\n<td style=\"border: 1px solid #d3d3d3; padding: 8px;\">Programmez des horaires de fonctionnement adaptés</td>\n<td style=\"border: 1px solid #d3d3d3; padding: 8px;\">Évite le fonctionnement inutile en votre absence</td>\n</tr>\n<tr>\n<td style=\"border: 1px solid #d3d3d3; padding: 8px;\">Entretenez régulièrement votre installation</td>\n<td style=\"border: 1px solid #d3d3d3; padding: 8px;\">Un filtre propre améliore la performance de 5 à 15 %</td>\n</tr>\n</tbody>\n</table>"
    }
  ]
}