{
  "breadcrumb": "Comment bien choisir son chauffage réversible ?",
  "seo": {
    "title": "Bien choisir son chauffage réversible ?",
    "description": "Parmi les multiples solutions de chauffage une seule permet de maîtriser parfaitement la température de son intérieur tout au long de l’année : le système de chauffage réversible.",
    "opengraph": {
      "site_name": "",
      "type": "",
      "locale": "",
      "title": "",
      "description": "",
      "image": {
        "src": "",
        "alt": ""
      }
    }
  },
  "title": " Comment bien choisir son chauffage réversible ? ",
  "chapo": "Maîtriser la température de votre intérieur tout au long de l’année !",
  "image": {
    "src": "/upload/files/5ebd3bac065eb644142812.jpg",
    "alt": "Comment bien choisir son chauffage réversible ?"
  },
  "intro": "",
  "paragraphs": [
    {
      "title": "Et si je m’équipais pour disposer, 365 jours par an, d’un logement à température idéale ?",
      "text": "<p>Vous le savez probablement, parmi les multiples solutions de chauffage, une seule permet de maîtriser parfaitement la température de son intérieur tout au long de l’année : le système de chauffage réversible.</p> <p>Un confort intérieur optimal, quel que soit le climat Intégrant deux appareils en un (chauffage et climatisation), le chauffage réversible air/air&nbsp;garantit un confort thermique sans équivalent. La majorité des systèmes offre aujourd’hui des performances extrêmement abouties, tant en matière de diffusion d’air (chaud et froid), de silence de fonctionnement, d’assainissement d’air que de design.</p> <p>&nbsp;</p>"
    },
    {
      "title": " ",
      "text": ""
    },
    {
      "title": "La simplicité : un atout loin d’être négligeable du chauffage réversible !",
      "text": "<p>De même, la simplicité de leur installation est un atout loin d’être négligeable. L’évolution la plus notable de ces dernières années concerne leurs performances énergétiques.</p> <p>N’utilisant pas d’énergie fossile (contrairement aux appareils à gaz ou à fioul) et générant une consommation nettement inférieure aux radiateurs électriques, le chauffage réversible s’avère très bénéfique sur les plans environnemental et économique. C’est d’ailleurs l’un des enseignements de ce guide : un chauffage réversible haute performance est un investissement extrêmement rentable.</p> <p>Vous trouverez sur notre site des recommandations pour s’équiper. Ces articles&nbsp;sont une boussole pour vous repérer dans les vastes gammes d’appareils et d’options disponibles. Son but est de vous guider pour trouver la solution qui vous correspond, précisément adaptée à vos besoins et aux spécificités de votre maison. Cette lecture ne remplace pas la prise de conseil auprès d’un spécialiste frigoriste comme les équipes de SBF Energies.</p> <p>Ces articles&nbsp;vous donneront toutefois les clés pour définir l’installation qui garantira votre bien-être.</p>"
    }
  ]
}