{
  "breadcrumb": "SEER, SCOP, A+++ : comprendre l'étiquette énergie d'une climatisation",
  "seo": {
    "title": "Comprendre le SEER et le SCOP d'une climatisation",
    "description": "SEER, SCOP, A+++... Pas facile de s'y retrouver. SBF Energies vous explique comment lire une étiquette énergie pour choisir votre climatisation sereinement.",
    "opengraph": {
      "site_name": "",
      "type": "",
      "locale": "",
      "title": "",
      "description": "",
      "image": {
        "src": "",
        "alt": ""
      }
    }
  },
  "title": " SEER, SCOP, A+++ : comprendre l'étiquette énergie d'une climatisation ",
  "chapo": "L’étiquette énergie : votre meilleur allié pour choisir la bonne climatisation. Comment la déchiffrer ?",
  "image": {
    "src": "/upload/files/sbf-energies-article-climatisation-etiquette-energie-162537472d.jpg",
    "alt": "SEER, SCOP, A+++ : comprendre l'étiquette énergie d'une climatisation"
  },
  "intro": "<p>Lorsque vous achetez une climatisation, vous verrez toujours une <strong>étiquette énergie</strong> affichée sur l'appareil ou dans sa documentation. Elle peut sembler technique à première vue… mais en réalité, <strong>c'est une mine d’informations précieuses</strong> pour faire le bon choix.</p> <p>Chez <strong>SBF Energies</strong>, nous vous expliquons <strong>ligne par ligne</strong> comment la lire. Après cette lecture, <strong>vous serez capable d'analyser une étiquette en magasin ou en ligne</strong>, et de choisir votre appareil en toute connaissance de cause !</p>",
  "paragraphs": [
    {
      "title": "1. Comprendre la classe énergétique : A+++, A++, A+…",
      "text": "<p>C'est le premier élément visible : <strong>un grand bandeau de couleur</strong>, avec une lettre allant de <strong>A+++</strong> (le plus performant) jusqu'à <strong>D</strong> (le moins performant).</p> <ul>\n<li><strong>A+++</strong> : appareil très économe, consomme très peu.</li>\n<li><strong>A++</strong> : très bonne performance énergétique.</li>\n<li><strong>A+</strong> ou <strong>A</strong> : correct, mais moins économe sur le long terme.</li>\n</ul> <p><strong>À retenir</strong> :<br>Pour une <a title=\"Installation climatisation\" href=\"/installation/climatisation\">climatisation installée</a> aujourd'hui, il est <strong>recommandé de viser un appareil classé A++ ou A+++</strong>. Non seulement pour <strong>réduire vos factures</strong>, mais aussi pour <strong>bénéficier des aides financières</strong> (certaines primes exigent un A++ minimum).</p>"
    },
    {
      "title": "2. Le SEER : votre indicateur pour l'été",
      "text": "<p><strong>SEER</strong> signifie <strong>Seasonal Energy Efficiency Ratio</strong>. Il mesure <strong>l'efficacité moyenne d'un appareil en mode refroidissement</strong>, sur toute une saison d'utilisation.</p> <p>Plus le SEER est élevé, <strong>moins votre appareil consomme</strong> pour produire du froid. Ainsi, un climatiseur avec un <strong>SEER de 6</strong> consomme deux fois moins d’énergie qu’un appareil affichant un <strong>SEER de 3</strong>.</p> <p><strong>Comment c'est calculé</strong> :</p> <ul>\n<li>On mesure la <strong>quantité de froid produite (en kWh)</strong> pendant toute la saison chaude (par exemple de mai à septembre),</li>\n<li>Puis on la divise par <strong>l’énergie électrique consommée</strong> sur la même période.</li>\n</ul> <p><strong>Formule</strong> : SEER = Total du froid produit (kWh) ÷ Électricité consommée (kWh)</p> <p><strong>Exemple concret</strong> :<br>Votre clim produit 6000 kWh de froid et consomme 1000 kWh d'électricité :<br>SEER = 6000 ÷ 1000 = <strong>6</strong></p> <p><strong>Bon à savoir</strong> : en Savoie, même si l'été est plus court que dans le sud, <strong>un bon SEER permet de passer les pics de chaleur sans faire exploser sa facture</strong>.</p>"
    },
    {
      "title": "3. SCOP : l'indicateur d'efficacité en hiver",
      "text": "<p><strong>SCOP</strong> veut dire <strong>Seasonal Coefficient of Performance</strong>. Il mesure <strong>l'efficacité énergétique en mode chauffage</strong>, sur toute une saison de chauffe.</p> <p>Plus le SCOP est élevé, <strong>moins vous consommez pour chauffer</strong>. Un SCOP de 4,2 signifie, par exemple, que pour <strong>1 kWh consommé</strong>, l’appareil fournit <strong>4,2 kWh de chaleur</strong>.</p> <p><strong>En Savoie</strong>, où l’hiver est froid, un SCOP élevé est un vrai atout pour limiter les dépenses, même en cas de grands froids.</p> <p><strong>Comment c'est calculé</strong> :</p> <ul>\n<li>On mesure la <strong>quantité de chaleur restituée (en kWh)</strong> pendant toute la saison hivernale,</li>\n<li>Puis on la divise par <strong>l’énergie électrique consommée</strong> sur la même période.</li>\n</ul> <p><strong>Formule</strong> :<br>SCOP = Total du chaud produit (kWh) ÷ Électricité consommée (kWh)</p> <p><strong>Exemple concret</strong> :<br>Votre clim réversible fournit 5000 kWh de chaleur en consommant 1200 kWh d’électricité :<br>SCOP = 5000 ÷ 1200 = <strong>4,16</strong></p> <p><strong>À noter</strong> :<br>En Savoie, avec des hivers froids, <a title=\"Equipement clim\" href=\"/equipements/climatisation\">choisir une clim</a><strong>&nbsp;avec un SCOP supérieur à 4</strong> est très important pour rester confortable <strong>sans explosion de la facture</strong>.</p>"
    },
    {
      "title": "4. Le niveau sonore : un critère souvent négligé… à tort",
      "text": "<p>Sur l'étiquette, vous trouverez <strong>deux valeurs de bruit</strong> :</p> <ul>\n<li><strong>Pour l'unité intérieure</strong> (celle que vous verrez dans votre salon ou votre chambre),</li>\n<li><strong>Pour l'unité extérieure</strong> (celle installée sur votre balcon ou votre mur).</li>\n</ul> <p><strong>À savoir :</strong></p> <ul>\n<li><strong>Intérieur</strong> : moins de 22 dB = fonctionnement quasi inaudible (idéal pour une chambre).</li>\n<li><strong>Extérieur</strong> : moins de 50 dB = discret pour vous et vos voisins.</li>\n</ul> <p><strong>Attention</strong> : une clim bruyante peut devenir pénible au quotidien. SBF Energies vous propose systématiquement <a title=\"Modèles de climatisations réversibles\" href=\"../../conseils-et-actualites/climatisation-reversible-mitsubishi-guide\">des modèles ultra silencieux</a>.</p> <h3>dB(A), dB(B) : quelle différence?</h3> <p>Vous pourrez également trouver la mention dB(A) au lieu de dB sur votre étiquette.&nbsp;</p> <p>Sur les étiquettes climatisation, la mesure du niveau sonore est presque toujours exprimée en <strong>dB(A)</strong>, qui correspond à une mesure pondérée pour mieux refléter la sensibilité de l'oreille humaine. Le dB(B) est une pondération plus rare, aujourd’hui peu utilisée dans les climatiseurs résidentiels.</p> <p>Le \"A\" signifie qu'on <strong>corrige la mesure</strong> pour tenir compte de la <strong>sensibilité de l'oreille humaine</strong>. À certaines fréquences (sons très graves ou très aigus), notre oreille est moins sensible. Le résultat en dB(A) est donc <strong>plus représentatif du ressenti réel</strong> par une personne que dB(B).</p> <p>Mais, pas de panique, normalement, vous ne verrez quasiment que du dB(A) sur votre étiquette énergie de climatisation. Quand une étiquette indique <strong>dB(A)</strong> pour le niveau sonore, <strong>c'est normal</strong> et <strong>c'est la norme utilisée dans 95% des cas</strong> pour la climatisation, le chauffage, les appareils électroménagers.</p> <p><strong>Chez <a title=\"Qui sommes-nous ?\" href=\"/qui-sommes-nous\">SBF Energies</a></strong>, nous vous conseillons systématiquement des modèles ultra silencieux, compatibles avec la vie en appartement ou en maison mitoyenne.</p>"
    },
    {
      "title": "5. Consommation annuelle estimée : combien ça coûte vraiment ?",
      "text": "<p>L’étiquette indique aussi une consommation annuelle moyenne en kWh, basée sur un usage standard.</p> <p>Elle vous permet de comparer deux appareils similaires et d’évaluer <strong>l’impact réel sur votre facture d’électricité</strong>.<br><strong>Exemple concret, prenons :</strong></p> <ul>\n<li>Appareil A : 400 kWh/an</li>\n<li>Appareil B : 700 kWh/an</li>\n<li>À raison de 0,20 €/kWh, l'appareil A coûtera environ 80 €/an, l'appareil B, 140 €/an. <strong>Sur 10 ans, la différence est énorme !</strong></li>\n</ul>"
    },
    {
      "title": "Glossaire : les autres acronymes à connaître (et à comprendre facilement)",
      "text": "<ul>\n<li><strong>COP</strong> (Coefficient of Performance) : efficacité instantanée en mode chauffage (hors saison complète). Plus il est élevé, mieux c'est, mais moins représentatif que le SCOP.</li>\n<li><strong>EER</strong> (Energy Efficiency Ratio) : efficacité instantanée en mode froid. Ancêtre du SEER, aujourd'hui moins utilisé.</li>\n<li><strong>GWP</strong> (Global Warming Potential) : impact environnemental du fluide frigorigène utilisé. Plus il est bas, plus l'appareil est respectueux de l’environnement. (Exemple : R32 est beaucoup plus écologique que les anciens fluides).</li>\n<li><strong>R32 / R410A</strong> : types de fluides frigorigènes. Le R32 est aujourd'hui le plus utilisé car <strong>plus performant et moins polluant</strong>.</li>\n</ul>"
    },
    {
      "title": "Attention : les indicateurs sont mesurés dans des conditions normalisées",
      "text": "<p>Tous les chiffres présents sur l’étiquette énergie (SEER, SCOP, consommation annuelle, niveau sonore…) sont obtenus <strong>dans des conditions de laboratoire standardisées</strong>.</p> <p>Cela signifie :</p> <ul>\n<li>Température extérieure et intérieure <strong>contrôlées</strong>,</li>\n<li>Taux d’humidité <strong>stabilisé</strong>,</li>\n<li>Utilisation <strong>idéale</strong> de l'appareil (réglages optimaux, aucun obstacle au flux d'air...).</li>\n</ul> <p><strong>Dans la vie réelle</strong>, la performance de votre climatisation peut <strong>varier légèrement</strong> en fonction :</p> <ul>\n<li>De l’isolation de votre logement,</li>\n<li>De l’orientation de vos pièces,</li>\n<li>Des usages quotidiens (porte ouverte, température demandée, <a title=\"Entretien climatisation\" href=\"/entretien/climatisation\">entretien</a>...).</li>\n</ul> <p><strong>À retenir</strong> :</p> <ul>\n<li>L’étiquette énergie permet <strong>de comparer différents appareils entre eux de manière fiable</strong>,</li>\n<li>Mais <strong>vos résultats précis</strong> dépendront toujours <strong>de l’installation, du réglage et de l’utilisation au quotidien</strong>.</li>\n</ul> <p>En somme, l’étiquette est un guide, mais votre usage réel fait toute la différence. Chez <strong>SBF Energies</strong>, nous réalisons <strong>une étude personnalisée</strong> pour vous garantir <strong>le meilleur rendement réel</strong>, pas juste sur papier.</p>"
    },
    {
      "title": "Comment choisir sa climatisation sans se tromper ?",
      "text": "<p>L’étiquette énergie vous donne une <strong>base de comparaison précieuse</strong>, mais <strong>elle ne remplace pas un vrai conseil personnalisé</strong>. <strong>Et si vous avez un doute</strong>, chez <strong>SBF Energies</strong>, nous vous aidons à :</p> <ul>\n<li>Décrypter les étiquettes,</li>\n<li>Choisir l’appareil adapté à votre logement en Savoie,</li>\n<li>Et <a title=\"Installer une clim en appartement en Savoie\" href=\"../../conseils-et-actualites/climatisation-en-appartement-regles\">installer votre climatisation</a> rapidement et proprement.</li>\n</ul> <p>Chez SBF Energies, nous :</p> <ul>\n<li><strong>Analysons vos besoins</strong> (surface, isolation, usage),</li>\n<li><strong>Sélectionnons les appareils</strong> les plus adaptés à votre logement,</li>\n<li><strong>Optimisons l'installation</strong> pour tirer le meilleur de votre climatisation,</li>\n<li>Et <strong>vous accompagnons</strong> pour l'entretien de votre climatisation autour de <a href=\"https://www.sbf-energies.com/chauffagiste-frigoriste-chambery\" title=\"Chauffagiste Frigoriste Chambery\">Chambéry</a>.</li>\n</ul>"
    },
    {
      "title": "Vous êtes à Chambéry, Aix-les-Bains, ou ailleurs en Savoie ?",
      "text": "<p>Nous intervenons rapidement à Chambéry, Aix-les-Bains, <a href=\"https://www.sbf-energies.com/chauffagiste-frigoriste-la-motte-servolex\" title=\"Chauffagiste Frigoriste La Motte Servolex\">La Motte-Servolex</a>, <a href=\"https://www.sbf-energies.com/chauffagiste-frigoriste-la-ravoire\" title=\"Chauffagiste Frigoriste La Ravoire\">La Ravoire</a>, <a href=\"https://www.sbf-energies.com/chauffagiste-frigoriste-cognin\" title=\"Chauffagiste Frigoriste Cognin\">Cognin</a>, <a href=\"https://www.sbf-energies.com/chauffagiste-frigoriste-challes-les-eaux\" title=\"Chauffagiste Frigoriste Challes Les Eaux\">Challes-les-Eaux</a>, <a href=\"https://www.sbf-energies.com/chauffagiste-frigoriste-barberaz\" title=\"Chauffagiste Frigoriste Barberaz\">Barberaz</a>, <a href=\"https://www.sbf-energies.com/chauffagiste-frigoriste-bourget-du-lac\" title=\"Chauffagiste Frigoriste Bourget Du Lac\">Le Bourget-du-Lac</a>, <a href=\"https://www.sbf-energies.com/chauffagiste-frigoriste-gresy-sur-aix\" title=\"Chauffagiste Frigoriste Gresy Sur Aix\">Grésy-sur-Aix</a>, <a href=\"https://www.sbf-energies.com/chauffagiste-frigoriste-saint-alban-leysse\" title=\"Chauffagiste Frigoriste Saint Alban Leysse\">Saint-Alban-Leysse</a>, <a href=\"https://www.sbf-energies.com/chauffagiste-frigoriste-pontcharra\" title=\"Chauffagiste Frigoriste Pontcharra\">Pontcharra</a>, <a href=\"https://www.sbf-energies.com/chauffagiste-frigoriste-rumilly\" title=\"Chauffagiste Frigoriste Rumilly\">Rumilly</a>, <a href=\"https://www.sbf-energies.com/chauffagiste-frigoriste-bassens\" title=\"Chauffagiste Frigoriste Bassens\">Bassens</a>, et tout autour dans le département de la Savoie !</p> <p>Pour un <strong>devis gratuit</strong>, une <strong>étude technique personnalisée</strong> ou un accompagnement pour choisir votre climatisation en toute sérénité, contactez SBF Energies.</p>"
    }
  ]
}