{
  "breadcrumb": "Chauffage réversible : faire le choix d'un constructeur réputé",
  "seo": {
    "title": "Faire le choix d'un constructeur réputé",
    "description": "Opter pour un appareil conçu par un constructeur en chauffage réversible réputé est la meilleure garantie d’investir dans un système fiable et performant dans la durée.",
    "opengraph": {
      "site_name": "",
      "type": "",
      "locale": "",
      "title": "",
      "description": "",
      "image": {
        "src": "",
        "alt": ""
      }
    }
  },
  "title": " Chauffage réversible : faire le choix d'un constructeur réputé ",
  "chapo": "La garantie d’investir dans un système fiable et performant.",
  "image": {
    "src": "/upload/files/5ebd3b3138dc8723669814.jpg",
    "alt": "Chauffage réversible : faire le choix d'un constructeur réputé"
  },
  "intro": "<p>Confort, bien-être, efficacité énergétique, respect des normes en vigueur… les caractéristiques essentielles d’un système de chauffage réversible sont l’aboutissement de décennies de&nbsp;savoir-faire et d’expertise. Opter pour un appareil conçu par un constructeur réputé est la&nbsp;meilleure garantie d’investir dans un système fiable et performant dans la durée.</p>",
  "paragraphs": [
    {
      "title": "L’ALLIANCE DU DESIGN ET DE LA PERFORMANCE",
      "text": "<p>Choisir un constructeur, c’est faire le choix d’un savoir-faire, d’une ambition, d’une exigence. Un fabricant reconnu est l’assurance de la qualité des matériaux, des composants et de l’assemblage.</p> <p>Sur le plan technique comme esthétique, il donne&nbsp;aussi la possibilité d’opérer sa sélection dans une&nbsp;large gamme d’appareils, et donc davantage&nbsp;susceptibles de répondre précisément aux&nbsp;attentes personnelles de chacun.</p>"
    },
    {
      "title": "\nUN CHOIX DANS LA DURÉE",
      "text": "<p>Les garanties sont généralement délivrées&nbsp;aux clients par les installateurs. Ainsi, dans&nbsp;la mesure où ils font appel à un constructeur&nbsp;fiable et renommé, les installateurs bénéficient,&nbsp;dans la durée, d’un véritable support technique&nbsp;et de l’expertise du fabricant.<br>\n<br>\nIl est donc conseillé de choisir un constructeur&nbsp;qui assure aux installateurs une garantie de&nbsp;plusieurs années sur leurs produits.</p>"
    },
    {
      "title": "BON À SAVOIR",
      "text": "<p>Il faut toujours garder à l’esprit que ce qui différencie un système de chauffage&nbsp;réversible performant, c’est avant tout son efficacité énergétique. Un appareil&nbsp;de haute qualité sera plus onéreux à l’achat, mais s’avèrera à l’usage plus&nbsp;économique et écologique.</p>"
    }
  ]
}