{
  "breadcrumb": "Filtration des chauffages réversibles",
  "seo": {
    "title": "Filtration des chauffages réversibles",
    "description": "Un système de chauffage réversible performant est aussi la solution pour maîtriser la qualité d’air de son intérieur",
    "opengraph": {
      "site_name": "",
      "type": "",
      "locale": "",
      "title": "",
      "description": "",
      "image": {
        "src": "",
        "alt": ""
      }
    }
  },
  "title": " Filtration des chauffages réversibles ",
  "chapo": "Choisir une technologie adaptée pour un intérieur sain.",
  "image": {
    "src": "/upload/files/5ebd3b5db06aa202805942.jpg",
    "alt": "Filtration des chauffages réversibles"
  },
  "intro": "<p>Un système de chauffage réversible performant est aussi la solution pour maîtriser la qualité d’air de son intérieur. Les filtres présents au sein de l’appareil retiennent les impuretés, éliminent les polluants en suspension et les odeurs. L’effet est immédiat : une indéfinissable, mais réelle sensation de confort.</p> <hr>",
  "paragraphs": [
    {
      "title": "LA MAUVAISE QUALITÉ DE L’AIR DES HABITATIONS",
      "text": "<p>De nombreuses particules s’immiscent chaque&nbsp;jour dans nos intérieurs, le plus souvent de&nbsp;manière insidieuse. Les études scientifiques&nbsp;montrent, par exemple, que la pollution est&nbsp;deux à cinq fois plus élevée dans les habitations&nbsp;qu’à l’extérieur ce qui favorise diverses&nbsp;pathologies, principalement respiratoires.</p> <hr>"
    },
    {
      "title": "LE RÔLE DÉTERMINANT DES FILTRES DE QUALITÉ",
      "text": "<p>Les appareils performants disposent de puissants systèmes de purification d’air. Ils captent les particules de poussière fine et limitent le développement de bactéries et virus. Cet aspect est essentiel au moment de faire son choix, particulièrement quand l’habitation accueille des publics fragiles (enfants, personnes âgées, allergiques, etc.). Dans un espace de 25m³, en deux heures, les filtres les plus efficaces neutralisent jusqu’à99% des bactéries, 94% des poils de chat, 98% du pollen, 99 % des particules de virus et 88% de la poussière et des acariens.</p> <hr>"
    },
    {
      "title": "BON À SAVOIR",
      "text": "<p>Les systèmes de chauffage réversible possèdent aujourd’hui des façades escamotables qui permettent de nettoyer les filtres facilement, à l’aide d’un simple chiffon ou en les passant sous l’eau. Réaliser cette opération tous les deux mois garantit un air sain et des économies d’énergie.</p>"
    }
  ]
}