{
  "breadcrumb": "Portes ouvertes SBF : le plein de remises chez votre chauffagiste",
  "seo": {
    "title": "SBF Energies : jusqu'à 2500€ de remises sur le chauffage et la clim",
    "description": "Découvrez les solutions SBF Energies, 22-23 nov. 2024 : jusqu'à 2500 € de remise sur les pompes à chaleur, les panneaux solaires, et la climatisation près de Chambéry. ",
    "opengraph": {
      "site_name": "",
      "type": "",
      "locale": "",
      "title": "",
      "description": "",
      "image": {
        "src": "",
        "alt": ""
      }
    }
  },
  "title": " Portes ouvertes SBF : le plein de remises chez votre chauffagiste ",
  "chapo": "Les Journées Portes Ouvertes SBF Energies : le rendez-vous efficacité et économies d’énergie les 22 et 23 novembre",
  "image": {
    "src": "/upload/files/sbf-energies-article-journees-portes-ouvertes-novembre-2024-d84d3dc077.jpg",
    "alt": "Portes ouvertes SBF : le plein de remises chez votre chauffagiste"
  },
  "intro": "<p>Les <strong>22 et 23 novembre</strong>, SBF Energies vous invite à ses Journées Portes Ouvertes dans son agence de <a href=\"https://www.sbf-energies.com/chauffagiste-frigoriste-la-motte-servolex\" title=\"Chauffagiste Frigoriste La Motte Servolex\">La Motte-Servolex</a>, près de <a href=\"https://www.sbf-energies.com/chauffagiste-frigoriste-chambery\" title=\"Chauffagiste Frigoriste Chambery\">Chambéry</a>. Durant cet événement, découvrez une sélection de solutions de chauffage, de climatisation et d’énergie solaire à la fois performantes et économes, et accédez à des offres exclusives pensées pour faire la différence sur vos factures d’énergie.</p>",
  "paragraphs": [
    {
      "title": "Un parcours guidé vers des solutions durables",
      "text": "<ol>\n<li><strong>Solutions de chauffage et climatisation</strong><strong><br></strong>SBF Energies vous propose des équipements de haute qualité, adaptés aux besoins de chaque foyer. Notre gamme de chaudières, de pompes à chaleur air/eau et hybrides et de climatisations réversibles Mitsubishi Electric est sélectionnée pour sa fiabilité, avec des performances optimisées toute l’année.</li>\n<li><strong>Efficacité énergétique et énergie solaire</strong><strong><br></strong>Nous croyons en l’énergie renouvelable comme pilier du confort domestique durable. Découvrez nos solutions solaires, idéales pour les maisons souhaitant combiner performance énergétique et réduction des coûts. Nos installations de 3 kWc et plus bénéficient de remises exclusives lors de l’événement.</li>\n</ol>"
    },
    {
      "title": "Des offres exclusives pour un confort optimisé",
      "text": "<p>Pour concrétiser vos projets, SBF Energies propose des remises limitées aux Journées Portes Ouvertes :</p> <ul>\n<li><strong>250 € de réduction</strong> pour les chaudières et climatisations réversibles.</li>\n<li><strong>500 € à 1 500 € de remise</strong> sur les pompes à chaleur air/eau, pour un confort thermique constant.</li>\n<li><strong>1 000 € de remise</strong> pour les installations solaires de 3 kWc et plus, vous permettant de capter et d’optimiser l’énergie solaire chez vous.</li>\n<li><strong>2 500 € de remise</strong> pour les packs combinant pompe à chaleur et panneaux solaires<sup><a title=\"Conditions JPO novembre 2024\" href=\"#conditions-jpo-2024\">(1)</a></sup>, une solution complète pour des économies maximales.</li>\n</ul>"
    },
    {
      "title": "Des experts à votre service pour optimiser vos aides financières",
      "text": "<p>SBF Energies s’engage à faciliter votre accès aux aides financières disponibles, comme le Coup de Pouce Chauffage, MaPrimeRénov' ou bien les primes CEE et <a title=\"Hausse CDP Chauffage jusqu'à fin 2024\" href=\"../../conseils-et-actualites/pompe-a-chaleur-coup-de-pouce-chauffage\">Coup de pouce</a>. Nos experts seront présents pour vous orienter, étape par étape, vers les meilleures solutions pour financer votre projet et vous garantir des économies durables.</p>"
    },
    {
      "title": "Un tirage au sort pour gagner une installation solaire mylight150",
      "text": "<p>En plus des remises, SBF Energies organise un tirage au sort<sup><a title=\"Conditions JPO novembre 2024\" href=\"#conditions-jpo-2024\">(2)</a></sup> pendant l’événement, avec une installation solaire, comprenant des panneaux photovoltaïques mylight150 (marque française) d’une puissance de 3 kWc et d’une batterie virtuelle, à remporter. Un geste fort pour une <a title=\"Panneaux solaires et rentabilité\" href=\"../../conseils-et-actualites/panneaux-solaires-facteurs-rentabilite\">transition vers l’énergie solaire</a>, accessible dès aujourd’hui.</p>"
    },
    {
      "title": "Informations et précisions",
      "text": "<p><strong>SBF Energies</strong> vous attend les 22 et 23 novembre pour un accompagnement dédié vers le confort durable.</p> <ul>\n<li><strong>Horaires</strong> : Vendredi 9h-19h, Samedi 10h-17h</li>\n<li><strong>Lieu</strong> : SBF Energies, 401 rue des Champagnes - 73290 La Motte-Servolex</li>\n</ul> <p>Pour toute information, contactez notre équipe !</p> <hr> <div id=\"conditions-jpo-2024\">\n<p style=\"color: #777; font-size: 0.9em;\"><em>(1) Exemple de remise HT exceptionnelle et non cumulable pour les visiteurs des portes ouvertes des 22 et 23 novembre 2024 pour un devis comprenant une pompe à chaleur air-eau de marque Hitachi ou Viessmann (selon stock disponible) et une installation de panneaux solaires référencés dans notre catalogue.<br>(2) Tirage au sort organisé uniquement pendant les journées portes ouvertes les 22 et 23 novembre soumis à règlement. </em></p>\n</div>"
    }
  ]
}