{
  "breadcrumb": "Portes ouvertes et offres spéciales près de Chambéry : 16-17 mai",
  "seo": {
    "title": "Journées Portes Ouvertes à Chambéry chez SBF Energies",
    "description": "SBF Energies vous accueille à La Motte-Servolex les 16 & 17 mai de 10h à 19h. Ne manquez pas ces journées portes ouvertes au sein de notre agence !",
    "opengraph": {
      "site_name": "",
      "type": "",
      "locale": "",
      "title": "",
      "description": "",
      "image": {
        "src": "",
        "alt": ""
      }
    }
  },
  "title": " Portes ouvertes et offres spéciales près de Chambéry : 16-17 mai ",
  "chapo": "Avancez dans votre projet énergétique avec SBF Energies lors des Journées Portes Ouvertes près de Chambéry",
  "image": {
    "src": "/upload/files/journees-portes-ouvertes-mai-2025-b232ba9a66.jpg",
    "alt": "Portes ouvertes et offres spéciales près de Chambéry : 16-17 mai"
  },
  "intro": "<p>Vous cherchez à réduire vos dépenses d’énergie ?<br>Vous voulez améliorer votre confort thermique avec des équipements fiables et performants ?<br>Vous vous interrogez sur les aides financières disponibles pour vos projets ?</p> <p>Les <strong>vendredi 16 et samedi 17 mai 2025</strong>, <strong>SBF Énergies</strong> vous accueille à <strong><a href=\"https://www.sbf-energies.com/chauffagiste-frigoriste-la-motte-servolex\" title=\"Chauffagiste Frigoriste La Motte Servolex\">La Motte-Servolex</a></strong> pour deux journées dédiées à vos projets énergétiques.</p>",
  "paragraphs": []
}