{
  "breadcrumb": "Journées Portes-Ouvertes SBF Energies du 30/09 au 02/10/21",
  "seo": {
    "title": "Journées Portes Ouvertes du 30/09/21 au 02/10/21",
    "description": "Journées portes-ouvertes du 30 septembre au 2 octobre 2021 au 401 rue des Champagnes à 73290 La Motte Servolex. Venez profiter de nos offres spéciales sur les Pompes à Chaleur et Climatisations.",
    "opengraph": {
      "site_name": "",
      "type": "",
      "locale": "",
      "title": "",
      "description": "",
      "image": {
        "src": "",
        "alt": ""
      }
    }
  },
  "title": " Journées Portes-Ouvertes SBF Energies du 30/09 au 02/10/21 ",
  "chapo": "Journées portes-ouvertes du 30 septembre au 2 octobre 2021 au 401 rue des Champagnes à 73290 - La Motte Servolex",
  "image": {
    "src": "/upload/files/6152f54be2879709187296.jpg",
    "alt": "Journées Portes-Ouvertes SBF Energies du 30/09 au 02/10/21"
  },
  "intro": "<p>Vous avez un projet de chauffage et climatisation ? Avez-vous besoin de conseils pour trouver l’équipement adapté à vos besoins ? SBF Energies est un expert chauffagiste et frigoriste à Chambéry et dans toute la Savoie. Contactez-nous pour entretenir, installer et dépanner vos solutions de chauffages et climatisations en Savoie : Chambery, <a href=\"https://www.sbf-energies.com/chauffagiste-frigoriste-aix-les-bains\" title=\"Chauffagiste Frigoriste Aix Les Bains\">Aix-les-Bains</a>, <a href=\"https://www.sbf-energies.com/chauffagiste-frigoriste-la-motte-servolex\" title=\"Chauffagiste Frigoriste La Motte Servolex\">La Motte-Servolex</a>, ...</p> <p>Venez nous rendre visite lors de nos journées portes-ouvertes du 30 septembre au 2 octobre 2021 au 401 rue des Champagnes à 73290 La Motte Servolex. Nous vous attendons nombreux de 8h à 12h et de 14h à 18h (17h le vendredi). A cette occasion, venez bénéficier de 200€ de réduction pour l’achat d’un nouvel appareil durant cette période.</p>",
  "paragraphs": [
    {
      "title": "SBF Energies votre frigoriste à Chambéry et dans toute la Savoie",
      "text": "<p>En plus de l’offre spéciale journées portes ouvertes, vous pouvez aussi bénéficier des aides gouvernementales car SBF Energies est certifié RGE (Reconnu Garant de l’Environnement). Ma PrimeRenov’ est une aide de l'État pour financer les travaux de chauffage, ventilation, isolation et d'audit énergétique. Cette aide est cumulable avec la prime<a href=\"https://www.ecologie.gouv.fr/coup-pouce-chauffage-et-isolation\" style=\"text-decoration:none\" target=\"_blank\"> \"Coup de pouce chauffage\" </a>(CEE) aussi appelée \"prime énergie\" qui est <strong>accessible à tous</strong> sans conditions de revenus. Nos équipes vous accompagnent dans ces démarches et déduisent les aides directement de votre facture.</p> <p>Faîtes appel à notre société SBF Energies ! Nous sommes spécialisés dans l’installation, le remplacement, l’entretien et le dépannage des climatisations et des pompes à chaleur. N’hésitez pas à nous contacter et à venir nous rendre visite à La Motte Servolex du 30 septembre au 2 octobre 2021.</p>"
    }
  ]
}