{
  "breadcrumb": "Journées portes ouvertes : des bonnes affaires en Savoie avec SBF",
  "seo": {
    "title": "Journée portes ouvertes : des bonnes affaires en Savoie avec SBF !",
    "description": "Venez à la journée portes ouvertes de SBF Energies le 24 mai 2024 et profitez d'offres exceptionnelles sur les pompes à chaleur et la climatisation. Découvrez également nos offres photovoltaïques.",
    "opengraph": {
      "site_name": "",
      "type": "",
      "locale": "",
      "title": "",
      "description": "",
      "image": {
        "src": "",
        "alt": ""
      }
    }
  },
  "title": " Journées portes ouvertes : des bonnes affaires en Savoie avec SBF ",
  "chapo": "Découvrez nos offres spéciales sur la climatisation, les pompes à chaleur et le photovoltaïque",
  "image": {
    "src": "/upload/files/sbf-jpo-456x334-23cdf551ae.jpg",
    "alt": "Journées portes ouvertes : des bonnes affaires en Savoie avec SBF"
  },
  "intro": "<p>SBF Energies vous ouvre ses portes le vendredi 24 mai 2024 ! A cette occasion venez profiter de nos offres exceptionnelles sur la climatisations, les pompes à chaleur et le photovoltaïque !</p> <p>Pour cette nouvelle journée portes ouvertes, SBF Energies met les petits plats dans les grands ! Bénéficiez de nos remises exceptionnelles pour tous nos visiteurs.</p> <p>Profitez également de notre offre de financement exceptionnelle pour votre climatisation réversible. <a title=\"Notre offre de financement pour la climatisation\" href=\"../../conseils-et-actualites/pompe-chaleur-air-air-savoie-offre-speciale\">Dès 45€ TTC par mois pendant 36 mois</a> (ou 1620€ TTC en une fois)**, profitez d’une pompe à chaleur à chaleur air-air comme solution de climatisation en été et de chauffage en hiver.</p> <p><em>Un crédit vous engage et doit être remboursé. Vérifiez vos capacités de remboursement avant de vous engager. Mensualités de 45€ au Taux Annuel Effectif Global fixe de 0%. Montant total dû de 1 620€. Pour 1 620€ empruntés que vous remboursez sur 36 mois.*</em></p>",
  "paragraphs": [
    {
      "title": "Faites de bonnes affaires en Savoie avec SBF Energies",
      "text": "<p>SBF Energies vous ouvre ses portes le vendredi 24 mai 2024 ! A cette occasion venez profiter de nos offres exceptionnelles sur la climatisations, les pompes à chaleur et le photovoltaïque !</p> <p>Pour cette nouvelle journée portes ouvertes, SBF Energies met les petits plats dans les grands ! Bénéficiez de nos remises exceptionnelles pour tous nos visiteurs.</p> <ul>\n<li>-300€ TTC sur les chaudières au gaz*</li>\n<li>-500€ TTC sur les appareils à énergies renouvelables*</li>\n</ul> <li>-300€ TTC sur les chaudières au gaz*</li> <li>-500€ TTC sur les appareils à énergies renouvelables*</li> <p>Profitez également de notre offre de financement exceptionnelle pour votre climatisation réversible. <a title=\"Notre offre de financement pour la climatisation\" href=\"../../conseils-et-actualites/pompe-chaleur-air-air-savoie-offre-speciale\">Dès 45€ TTC par mois pendant 36 mois</a> (ou 1620€ TTC en une fois)**, profitez d’une pompe à chaleur à chaleur air-air comme solution de climatisation en été et de chauffage en hiver.</p> <a title=\"Notre offre de financement pour la climatisation\" href=\"../../conseils-et-actualites/pompe-chaleur-air-air-savoie-offre-speciale\">Dès 45€ TTC par mois pendant 36 mois</a> <p><em>Un crédit vous engage et doit être remboursé. Vérifiez vos capacités de remboursement avant de vous engager. Mensualités de 45€ au Taux Annuel Effectif Global fixe de 0%. Montant total dû de 1 620€. Pour 1 620€ empruntés que vous remboursez sur 36 mois.*</em></p> <em>Un crédit vous engage et doit être remboursé. Vérifiez vos capacités de remboursement avant de vous engager. Mensualités de 45€ au Taux Annuel Effectif Global fixe de 0%. Montant total dû de 1 620€. Pour 1 620€ empruntés que vous remboursez sur 36 mois.*</em>"
    },
    {
      "title": "Les conseils de nos experts et les aides de l’Etat",
      "text": "<p>Notre JPO, c’est donc l’occasion pour vous de poser toutes vos questions directement à nos experts. Que vous ayez un projet concernant du chauffage, de la climatisation, de l’eau chaude sanitaire ou du photovoltaïque, ils seront là pour vous donner les clés pour maitriser tant vos choix technologiques que votre budget. En prime, ils vous aideront aussi à estimer le montant des aides de l’Etat auxquelles vous pouvez avoir droit.</p>"
    },
    {
      "title": "Nos offres photovoltaïques pour réduire vos factures d’électricité",
      "text": "<p>Venez également découvrir notre gamme solaire photovoltaïque Sol&amp;moi. Cette gamme entièrement dédiée à l’autoconsommation solaire vous permettra de faire des économies sur votre facture d’électricité tout en passant aux énergies renouvelables. Grâce aux offres Sol&amp;Go, Sol&amp;Zen et Sol&amp;Plus, vous pourrez produire votre propre électricité solaire et donc réduire votre dépendance aux fournisseurs d’énergie.</p> <p>Pour ce faire, bénéficiez d’un accompagnement administratif complet et d’une étude solaire personnalisée pour vous lancer pleinement dans votre projet à énergie verte !</p>"
    },
    {
      "title": "Informations pratiques",
      "text": "<p>Adresse : SBF Energies - 401 rue des Champagnes - 73290 La Motte Servolex</p> <p>Date et horaires : le vendredi 24 mai 2024, de 9h à 19h</p>"
    }
  ]
}