{
  "breadcrumb": "Le génie climatique, qu'est-ce que c'est ?",
  "seo": {
    "title": "Le génie climatique, qu'est-ce que c'est ?",
    "description": "Qu'est-ce que le génie climatique ? Pourquoi faire appel à une entreprise spécialisée dans ce domaine ? Notre entreprise de taille humaine est structurée autour d’une charte des plus drastiques et la présence de collaborateurs compétents continuellement formés...",
    "opengraph": {
      "site_name": "",
      "type": "",
      "locale": "",
      "title": "",
      "description": "",
      "image": {
        "src": "",
        "alt": ""
      }
    }
  },
  "title": " Le génie climatique, qu'est-ce que c'est ? ",
  "chapo": "Pourquoi faire appel à SBF Energies ?",
  "image": {
    "src": "/upload/files/5f2019018bbf9813223368.jpg",
    "alt": "Le génie climatique, qu'est-ce que c'est ?"
  },
  "intro": "<p>SBF Énergies est votre entreprise spécialisée dans le génie climatique dans le secteur de Chambéry en Savoie. Nous sommes reconnu pour notre expertise et notre savoir-faire ; notre entreprise de taille humaine est structurée autour d’une charte des plus drastiques et la présence de collaborateurs compétents continuellement formés afin d’être en mesure d’assurer l’installation, la maintenance et le dépannage de matériels de climatisation, réfrigération, chauffe eau thermodynamique et de pompes à chaleur.</p> <p>Dans cet article, nous allons revenir sur ce qu’est le génie climatique et pourquoi est-il intéressant, si ce n’est primordial, de faire appel à une entreprise réputée dans ce domaine ?</p>",
  "paragraphs": [
    {
      "title": "La définition du génie climatique",
      "text": "<p>L’expression “génie climatique” est de plus en plus répandue. Mais au juste, le génie climatique, c’est quoi ? Si l’on se réfère à la définition donnée par <a href=\"https://fr.wikipedia.org/wiki/G%C3%A9nie_climatique\" style=\"text-decoration:none\">Wikipedia</a> : “Le génie climatique est une branche de la physique qui traite du domaine du chauffage, de la climatisation, de la ventilation, de la régulation et de ses applications. L'étude du domaine se réalise en physique, l'application se fait dans le domaine industriel et dans le BTP”.</p> <p>En réalité, ce domaine est particulièrement vaste car il concerne aussi bien l’étude, l’analyse, la conception, la maintenance, l’exploitation, le dépannage de ces différentes installations. En somme, le génie climatique regroupe l’ensemble des installations alliant le confort thermique à la performance énergétique.</p>"
    },
    {
      "title": "Pourquoi faire appel à une entreprise spécialisée dans ce domaine ?",
      "text": "<p>En France, les habitations (mais aussi toutes les sortes de constructions) bien qu’isolées ont besoin d’être chauffées, climatisées ou du moins bien ventilées. Or, un <a href=\"https://www.sbf-energies.com/\" style=\"text-decoration:none\">spécialiste dans le génie climatique</a> tel que SBF Énergies dispose d’une expertise certaine de l’ensemble des installations apportant confort thermique et performances énergétiques. Il sait mieux que quiconque vous conseiller le matériel en adéquation avec votre budget, les contraintes du bâtiment, le confort souhaité ainsi que la réglementation en vigueur (qu’elles soient thermiques et écologiques).</p> <h3><strong>Un enjeu de développement durable</strong></h3> <p>On le voit, le domaine de l'ingénierie climatique consiste à rechercher l’équilibre parfait entre le bien-être apporté aux occupants du bâtiment, la réalisation d’économies d’énergies et le plus grand respect des contraintes réglementaires et environnementales. Pour atteindre cet objectif, il convient de prendre en compte une grande variété de critères (isolation du logement, surface, habitudes de vie, nombre d’occupants…).&nbsp;</p> <p>En tant qu’expert dans le domaine du chauffage et de climatisation, nous sommes particulièrement sensibles aux enjeux environnementaux, c’est pourquoi nous tenons à vous proposer un matériel durable qui a un excellent rendement.</p> <h3><strong>Le génie climatique : une affaire d’expertise</strong></h3> <p>Puisque nous travaillons dans le domaine du génie climatique, nous sommes aussi en mesure de vous accompagner dans l’ensemble de vos projets de climatisation, chauffage, chauffage réversible, ventilation, pompe à chaleur et autre réfrigération. Notre entreprise intervient aussi bien auprès des particuliers que des professionnels.</p> <p>Avec SBF Énergies, il n’y a aucune surprise. En effet, nous vous informons de façon précise. Vous disposez de toutes les informations et documentations nécessaires pour faire votre choix. Qui plus est, outre le bon conseil et l’installation du matériel adapté à vos besoins, nous assurons également sa maintenance et son éventuel dépannage. Ainsi, en nous faisant confiance, vous faîtes le choix d’un service irréprochable et d’un suivi entièrement personnalisé.</p>"
    },
    {
      "title": "Les domaines d'intervention de SBF Énergie",
      "text": "<p>SBF Énergie intervient dans tout le département de la Savoie. Nous tenons à être le partenaire privilégié de votre confort thermique. C’est ainsi que nous assurons la maintenance, l’installation et le dépannage de votre climatisation, chauffe-eau thermodynamique et autre pompe à chaleur.</p> <h3><strong>Les énergies renouvelables</strong></h3> <p>Soucieux de vous proposer les dernières et meilleures technologies disponibles sur le marché, aussi nous nous sommes spécialisés dans l’installation et l’entretien de <a href=\"https://www.sbf-energies.com/equipements/pompe-a-chaleur\" style=\"text-decoration:none\">pompes à chaleur</a> et de chauffe-eaux thermodynamiques.&nbsp;</p> <p>C’est ainsi que de plus en plus de propriétaires choisissent de se tourner vers les pompes à chaleur car elles permettent une indépendance énergétiques vis-à-vis du fioul ou du gaz. En tant que spécialiste dans le génie climatique, notre entreprise est certifiée Qualipac RGE : à ce titre, vous pourrez profiter des nombreuses aides proposées par l’Etat et la région.</p> <p>Nous installons aussi bien des pompes à chaleur air/air que des pompes à chaleur air/eau (parfaites pour chauffer des piscines par exemple) et nous travaillons avec les meilleures marques (Mitsubishi, Daikin ou Atlantic, etc...).</p> <p>Quoi qu’il en soit, nous tenons à vous assurer une prestation à haute valeur ajoutée, c’est pourquoi nous nous déplaçons à votre domicile ou vos locaux professionnels pour vous proposer les solutions les plus adaptées à la configuration des lieux, vos besoins et votre budget.</p> <p>De même, nous installons des <a href=\"https://www.sbf-energies.com/equipements/chauffe-eau-thermodynamique\" style=\"text-decoration:none\">chauffe-eaux thermodynamiques</a>. Ces chauffe-eaux, de conception récente, permettent de récupérer les calories présentes dans l’eau ambiant afin de chauffer l’eau sanitaire. Ce type de chauffe-eau peut aussi bien être installé en neuf qu’en rénovation.</p> <h3><strong>La climatisation</strong></h3> <p>La <a href=\"https://www.sbf-energies.com/equipements/climatisation\" style=\"text-decoration:none\">climatisation</a> est particulièrement appréciée des particuliers et des professionnels car elle permet de ne pas souffrir des chaleurs caniculaires de la saison estivale. Longtemps considérée comme énergivore voire néfaste à l’environnement, la climatisation a depuis bien évolué. SBF Énergies, votre spécialiste en génie climatique sur Chambéry, saura vous proposer le matériel le plus adapté à votre chantier mais aussi le plus respectueux de l’environnement. Qui plus est, seule une pose réalisée dans les règles de l’art ainsi qu’une maintenance régulière vous garantit des performances optimales.</p> <p>Par ailleurs, notre entreprise ne vous propose pas seulement des climatisations produisant un air froid ; nous installons également des <a href=\"https://www.sbf-energies.com/equipements/climatisation/climatisation-reversible\" style=\"text-decoration:none\">climatisations réversibles</a> : ce type d’installation vous offre un confort supplémentaire car elle offre un complément de chauffage.</p> <p>Le génie climatique demande donc un certain nombre de connaissances et d’exigences que seul un expert professionnel tel que SBF Énergie est en mesure de vous proposer. Vous désirez en savoir plus sur nos prestations ? <a href=\"https://www.sbf-energies.com/nous-contacter\" style=\"text-decoration:none\">N’hésitez-pas à nous contacter</a>.</p>"
    }
  ]
}