{
  "breadcrumb": "Les avantages de la pompe à chaleur",
  "seo": {
    "title": "Quel entretien pour ma pompe à chaleur ?",
    "description": "Un entretien régulier vous garantit une pompe à chaleur performante, et ce, pour longtemps. Découvrez la nouvelle réglementation et nos conseils pour l’entretien de votre pompe à chaleur.",
    "opengraph": {
      "site_name": "",
      "type": "",
      "locale": "",
      "title": "",
      "description": "",
      "image": {
        "src": "",
        "alt": ""
      }
    }
  },
  "title": " Les avantages de la pompe à chaleur ",
  "chapo": "Découvrez la nouvelle réglementation et nos conseils pour l’entretien de votre pompe à chaleur.",
  "image": {
    "src": "/upload/files/5fb69d0122115543666329.jpg",
    "alt": "Les avantages de la pompe à chaleur"
  },
  "intro": "<p>Système de chauffage de plus de 5,7 millions de Français, la pompe à chaleur connaît un succès grandissant. Économique, écologique, et facile à mettre en œuvre pour la plupart des modèles, la pompe à chaleur peut chauffer de manière autonome le domicile et le réseau d’eau.</p> <p>Mais comment entretenir sa pompe à chaleur ? Comment garantir son rendement et sa durée de vie ? Quelles sont vos obligations ? SBF Energies, professionnel certifié répond à vos questions.</p>",
  "paragraphs": [
    {
      "title": "Comment fonctionne une pompe à chaleur ?",
      "text": "<p>De plus en plus de Français choisissent de changer leur chaudière pour une pompe à chaleur. Mais comment fonctionne une pompe à chaleur exactement ?</p> <p>Le principe est simple : <strong>elle récupère les calories présentes dans l’environnement</strong>, pour les transformer en énergie, qui viendra chauffer votre domicile. Il existe plusieurs types de pompes à chaleur selon la source d’énergie utilisée :</p> <p>&nbsp;</p> <h3>&nbsp;Les pompes à chaleur hybride air-eau :</h3> <p>Ce type de pompe à chaleur puise son énergie dans l’air extérieur, avant de la réinsuffler dans le système de chauffage du domicile et dans le système d’eau. C’est une installation qui a un bon rendement, et qui peut être installée de manière autonome dans les régions où les températures restent douces en hiver.</p> <hr> <p><strong>Bon à savoir !</strong></p> <p>L’installation d’une pompe à chaleur nécessite généralement peu de travaux, puisqu’elle peut <strong>se raccorder facilement à un système de chauffage traditionnel</strong>. En revanche, la pompe à chaleur n’est compatible qu’avec des radiateurs basse température, ou un sol chauffant.&nbsp;</p> <p>Des travaux peuvent alors être nécessaires pour changer les radiateurs. Pour optimiser les performances du système, il peut aussi être judicieux de renforcer l’isolation de votre domicile si la déperdition de chaleur est trop importante.<strong> Demandez conseil au professionnel chargé de l’installation.</strong></p> <hr>"
    },
    {
      "title": "Pourquoi l’entretien de ma pompe à chaleur est crucial ?",
      "text": "<p>L’installation d’une pompe à chaleur représente un budget, en moyenne 6 000 à 20 000 € selon le type de pompe. Bien qu’il y ait <strong>de nombreuses aides pour financer l’installation</strong>, et que les économies d’énergie vont vite rentabiliser l’achat, il serait dommage de perdre cet investissement par un mauvais entretien.</p> <p>Ainsi, un entretien régulier de la pompe à chaleur va <strong>allonger la durée de vie de votre système de chauffage. </strong>Un contrôle régulier permet de détecter rapidement d’éventuels dysfonctionnements, pour éviter que le système dans son ensemble ne soit endommagé. Bien sûr, un entretien régulier de la pompe à chaleur va aussi permettre de <strong>maintenir le rendement</strong> de l’appareil, pour un confort d’utilisation optimale. Enfin, l’entretien permet aussi d’optimiser les réglages pour consommer le moins d’énergie possible et conserver<a href=\"https://lesbonstuyaux.homeserve.fr/mode-chauffage-plus-economique\" style=\"text-decoration:none\" target=\"_blank\"> un mode de chauffage économique</a>.</p>"
    },
    {
      "title": "Comment entretenir ma pompe à chaleur ?",
      "text": "<p>En dehors de l’entretien à faire réaliser par un professionnel, il existe quelques bonnes habitudes à prendre pour chouchouter votre pompe à chaleur. Tout d’abord, si vous arrêtez la pompe pendant plusieurs semaines (si vous partez en vacances par exemple), pensez à <strong>recouvrir l’unité extérieure</strong> pour la protéger. Ensuite, les gestes à réaliser vont dépendre du type de pompe à chaleur.</p> <h3>Vous avez une pompe à chaleur hybride air-eau</h3> <p>Il faut vérifier régulièrement la pression du module hydraulique. Si elle est trop faible, il faudra effectuer <strong>un remplissage complémentaire</strong>. Là encore, il faut utiliser le même fluide caloporteur que celui d’origine. Le fluide doit aussi être changé tous les 5 ans.</p>"
    },
    {
      "title": "La nouvelle réglementation sur l’entretien des pompes à chaleur",
      "text": "<p>En dehors des vérifications et des petites opérations d’entretien que vous pouvez réaliser vous-même, <strong>un contrôle complet effectué par un professionnel est obligatoire</strong>. En effet,<a href=\"https://www.legifrance.gouv.fr/jorf/id/JORFTEXT000042164734?r=WlUiCF6Tea\" style=\"text-decoration:none\" target=\"_blank\"> le décret paru le 28 juillet 2020</a> fixe de nouvelles obligations pour les propriétaires de pompe à chaleur :</p> <ul>\n\t<li><strong>&nbsp;Les pompes à chaleur entre 4 KW et 70 KW doivent être contrôlées tous les deux ans.</strong></li>\n\t<li><strong>&nbsp;Les pompes à chaleur de plus de 70 KW doivent être contrôlées tous les cinq ans</strong></li>\n</ul> <p><br>\nLorsque le professionnel SBF Energies&nbsp;intervient sur votre pompe à chaleur, il doit vérifier des points spécifiques, précisés dans le texte de loi :</p> <p>· &nbsp; <strong>&nbsp; &nbsp; Analyser le système dans l’ensemble, à la recherche d’éventuelles anomalies ou dysfonctionnements ;</strong></p> <p><strong>· &nbsp; &nbsp; &nbsp; Nettoyer le système dans son ensemble si nécessaire ;</strong></p> <p><strong>· &nbsp; &nbsp; &nbsp; Inspecter&nbsp;ensuite l’étanchéité des pièces contenants le fluide frigorigène, pour s’assurer qu’il n’y ait pas de fuite ;</strong></p> <p><strong>·&nbsp; &nbsp; &nbsp; &nbsp;Contrôler la performance énergétique du système, et optimiser les réglages si besoin.</strong></p> <p>Le texte de loi stipule également que le professionnel chargé de l’entretien de votre pompe à chaleur doit tenir un rôle de conseil. En faisant confiance à nos techniciens agréés SBF Energies, vous avez la garantie d'un service de qualité. Nous serons ravis de répondre à toutes vos questions, et de&nbsp;vous conseiller sur les possibles optimisations de votre&nbsp;système.&nbsp;</p> <hr> <p><strong>Le saviez-vous ?</strong></p> <p>Pour l’installation d’une pompe à chaleur, vous pouvez bénéficier des aides à la rénovation énergétique mise en place par le gouvernement comme MaPrimeRenov’ ou le Coup de Pouce chauffage par exemple. Un <a href=\"https://www.faire.gouv.fr/aides-de-financement/simulaides\" target=\"_blank\">simulateur<strong>&nbsp;</strong>en ligne</a> vous permet de calculer quel montant de prime vous pourrez avoir accès.</p> <hr>"
    },
    {
      "title": "Qui contacter pour l’entretien de ma pompe à chaleur ?",
      "text": "<p>Pour réaliser l’entretien de votre pompe à chaleur, vous devez faire appel à un professionnel agréé détenant une attestation de capacité<strong>.</strong> A l’issue du contrôle, il devra vous remettre un rapport qui stipule que le contrôle a bien eu lieu, et qui dresse le compte rendu de cette intervention. <strong>Gardez ce document précieusement</strong>, c’est lui qui fait foi en cas de sinistre auprès de votre assurance. Vous habitez en Savoie, à <strong><a href=\"https://www.sbf-energies.com/chauffagiste-frigoriste-aix-les-bains\" title=\"Chauffagiste Frigoriste Aix Les Bains\">Aix-les-Bains</a>, <a href=\"https://www.sbf-energies.com/chauffagiste-frigoriste-rumilly\" title=\"Chauffagiste Frigoriste Rumilly\">Rumilly</a>, <a href=\"https://www.sbf-energies.com/chauffagiste-frigoriste-la-motte-servolex\" title=\"Chauffagiste Frigoriste La Motte Servolex\">La Motte-Servolex</a>, <a href=\"https://www.sbf-energies.com/chauffagiste-frigoriste-la-ravoire\" title=\"Chauffagiste Frigoriste La Ravoire\">La Ravoire</a> ou encore <a href=\"https://www.sbf-energies.com/chauffagiste-frigoriste-pontcharra\" title=\"Chauffagiste Frigoriste Pontcharra\">Pontcharra</a></strong>&nbsp;? Faites confiance à SBF Energies pour réaliser votre entretien de pompe à chaleur. Nos équipes proches de chez vous répondent à l'ensemble de ces obligations et interviendront chez vous dans le plus grand respect de ces dernières.</p> <p>Pour être serein sur l’entretien de votre pompe à chaleur, vous pouvez souscrire&nbsp;un <strong>contrat de maintenance</strong>. En souscrivant un contrat, nos équipes interviendront&nbsp;à votre domicile chaque année pour faire le contrôle de votre installation. À noter que nos contrats d'entretien peuvent&nbsp;inclure&nbsp;le dépannage, ce qui peut être très pratique pour bénéficier d’une intervention rapide en cas de panne. Vous souhaitez&nbsp;souscrire un contrat d'entretien ? <a href=\"https://www.sbf-energies.com/nous-contacter?type=2&amp;categorie=heat_pump\">Contactez-nous</a>&nbsp;!</p>"
    }
  ]
}