{
  "breadcrumb": "Les pompes à chaleur : notre comparatif pour choisir la meilleure",
  "seo": {
    "title": "Comparatif pour choisir une pompe à chaleur",
    "description": "SBF Energies a réalisé un comparatif des pompes à chaleur existantes sur le marché pour vous aider à choisir la meilleure.",
    "opengraph": {
      "site_name": "",
      "type": "",
      "locale": "",
      "title": "",
      "description": "",
      "image": {
        "src": "",
        "alt": ""
      }
    }
  },
  "title": " Les pompes à chaleur : notre comparatif pour choisir la meilleure ",
  "chapo": "SBF Energies vous aide à choisir la meilleure pompe à chaleur.",
  "image": {
    "src": "/upload/files/5f75f2a88476c880072976.jpg",
    "alt": "Les pompes à chaleur : notre comparatif pour choisir la meilleure"
  },
  "intro": "<p>Une <a href=\"https://www.sbf-energies.com/equipements/pompe-a-chaleur\" target=\"_self\">pompe à chaleur</a> est un dispositif qui permet de chauffer une maison grâce à <strong>une énergie propre, renouvelable et gratuite</strong>. Elle fonctionne en captant l’énergie contenue dans l’air, dans l’eau ou dans la terre pour la transformer en une source de chaleur suffisante pour chauffer une habitation. Cependant, le choix de votre pompe à chaleur peut s’avérer assez difficile. C’est pour vous aider à le faire que nous votre équipe SBF Energies présente à Chambéry et dans toute la Savoie vous&nbsp;propose&nbsp;ce comparatif des pompes à chaleur dans lequel vous retrouvez de nombreuses informations qui vous aideront à faire votre choix.</p>",
  "paragraphs": [
    {
      "title": "Les différents types de pompes à chaleur notre comparatif",
      "text": "<p>Avant d’aller plus loin dans notre comparatif des pompes à chaleur, il est important de savoir quel type de pompe à chaleur vous devez choisir. Il en existe en effet de trois sortes qui disposent toutes de caractéristiques bien distinctes. Voici donc ce qu’elles permettent.</p> <p>&nbsp;<br>\n&nbsp;</p> <h3>Pompe à chaleur air-eau</h3> <p>Le premier modèle présenté dans ce comparatif de pompes à chaleur permet de<strong> transformer l’énergie présente dans l’air pour obtenir de l’eau chaude ou pour alimenter un système de chauffage</strong>. Elle est très simple à installer et peut tout à fait se substituer à une chaudière thermique. Cependant, ses performances peuvent être réduites lorsque la température extérieure est particulièrement basse.</p> <h3>Pompe à chaleur air-air</h3> <p>C’est un dispositif très intéressant qu’on retrouve bien évidemment dans ce pompe à chaleur comparatif.</p> <p><strong>Il parvient à capter l’énergie contenue dans l’air ambiant pour rejeter de l’air chaud.</strong> C’est un dispositif qui est également assainissant et réversible, puisqu’il peut être utilisé comme climatiseur en été. Cependant, tout comme la pompe à chaleur air-eau,<a href=\"https://www.sbf-energies.com/equipements/pompe-a-chaleur/pac-reversible\" target=\"_self\"> la pompe à chaleur air-air (ou pac réversible)</a> n’est pas très efficace lorsque la température extérieure est très faible.</p> <h3>Pompe à chaleur eau-eau</h3> <p>Nous ne pouvions pas poursuivre ce comparatif des pompes à chaleur sans parler du modèle eau-eau. Ce dernier permet en effet d’apporter de la chaleur, quelle que soit la température extérieure. <strong>Il</strong> <strong>puise généralement de l’énergie dans les nappes phréatiques,</strong> mais aussi parfois dans les cours d’eau, pour la transformer en eau chaude. Cependant, puisqu’il faut réaliser des travaux de forage, le prix de son installation est assez élevé.</p>"
    },
    {
      "title": "Pompe à chaleur notre comparatif : les critères d’achat",
      "text": "<p>Afin de choisir le type de pompe à chaleur convenant le mieux à vos besoins, vous devez vous intéresser à plusieurs critères que nous vous présentons dans ce comparatif de pompes à chaleur. Voici ceux que vous devez absolument prendre en compte.</p> <h3>Votre type de logement</h3> <p><strong>Si vous souhaitez remplacer votre chaudière par un système de pompe à chaleur</strong>, la solution la plus simple est d’opter pour un modèle air-eau. Cependant, si vous faites construire un nouveau logement, vous pouvez plus facilement choisir parmi les différents modèles proposés dans ce comparatif des pompes à chaleur.</p> <h3>Le volume sonore</h3> <p>Le<strong> volume sonore d’une pompe à chaleur </strong>varie d’un modèle à l’autre. Cependant, en règle générale, il est inférieur à 22 décibels pour une pompe destinée à être installée en intérieur alors qu’il doit être situé entre 45 et 65 décibels pour une unité extérieure. Pour éviter tout désagrément, pensez à bien vérifier le volume sonore d’une pompe à chaleur en consultant ses données techniques avant de passer à l’achat. Vous pouvez également vous assurer qu’elle dispose bien de la norme NF ou Eurovent.</p> <h3>Le coefficient de performance</h3> <p>Le <strong>coefficient de performance </strong>est un élément essentiel dans notre comparatif de pompes à chaleur puisqu’il représente l’efficacité de votre installation. En effet, il s’agit tout simplement du rapport entre les quantités d’énergie produites et consommées. Pour qu’une pompe à chaleur soit éligible pour le crédit d’impôt, ce coefficient de performance doit être au moins de 3. Cela signifie que votre pompe à chaleur doit produire au moins 3 kWh pour chaque kWh consommé.</p> <h3>Son impact écologique</h3> <p>Lorsque vous <a href=\"https://www.sbf-energies.com/installation/pompe-a-chaleur\" target=\"_self\">installez une pompe à chaleur</a>, vous devez vous assurer qu’elle <strong>dispose d’un impact positif sur l’environnement,</strong> mais aussi qu’elle vous permette vraiment d’économiser de l’énergie. Cela dépend avant tout du type de pompe à chaleur que vous choisissez. En effet, si les modèles les plus récents sont parfaits pour l’écologie, ce n’est pas le cas des modèles les plus anciens, qui relâchent des gaz à effet de serre. En outre, vous devez bien garder à l’esprit qu’une pompe à chaleur consomme tout de même de l’électricité et que dans les régions les plus froides, elle pourrait ne pas suffire pour vos besoins en chauffage.</p> <h3>Pompe à chaleur comparatif : choisir le bon prestataire</h3> <p><a href=\"https://www.sbf-energies.com/installation/pompe-a-chaleur\" target=\"_self\">L’installation d’une pompe à chaleur </a>est quelque chose qui nécessite des travaux importants et vous devrez sans aucun doute passer par une entreprise qui se chargera de son installation. Cependant, si vous devez choisir une pompe à chaleur performante, vous devez aussi vous assurer qu’elle soit bien installée. Pour cela, vous devez vous tourner vers une entreprise fiable et performante. C’est notamment le cas de SBF Énergies. Nous sommes <a href=\"https://www.sbf-energies.com/\" target=\"_self\">chauffagistes en Savoie, dans la ville de Chambéry</a> et nous proposons toutes les prestations relatives au chauffage et à la <a href=\"https://www.sbf-energies.com/equipements/climatisation\" target=\"_self\">climatisation</a>. Bien évidemment, c’est une entreprise qui dispose de tous les atouts nécessaires pour parfaitement vous conseiller dans le choix de votre pompe à chaleur et qui saura parfaitement vous l’installer.</p>"
    },
    {
      "title": "En conclusion",
      "text": "<p>Dans ce<strong> comparatif des pompes à chaleur,</strong> vous avez pu découvrir tout ce que vous avez besoin de savoir avant de choisir votre pompe à chaleur. Vous connaissez donc les principaux types de pompes à chaleur, ainsi que leurs différents avantages.&nbsp;</p>"
    }
  ]
}