{
  "breadcrumb": "Les avantages du chauffage réversible",
  "seo": {
    "title": "Les avantages du chauffage réversible",
    "description": "L’achat d’un chauffage réversible à chambéry est amorti par le fait d’atteindre des performances énergétiques inégalées en mode chauffage, et d’avoir un seul appareil au lieu de deux.",
    "opengraph": {
      "site_name": "",
      "type": "",
      "locale": "",
      "title": "",
      "description": "",
      "image": {
        "src": "",
        "alt": ""
      }
    }
  },
  "title": " Les avantages du chauffage réversible ",
  "chapo": "Des performances énergétiques inégalées avec un seul appareil.",
  "image": {
    "src": "/upload/files/5ebd3bc84cd48140454798.jpg",
    "alt": "Les avantages du chauffage réversible"
  },
  "intro": "",
  "paragraphs": [
    {
      "title": "UN SYSTÈME DE CHAUFFAGE MOINS GOURMANT, PLUS PERFORMANT",
      "text": "<p>L’achat d’un chauffage réversible est amorti par le fait d’atteindre des performances énergétiques inégalées en mode chauffage, et d’avoir un seul appareil au lieu de deux.</p>"
    },
    {
      "title": "RÉALISER DES ÉCONOMIES D'ÉNERGIE",
      "text": "<p>Même lorsqu’il fait froid, l’air extérieur contient des calories. Le chauffage réversible est une pompe à chaleur qui va puiser des calories dans l’air extérieur avec un bénéfice environnemental très élevé. Un chauffage réversible performant peut ainsi transmettre jusqu’à 550% de la quantité d’électricité qu’il consomme sous forme de chaleur, alors qu'un radiateur électrique reste limité à 100%.</p> <p>&nbsp;</p> <p>Remplacer une chaudière à gaz ou fioul par un système de chauffage réversible réduit l’impact de l’habitation sur l’environnement, à tous les niveaux (consommation d’énergie, utilisation d’énergie fossile, émissions de gaz à effet de serre, etc.).</p>"
    },
    {
      "title": "UNE FACTURE DE CHAUFFAGE RÉDUITE",
      "text": "<p>Une étude comparative sur les coûts de l’énergie, réalisée en 20134 sur une maison de 100m² située dans le Rhône (construction RT2005), a montré que la facture annuelle en chauffage pouvait fortement varier en fonction de la solution utilisée. Ainsi et en optant pour un matériel de qualité, vous faîtes un achat durable avec une rentabilité maximale. À noter que la durée de vie de l’appareil est étroitement liée à sa qualité de fabrication.</p>"
    },
    {
      "title": "EXEMPLE DE FACTURE ANNUELLE EN FONCTION DE VOTRE EQUIPEMENT DE CHAUFFAGE ",
      "text": "<p>Chauffage réversible (pompe à chaleur Air/Air) : 500€<br>\nGaz naturel : 1 030€<br>\nFioul : 1 401 €<br>\nElectricité : 1 750 €<br>\nGPL : 2 015 €</p>"
    }
  ]
}