{
  "breadcrumb": "MaPrimeRenov', l'aide à la rénovation énergétique",
  "seo": {
    "title": "MaPrimeRenov' et la rénovation énergétique",
    "description": "Découvrez l'aide à la rénovation énergétique de votre logement, MaPrimeRenov'",
    "opengraph": {
      "site_name": "",
      "type": "",
      "locale": "",
      "title": "",
      "description": "",
      "image": {
        "src": "",
        "alt": ""
      }
    }
  },
  "title": " MaPrimeRenov', l'aide à la rénovation énergétique ",
  "chapo": "SBF revient sur le dispositif MaPrimeRenov', l'aide de l'Anah.",
  "image": {
    "src": "/upload/files/5f969cde23e1f509685958.jpg",
    "alt": "MaPrimeRenov', l'aide à la rénovation énergétique"
  },
  "intro": "",
  "paragraphs": [
    {
      "title": "Qu'est-ce que MaPrimeRenov'?",
      "text": "<p>Depuis le 1er&nbsp; Janvier 2020, le dispositif d'aide à la rénovation énergétique <a href=\"https://www.maprimerenov.gouv.fr/\" target=\"_blank\" rel=\"noopener\"><strong>MaPrimeRénov'</strong></a> remplace le&nbsp;<a href=\"https://www.economie.gouv.fr/particuliers/credit-impot-transition-energetique-cite\" target=\"_blank\" rel=\"noopener\">crédit d’impôt pour la transition énergétique (CITE)</a>&nbsp;et les aides de l’<a title=\"« anah.fr » dans une nouvelle fenêtre\" href=\"https://www.anah.fr/\" target=\"_blank\" rel=\"noopener noreferrer\">Agence nationale de l’Habitat (Anah)</a>&nbsp;«&nbsp;Habiter mieux agilité&nbsp;».&nbsp; L'aide MaPrimeRenov' a été&nbsp;renforcée au mois d'octobre 2020 dans le cadre du&nbsp;<a href=\"https://www.economie.gouv.fr/plan-de-relance\" target=\"_blank\" rel=\"noopener\">Plan de relance de l'économie</a><strong>.&nbsp;</strong></p> <p>Ce dispositif vous permet de financer vos travaux de d'<strong>audit énergétique</strong>, de&nbsp;<strong>ventilation</strong>, de&nbsp;<strong><a href=\"/installation/pompe-a-chaleur\" target=\"_self\">chauffage</a>&nbsp;</strong>et d'<strong>isolation</strong>&nbsp;que vous viviez en appartement ou maison.</p> <p>Pour simplifier et accélérer vos recherches et démarches, le ministère de l'écologie a mis un place un&nbsp;<a href=\"https://www.faire.gouv.fr/aides-de-financement/simulaides\" target=\"_blank\" rel=\"noopener\">simulateur anonyme et gratuit en ligne&nbsp;</a>&nbsp;qui vous permet de connaître à quel niveau d'aide&nbsp;vous pourrez bénéficier. Pour ce faire, il faudra&nbsp;vous munir des&nbsp;<strong>caractéristiques de votre logement&nbsp;</strong>( surface,année de construction...),&nbsp;<strong>des devis d'entreprise&nbsp;</strong>ainsi que de votre dernière feuille&nbsp;d'imposition sur laquelle vous trouverez votre&nbsp;<strong>Revenu Fiscal de Référence (RFR)</strong>&nbsp;pour être en mesure de renseigner le simulateur en ligne.</p> <p>Le montant de la prime est forfaitaire et calculé<strong> en fonction du gain énergétique</strong> obtenu à la suite des travaux de rénovation énergétique réalisés, du nombre de résidents de votre bien ( qui composent le foyer fiscal), et de votre revenu fiscal de référence (que vous pouvez trouver sur votre dernière feuille d'imposition).</p> <hr>"
    },
    {
      "title": "MaPrimeRenov' cumulable avec les CEE (Certificats d'Economie d'Energie)",
      "text": "<p>Le plus grand changement du renforcement du dispositif <strong>mis en place au 1er octobre 2020</strong> concerne particulièrement <strong>le mode de distribution</strong> de cette prime énergétique. MaPrimeRenov' est désormais <strong>accessible à l'ensemble des propriétaires de maisons ou appartements </strong>qu'ils soient résidents ou bailleurs de leur bien principal, ainsi qu'à <strong>l'ensemble des copropriétaires</strong> dans le cadre de travaux de rénovation des parties communes.</p> <p>Un barème définit les plafonds de ressources en fonction de <strong>quatre catégories de couleurs différentes </strong>correspondant à quatre niveaux de revenus différents allant des ménages les plus modestes aux ménages les plus aisés (MaPrimeRenov'Bleu, MaPrimeRenov'Jaune, MaPrimeRenov'Violet, MaPrimeRenov'Rose et MaPrimeRenov'Copropriété).</p> <p>Selon l'efficacité énergétique des travaux réalisés et votre position dans le barème MaPrimeRenov', vous pourrez bénéficier de certains bonus comme le<strong> Bonue Sortie de Passoire</strong> (dans la mesure où vos travaux ont permis à votre logement de sortir&nbsp;de l'état de passoire thermique) ou encore le<strong> Bonus Bâtiment Basse Consommation </strong>(BBC) si vos travaux ont permis à votre bien d'accéder à une meilleure étiquette énergie. En fonction de votre profil, le dispositif MaPrimeRenov' peut être cumulable avec d'autres aides à la rénovation énergétique mises en place par le gouvernement comme par exemple la prime <strong>Coup de Pouce Chauffage (CEE).</strong></p> <ul>\n<li>Par exemple, <a href=\"/installation/pompe-a-chaleur\">pour l'installation&nbsp;d'une pompe à chaleur par SBF Energies</a>, vous pourrez bénéficier de la prime Coup de Pouce Chauffage à hauteur de 2 500 euros minimum (pour les ménages classiques) et à hauteur de 4 000 euros (pour les ménages plus modestes).&nbsp; Vous pourrez bénéficier de 4 000 euros maximum<strong>* </strong>grâce à MaPrimeRenov' pour l'installation d'une pompe à chaleur air/eau. Ces deux sommes sont cumulables, ce qui vous permettra de réaliser de belles économies sur le coût total de vos travaux de rénovation énergétique.</li>\n</ul> <p><a href=\"../../conseils-et-actualites/coup-de-pouce-economies-denergie\" target=\"_blank\" rel=\"noopener\">Plus d'infos sur notre article sur la prime \"Coup de pouce économies d'énergie\"</a>.</p> <hr>"
    },
    {
      "title": "SBF Energies, un professionnel qualifié RGE (Reconnu Garant de l'Environnement)",
      "text": "<p>En tant que prestataire<strong> Reconnu Garant de l'Environnement par l'Etat</strong>, chez SBF Energies nous saurons&nbsp;vous conseiller sur vos travaux de rénovation énergétique&nbsp;pour vous permettre de profiter d'une nouvelle solution de chauffage moins polluante qui vous permettra de réaliser des économies d'énergies significatives, pour un confort optimal à <a href=\"https://www.sbf-energies.com/chauffagiste-frigoriste-chambery\" title=\"Chauffagiste Frigoriste Chambery\">Chambéry</a> et dans toute la Savoie.</p> <p>Nos professionnels SBF Energies ont&nbsp;choisi pour vous des<strong>&nbsp;marques d'équipements de chauffage p</strong><strong>lus&nbsp;respectueuses de l'environnement,</strong> en accord avec des valeurs importantes de développement durable pour vous permettre d'accéder à un confort plus vert. <strong><a href=\"https://confort.mitsubishielectric.fr/particulier\" target=\"_blank\" rel=\"noopener\">Mitsubishi Electric</a> </strong>et<strong> <a href=\"https://www.daikin.fr/fr_FR/clients-utilisateurs.html?src=900_0&amp;utm_source=900_0&amp;utm_medium=SEA_CPC&amp;utm_campaign=[GOOGLE]_[B]&amp;gclid=CjwKCAiA4o79BRBvEiwAjteoYMtgWkT6wsmHDSzEcxpIpnox2eELMHUmSuIqBNxgCwCw8kllYk52lBoCQAoQAvD_BwE\" target=\"_blank\" rel=\"noopener\">Daikin</a></strong> oeuvrent chaque jour pour la préservation de l'environnement et vous proposent des équipements de pompe à chaleur et climatisations qui correspondent à votre logement&nbsp;et à vos besoins.</p> <p>Nos techniciens spécialisés SBF Energies se déplacent directement chez vous à Chambéry, <a href=\"https://www.sbf-energies.com/chauffagiste-frigoriste-aix-les-bains\" title=\"Chauffagiste Frigoriste Aix Les Bains\">Aix-les-Bains</a>, Albertville, <a href=\"https://www.sbf-energies.com/chauffagiste-frigoriste-la-motte-servolex\" title=\"Chauffagiste Frigoriste La Motte Servolex\">La Motte-Servolex</a>, <a href=\"https://www.sbf-energies.com/chauffagiste-frigoriste-la-ravoire\" title=\"Chauffagiste Frigoriste La Ravoire\">La Ravoire</a> ou encore Saint-Jean-de-Maurienne pour réaliser l'installation de <a href=\"/equipements/pompe-a-chaleur/pac-reversible\" target=\"_self\">l'équipement de chauffage</a>&nbsp;économique et plus respectueux de l'environnement&nbsp;qui vous fera réaliser des économies sur vos consommations et vos factures.</p> <p>N'hésitez pas à <a href=\"/nous-contacter\" target=\"_self\">nous contacter</a>&nbsp;pour obtenir plus d'informations, nous répondrons avec plaisir à vos questions pour vous accompagner au mieux dans la rénovation énergétique de votre logement.</p> <hr> <p><strong>*tarifs applicables selon conditions de revenus, cet exemple correspond&nbsp;à un ménage bénéficiant du forfait&nbsp;MaPrimeRenov'Bleu.&nbsp;De plus, ces tarif correspondent à des&nbsp;montants prévisionnels et sont applicables sous réserve de l'acceptation de l'autorité.</strong></p>"
    }
  ]
}