{
  "breadcrumb": "Meilleurs voeux pour 2021",
  "seo": {
    "title": "Meilleurs voeux pour 2021",
    "description": "Découvrez les engagements de l'ensemble des collaborateurs SBF Energies pour 2021",
    "opengraph": {
      "site_name": "",
      "type": "",
      "locale": "",
      "title": "",
      "description": "",
      "image": {
        "src": "",
        "alt": ""
      }
    }
  },
  "title": " Meilleurs voeux pour 2021 ",
  "chapo": "Votre équipe SBF Energies vous accompagne vers une chaleur plus verte pour 2021.",
  "image": {
    "src": "/upload/files/5ff5eaa937a47022400220.jpg",
    "alt": "Meilleurs voeux pour 2021"
  },
  "intro": "<h3><strong>L’ensemble de notre équipe&nbsp; et de nos techniciens SBF Energies vous adresse ses meilleurs voeux pour 2021 !</strong></h3> <p>&nbsp;</p> <p>Malgré le contexte de crise sanitaire qui a complexifié notre activité, en 2020 nos équipes de techniciens ont su s’adapter et s’organiser pour continuer à<a href=\"/depannage\" target=\"_self\"> dépanner</a>, <a href=\"/installation\" target=\"_self\">installer</a> et <a href=\"/entretien\" target=\"_self\">entretenir</a> votre solution de chauffage directement à votre domicile en <strong>Savoie </strong>comme à<strong> <a href=\"https://www.sbf-energies.com/chauffagiste-frigoriste-chambery\" title=\"Chauffagiste Frigoriste Chambery\">Chambéry</a>, <a href=\"https://www.sbf-energies.com/chauffagiste-frigoriste-aix-les-bains\" title=\"Chauffagiste Frigoriste Aix Les Bains\">Aix-les-Bains</a>, Albertville ou encore <a href=\"https://www.sbf-energies.com/chauffagiste-frigoriste-la-motte-servolex\" title=\"Chauffagiste Frigoriste La Motte Servolex\">La Motte-Servolex</a>,</strong> tout en respectant le port du masque et les gestes barrières pour se protéger et protéger nos clients.</p> <p>Nous souhaitons vous dire merci pour cette grande confiance que vous avez su nous accorder en dépit de la situation de crise sanitaire mondiale. Nos professionnels SBF Energies continueront en 2021, de vous permettre de profiter d’un confort optimal tout au long de l’année grâce à nos solutions de chauffage écologiques et économiques.</p> <p>&nbsp;</p> <p>Notre entreprise SBF Energies a reçue les qualifications QualiPAC et QualiClimaFroid et nous vous accompagnerons avec plaisir dans l’ensemble de vos démarches concernant votre solution de chauffage.</p> <p><strong>Vous avez besoin d’un conseil ?</strong> N’hésitez pas à <a href=\"/nous-contacter\" target=\"_self\">nous contacter</a>, nos professionnels SBF Energies certifiés RGE ( Reconnu Garant de l’Environnement) vous guideront pour vous permettre de choisir la solution de chauffage à énergie renouvelable la plus adaptée à votre logement ainsi qu’à vos besoins.</p> <p>&nbsp;</p>",
  "paragraphs": []
}