{
  "breadcrumb": "Offre spéciale climatisation Mitsubishi en Savoie, dès 1800€ !",
  "seo": {
    "title": "Climatisation Mitsubishi à partir de 1800€ en Savoie !",
    "description": "SBF Energies propose une offre spéciale clim Mitsubishi à partir de 1800€, pose incluse. Découvrez nos trois gammes (Essentiel, AY, EF) et trouvez la solution adaptée à votre budget et à vos envies.\n",
    "opengraph": {
      "site_name": "",
      "type": "",
      "locale": "",
      "title": "",
      "description": "",
      "image": {
        "src": "",
        "alt": ""
      }
    }
  },
  "title": " Offre spéciale climatisation Mitsubishi en Savoie, dès 1800€ ! ",
  "chapo": "Equipez-vous à moindre coût avec nos climatiseurs Mitsubishi à Chambéry, Aix-les-Bains, Annecy\n",
  "image": {
    "src": "/upload/files/sbf-energies-article-offre-climatisation-2025-456x334-cd0d009fef.jpg",
    "alt": "Offre spéciale climatisation Mitsubishi en Savoie, dès 1800€ !"
  },
  "intro": "<p>Le changement climatique n’épargne personne. Même dans des zones autrefois épargnées, les <strong>périodes de fortes chaleurs</strong> se multiplient. Pour de nombreux foyers, vivre sans clim devient difficile, surtout dans les <strong>appartements mal ventilés ou les maisons exposées plein sud</strong>.</p> <p>Avec une climatisation bien choisie, vous gagnez en confort thermique, en qualité de sommeil et même en productivité — un vrai plus pour les télétravailleurs !</p> <h3>Le bon réflexe : la clim réversible pour toute l’année</h3> <p>Les <strong>climatiseurs Mitsubishi proposés par SBF Energies</strong> sont tous <strong>réversibles</strong>, c’est-à-dire qu’ils <strong>chauffent aussi en hiver</strong>. C’est une solution deux-en-un économique et pratique, notamment pour <strong>les intersaisons</strong>, ou dans les pièces mal chauffées par les installations traditionnelles.</p>",
  "paragraphs": []
}