{
  "breadcrumb": "Panneaux solaires : les 7 facteurs qui affectent leur rentabilité",
  "seo": {
    "title": "Panneaux solaires : les 7 facteurs qui affectent leur rentabilité",
    "description": "Les panneaux solaires en autoconsommation explosent en Savoie. Quels sont les 7 facteurs clés pour une rentabilité optimale ? Économisez sur votre facture et passez au photovoltaïque !",
    "opengraph": {
      "site_name": "",
      "type": "",
      "locale": "",
      "title": "",
      "description": "",
      "image": {
        "src": "",
        "alt": ""
      }
    }
  },
  "title": " Panneaux solaires : les 7 facteurs qui affectent leur rentabilité ",
  "chapo": "Ensoleillement, consommation, technologies, ... : qu'est-ce qui augmente la rentabilité des panneaux photovoltaïque ?",
  "image": {
    "src": "/upload/files/sbf-energies-article-rentabilite-photovoltaique-456x334-1c94ccc108.jpg",
    "alt": "Panneaux solaires : les 7 facteurs qui affectent leur rentabilité"
  },
  "intro": "<p>Les panneaux photovoltaïques connaissent un essor certain dans toute la France, y compris en Savoie. Au deuxième trimestre 2023, Enedis a enregistré une hausse de 77% du nombre d'installations solaires en autoconsommation par rapport à l'année 2022.&nbsp;Au-delà de faire des économies sur leur facture, c'est aussi l'intention écologique qui anime les particuliers sur tout le territoire.</p> <p>Dans un contexte de crise climatique, nombreux sont ceux qui décident de passer aux énergies vertes, notamment en installant des panneaux photovoltaïque pour produire leur électricité.&nbsp;Mais avant de choisir et d'installer vos panneaux solaires, il convient de bien en connaître le rendement pour pouvoir atteindre leur rentabilité rapidement. Sept facteurs principaux peuvent influencer la rentabilité des panneaux photovoltaïques.</p>",
  "paragraphs": [
    {
      "title": "1. L'ensoleillement",
      "text": "<p>Plus un toit reçoit de soleil, plus les panneaux solaires produiront d'électricité. Le temps d'ensoleillement est donc un facteur crucial à prendre en compte lors de l'évaluation de la rentabilité d'une installation.</p> <h3>L'influence de la localisation géographique</h3> <p>La <strong>localisation géographique</strong> joue naturellement un rôle important dans la détermination de l'ensoleillement. Les régions ensoleillées, comme le sud de la France, profiteront d'une production d'électricité solaire plus importante que les régions du nord, moins exposées au soleil.</p> <strong>localisation géographique</strong> <p>Il est cependant important de souligner que les panneaux photovoltaïques sont capables de produire de l'électricité par temps couvert et pluvieux, même si leur productivité sera moindre.</p> <h3>L'orientation du toit, un élément à optimiser</h3> <p>Outre la localisation, <strong>l'orientation du toit</strong> est également un facteur déterminant. Un toit orienté plein sud captera un maximum de rayons solaires tout au long de la journée, optimisant ainsi la production d'électricité.</p> <strong>l'orientation du toit</strong> <h3>Des outils pour évaluer le potentiel solaire de sa toiture</h3> <p>De nombreux outils en ligne permettent d'estimer l'ensoleillement potentiel chez vous. En Savoie, le Département a mis en place <a title=\"Cadastre solaire Savoie\" href=\"https://www.savoie.fr/web/sw_99085/des-toits-qui-rapportent-de-l-or\" target=\"_blank\" rel=\"noopener\">son cadastre solaire</a>. Cet outil prend en compte la localisation géographique, l'orientation du toit et l'ombrage environnant pour fournir une évaluation précise du <strong>potentiel solaire de votre maison</strong>.</p> <a title=\"Cadastre solaire Savoie\" href=\"https://www.savoie.fr/web/sw_99085/des-toits-qui-rapportent-de-l-or\" target=\"_blank\" rel=\"noopener\">son cadastre solaire</a> <strong>potentiel solaire de votre maison</strong>"
    },
    {
      "title": "2. Le rendement des panneaux",
      "text": "<p>Le rendement d'un panneau solaire correspond à la quantité d'énergie solaire qu'il convertit en électricité. Exprimé en pourcentage, il varie généralement entre 15% et 23% pour les panneaux les plus courants. Plus le rendement est élevé, plus le panneau produit d'électricité par unité de surface.</p> <h3>Le rendement dépend du type de cellule</h3> <p>Il existe plusieurs types de cellules photovoltaïques : les celulles à silicium amorphe, polycristallines ou monocristallines. Les <a title=\"Les technologies photovoltaïques\" href=\"https://www.sbf-energies.com/equipements/panneaux-photovoltaiques\">panneaux photovoltaïques monocristallins</a> offrent les rendements les plus élevés. Par exemple, les cellules monocristallines du FLASH 500 Half-Cut Glass-Glass de notre offre de base Sol&amp;Go ont ainsi un rendement de <a title=\"Rendement panneaux solaires\" href=\"https://academy.dualsun.com/hc/fr/articles/6753194446236-Quelles-sont-les-caract%C3%A9ristiques-du-panneau-FLASH-500-Half-Cut-Glass-Glass#:~:text=Quel%20est%20le%20rendement%20des,rendement%20de%2023%2C0%25.\" target=\"_blank\" rel=\"noopener\"><strong>23,0%</strong></a><strong>.</strong></p> <a title=\"Les technologies photovoltaïques\" href=\"https://www.sbf-energies.com/equipements/panneaux-photovoltaiques\">panneaux photovoltaïques monocristallins</a> <a title=\"Rendement panneaux solaires\" href=\"https://academy.dualsun.com/hc/fr/articles/6753194446236-Quelles-sont-les-caract%C3%A9ristiques-du-panneau-FLASH-500-Half-Cut-Glass-Glass#:~:text=Quel%20est%20le%20rendement%20des,rendement%20de%2023%2C0%25.\" target=\"_blank\" rel=\"noopener\"><strong>23,0%</strong></a> <strong>23,0%</strong> <strong>.</strong> <h3>Choisir le panneau adapté à ses besoins</h3> <p>Le choix du type de panneau dépend de plusieurs facteurs, tels que le budget, l'espace disponible et les besoins en énergie. Pour optimiser la rentabilité, il est important de trouver le bon équilibre entre rendement et coût.</p> <h3>Améliorer le rendement par une installation optimale</h3> <p>Outre le choix des panneaux, l'installation joue aussi un rôle important dans le rendement de votre installation photovoltaïque. Une orientation et une inclinaison optimales des panneaux, ainsi qu'une maintenance régulière, permettent de maximiser la production d'électricité.</p>"
    },
    {
      "title": "3. Le coût de l'installation",
      "text": "<p>Le coût d'une installation solaire représente un investissement initial qui peut être important. Il doit être comparé aux économies d'électricité générées par les panneaux sur la durée de vie de l'installation (30 à 40 ans) pour l'évaluation de la rentabilité de votre projet photovoltaïque.</p> <p>Le coût initial de votre projet comprend plusieurs éléments :</p> <ul>\n<li><strong>Les panneaux solaires :</strong> le prix des panneaux varie en fonction de la technologie choisie, de la puissance et de la marque.</li>\n<li><strong>L'onduleur</strong>, qui convertit le courant continu produit par les panneaux en courant alternatif compatible avec le réseau domestique.</li>\n<li><strong>La structure qui supporte les panneaux</strong> sur le toit, qui doit être solide et adaptée à la configuration de votre maison.</li>\n<li><strong>La main-d'œuvre</strong>, avec la pose par <a title=\"SBF installateur de panneaux solaires 100 Savoyard\" href=\"https://www.sbf-energies.com/installation/panneaux-photovoltaiques\">un installateur qualifié RGE</a>.</li>\n<li>Potentiellement, des outils de suivi et une assistance supplémentaires.</li>\n</ul> <li><strong>Les panneaux solaires :</strong> le prix des panneaux varie en fonction de la technologie choisie, de la puissance et de la marque.</li> <strong>Les panneaux solaires :</strong> <li><strong>L'onduleur</strong>, qui convertit le courant continu produit par les panneaux en courant alternatif compatible avec le réseau domestique.</li> <strong>L'onduleur</strong> <li><strong>La structure qui supporte les panneaux</strong> sur le toit, qui doit être solide et adaptée à la configuration de votre maison.</li> <strong>La structure qui supporte les panneaux</strong> <li><strong>La main-d'œuvre</strong>, avec la pose par <a title=\"SBF installateur de panneaux solaires 100 Savoyard\" href=\"https://www.sbf-energies.com/installation/panneaux-photovoltaiques\">un installateur qualifié RGE</a>.</li> <strong>La main-d'œuvre</strong> <a title=\"SBF installateur de panneaux solaires 100 Savoyard\" href=\"https://www.sbf-energies.com/installation/panneaux-photovoltaiques\">un installateur qualifié RGE</a> <li>Potentiellement, des outils de suivi et une assistance supplémentaires.</li> <p>Plusieurs aides financières de l'Etat peuvent aider à réduire le coût d'une installation solaire comme la prime à l'autoconsommation. Déduite de votre devis d'installation, elle vous permettra d'alléger votre investissement initial.</p> <p><a title=\"Installation de panneaux solaires en Savoie\" href=\"#PAGE_INS-PV#\">Nos kits photovoltaïques à partir de 8490€ en Savoie et en Isère</a></p> <a title=\"Installation de panneaux solaires en Savoie\" href=\"#PAGE_INS-PV#\">Nos kits photovoltaïques à partir de 8490€ en Savoie et en Isère</a>"
    },
    {
      "title": "4. La consommation énergétique du foyer",
      "text": "<p>La consommation énergétique du foyer est aussi un facteur déterminant pour la rentabilité d'une installation solaire, car elle influence directement le taux d'autoconsommation. Le taux d'autoconsommation correspond à la proportion d'énergie produite par les panneaux solaires qui est consommée directement par le foyer.</p> <p>Un foyer avec une consommation élevée d'électricité est susceptible de consommer une grande partie de la production solaire, augmentant ainsi son autoconsommation et sa rentabilité.</p> <p>Plusieurs stratégies permettent d'optimiser l'autoconsommation et d'améliorer la rentabilité d'une installation solaire.</p> <ul>\n<li>Dimensionner l'installation en fonction des besoins réels du foyer pour maximiser l'autoconsommation.</li>\n<li>Déplacer l'utilisation d'appareils électroménagers pendant les heures d'ensoleillement pour consommer directement l'électricité produite.</li>\n<li>Des solutions comme le stockage virtuel pour consommer son électricité solaire ultérieurement.</li>\n</ul> <li>Dimensionner l'installation en fonction des besoins réels du foyer pour maximiser l'autoconsommation.</li> <li>Déplacer l'utilisation d'appareils électroménagers pendant les heures d'ensoleillement pour consommer directement l'électricité produite.</li> <li>Des solutions comme le stockage virtuel pour consommer son électricité solaire ultérieurement.</li>"
    },
    {
      "title": "5. Le prix de l'électricité",
      "text": "<p>L'électricité solaire que vous consommez, c'est celle que vous n'achetez pas. Vous économisez donc son prix d'achat sur le réseau. Plus le prix d'achat est élevé, plus l'économie est importante et plus la rentabilité est améliorée.</p> <p>Si vous produisez plus d'électricité que vous n'en consommez, vous pouvez revendre le surplus à EDF OA à un tarif réglementé. Ce tarif d'achat varie avec des ajustements tous les trimestres.</p> <p>Anticiper l'évolution des prix de l'électricité est une tâche difficile. Ils dépendent de nombreux facteurs conjoncturels : géopolitique, tensions sur le parc nucléaire, importation de ressources, etc.</p>"
    },
    {
      "title": "6. L'entretien et la maintenance",
      "text": "<p>L'entretien et la maintenance régulière d'une installation solaire sont essentiels pour assurer sa longévité, son bon fonctionnement et sa performance optimale. Elles sont essentielles pour maximiser la production d'électricité et prolonger la durée de vie de vos panneaux :</p> <ul>\n<li><strong>Nettoyez vos panneaux</strong> et les débarrasser de la poussière, la saleté et des feuilles pour optimiser la captation de la lumière.</li>\n<li>Surveillez la production d'électricité pour identifier d'éventuelles baisses de rendement.</li>\n<li>Vérifiez l'état des panneaux, des câbles, de la structure de montage et de l'onduleur pour détecter et anticiper d'éventuels dommages ou problèmes.</li>\n</ul> <li><strong>Nettoyez vos panneaux</strong> et les débarrasser de la poussière, la saleté et des feuilles pour optimiser la captation de la lumière.</li> <strong>Nettoyez vos panneaux</strong> <li>Surveillez la production d'électricité pour identifier d'éventuelles baisses de rendement.</li> <li>Vérifiez l'état des panneaux, des câbles, de la structure de montage et de l'onduleur pour détecter et anticiper d'éventuels dommages ou problèmes.</li> <p>Attention, les opérations en toitures nécessitent de prendre des mesures de sécurité incontournables. Pour éviter toute chute et autre accident, n’hésitez pas à faire appel à des professionnels.</p>"
    },
    {
      "title": "7. La durée de vie des panneaux",
      "text": "<p>Elle a un impact direct sur la rentabilité de votre système photovoltaïque. Chez SBF Energies, nos panneaux solaires DualSun et MyLight présentent une durée de vie moyenne de plusieurs décennies. C'est pourquoi ils bénéficient d'une garantie étendue de 30 ans, un gage de qualité et de sérieux de ces deux constructeurs français.</p> <p>Par ailleurs, il est nécessaire de faire installer votre système photovoltaïque par un installateur certifié RGE comme SBF Energies.</p> <p>N'oubliez pas, un entretien régulier et une maintenance préventive permettront de prolonger la durée de vie de votre installation solaire.</p> <p>Les panneaux solaires constituent donc un investissement durable pour produire son électricité sur le long terme. En Savoie comme ailleurs, l'ensoleillement annuel permet amplement de miser sur le photovoltaïque pour sa transition énergétique. S'il est vrai qu'il a une influence sur la rentabilité, les installations photovoltaïques sont en général rentabilisées en 10 à 15 ans, alors qu'elles affichent une durée de vie de plusieurs décennies. De quoi être tranquille pour un bon moment !</p> <p><a title=\"Nos kits solaires à La Motte Servolex\" href=\"https://www.sbf-energies.com/installation/panneaux-photovoltaiques\">Découvrez nos panneaux solaires photovoltaïques pour votre maison à Chambéry et alentours !</a></p> <a title=\"Nos kits solaires à La Motte Servolex\" href=\"https://www.sbf-energies.com/installation/panneaux-photovoltaiques\">Découvrez nos panneaux solaires photovoltaïques pour votre maison à Chambéry et alentours !</a>"
    }
  ]
}