{
  "breadcrumb": "Pompe à chaleur : nouveaux montants du Coup de Pouce Chauffage",
  "seo": {
    "title": "Jusqu’à 6 350 € pour Votre Pompe à Chaleur avec le Coup de Pouce",
    "description": "Avec le Coup de Pouce Chauffage 2024, financez jusqu'à 6 350 € pour votre pompe à chaleur. SBF Energies, expert RGE, vous aide à réduire vos factures en Savoie.",
    "opengraph": {
      "site_name": "",
      "type": "",
      "locale": "",
      "title": "",
      "description": "",
      "image": {
        "src": "",
        "alt": ""
      }
    }
  },
  "title": " Pompe à chaleur : nouveaux montants du Coup de Pouce Chauffage ",
  "chapo": "Jusqu’à 6 350 € de Prime pour votre pompe à chaleur avec le Coup de Pouce Chauffage jusqu'à fin 2024",
  "image": {
    "src": "/upload/files/sbf-energies-article-coup-de-pouce-pac-2024-2b5815d702.jpg",
    "alt": "Pompe à chaleur : nouveaux montants du Coup de Pouce Chauffage"
  },
  "intro": "<p>Le « Coup de Pouce Chauffage » est un dispositif d’aide mis en place pour encourager les foyers à remplacer leurs anciens systèmes de chauffage énergivores par des équipements plus écologiques. Ce programme, intégré aux <strong>Certificats d'Économies d'Énergie (CEE)</strong>, permet de réduire significativement les factures d’énergie tout en diminuant l’impact environnemental du chauffage résidentiel.</p>",
  "paragraphs": [
    {
      "title": "Montants revalorisés du Coup de Pouce Chauffage en septembre 2024",
      "text": "<p>En septembre 2024, les montants de l’aide ont été augmentés pour permettre à davantage de ménages de <a title=\"Pose pompe à chaleur Savoie\" href=\"/installation/pompe-a-chaleur\">s’équiper d'une pompe à chaleur</a>.&nbsp;</p> <a title=\"Pose pompe à chaleur Savoie\" href=\"/installation/pompe-a-chaleur\">s’équiper d'une pompe à chaleur</a> <table style=\"border-collapse: collapse; width: 100%;\">\n<tbody>\n<tr>\n<th style=\"border: 1px solid black; padding: 8px; background-color: #f2f2f2;\">Type de pompe à chaleur</th>\n<th style=\"border: 1px solid black; padding: 8px; background-color: #f2f2f2;\">Foyers classiques</th>\n<th style=\"border: 1px solid black; padding: 8px; background-color: #f2f2f2;\">Foyers modestes</th>\n<th style=\"border: 1px solid black; padding: 8px; background-color: #f2f2f2;\">Foyers très modestes</th>\n</tr>\n<tr>\n<td style=\"border: 1px solid black; padding: 8px;\">Pompe à chaleur air-eau ou hybride</td>\n<td style=\"border: 1px solid black; padding: 8px;\">3 500 €</td>\n<td style=\"border: 1px solid black; padding: 8px;\">5 000 €</td>\n<td style=\"border: 1px solid black; padding: 8px;\">5 100 €</td>\n</tr>\n<tr>\n<td style=\"border: 1px solid black; padding: 8px;\">Pompe à chaleur eau-eau ou sol-eau</td>\n<td style=\"border: 1px solid black; padding: 8px;\">6 000 €</td>\n<td style=\"border: 1px solid black; padding: 8px;\">6 000 €</td>\n<td style=\"border: 1px solid black; padding: 8px;\">6 350 €</td>\n</tr>\n</tbody>\n</table> <tbody>\n<tr>\n<th style=\"border: 1px solid black; padding: 8px; background-color: #f2f2f2;\">Type de pompe à chaleur</th>\n<th style=\"border: 1px solid black; padding: 8px; background-color: #f2f2f2;\">Foyers classiques</th>\n<th style=\"border: 1px solid black; padding: 8px; background-color: #f2f2f2;\">Foyers modestes</th>\n<th style=\"border: 1px solid black; padding: 8px; background-color: #f2f2f2;\">Foyers très modestes</th>\n</tr>\n<tr>\n<td style=\"border: 1px solid black; padding: 8px;\">Pompe à chaleur air-eau ou hybride</td>\n<td style=\"border: 1px solid black; padding: 8px;\">3 500 €</td>\n<td style=\"border: 1px solid black; padding: 8px;\">5 000 €</td>\n<td style=\"border: 1px solid black; padding: 8px;\">5 100 €</td>\n</tr>\n<tr>\n<td style=\"border: 1px solid black; padding: 8px;\">Pompe à chaleur eau-eau ou sol-eau</td>\n<td style=\"border: 1px solid black; padding: 8px;\">6 000 €</td>\n<td style=\"border: 1px solid black; padding: 8px;\">6 000 €</td>\n<td style=\"border: 1px solid black; padding: 8px;\">6 350 €</td>\n</tr>\n</tbody> <tr>\n<th style=\"border: 1px solid black; padding: 8px; background-color: #f2f2f2;\">Type de pompe à chaleur</th>\n<th style=\"border: 1px solid black; padding: 8px; background-color: #f2f2f2;\">Foyers classiques</th>\n<th style=\"border: 1px solid black; padding: 8px; background-color: #f2f2f2;\">Foyers modestes</th>\n<th style=\"border: 1px solid black; padding: 8px; background-color: #f2f2f2;\">Foyers très modestes</th>\n</tr> <th style=\"border: 1px solid black; padding: 8px; background-color: #f2f2f2;\">Type de pompe à chaleur</th> <th style=\"border: 1px solid black; padding: 8px; background-color: #f2f2f2;\">Foyers classiques</th> <th style=\"border: 1px solid black; padding: 8px; background-color: #f2f2f2;\">Foyers modestes</th> <th style=\"border: 1px solid black; padding: 8px; background-color: #f2f2f2;\">Foyers très modestes</th> <tr>\n<td style=\"border: 1px solid black; padding: 8px;\">Pompe à chaleur air-eau ou hybride</td>\n<td style=\"border: 1px solid black; padding: 8px;\">3 500 €</td>\n<td style=\"border: 1px solid black; padding: 8px;\">5 000 €</td>\n<td style=\"border: 1px solid black; padding: 8px;\">5 100 €</td>\n</tr> <td style=\"border: 1px solid black; padding: 8px;\">Pompe à chaleur air-eau ou hybride</td> <td style=\"border: 1px solid black; padding: 8px;\">3 500 €</td> <td style=\"border: 1px solid black; padding: 8px;\">5 000 €</td> <td style=\"border: 1px solid black; padding: 8px;\">5 100 €</td> <tr>\n<td style=\"border: 1px solid black; padding: 8px;\">Pompe à chaleur eau-eau ou sol-eau</td>\n<td style=\"border: 1px solid black; padding: 8px;\">6 000 €</td>\n<td style=\"border: 1px solid black; padding: 8px;\">6 000 €</td>\n<td style=\"border: 1px solid black; padding: 8px;\">6 350 €</td>\n</tr> <td style=\"border: 1px solid black; padding: 8px;\">Pompe à chaleur eau-eau ou sol-eau</td> <td style=\"border: 1px solid black; padding: 8px;\">6 000 €</td> <td style=\"border: 1px solid black; padding: 8px;\">6 000 €</td> <td style=\"border: 1px solid black; padding: 8px;\">6 350 €</td> <br> <p>Les foyers classiques peuvent désormais recevoir 3 500 € pour l’installation d’une PAC air-eau, soit 800 € de plus qu’auparavant. Les foyers modestes voient leur prime augmenter à 5 000 €, tandis que les foyers très modestes bénéficient d’une aide maximale de 5 100 €. Pour les PAC eau-eau ou sol-eau, les primes sont uniformes à 6 000 € pour les foyers classiques et modestes, et s’élèvent à 6 350 € pour les foyers très modestes.</p> <p>Cette augmentation est <strong>valable pour tout devis signé jusqu'au 31/12/2024</strong>.</p> <strong>valable pour tout devis signé jusqu'au 31/12/2024</strong>"
    },
    {
      "title": "Conditions d’éligibilité au Coup de Pouce Chauffage",
      "text": "<p>Pour prétendre au Coup de Pouce Chauffage, plusieurs critères doivent être remplis.</p> <ul>\n<li>Le logement doit être une résidence principale construite depuis plus de deux ans.</li>\n<li>L’installation doit être réalisée par un professionnel reconnu garant de l’environnement (RGE) <a title=\"SBF Energies est RGE QualiPAC\" href=\"/qui-sommes-nous/certification-rge-qualipac\">comme SBF Energies en Savoie</a>.</li>\n<li>L’aide est conditionnée au remplacement d’un ancien système de chauffage au fioul, gaz ou charbon, hors chaudières à condensation.</li>\n</ul> <li>Le logement doit être une résidence principale construite depuis plus de deux ans.</li> <li>L’installation doit être réalisée par un professionnel reconnu garant de l’environnement (RGE) <a title=\"SBF Energies est RGE QualiPAC\" href=\"/qui-sommes-nous/certification-rge-qualipac\">comme SBF Energies en Savoie</a>.</li> <a title=\"SBF Energies est RGE QualiPAC\" href=\"/qui-sommes-nous/certification-rge-qualipac\">comme SBF Energies en Savoie</a> <li>L’aide est conditionnée au remplacement d’un ancien système de chauffage au fioul, gaz ou charbon, hors chaudières à condensation.</li> <p>Les montants varient selon les ressources du foyer, définies par les seuils de l’ANAH.</p>"
    },
    {
      "title": "SBF Energies vous guide dans le choix et l’installation de votre pompe à chaleur",
      "text": "<p>SBF Energies vous accompagne de A à Z dans votre <a title=\"Pompes à chaleur en Savoie\" href=\"/equipements/pompe-a-chaleur\">projet de pompe à chaleur</a> autour de <a href=\"https://www.sbf-energies.com/chauffagiste-frigoriste-chambery\" title=\"Chauffagiste Frigoriste Chambery\">Chambéry</a>, en Savoie. Nous vous aidons à choisir l’équipement le plus adapté à vos besoins, à réaliser les démarches administratives pour obtenir les aides disponibles, et à installer votre système de manière conforme et sécurisée. Nos techniciens RGE assurent également l’entretien de votre pompe à chaleur pour un fonctionnement optimal et durable.</p> <a title=\"Pompes à chaleur en Savoie\" href=\"/equipements/pompe-a-chaleur\">projet de pompe à chaleur</a> <a href=\"https://www.sbf-energies.com/chauffagiste-frigoriste-chambery\" title=\"Chauffagiste Frigoriste Chambery\">Chambéry</a>"
    }
  ]
}