{
  "breadcrumb": "Pompe à chaleur air-air en Savoie : notre offre spéciale !",
  "seo": {
    "title": "Pompe à chaleur air-air en Savoie : notre offre spéciale !",
    "description": "Découvrez les avantages de la pompe à chaleur air/air en Savoie pour un confort thermique toute l'année. Profitez de notre offre spéciale : installation de votre climatisation dès 45 € par mois.",
    "opengraph": {
      "site_name": "",
      "type": "",
      "locale": "",
      "title": "",
      "description": "",
      "image": {
        "src": "",
        "alt": ""
      }
    }
  },
  "title": " Pompe à chaleur air-air en Savoie : notre offre spéciale ! ",
  "chapo": "Profitez de notre offre spéciale : installation de votre climatisation dès 45 € TTC par mois.",
  "image": {
    "src": "/upload/files/sbf-energies-offre-climatisation-2024-456x334-76ac0dac2b.jpg",
    "alt": "Pompe à chaleur air-air en Savoie : notre offre spéciale !"
  },
  "intro": "<p style=\"text-align: center;\"><em><strong>Un crédit vous engage et doit être remboursé. Vérifiez vos capacités de remboursement avant de vous engager. Mensualités de 45€ au Taux Annuel Effectif Global fixe de 0%. Montant total dû de 1 620€. Pour 1 620€ empruntés que vous remboursez sur 36 mois.<a title=\"Voir les conditions de l'offre\" href=\"#conditions-offre-clim-2024\">*</a></strong></em></p>",
  "paragraphs": [
    {
      "title": "Des économies d'énergie",
      "text": "<p>Le premier avantage de la pompe à chaleur air/air est son <strong>efficacité énergétique</strong>. Cette technologie utilise l'énergie présente dans l'air extérieur pour chauffer ou refroidir votre maison. Elle consomme beaucoup moins d'énergie que les systèmes de chauffage traditionnels. En hiver, elle pourra notamment servir de chauffage d’appoint. En Savoie, où les hivers peuvent être rigoureux, la pompe à chaleur air-air peut vous aider à faire des économies significatives sur vos factures d'électricité ou de gaz, par exemple.</p> <strong>efficacité énergétique</strong>"
    },
    {
      "title": "Un confort thermique toute l'année",
      "text": "<p>Un autre avantage de la pompe à chaleur air/air est qu'elle offre un confort tout au long de l'année. En hiver, elle extrait la chaleur de l'air extérieur et la transfère à l'intérieur pour réchauffer votre maison. En été, elle agit comme un climatiseur en procurant de l'air frais à l'intérieur et en rejetant de l'air chaud à l'extérieur.</p> <p>Quelle que soit la saison en Savoie, vous pouvez ainsi maintenir une température intérieure confortable.</p>"
    },
    {
      "title": "Une solution économe et plus respectueuse de l'environnement",
      "text": "<p>Enfin, la pompe à chaleur air/air est une solution plus respectueuse de l'environnement. Contrairement aux systèmes de chauffage traditionnels qui brûlent des combustibles fossiles et émettent des gaz à effet de serre, les pompes à chaleur air/air utilisent l'énergie renouvelable de l'air. Étant donné qu'elles consomment moins d'énergie, elles contribuent à réduire les émissions de dioxyde de carbone pour une même qualité de chauffage ou de refroidissement.</p> <p>La pompe à chaleur air/air offre de nombreux avantages en Savoie, en été comme en hiver. Si vous habitez en Savoie et que vous cherchez une solution de climatisation et de chauffage efficace, la PAC air/air pourrait être la solution idéale pour vous !</p>"
    },
    {
      "title": "Offre spéciale : votre climatisation réversible à partir de 45 € par mois en Savoie",
      "text": "<p>Chaque année, vous êtes nombreux et nombreuses à nous solliciter pour installer une climatisation réversible chez vous avant l’été. Alors, chez SBF Energies, nous vous avons préparé une offre spéciale : <strong>l’installation complète de votre climatisation</strong> pour <strong>1 620 € TTC</strong><sup><a title=\"Voir les conditions de l'offre\" href=\"#condition-clim-1\">(1)</a></sup> OU <strong>45€/mois TTC</strong><sup><a title=\"Voir les conditions de l'offre\" href=\"#condition-clim-1\">(1)</a><a title=\"Voir les conditions de l'offre\" href=\"#condition-clim-2\">(2)</a></sup> pour 36 mois à taux 0%.</p> <strong>l’installation complète de votre climatisation</strong> <strong>1 620 € TTC</strong> <sup><a title=\"Voir les conditions de l'offre\" href=\"#condition-clim-1\">(1)</a></sup> <a title=\"Voir les conditions de l'offre\" href=\"#condition-clim-1\">(1)</a> <strong>45€/mois TTC</strong> <sup><a title=\"Voir les conditions de l'offre\" href=\"#condition-clim-1\">(1)</a><a title=\"Voir les conditions de l'offre\" href=\"#condition-clim-2\">(2)</a></sup> <a title=\"Voir les conditions de l'offre\" href=\"#condition-clim-1\">(1)</a> <a title=\"Voir les conditions de l'offre\" href=\"#condition-clim-2\">(2)</a> <p>Cette offre de crédit, en partenariat avec <a title=\"Domofinance\" href=\"https://www.domofinance.com/mentions-legales\">Domofinance</a>, vous permet de régler l’installation de votre pompe à chaleur en 36 mensualités, sans intérêt.</p> <a title=\"Domofinance\" href=\"https://www.domofinance.com/mentions-legales\">Domofinance</a> <p>Notre premier prix comprend <a title=\"L'installation de votre climatisation en Savoie\" href=\"/installation/climatisation\">l’installation chez vous d’une climatisation</a> Thermor d’une puissance de 2kW. Vous avez aussi le choix dans nos gammes Mitsubishi et Atlantic, en fonction de vos besoins et de vos envies. Contactez-nous, notre offre est disponible <strong>jusqu'au 30 septembre 2024</strong> !<br><em>[Mise à jour&nbsp;: notre offre de financement sur la climatisation a rencontré le succès en Savoie ! Pour vous permettre d'en profiter plus longtemps,&nbsp;<strong>elle est prolongée du 30 juin 2024 jusqu'au 30 septembre 2024</strong>. Contactez-nous ou venez nous rendre visite dans notre agence de La-Motte-Servolex pour obtenir un devis gratuit.]</em></p> <a title=\"L'installation de votre climatisation en Savoie\" href=\"/installation/climatisation\">l’installation chez vous d’une climatisation</a> <strong>jusqu'au 30 septembre 2024</strong> <br> <em>[Mise à jour&nbsp;: notre offre de financement sur la climatisation a rencontré le succès en Savoie ! Pour vous permettre d'en profiter plus longtemps,&nbsp;<strong>elle est prolongée du 30 juin 2024 jusqu'au 30 septembre 2024</strong>. Contactez-nous ou venez nous rendre visite dans notre agence de La-Motte-Servolex pour obtenir un devis gratuit.]</em> <strong>elle est prolongée du 30 juin 2024 jusqu'au 30 septembre 2024</strong> <div class=\"col-lg-12\">\n<div class=\"col-lg-offset-3 col-lg-7\">\n<table class=\"tab-offre-clim\">\n<tbody>\n<tr>\n<td colspan=\"2\">Exemple de prêt pour l’installation de votre climatisation</td>\n</tr>\n<tr>\n<td>Montant</td>\n<td>1 620 €</td>\n</tr>\n<tr>\n<td>Durée</td>\n<td>36 mois</td>\n</tr>\n<tr>\n<td>TAEG fixe <sup><a title=\"Voir les conditions de l'offre climatisation\" href=\"#condition-clim-3\">(3)</a></sup></td>\n<td>0%</td>\n</tr>\n<tr>\n<td>Taux débiteur fixe</td>\n<td>0%</td>\n</tr>\n<tr>\n<td>Mensualités (hors assurance)</td>\n<td>45 €</td>\n</tr>\n<tr>\n<td>Montant total dû</td>\n<td>1 620 €</td>\n</tr>\n<tr>\n<td>Intérêts du prêt</td>\n<td>0 €</td>\n</tr>\n<tr>\n<td>Frais de dossier</td>\n<td>0 €</td>\n</tr>\n<tr>\n<td>Coût mensuel de l’assurance facultative <sup><a title=\"Voir les conditions de l'offre climatisation\" href=\"#condition-clim-4\">(4)</a></sup></td>\n<td>2,85 €</td>\n</tr>\n<tr>\n<td>Montant total de l'assurance facultative <sup><a title=\"Voir les conditions de l'offre climatisation\" href=\"#condition-clim-4\">(4)</a></sup></td>\n<td>102,60€</td>\n</tr>\n<tr>\n<td>Taux annuel effectif de l'assurance</td>\n<td>4,10%</td>\n</tr>\n</tbody>\n</table>\n</div>\n</div> <div class=\"col-lg-offset-3 col-lg-7\">\n<table class=\"tab-offre-clim\">\n<tbody>\n<tr>\n<td colspan=\"2\">Exemple de prêt pour l’installation de votre climatisation</td>\n</tr>\n<tr>\n<td>Montant</td>\n<td>1 620 €</td>\n</tr>\n<tr>\n<td>Durée</td>\n<td>36 mois</td>\n</tr>\n<tr>\n<td>TAEG fixe <sup><a title=\"Voir les conditions de l'offre climatisation\" href=\"#condition-clim-3\">(3)</a></sup></td>\n<td>0%</td>\n</tr>\n<tr>\n<td>Taux débiteur fixe</td>\n<td>0%</td>\n</tr>\n<tr>\n<td>Mensualités (hors assurance)</td>\n<td>45 €</td>\n</tr>\n<tr>\n<td>Montant total dû</td>\n<td>1 620 €</td>\n</tr>\n<tr>\n<td>Intérêts du prêt</td>\n<td>0 €</td>\n</tr>\n<tr>\n<td>Frais de dossier</td>\n<td>0 €</td>\n</tr>\n<tr>\n<td>Coût mensuel de l’assurance facultative <sup><a title=\"Voir les conditions de l'offre climatisation\" href=\"#condition-clim-4\">(4)</a></sup></td>\n<td>2,85 €</td>\n</tr>\n<tr>\n<td>Montant total de l'assurance facultative <sup><a title=\"Voir les conditions de l'offre climatisation\" href=\"#condition-clim-4\">(4)</a></sup></td>\n<td>102,60€</td>\n</tr>\n<tr>\n<td>Taux annuel effectif de l'assurance</td>\n<td>4,10%</td>\n</tr>\n</tbody>\n</table>\n</div> <table class=\"tab-offre-clim\">\n<tbody>\n<tr>\n<td colspan=\"2\">Exemple de prêt pour l’installation de votre climatisation</td>\n</tr>\n<tr>\n<td>Montant</td>\n<td>1 620 €</td>\n</tr>\n<tr>\n<td>Durée</td>\n<td>36 mois</td>\n</tr>\n<tr>\n<td>TAEG fixe <sup><a title=\"Voir les conditions de l'offre climatisation\" href=\"#condition-clim-3\">(3)</a></sup></td>\n<td>0%</td>\n</tr>\n<tr>\n<td>Taux débiteur fixe</td>\n<td>0%</td>\n</tr>\n<tr>\n<td>Mensualités (hors assurance)</td>\n<td>45 €</td>\n</tr>\n<tr>\n<td>Montant total dû</td>\n<td>1 620 €</td>\n</tr>\n<tr>\n<td>Intérêts du prêt</td>\n<td>0 €</td>\n</tr>\n<tr>\n<td>Frais de dossier</td>\n<td>0 €</td>\n</tr>\n<tr>\n<td>Coût mensuel de l’assurance facultative <sup><a title=\"Voir les conditions de l'offre climatisation\" href=\"#condition-clim-4\">(4)</a></sup></td>\n<td>2,85 €</td>\n</tr>\n<tr>\n<td>Montant total de l'assurance facultative <sup><a title=\"Voir les conditions de l'offre climatisation\" href=\"#condition-clim-4\">(4)</a></sup></td>\n<td>102,60€</td>\n</tr>\n<tr>\n<td>Taux annuel effectif de l'assurance</td>\n<td>4,10%</td>\n</tr>\n</tbody>\n</table> <tbody>\n<tr>\n<td colspan=\"2\">Exemple de prêt pour l’installation de votre climatisation</td>\n</tr>\n<tr>\n<td>Montant</td>\n<td>1 620 €</td>\n</tr>\n<tr>\n<td>Durée</td>\n<td>36 mois</td>\n</tr>\n<tr>\n<td>TAEG fixe <sup><a title=\"Voir les conditions de l'offre climatisation\" href=\"#condition-clim-3\">(3)</a></sup></td>\n<td>0%</td>\n</tr>\n<tr>\n<td>Taux débiteur fixe</td>\n<td>0%</td>\n</tr>\n<tr>\n<td>Mensualités (hors assurance)</td>\n<td>45 €</td>\n</tr>\n<tr>\n<td>Montant total dû</td>\n<td>1 620 €</td>\n</tr>\n<tr>\n<td>Intérêts du prêt</td>\n<td>0 €</td>\n</tr>\n<tr>\n<td>Frais de dossier</td>\n<td>0 €</td>\n</tr>\n<tr>\n<td>Coût mensuel de l’assurance facultative <sup><a title=\"Voir les conditions de l'offre climatisation\" href=\"#condition-clim-4\">(4)</a></sup></td>\n<td>2,85 €</td>\n</tr>\n<tr>\n<td>Montant total de l'assurance facultative <sup><a title=\"Voir les conditions de l'offre climatisation\" href=\"#condition-clim-4\">(4)</a></sup></td>\n<td>102,60€</td>\n</tr>\n<tr>\n<td>Taux annuel effectif de l'assurance</td>\n<td>4,10%</td>\n</tr>\n</tbody> <tr>\n<td colspan=\"2\">Exemple de prêt pour l’installation de votre climatisation</td>\n</tr> <td colspan=\"2\">Exemple de prêt pour l’installation de votre climatisation</td> <tr>\n<td>Montant</td>\n<td>1 620 €</td>\n</tr> <td>Montant</td> <td>1 620 €</td> <tr>\n<td>Durée</td>\n<td>36 mois</td>\n</tr> <td>Durée</td> <td>36 mois</td> <tr>\n<td>TAEG fixe <sup><a title=\"Voir les conditions de l'offre climatisation\" href=\"#condition-clim-3\">(3)</a></sup></td>\n<td>0%</td>\n</tr> <td>TAEG fixe <sup><a title=\"Voir les conditions de l'offre climatisation\" href=\"#condition-clim-3\">(3)</a></sup></td> <sup><a title=\"Voir les conditions de l'offre climatisation\" href=\"#condition-clim-3\">(3)</a></sup> <a title=\"Voir les conditions de l'offre climatisation\" href=\"#condition-clim-3\">(3)</a> <td>0%</td> <tr>\n<td>Taux débiteur fixe</td>\n<td>0%</td>\n</tr> <td>Taux débiteur fixe</td> <td>0%</td> <tr>\n<td>Mensualités (hors assurance)</td>\n<td>45 €</td>\n</tr> <td>Mensualités (hors assurance)</td> <td>45 €</td> <tr>\n<td>Montant total dû</td>\n<td>1 620 €</td>\n</tr> <td>Montant total dû</td> <td>1 620 €</td> <tr>\n<td>Intérêts du prêt</td>\n<td>0 €</td>\n</tr> <td>Intérêts du prêt</td> <td>0 €</td> <tr>\n<td>Frais de dossier</td>\n<td>0 €</td>\n</tr> <td>Frais de dossier</td> <td>0 €</td> <tr>\n<td>Coût mensuel de l’assurance facultative <sup><a title=\"Voir les conditions de l'offre climatisation\" href=\"#condition-clim-4\">(4)</a></sup></td>\n<td>2,85 €</td>\n</tr> <td>Coût mensuel de l’assurance facultative <sup><a title=\"Voir les conditions de l'offre climatisation\" href=\"#condition-clim-4\">(4)</a></sup></td> <sup><a title=\"Voir les conditions de l'offre climatisation\" href=\"#condition-clim-4\">(4)</a></sup> <a title=\"Voir les conditions de l'offre climatisation\" href=\"#condition-clim-4\">(4)</a> <td>2,85 €</td> <tr>\n<td>Montant total de l'assurance facultative <sup><a title=\"Voir les conditions de l'offre climatisation\" href=\"#condition-clim-4\">(4)</a></sup></td>\n<td>102,60€</td>\n</tr> <td>Montant total de l'assurance facultative <sup><a title=\"Voir les conditions de l'offre climatisation\" href=\"#condition-clim-4\">(4)</a></sup></td> <sup><a title=\"Voir les conditions de l'offre climatisation\" href=\"#condition-clim-4\">(4)</a></sup> <a title=\"Voir les conditions de l'offre climatisation\" href=\"#condition-clim-4\">(4)</a> <td>102,60€</td> <tr>\n<td>Taux annuel effectif de l'assurance</td>\n<td>4,10%</td>\n</tr> <td>Taux annuel effectif de l'assurance</td> <td>4,10%</td>"
    }
  ]
}