{
  "breadcrumb": "Quel est le prix de l'entretien annuel d'une pompe à chaleur ?",
  "seo": {
    "title": "Prix de l'entretien annuel d'une pompe à chaleur ?",
    "description": "Découvrez les explications de votre équipe SBF Energies concernant le prix de l'entretien annuel de votre PAC.",
    "opengraph": {
      "site_name": "",
      "type": "",
      "locale": "",
      "title": "",
      "description": "",
      "image": {
        "src": "",
        "alt": ""
      }
    }
  },
  "title": " Quel est le prix de l'entretien annuel d'une pompe à chaleur ? ",
  "chapo": "SBF Energies revient sur les frais liés à l'entretien annuel de votre PAC.",
  "image": {
    "src": "/upload/files/5f998bac35714931585207.jpg",
    "alt": "Quel est le prix de l'entretien annuel d'une pompe à chaleur ?"
  },
  "intro": "",
  "paragraphs": [
    {
      "title": "Pourquoi entretenir une pompe à chaleur ?",
      "text": "<p>Vous avez choisi d'installer une <a href=\"https://www.sbf-energies.com/equipements/pompe-a-chaleur\" style=\"text-decoration:none\" target=\"_self\">pompe à chaleur (PAC)</a> pour votre habitation. C'est en effet une installation technique vous permettant de faire des économies sur votre facture d’électricité en utilisant les calories extérieures pour réchauffer l’air intérieur ou l’eau de votre chauffe-eau. Les <a href=\"https://www.sbf-energies.com/equipements/pompe-a-chaleur/pac-reversible\" style=\"text-decoration:none\" target=\"_self\">PAC réversibles</a> permettent également de climatiser votre logement. Plus le <strong>système de récupération de calories est efficace</strong>, et plus <strong>grandes sont les économies</strong> puisque cela garantit un bon rendement du système. C’est pourquoi <strong>entretenir sa pompe à chaleur est primordial</strong>. De plus, le <strong>fluide frigorigène</strong> est un <strong>liquide fortement polluant</strong>. Il est donc important de <strong>détecter une fuite</strong> pour y remédier rapidement.</p> <p>En contrôlant régulièrement votre PAC, vous <strong>réduisez les risques de pannes techniques</strong> et vous <strong>allongez la durée de vie de l’installation</strong>. Vous valorisez ainsi plus longtemps l’amortissement de votre pompe à chaleur.</p> <p>&nbsp;</p> <hr>"
    },
    {
      "title": "L’entretien est-il obligatoire ?",
      "text": "<p>Actuellement, seules les pompes à chaleur présentant certaines caractéristiques sont dans l’obligation de réaliser des contrôles réguliers des installations et notamment d’effectuer un test d’étanchéité du système frigorifique. Il s’agit des PAC présentant une <strong>charge en fluide frigorigène supérieure à 2 kg</strong>, ou une <strong>puissance frigorifique nominale supérieure à 12 kW</strong>. La visite de contrôle doit être réalisée par un <strong>professionnel agréé</strong>.</p> <p>Cependant, au vu de la démocratisation des pompes à chaleur comme système de chauffage, un <strong>décret est actuellement à l’étude</strong> pour rendre <strong>l’</strong><a href=\"https://www.sbf-energies.com/entretien/pompe-a-chaleur\" style=\"text-decoration:none\" target=\"_self\"><strong>entretien des PAC</strong></a><strong> obligatoire</strong> tous les deux ans.</p> <p>Les <strong>constructeurs des pompes à chaleur</strong>, recommandent quant à eux une <strong>visite annuelle</strong> des installations pour garantir un bon rendement de l’installation et allonger la durée de vie.</p> <hr>"
    },
    {
      "title": "Quel est l'entretien d'une pompe à chaleur ?",
      "text": "<p>Le premier entretien de votre PAC est effectué par vous-même : <strong>visitez régulièrement</strong> vos installations afin de <strong>contrôler visuellement</strong> le bon fonctionnement des éléments techniques. Vous pouvez ainsi surveiller facilement les branchements, le bon fonctionnement de la pompe, l’absence de fuites du circuit contenant le liquide frigorigène ou la présence d’éléments perturbant le fonctionnement de l’unité extérieure et intérieure (feuilles, débris, poussières…).</p> <p>Une visite plus technique réalisée par un professionnel est fortement conseillée (et probablement obligatoire prochainement). Une entreprise agréée et qualifiée intervient ainsi sur votre pompe à chaleur pour <strong>s’assurer du bon état des différents éléments</strong> composant votre installation ainsi que du bon fonctionnement du circuit. Le liquide frigorigène étant fortement polluant, le professionnel doit s’assurer de <strong>l’absence de fuite dans le circuit</strong> et contrôler les bons niveaux. Il vérifie également le <strong>compresseur extérieur</strong>, la <strong>pression du circuit hydraulique</strong> et <strong>nettoie les pièces principales</strong> de l’unité extérieure. Il s’assure que tous les <strong>réglages sont optimums</strong> et que les <strong>composants électriques</strong> sont en bon état.</p> <p>En supplément de la visite régulière, il est nécessaire de prévoir le <strong>remplacement de tout le fluide frigorigène </strong>pour conserver le bon fonctionnement de votre pompe à chaleur environ tous les cinq ans. Cette opération doit obligatoirement être réalisée par un<a href=\"https://www.sbf-energies.com/\" style=\"text-decoration:none\" target=\"_self\"> chauffagiste agréé</a> et autorisé à intervenir sur ce type d’installation.</p> <p>Vous êtes en Savoie à Chambéry ? Contactez-nous pour savoir quel est l'entretien d'une pompe à chaleur en particulier.</p> <hr>"
    },
    {
      "title": "Quel est le prix d'entretien annuel des pompes à chaleur ?",
      "text": "<h3><strong>Le contrat d’entretien</strong></h3> <p>Si votre installation est soumise à un <strong>contrôle obligatoire</strong>, il est plus intéressant pour vous de souscrire à un <strong>contrat de maintenance</strong> (contrat d’entretien). Au minimum <strong>une visite de contrôle annuelle</strong> de l’équipement, et <strong>une ou plusieurs visites de dépannages</strong> sont incluses dans le tarif du contrat d'entretien d'une pompe à chaleur. En cas de panne, les déplacements et les frais d’intervention ne vous sont pas facturés. Par contre, le coût de changement des pièces reste à votre charge.</p> <p>Le <strong>contrat de maintenance annuel</strong> vous permet d’avoir un entretien ainsi que les dépannages si nécessaires <strong>parfaitement adaptés à votre pompe à chaleur</strong>. Vous pouvez également bénéficier des conseils personnalisés de votre chauffagiste spécialisé à Chambéry.</p> <h3><strong>Les prix de l'entretien annuel d'une pompe à chaleur</strong></h3> <p>Le tarif du contrat d'entretien d'une pompe à chaleur dépend des prestations offertes ainsi que de vos installations.Pour une <strong>PAC air-air</strong>, les tarifs d’entretien se situent entre <strong>150 et 300 euros pour l’inspection du compresseur</strong> (unité extérieure). C’est le même tarif d'entretien d'une clim réversible puisque ce sont les mêmes installations.</p> <p>Dans le cas d’une <strong>pompe à chaleur air-eau</strong>, comptez entre <strong>150 et 300 euros pour le compresseur</strong> (unité extérieure), et entre <strong>100 et 150 euros pour le module hydraulique</strong> (généralement en intérieur) qui permet de chauffer l’eau sanitaire et l’eau qui alimente le circuit de chauffage.</p> <p>Les <strong>PAC géothermiques</strong> sont les installations <strong>les plus complexes à contrôler</strong> c’est pourquoi il peut être judicieux de demander à l’entreprise qui a installé l’équipement d’effectuer l’entretien. Les <strong>prix d'entretien annuel des pompes à chaleur eau-eau se situent entre 200 et 400 euros</strong>.</p> <p><a href=\"/nous-contacter\" target=\"_blank\">Nos conseillers sont disponibles en Savoie</a> pour réaliser un devis qui détermine le tarif du contrat d’entretien d’une pompe à chaleur qui vous soit personnalisé ainsi que le tarif d'entretien d'une clim réversible.</p>"
    }
  ]
}