{
  "breadcrumb": "Quels sont les différents types de climatiseurs fixes qui existent ?",
  "seo": {
    "title": "Les différents types de climatiseurs fixes",
    "description": "SBF Energies vous présente les nombreux et différents types de climatiseurs fixes qui existent sur le marché.",
    "opengraph": {
      "site_name": "",
      "type": "",
      "locale": "",
      "title": "",
      "description": "",
      "image": {
        "src": "",
        "alt": ""
      }
    }
  },
  "title": " Quels sont les différents types de climatiseurs fixes qui existent ? ",
  "chapo": "Il existe différents types de climatiseurs fixes sur le marché. SBF vous aide à faire votre choix.",
  "image": {
    "src": "/upload/files/sbf-energies-article-offre-climatisation-2025-456x334-cd0d009fef.jpg",
    "alt": "Quels sont les différents types de climatiseurs fixes qui existent ?"
  },
  "intro": "<p>La climatisation apporte un <strong>confort appréciable</strong> durant l'été. Qu'il s'agisse de travailler au bureau ou de mieux trouver le sommeil, la diminution de température contribue à notre bien-être et ses performances sont nettement supérieures à celles d'un simple ventilateur.</p> <p>C'est pourquoi de plus en plus de logements sont équipés d'un climatiseur. Tous les modèles ne se valent cependant pas.</p> <p>S'il existe des climatiseurs légers et mobiles, ce sont les climatiseurs fixes qui offrent les meilleures performances. Là encore, on en trouve différents modèles et différentes catégories.</p> <p>Votre prestataire <a href=\"https://www.sbf-energies.com\" target=\"_self\">SBF Energies</a> a choisi de vous proposer les meilleures marques spécialistes des équipements de climatisation comme <a href=\"https://confort.mitsubishielectric.fr/particulier\" target=\"_blank\">Mitsubishi Electric</a>&nbsp;ou encore <a href=\"https://www.daikin.fr/fr_fr/clients-utilisateurs.html\" target=\"_blank\">Daikin</a>&nbsp;pour vous permettre de profiter d'un confort optimal.</p> <p>Dans cet article, <a href=\"https://www.sbf-energies.com/\" target=\"_self\">votre équipe SBF Energies présente à Chambéry et dans toute la Savoie</a> &nbsp;vous présente&nbsp;les différents types de climatiseurs fixes.</p> <hr>",
  "paragraphs": [
    {
      "title": "Les modèles de climatiseurs fixes",
      "text": "<p>Ce type de climatiseur est principalement constitué de <strong>trois grandes familles de modèles:</strong></p> <ul>\n\t<li><strong>Les premiers sont fixés au mur et ont la forme d'un coffre ou d'un gros radiateur.</strong> Ces climatiseurs sont dotés d'une grille vers le haut qui permet de ventiler de l'air froid dans les pièces.</li>\n</ul> <ul>\n\t<li><strong>La deuxième famille de climatiseurs fixes est fixée en hauteur, au mur. </strong>Ces appareils disposent eux aussi d'une grille par laquelle on souffle l'air froid. Les grilles peuvent orienter en partie le flux et surtout le réguler, puisqu'elles peuvent être plus ou moins ouvertes.</li>\n\t<li>Enfin, <strong>la dernière catégorie de climatiseurs est intégrée aux plafonds</strong>, directement dans le bâti et est la plus discrète. Des grilles permettent, là encore, le passage de l'air rafraîchi.</li>\n</ul> <p><strong>La première question à trancher quand on souhaite <a href=\"https://www.sbf-energies.com/installation/climatisation\" target=\"_self\">faire installer un système fixe de climatisation </a>est donc le mode d'installation. </strong>Les critères peuvent être esthétiques, mais aussi liés aux travaux d'aménagements nécessaires. Ainsi, les climatiseurs intégrés aux plafonds conviennent bien si l'on prévoit une rénovation ou encore dans le neuf. Les autres types sont plus faciles à intégrer sans entreprendre d'importants travaux.</p> <hr>"
    },
    {
      "title": "Fonctionnement des climatiseurs fixes : les splits",
      "text": "<p><strong>Les climatiseurs splits se composent de deux éléments.&nbsp;</strong>L'<strong>unité intérieur</strong>e est utilisée pour refroidir l'air ambiant. Elle est généralement montée au mur, aspire l'air chaud de la pièce, le guide à travers un évaporateur et le souffle dans la pièce. La partie intérieure et la partie extérieure sont reliées par un tuyau contenant du liquide réfrigérant. Dans le cas des climatisations réversibles, il s'agit de liquide caloporteur.</p> <p><strong>Dans la partie extérieure</strong> - c'est-à-dire en dehors de la pièce à refroidir - <strong>la chaleur absorbée est libérée par des ventilateurs</strong>. Le même principe est utilisé dans les réfrigérateurs. Les splits constituent actuellement le système de climatisation le plus abouti. Ils offrent le meilleur niveau de confort, à la fois en ce qui concerne le flux de l'air, le refroidissement de la pièce et la limitation du bruit. Ce sont aussi les climatiseurs les plus respectueux de l'environnement. Ils sont parfaits pour les pièces à vivre et les chambres à coucher.</p> <hr>"
    },
    {
      "title": "Mono et multi-splits",
      "text": "<p><strong>Les climatiseurs monosplits sont des climatiseurs constitués de deux parties ou unités</strong>. Il n'y a qu'une unité intérieure pour une unité extérieure. Ces installations conviennent au rafraîchissement des chambres à coucher. Les systèmes multisplits fonctionnent de la même manière que les systèmes monosplits. Cependant, ils permettent de refroidir en même temps plusieurs pièces.</p> <p>On connecte plusieurs unités intérieures sur une seule unité extérieure, plus puissante que pour un monosplit. Le rendement de l'installation doit être soigneusement calculé pour que les systèmes multisplits puissent être efficaces. Si vous envisagez d'acquérir un climatiseur monosplit ou multisplit, pensez à faire établir un devis préalable par un spécialiste comme SBF Énergies qui vous conseillera le matériel adapté en fonction de vos souhaits et des spécificités de votre logement.</p> <hr>"
    },
    {
      "title": "Les climatiseurs fixes réversibles : se chauffer grâce à la climatisation",
      "text": "<p>Aujourd'hui, les climatisations réversibles connaissent un succès croissant. Elles sont d'ailleurs<strong> l'un des systèmes de chauffage les plus intéressants dans les maisons ancien</strong>nes, lorsque vous faites rénover le <strong>logement.</strong> En d'autres termes, il ne faut pas croire que les climatiseurs ne savent que refroidir les pièces ! Les climatiseurs splits actuels <strong>peuvent également vous fournir du chauffage</strong>. On inverse la fonction de refroidissement et le climatiseur produit de la chaleur. Le principe est celui de la pompe à chaleur. Ce type de système est souvent installé pour réchauffer une véranda.</p> <p>Mais<strong> il convient aussi pour <a href=\"https://www.sbf-energies.com/installation/climatisation\" target=\"_self\">chauffer un logement,</a></strong> en particulier durant les intersaisons, où vous n'avez pas besoin que de quelques degrés en plus parce qu'il ne fait pas encore très froid dehors. La climatisation fixe réversible est donc idéale en complément d'une chaudière au gaz à condensation ou d'un poêle à pellets. On installe aussi la climatisation réversible dans des pièces qui n'étaient pas initialement équipées de radiateurs à eau. Il est évidemment possible de chauffer un logement uniquement avec une climatisation réversible ou une pompe à chaleur air/air.</p> <hr>"
    },
    {
      "title": "Faire installer un système de climatisation dans le neuf ou en rénovation",
      "text": "<p><strong>Les climatiseurs fixes peuvent être installés dans le neuf ou en rénovation</strong>. L'intérêt du système est d'ailleurs la possibilité de rajouter aisément un système de refroidissement ou de chauffage dans l'ancien, sans avoir besoin de planifier de travaux lourds d'installation. <a href=\"https://www.sbf-energies.com/nous-contacter\" target=\"_self\">Les spécialistes SBF Énergies se déplacent à votre domicile</a>&nbsp;dans les villes de&nbsp;<strong><a href=\"https://www.sbf-energies.com/chauffagiste-frigoriste-aix-les-bains\" title=\"Chauffagiste Frigoriste Aix Les Bains\">Aix-les-Bains</a></strong>, <strong><a href=\"https://www.sbf-energies.com/chauffagiste-frigoriste-rumilly\" title=\"Chauffagiste Frigoriste Rumilly\">Rumilly</a></strong>, <strong><a href=\"https://www.sbf-energies.com/chauffagiste-frigoriste-la-motte-servolex\" title=\"Chauffagiste Frigoriste La Motte Servolex\">La Motte-Servolex</a></strong>, <strong><a href=\"https://www.sbf-energies.com/chauffagiste-frigoriste-la-ravoire\" title=\"Chauffagiste Frigoriste La Ravoire\">La Ravoire</a></strong>, <strong><a href=\"https://www.sbf-energies.com/chauffagiste-frigoriste-pontcharra\" title=\"Chauffagiste Frigoriste Pontcharra\">Pontcharra</a></strong> ou encore <strong><a href=\"https://www.sbf-energies.com/chauffagiste-frigoriste-cognin\" title=\"Chauffagiste Frigoriste Cognin\">Cognin</a></strong>&nbsp;pour étudier les contraintes de votre chantier. Ils vous proposeront toujours les meilleures solutions en fonction de vos attentes. En particulier, ils veilleront à limiter l'importance des travaux et perçages nécessaires à l'installation de votre climatiseur fixe. Ils vous conseilleront aussi le meilleur matériel.</p> <p>SBF Energies travaille avec des marques réputées et vous proposera toujours un <strong>climatiseur fixe split ou multisplit </strong>fiable. Nos spécialistes prendront en compte la problématique du chauffage et du refroidissement des pièces dans leur ensemble pour concevoir une solution clés en main.<br>\nAprès l'inspection de vos locaux<strong>, les techniciens élaborent un plan d'installation spécialement conçu pour vos locaux</strong>. Un bon positionnement des unités de climatisation est tout aussi important que l'acheminement idéal des câbles. Ils veillent à ce que l'installation des systèmes de climatisation se fasse avec le moins d'interférences possibles avec la structure du bâtiment.</p> <p><a href=\"/nous-contacter\" target=\"_self\">Pensez à choisir un prestataire de qualité comme votre spécialiste SBF Energies </a>pour que les travaux d'installation de votre climatiseur fixe soient faits dans le respect des normes.</p>"
    }
  ]
}