{
  "breadcrumb": "SBF - Votre expert en climatisation et chauffage réversible",
  "seo": {
    "title": "Expert en climatisation et chauffage réversible",
    "description": "Avec SBF Energies, c'est l’assurance d’être accompagné par un spécialiste qui connaît les produits du fabricant et qui sera présent à toutes les étapes : avant l’achat, lors de l’installation, et après la mise en service.",
    "opengraph": {
      "site_name": "",
      "type": "",
      "locale": "",
      "title": "",
      "description": "",
      "image": {
        "src": "",
        "alt": ""
      }
    }
  },
  "title": " SBF - Votre expert en climatisation et chauffage réversible ",
  "chapo": "L'assurance d’être accompagné dans son achat.",
  "image": {
    "src": "/upload/files/5ebd3b1c64e6e615623135.jpg",
    "alt": "SBF - Votre expert en climatisation et chauffage réversible"
  },
  "intro": "<p><br>\nLes installateurs partenaires d’un fabricant sont des professionnels qui s’engagent sur des&nbsp;critères de qualité. Faire le choix d’un installateur partenaire est celui de la sérénité. C’est&nbsp;l’assurance d’être accompagné par un spécialiste qui connaît les produits du fabricant et&nbsp;qui sera présent à toutes les étapes : avant l’achat, lors de l’installation, et après la mise&nbsp;en service.</p>",
  "paragraphs": [
    {
      "title": "\nUN ACCOMPAGNEMENT TOUT AU LONG DU PROJET",
      "text": "<p>L’installateur partenaire d’un fabricant de systèmes de chauffage réversible est l'interlocuteur idéal, pour le néophyte comme le connaisseur. Disposant d’une expertise technique sur une large gamme d’appareils, il peut proposer au futur utilisateur les solutions précisément adaptées à ses besoins.</p>"
    },
    {
      "title": "\nL’INSTALLATION DE L’APPAREIL",
      "text": "<p>S’adresser à un installateur membre d’un réseau animé par un constructeur assure que la pose du climatiseur soit réalisée dans les meilleures conditions pour une installation performante dans la durée. Grâce à son excellente connaissance des produits, le professionnel est également capable de fournir tous les conseils utiles à la prise en main de l’appareil.</p>"
    },
    {
      "title": "LA GARANTIE",
      "text": "<p>Il est recommandé de comparer les conditions de service après-vente et de garantie proposées par l’installateur Le choix se portera de préférence sur les installateurs partenaires qui proposent des garanties avec des extensions de durée sur toutes les pièces (sous réserve d’un entretien régulier), ainsi que sur la main d’oeuvre.</p>"
    },
    {
      "title": "BON À SAVOIR",
      "text": "<p>Comparer les critères sur lesquels sont recrutés les partenaires et vérifier la charte d’engagements qu’ils ont signée peut s’avérer très instructif. Il est donc recommandé de consulter les informations disponibles sur le site Internet des fabricants.</p> <p>&nbsp;</p>"
    }
  ]
}