{
  "breadcrumb": "Suspension de MaPrimeRénov’ : causes, conséquences et suites possibles",
  "seo": {
    "title": "Suspension de MaPrimeRenov' 2025 : quelles alternatives ?",
    "description": "Dès cet été 2025, MaPrimeRenov' est temporairement suspendue. SBF Energies vous accompagne dans les démarches à suivre pour régulariser votre dossier. ",
    "opengraph": {
      "site_name": "",
      "type": "",
      "locale": "",
      "title": "",
      "description": "",
      "image": {
        "src": "",
        "alt": ""
      }
    }
  },
  "title": " Suspension de MaPrimeRénov’ : causes, conséquences et suites possibles ",
  "chapo": "MaPrimeRénov 2025 : le pilier de la rénovation énergétique se met en pause",
  "image": {
    "src": "/upload/files/sbf-energies-article-suspension-maprimerenov-20252-dcecb4c5c4.jpg",
    "alt": "Suspension de MaPrimeRénov’ : causes, conséquences et suites possibles"
  },
  "intro": "<p>La ministre chargée du logement a annoncé ce 4 juin 2025 la <strong>suspension partielle de MaPrimeRénov’</strong>. Pour nombre de foyers engagés dans une rénovation ou proches de l’être, cette décision suscite de nombreuses interrogations.</p> <p>Quand sera-t-elle suspendue ? Jusqu’à quand ? Jusqu’à quand pourra-t-on encore bénéficier de MaPrimeRénov’ ?</p> <p>Voici notre décryptage.</p>",
  "paragraphs": [
    {
      "title": "Qu’est-ce que MaPrimeRénov’ ?",
      "text": "<p>MaPrimeRénov’ est l’<strong>aide publique à la rénovation énergétique</strong> la plus importante en France. Créée en 2020, elle vise à soutenir les propriétaires dans leurs travaux d'amélioration de l'efficacité énergétique de leur logement. Le dispositif est ouvert :</p> <strong>aide publique à la rénovation énergétique</strong> <ul>\n<li>Aux propriétaires occupants</li>\n<li>Aux bailleurs</li>\n<li>Aux copropriétés (parties communes)</li>\n</ul> <li>Aux propriétaires occupants</li> <li>Aux bailleurs</li> <li>Aux copropriétés (parties communes)</li> <p>MaPrimeRénov’ permet de financer, sous conditions de ressources, une grande variété de travaux :</p> <ul>\n<li>Remplacement de systèmes de chauffage</li>\n<li>Ventilation, VMC</li>\n<li>Isolation thermique (toiture, murs, planchers)</li>\n<li>Rénovations globales</li>\n</ul> <li>Remplacement de systèmes de chauffage</li> <li>Ventilation, VMC</li> <li>Isolation thermique (toiture, murs, planchers)</li> <li>Rénovations globales</li> <p>Le dispositif, piloté par l’<strong>Agence nationale de l’habitat (ANAH)</strong>, a permis de soutenir plusieurs centaines de milliers de projets.</p> <strong>Agence nationale de l’habitat (ANAH)</strong> <p>Mais en ce mois de juin 2025, un changement de cap s’amorce.</p>"
    },
    {
      "title": "Pourquoi une suspension de MaPrimeRénov en 2025 ?",
      "text": "<p>Le gouvernement a acté en ce mois de juin<strong> une suspension temporaire de MaPrimeRénov’ durant l’été 2025</strong>.</p> <strong> une suspension temporaire de MaPrimeRénov’ durant l’été 2025</strong> <p>Les raisons ?</p> <ul>\n<li>Face à l’encouragement massif de la rénovation énergétique des dernières années, l’enveloppe budgétaire votée pour l’année (2,3 milliards d’euros) serait <strong>déjà quasiment entièrement engagée</strong>.</li>\n<li>L’adoption tardive de la loi de finance a créé un goulet d’étranglement dans le traitement des dossiers.</li>\n<li>L’augmentation des fraudes a fortement allongé les délais de traitement des dossiers.</li>\n</ul> <li>Face à l’encouragement massif de la rénovation énergétique des dernières années, l’enveloppe budgétaire votée pour l’année (2,3 milliards d’euros) serait <strong>déjà quasiment entièrement engagée</strong>.</li> <strong>déjà quasiment entièrement engagée</strong> <li>L’adoption tardive de la loi de finance a créé un goulet d’étranglement dans le traitement des dossiers.</li> <li>L’augmentation des fraudes a fortement allongé les délais de traitement des dossiers.</li> <p>Ainsi, MaPrimeRénov’ est victime de son succès. L’enveloppe en baisse par rapport aux débuts du dispositif se voit insuffisante face aux besoins en rénovation du parc de logements français. Par ailleurs, entre complexité et délais de traitement qui s’allongent, le blocage du dispositif alerte sur la gestion des aides à la transition énergétique.</p>"
    },
    {
      "title": "Suspension de MaPrimeRénov 2025 : quels impacts pour les particuliers ?",
      "text": "<p>Avec la suspension annoncée de MaPrimeRénov’ :</p> <ul>\n<li><strong>Les dossiers déjà validés continuent à être traités</strong></li>\n</ul> <li><strong>Les dossiers déjà validés continuent à être traités</strong></li> <strong>Les dossiers déjà validés continuent à être traités</strong> <ul>\n<li><strong><strong>Les dossiers soumis avant la suspension seront traités</strong>, mais avec un risque de délai</strong></li>\n</ul> <li><strong><strong>Les dossiers soumis avant la suspension seront traités</strong>, mais avec un risque de délai</strong></li> <strong><strong>Les dossiers soumis avant la suspension seront traités</strong>, mais avec un risque de délai</strong> <strong>Les dossiers soumis avant la suspension seront traités</strong> <ul>\n<li><strong>Les nouvelles demandes ne seront pas instruite à partir de l’entrée en vigueur de la suspension</strong> (date non précisée) et jusqu’à nouvel ordre.</li>\n</ul> <li><strong>Les nouvelles demandes ne seront pas instruite à partir de l’entrée en vigueur de la suspension</strong> (date non précisée) et jusqu’à nouvel ordre.</li> <strong>Les nouvelles demandes ne seront pas instruite à partir de l’entrée en vigueur de la suspension</strong> <p>Comment s’adapter face à la suspension de MaPrimeRénov’ cet été ?</p> <ul>\n<li>Finaliser les projets d’ici fin juin 2025 (la date de suspension n’est, pour l’heure, pas connue)</li>\n<li>Se tourner vers d’autres dispositifs (CEE, aides locales, éco-PTZ, solutions de financement)</li>\n<li>Être accompagné pour préparer les dépôts d’un dossier dès le rétablissement de l’aide</li>\n</ul> <li>Finaliser les projets d’ici fin juin 2025 (la date de suspension n’est, pour l’heure, pas connue)</li> <li>Se tourner vers d’autres dispositifs (CEE, aides locales, éco-PTZ, solutions de financement)</li> <li>Être accompagné pour préparer les dépôts d’un dossier dès le rétablissement de l’aide</li> <p><a title=\"Qui sommes nous ?\" href=\"/qui-sommes-nous\">SBF Energies</a> reste mobilisée pour vous accompagner dans vos projets de changement de chauffage. Vous pouvez toujours contacter nos équipes pour bénéficier au plus vite de l’aide MaPrimeRénov’ et alléger votre devis&nbsp;<a title=\"Installation pompe à chaleur\" href=\"/installation/pompe-a-chaleur\">d’installation de pompe à chaleur</a> ou de <a title=\"Installation chauffe-eau thermodynamique\" href=\"/installation/chauffe-eau-thermodynamique\">chauffe-eau thermodynamique</a>. Chez SBF Energies, nous déduisons directement les aides de votre devis, de quoi alléger votre facture.</p> <a title=\"Qui sommes nous ?\" href=\"/qui-sommes-nous\">SBF Energies</a> <a title=\"Installation pompe à chaleur\" href=\"/installation/pompe-a-chaleur\">d’installation de pompe à chaleur</a> <a title=\"Installation chauffe-eau thermodynamique\" href=\"/installation/chauffe-eau-thermodynamique\">chauffe-eau thermodynamique</a> <h3>MaPrimeRénov’ n’est pas la seule aide disponible !</h3> <p>Et quand bien même vous ne bénéficieriez plus de MaPrimeRénov’, les <strong>certificats d’économies d’énergies</strong> (prime énergie CEE) restent avantageux et accessibles. A titre d’exemple, il peuvent représenter jusqu’à 40% du montant actuel des aides.</p> <strong>certificats d’économies d’énergies</strong> <p>Par ailleurs, <strong>le financement est une solution viable</strong> pour concrétiser vos projets. SBF Energies est en capacité de vous proposer des <strong>facilités de paiement</strong>, avec des taux avantageux. N’hésitez pas à vous rapprocher de nos équipes pour obtenir une simulation personnalisée.</p> <strong>le financement est une solution viable</strong> <strong>facilités de paiement</strong>"
    },
    {
      "title": "Quelles sont les prochaines étapes annoncées pour MaPrimeRénov’ ?",
      "text": "<p><strong>Le cabinet de Valérie Létard</strong>, ministre chargée du logement, annonce une reprise du traitement des dossiers MaPrimeRénov’ “d’ici fin septembre”. D’ici là, l’été devrait apporter plus de réponses quant à l’avenir du dispositif. Un travail de réforme devrait être mené par le ministère, en collaboration avec les professionnels, les collectivités et les parlementaires afin de mettre en place de nouveaux instruments de lutte contre la fraude dans les processus d'examen des demandes.</p> <strong>Le cabinet de Valérie Létard</strong> <p>Ainsi, une <strong>proposition de loi</strong> portée par le député Thomas Cazenave est à l’étude. Elle vise à <strong>renforcer les contrôles et lutter contre la fraude</strong>, mais pourrait également avoir un impact sur la structure du dispositif.</p> <strong>proposition de loi</strong> <strong>renforcer les contrôles et lutter contre la fraude</strong>"
    },
    {
      "title": "MaPrimeRénov 2025 : une période de transition à surveiller",
      "text": "<p>La situation actuelle ne remet pas, théoriquement, en cause l’existence de MaPrimeRénov’, mais elle souligne ses fragilités : enveloppe annuelle insuffisante, saturation administrative, et complexité de pilotage.</p> <p>Pour les particuliers comme pour les professionnels, cette période d’incertitude nécessite <strong>vigilance, adaptation et anticipation</strong>. Elle doit être mise à profit pour se réorganiser, s’informer et anticiper les ajustements de fin 2025 et 2026.</p> <strong>vigilance, adaptation et anticipation</strong> <p>Chez SBF Energies, nous sommes à vos côtés pour vous aider à trouver les meilleures solutions pour votre confort thermique, sans faire exploser votre budget. Il n’est pas encore trop tard pour bénéficier de MaPrimeRénov’ !</p> <p>Nos experts vous guident à travers les aides et les solutions de financement disponibles. Contactez-nous pour obtenir plus d’informations ou un devis rapidement !</p>"
    }
  ]
}