{
  "breadcrumb": "Tout savoir sur MaPrimeRenov",
  "seo": {
    "title": "Tout savoir sur MaPrimeRenov",
    "description": "On vous dit tout sur MaPrimeRénov' : une aide maintenue en 2023 pour des logements de plus de 15 ans !",
    "opengraph": {
      "site_name": "",
      "type": "",
      "locale": "",
      "title": "",
      "description": "",
      "image": {
        "src": "",
        "alt": ""
      }
    }
  },
  "title": " Tout savoir sur MaPrimeRenov ",
  "chapo": "Une aide maintenue en 2023 pour des logements de plus de 15 ans et un parcours accompagné par SBF Energies !",
  "image": {
    "src": "/upload/files/61bb1d723f19c883047491.jpg",
    "alt": "Tout savoir sur MaPrimeRenov"
  },
  "intro": "<p><em>\"Parce que beaucoup de chauffages sont encore au fioul ou au gaz, parce que beaucoup de logements sont encore mal isolés, la rénovation est en effet un enjeu prioritaire pour le combat climatique, mais aussi tout simplement pour le confort et le pouvoir d'achat des Français.\"</em> Extrait du dossier de présentation du nouveau dispositif lancé par le ministère du Logement afin d'accélérer la rénovation énergétique.</p> <p>Avec SBF Energies, cette aide est directement déduite de votre devis, aucune avance de fond à faire vous ne payez que le reste à charge.</p> <hr> <p><strong>*Mise à jour</strong><strong>&nbsp;</strong>: changements de certains montants et des barèmes de revenus... découvrez toutes les nouveautés 2023 dans notre dernière version du guide MaPrimeRénov'.</p> <hr> <p>&nbsp;</p>",
  "paragraphs": [
    {
      "title": "Vous souhaitez en savoir plus ?",
      "text": "<p><strong><a href=\"../../pdf/maprimerenov/MaPrimeRenov_SBF.pdf\" target=\"_blank\" rel=\"noopener\">Cliquez ici pour télécharger notre guide complet pour tout savoir sur MaPrimeRenov'</a> !</strong></p>"
    }
  ]
}