{
  "breadcrumb": "Tout savoir sur la climatisation pour pouvoir en profiter au maximum",
  "seo": {
    "title": "Anticipez l'été : Installez une climatisation",
    "description": "La climatisation réversible dispose de deux modes permettant soit de climatiser, soit de chauffer : ainsi, elle est capable d'inverser son fonctionnement.",
    "opengraph": {
      "site_name": "",
      "type": "",
      "locale": "",
      "title": "",
      "description": "",
      "image": {
        "src": "",
        "alt": ""
      }
    }
  },
  "title": " Tout savoir sur la climatisation pour pouvoir en profiter au maximum ",
  "chapo": "SBF Energies vous accompagne dans l'installation de votre nouvelle climatisation.",
  "image": {
    "src": "/upload/files/climatisation_2022-4ce7e5e42b.jpg",
    "alt": "Tout savoir sur la climatisation pour pouvoir en profiter au maximum"
  },
  "intro": "<p>Le 20 mars marque le début du printemps. Avec SBF Energies, anticipez les grosses chaleurs de l'été dès maintenant et <a title=\"Installation climatisation\" href=\"/installation/climatisation\">installez une climatisation</a>. En effet, les mois à venir sont le moment idéal pour anticiper l'été et avancer sur votre projet de climatisation.</p> <p>Un chauffage qui souffle le chaud ... et le froid ! Les systèmes de chauffage réversible (également appelés « pompes à chaleur réversibles » ou « climatiseurs réversibles ») garantissent à leurs propriétaires un confort intérieur tout au long de l’année.</p> <hr>",
  "paragraphs": [
    {
      "title": "Pourquoi faire installer une climatisation à son domicile",
      "text": "<p>Les avantages de la climatisation sont nombreux : gain de confort thermique, assainissement de l'air, déshumidifaction... En effet, en plus de rendre le quotidien plus agréable en été, la climatisation peut s'avérer une véritable nécessité pour de nombreuses personnes sensibles (enfants, personnes âges ou souffrants d'asthme).</p> <p>En choisissant d'installer une climatisation aujourd'hui, vous pourrez bénéficier d'un modèle récent, performant et davantage silencieux.</p> <hr>"
    },
    {
      "title": "Faites le choix d'une climatisation réversible",
      "text": "<p>Le chauffage réversible fonctionne en captant, par l’intermédiaire de son groupe placé à l’extérieur de l’habitation, les calories présentes dans l’air. La chaleur est ensuite diffusée au sein du logement grâce à l’unité intérieure, reliée par des tubes avec l’unité extérieure, et dans lesquels circule un fluide permettant le transport des calories. Le système est réversible car il dispose d’un inverseur qui permet de permuter le cycle de fonctionnement et, ainsi, de rafraîchir l’air intérieur en rejetant à l’extérieur les calories puisées dans l’habitation.</p> <hr>"
    },
    {
      "title": "La maîtrise de la température de son logement, 365 jours par an",
      "text": "<p>Le système est parfaitement adapté aux conditions climatiques rencontrées en France. Certaines solutions de chauffage réversible garantissent une puissance de chauffage constante jusqu’à -15 degrés extérieurs, et sont même capables d’apporter un confort intérieur jusqu’à -25 degrés. Ainsi, ce n’est pas un hasard si les habitants des pays nordiques plébiscitent ce type d’appareil.</p> <hr>"
    },
    {
      "title": "Un système de chauffage intelligent",
      "text": "<p>Un chauffage réversible de qualité assure un confort thermique sur-mesure, adaptable en fonction des préférences de chacun. Certains systèmes sont équipés de capteurs intelligents qui permettent d’ajuster automatiquement la température lors de l’entrée d’une personne dans une pièce. D’autres dispositifs détectent la position des occupants de la maison de manière à orienter les flux d’air (chaud ou froid), selon leurs choix (directement vers eux ou autour d’eux).</p> <p>Vous pouvez également programmer l'allumage de vos appareils dans les différentes pièces de votre domicile à distance grâce à votre téléphone. En plus de vous faire économiser sur vos factures d'énergies, vous n'aurez plus à vous soucier de la régulation des températures de votre domicile.</p> <hr>"
    },
    {
      "title": "La climatisation, un équipement de plus en plus respectueux de l'environnement",
      "text": "<p><a title=\"Equipement climatisation\" href=\"/equipements/climatisation/climatisation-reversible\">Les derniers modèles de climatisation</a> sont également davantage respectueux de l'environnement. Ces équipement fonctionnent avec des fluides frigorigènes qui sont soumis à des réglementations avec un indice de réchauffement climatique.</p> <p>Ainsi, alors que les climatisations R22 du début des années 2000 avaient un PRP de 1810, celles des années suivantes au R410A avaient un PRP de 2100. Aujourd'hui, le fluide utilisé dans les nouveaux appareils a un PRP de seulement 675. L'impact sur le réchauffement climatique est ainsi largement réduit.</p> <hr>"
    },
    {
      "title": "Comment entretenir son système de climatisation ?",
      "text": "<p>En plus d'être une obligation légale, l'<a title=\"Entretien climatisation\" href=\"/entretien/climatisation\">entretien des climatisations</a> est également essentiel pour augmenter la durée de vie de votre appareil. En effet, les climatisations doivent être révisées régulièrement afin d'anticiper toutes les pannes ou dysfonctionnement éventuels.</p> <p>SBF Energies vous proposent de souscrire à l'un de nos contrats d'entretien. Chaque année, nos équipes prendront contact avec vous afin de fixer un rendez-vous pour réaliser la maintenance de votre appareil. De plus, vous bénéficierez également d'une priorité d'intervention en cas de panne de votre climatisation. Contactez-nous au 04 79 62 17 80 pour plus d'informations.</p>"
    }
  ]
}