{
  "breadcrumb": "Aides au remplacement de chaudière 2019",
  "seo": {
    "title": "Votre chaudière faiblit et vous souhaitez la changer ?",
    "description": "Estimez votre éligibilité et bénéficiez des aides au remplacement de chaudière.",
    "opengraph": {
      "site_name": "",
      "type": "",
      "locale": "",
      "title": "",
      "description": "",
      "image": {
        "src": "",
        "alt": ""
      }
    }
  },
  "title": " Aides au remplacement de chaudière 2019 ",
  "chapo": "C’est l’occasion de profiter des aides pour le changement de chaudière : on vous accompagne",
  "image": {
    "src": "/upload/files/5d5401508d3f9551066820.jpg",
    "alt": "Aides au remplacement de chaudière 2019"
  },
  "intro": "<p>Le changement de son système de chauffage peut représenter un gros investissement. En effet, certains appareils de chauffage comme les pompes à chaleur peuvent coûter entre 8 000 et 16 000 euros. Pour vous aider à financer votre projet, plusieurs dispositifs ont été mis en place en 2019 : le <strong>coup de pouce chauffage</strong>, le <strong>crédit d’impôt pour la transition énergétique</strong> (CITE), l’aide de l’<strong>ANAH</strong>…</p> <p>Ces aides offrent l’opportunité aux ménages français d’opter pour une installation de chauffage <ins>plus performante</ins>, <ins>moins énergivore</ins> et <ins>respectueuse&nbsp;de l’environnement</ins>.&nbsp;</p>",
  "paragraphs": [
    {
      "title": "Pourquoi changer son système de chauffage ?",
      "text": "<p>Remplacer son ancien système de chauffage pour un nouvel appareil dernière génération présente de nombreux avantages :&nbsp;</p> <ul>\n\t<li>Grâce à ces appareils haute performance énergétique, vous pouvez <strong>réduire vos factures énergétiques</strong> jusqu’à <strong>30 %</strong>. Par exemple, en passant d’une chaudière fioul à une pompe à chaleur type air-eau, vous économisez entre 900 et 1 200 euros sur votre facture annuelle (source : prime-chaudieres.gouv.fr).</li>\n\t<li>Vous profitez d’un <strong>confort maximum</strong> dans votre maison avec des températures adaptées à vos envies</li>\n\t<li>Comparativement aux anciens modèles, les dernières innovations&nbsp;de chaudière ou de pompe à chaleur sont&nbsp;plus <strong>respectueuses de l’environnement</strong>&nbsp;</li>\n</ul>"
    },
    {
      "title": "Découvrez les aides au remplacement de chaudière 2019 :",
      "text": "<h3>1/ Le “<strong>Coup de Pouce Chauffage</strong>” : directement<strong> déduit de votre facture</strong> grâce à Electrogaz !</h3> <p>Aussi appelée “Prime Énergie”, cette aide s’inscrit directement dans le dispositif des Certificats d’Économie d’Énergie (CEE) mis en place par le Ministère de la Transition Écologique et Solidaire. L’objectif de cette prime est d’aider les ménages français à accéder à un nouvel appareil de chauffage en diminuant la facture de ces travaux. L’avantage principal du Coup de Pouce Chauffage est qu’il peut être perçu par tous les ménages, <strong>sans conditions de revenus</strong> :&nbsp;</p> <p><ins>Pour l’achat d’une chaudière</ins> :</p> <ul>\n\t<li><strong>600 €</strong> pour tous</li>\n\t<li><strong>1 200 € </strong>pour les revenus modestes*</li>\n</ul> <p><ins>Pour l’achat d’une pompe à chaleur type air-eau</ins> :&nbsp;</p> <ul>\n\t<li><strong>2 500 €</strong> pour tous</li>\n\t<li><strong>4 000 €</strong> pour les revenus modestes*</li>\n</ul> <p><strong>► Le + Electrogaz :&nbsp;</strong></p> <div>Le Coup de Pouce Chauffage est déduit de votre facture, vous n’avancez pas les frais. Electrogaz prend&nbsp;directement en compte le montant de votre prime dans le coût total des travaux et s’occupe d'une partie des démarches pour vous.</div> <h3>2/ <strong>L’aide de l’ANAH</strong> (Agence Nationale de l’Habitat) : Habiter Mieux Agilité</h3> <p>Ce dispositif a pour but d’aider les ménages aux revenus modestes* et très modestes* à <ins>financer leurs travaux de rénovation énergétique</ins>. Habiter Mieux Agilité permet à ces foyers, parfois logés dans des habitations&nbsp;anciennes, de retrouver un confort de vie optimal.</p> <p>Afin d’inciter au changement des anciens modes de chauffage,&nbsp;plus polluants que les modèles actuels, l’ANAH propose :&nbsp;</p> <ul>\n\t<li>Jusqu’à <strong>2 800 €</strong> d’aide financière (soit <strong>35 %</strong> du montant total des travaux HT) pour les foyers considérés comme modestes*</li>\n\t<li>Jusqu’à <strong>4 000 €</strong> d’aide financière (soit <strong>50%</strong> du montant total des travaux HT) pour les foyers considérés comme très modestes*</li>\n</ul> <table border=\"1\" cellpadding=\"1\" cellspacing=\"1\" style=\"width:1000px\">\n\t<caption>Conditions de ressources dans les Alpes-Maritimes</caption>\n\t<tbody>\n\t\t<tr>\n\t\t\t<td><strong>&nbsp;Nombre de personnes composant le ménage</strong></td>\n\t\t\t<td><strong>&nbsp;*Ménages aux ressources très modestes (€)</strong></td>\n\t\t\t<td><strong>&nbsp;*Ménages aux ressources modestes (€)</strong></td>\n\t\t</tr>\n\t\t<tr>\n\t\t\t<td>&nbsp;1</td>\n\t\t\t<td>&nbsp;14 790</td>\n\t\t\t<td>&nbsp;18 960</td>\n\t\t</tr>\n\t\t<tr>\n\t\t\t<td>&nbsp;2</td>\n\t\t\t<td>&nbsp;21 630</td>\n\t\t\t<td>&nbsp;27 729</td>\n\t\t</tr>\n\t\t<tr>\n\t\t\t<td>&nbsp;3</td>\n\t\t\t<td>&nbsp;26 013</td>\n\t\t\t<td>&nbsp;33 346</td>\n\t\t</tr>\n\t\t<tr>\n\t\t\t<td>&nbsp;4</td>\n\t\t\t<td>&nbsp;30 389</td>\n\t\t\t<td>&nbsp;38 958</td>\n\t\t</tr>\n\t\t<tr>\n\t\t\t<td>&nbsp;5</td>\n\t\t\t<td>&nbsp;34 784</td>\n\t\t\t<td>&nbsp;44 592</td>\n\t\t</tr>\n\t\t<tr>\n\t\t\t<td>&nbsp;Par personne supplémentaire</td>\n\t\t\t<td>&nbsp;+ 4 385</td>\n\t\t\t<td>&nbsp;+ 5 617</td>\n\t\t</tr>\n\t</tbody>\n</table> <h3>3/ <strong>CITE</strong> : économisez sur vos impôts !</h3> <p>Le <strong>Crédit d’Impôt pour la Transition Energétique</strong> permet de déduire de l’impôt sur le revenu, jusqu’à <strong>30 %*</strong> du coût total des travaux de rénovation énergétique. Soumis à un plafond de <strong>1 005 €</strong> pour une chaudière gaz, il concerne les propriétaires, locataires ou occupants à titre gratuit résidant dans un&nbsp;logement achevé depuis plus de 2 ans.&nbsp;</p> <p>Dans le cas d’une dépose de cuve fioul, le taux du crédit d’impôt est de <strong>50 %</strong>.</p> <p>→ A noter que le coût de main d'oeuvre est compris seulement pour l'achat d'une PAC type air-eau ou d'une solution de chauffage à énergies renouvelables.</p> <p><strong>► Le + Electrogaz :</strong></p> <p>Nous possédons le <ins><strong>label RGE</strong></ins> (Reconnu Garant de l’Environnement) qui est indispensable pour bénéficier du CITE.</p> <h3>Les aides... mais pas que !</h3> <ul>\n\t<li>Tous les appareils d’Electrogaz sont soumis à la <strong>TVA réduite de 5,5 %</strong>&nbsp;</li>\n\t<li>Grâce à notre partenaire financier, vous pouvez <strong>régler vos travaux en mensualités</strong></li>\n\t<li>Nos solutions de chauffage haute performance énergétique vous permettent de <strong>réduire significativement votre facture annuelle d’énergie</strong></li>\n</ul> <p>&nbsp;</p> <p>Faites appel à nos techniciens experts et découvrez toutes les aides auxquelles vous pouvez prétendre.</p> <p>Electrogaz vous accompagne dans vos travaux de rénovation énergétique, <a href=\"https://www.electrogaz.fr/nous-contacter\">contactez-nous</a>&nbsp;!</p> <p>&nbsp;</p> <p>*Le coût de la main d'oeuvre est compris seulement pour l'achat d'une PAC air-eau par un&nbsp;ménage&nbsp;modeste&nbsp;ou&nbsp;très modeste.</p>"
    }
  ]
}