{
  "breadcrumb": "Aides à la rénovation énergétique 2022 dans les Alpes-Maritimes",
  "seo": {
    "title": "Rénovation énergétique : les aides 2022 dans les Alpes-Maritimes",
    "description": "Electrogaz décrypte toutes les aides financières auxquelles vous pouvez prétendre pour vos travaux de rénovation énergétique",
    "opengraph": {
      "site_name": "",
      "type": "",
      "locale": "",
      "title": "",
      "description": "",
      "image": {
        "src": "",
        "alt": ""
      }
    }
  },
  "title": " Aides à la rénovation énergétique 2022 dans les Alpes-Maritimes ",
  "chapo": "Electrogaz décrypte toutes les aides financières auxquelles vous pouvez prétendre pour vos travaux de rénovation énergétique",
  "image": {
    "src": "/upload/files/aides-renovations-energetiques-4cb3b53b9e.jpg",
    "alt": "Aides à la rénovation énergétique 2022 dans les Alpes-Maritimes"
  },
  "intro": "<p>Vous souhaitez remplacer votre ancien système de chauffage par un nouvel appareil plus économe et respectueux de l’environnement ? Electrogaz vous présente aujourd’hui toutes les aides auxquelles vous pouvez avoir accès.</p> <p>Afin d’encourager la transition énergétique, l’Etat et certains fournisseurs d’énergies proposent différentes aides financières pour vous aider à remplacer votre ancienne installation. Ces aides s’adressent à toutes les personnes souhaitant entreprendre des travaux de rénovation énergétique, avec des montants plus importants pour les foyers les plus modestes.</p> <p>Pour avoir accès à ces différents dispositifs, vous devez néanmoins respecter certaines conditions, et notamment celle de faire appel à un professionnel qualifié possédant la <a title=\"Nos certifications\" href=\"/qui-sommes-nous/certifications-et-marques\">certification RGE - Reconnu Garant de l’Environnement</a> en fourniture et pose.</p> <p>Les équipes d’Electrogaz possèdent ce label. En choisissant de faire appel à nos services, vous pourrez ainsi bénéficier des différentes aides financières mises en place par l’Etat, dont certaines peuvent être directement déduites de votre devis.</p> <p><a title=\"Rénovation énergétique : les nouveautés de juillet 2024\" href=\"../../conseils-et-actualites/renovation-energetique-aides-ete-2024\"><em>[Découvrez les changements concernant les aides à la rénovation énergétique de l'été 2024 !]</em></a></p> <p>&nbsp;</p> <hr>",
  "paragraphs": [
    {
      "title": "La TVA à taux réduit",
      "text": "<p>Une TVA à un taux de 5,5% est applicable pour les travaux de rénovation énergétique, dans des logements existants (hors logements neufs) à condition de respecter certaines caractéristiques techniques et critères de performances minimales. Cette TVA est sans conditions de revenu afin de s’adresser au plus grand nombre.</p> <hr>"
    },
    {
      "title": "La Prime Coup de Pouce Chauffage (CEE - Certificats d’Economies d’Energies)",
      "text": "<p>Mis en place par l’Etat pour contraindre les fournisseurs d’énergies (électricité et gaz) à réaliser des économies d’énergies, les CEE existent depuis 2006. La version coup de pouce chauffage est un CEE bonifié et simplifié qui s’adresse à toutes les personnes souhaitant remplacer leur chaudière gaz ou fioul non condensation par <a title=\"Equipement Pompe à chaleur\" href=\"/equipements/energie-renouvelable/pompe-a-chaleur\">une pompe à chaleur</a> (air/eau, géothermique ou hybride), une chaudière biomasse (granulés ou bûches) .</p> <p>L’aide concerne tous les logements de plus de 2 ans, que ce soit une résidence principale ou secondaire. Vous pouvez en bénéficier si vous êtes propriétaire, mais aussi si vous êtes locataire en demandant l’autorisation à votre propriétaire.</p> <p>La Prime Coup de Pouce Chauffage fonctionne de manière progressive, favorisant ainsi les ménages les plus modestes dans leur transition énergétique puisqu’elle prend en compte le revenu fiscal de référence et le nombre de personnes composant le foyer. Selon la nature des travaux, son montant peut ainsi varier entre 0€ pour les personnes les plus aisées et plus de&nbsp; 4 000€ pour de la pompe à chaleur pour les plus modestes (valables en avril 2022, montants révisés régulièrement).</p> <hr>"
    },
    {
      "title": "MaPrimeRénov’",
      "text": "<p>Créée par l’ANAH (Agence Nationale pour l’Habitat) en 2020, MaPrimeRénov a remplacé le Crédit d’Impôt pour la Transition Energétique (CITE). Depuis janvier 2022 cette aide est réservée aux logements de plus de 15 ans . Cette prime se décline en 4 barèmes de couleur (Bleu, Jaune, Violet, Rose) de façon à être plus avantageux pour les plus bas revenus&nbsp;</p> <p>Actuellement, au mois d’avril 2022, le montant maximum de cette prime est de 5000€ en PAC pour les foyers plus modestes.</p> <p>Ces chiffres ont récemment été revus à la hausse puisque, depuis le 15 avril 2022, l’Etat a annoncé une augmentation de 1 000€ du montant de MaPrimeRénov’ pour un remplacement d’une chaudière gaz ou fioul par une chaudière biomasse ou une pompe à chaleur (classique ou hybride).</p> <hr>"
    },
    {
      "title": "Le programme Habiter Mieux de l’ANAH (Agence nationale de l’habitat )",
      "text": "<p>Le programme de rénovation globale de l’ANAH s’adresse aussi bien aux propriétaires occupants qu'aux propriétaires bailleurs qui peuvent financer entre 45 et 60% des travaux de rénovation énergétique. Pour que vous puissiez en bénéficier, votre rénovation énergétique doit faire diminuer votre consommation d’énergie d’au moins 35%. L’aide peut être plus importante pour les logements qui possèdent une étiquette énergétique F ou G et qui ferait un gain d’au moins deux étiquettes énergétiques (respectivement D et E). Ce dispositif oblige à combiner plusieurs axes d’amélioration du logement : <a title=\"Equipement chauffage\" href=\"/equipements\">système de chauffage</a>, <a title=\"Equipement chauffe-eau\" href=\"/equipements/chauffe-eau\">de production d’eau chaude sanitaire</a>, isolation des murs, planchers ou combles ou encore étanchéité à l’air et système de VMC adapté.&nbsp;</p> <hr>"
    },
    {
      "title": "Eco-Prêt à Taux Zéro ou “PTZ”",
      "text": "<p>En plus des différentes aides mises en place pour diminuer le coût des travaux de rénovation énergétique, en particulier pour les travaux d'isolation, de chauffage et d’énergies renouvelables, l’Etat propose également un prêt à taux zéro pour aider au financement de votre projet.</p> <p>Ce type de prêt remboursable entre 3 et 10 ans est, comme son nom l’indique, à taux zéro. En effet, c’est l’Etat qui prend en charge les intérêts. Son montant peut varier de 10 000€ à 30 000€ selon le type de travaux financés. Ce dernier peut également prendre en charge les coûts des travaux de rénovation directement liés à <a title=\"Installation chauffage\" href=\"/installation\">la pose d’un nouvel équipement</a>.</p>"
    }
  ]
}