{
  "breadcrumb": "Pompe à chaleur air-eau : nouvelle prime CEE, mode d’emploi",
  "seo": {
    "title": "Alpes-Maritimes : CEE PAC air-eau 2025, mode d’emploi",
    "description": "Dans les Alpes-Maritimes, installez une PAC air-eau et profitez des CEE avec EGS Energies : combien vous pouvez toucher, qui y a droit et quelles étapes suivre.",
    "opengraph": {
      "site_name": "",
      "type": "",
      "locale": "",
      "title": "",
      "description": "",
      "image": {
        "src": "",
        "alt": ""
      }
    }
  },
  "title": " Pompe à chaleur air-eau : nouvelle prime CEE, mode d’emploi ",
  "chapo": "Ce qui change pour la prime CEE en PAC : le guide pour les Alpes-Maritimes (Zone H3)",
  "image": {
    "src": "/upload/files/aide-cee-pac-air-eau-changements-3320d80da8.jpg",
    "alt": "Pompe à chaleur air-eau : nouvelle prime CEE, mode d’emploi"
  },
  "intro": "<p>L'installation d'une <a title=\"PAC air-eau\" href=\"/equipements/energie-renouvelable/pompe-a-chaleur\"><strong>pompe à chaleur (PAC) air-eau</strong></a> bénéficie d'un soutien renforcé, mais avec de nouvelles règles !</p> <p>Depuis le <strong>1ᵉʳ octobre 2025</strong>, la prime <strong>CEE</strong> évolue pour les PAC air-eau. Fini le forfait national : place à une <strong>prime calculée</strong> sur les fiches standardisées révisées (BAR-TH-171/172), <strong>bonifiée par un coefficient</strong> lorsque vous <strong>remplacez une chaudière fioul, gaz ou charbon</strong>. Objectif : mieux coller aux besoins réels et à la performance de l’équipement.</p>",
  "paragraphs": [
    {
      "title": "Un nouveau mode de calcul pour des primes optimisées",
      "text": "<p>L'objectif de cette réforme est de cibler l'efficacité. On ne parle plus de montant minimal national. La prime bonifiée (le bonus multiplicateur) s'applique uniquement lors du <strong>remplacement d'un ancien équipement de chauffage aux énergies fossiles</strong>.</p> <p>Le montant de votre prime CEE dépend désormais fortement de :</p> <ol>\n<li><strong>La zone climatique :</strong> les Alpes-Maritimes sont en <strong>zone climatique H3</strong>. Les besoins de chauffage sont généralement plus faibles qu'en H1 ou H2, ce qui pèse sur le calcul CEE. Néanmoins, <strong>le coefficient multiplicateur peut rendre l'aide très intéressante</strong>.</li>\n<li><strong>L’efficacité (ETAS)</strong> : <strong>seuil d’éligibilité à partir de ≥ 111 % en moyenne/haute T ou ≥ 126 % en basse T</strong>, <strong>avec une valorisation renforcée dès 140 %</strong>. Plus l’ETAS est élevé, plus la PAC est économe et plus l’aide augmente. <strong>L’intégration de l’Eau Chaude Sanitaire (ECS)</strong> est mieux valorisée que le chauffage seul.</li>\n<li><strong>La surface réellement chauffée</strong> : une grande surface tire la prime vers le haut.</li>\n<li><strong>Les revenus :</strong> la <strong>prime CEE de base n’est pas conditionnée aux revenus</strong>, mais <strong>le cumul avec MaPrimeRénov’</strong> dépend de votre profil (très modestes, modestes, etc.) et peut conduire à un <strong>écrêtement</strong> du montant versé.</li>\n</ol> <blockquote>\n<p><strong>Exemple de montant CEE minimal en H3 (Alpes-Maritimes)</strong> : <strong>4 223,86&nbsp;€</strong><br><em>Cas de référence : PAC air-eau <strong>avec ECS</strong>, <strong>résidence principale</strong> d’au moins <strong>130&nbsp;m²</strong>, logement <strong>construit depuis plus de 2 ans</strong>.</em></p>\n</blockquote>"
    },
    {
      "title": "Concentration sur les résidences principales",
      "text": "<p>La <strong>bonification</strong> via le coefficient multiplicateur vise désormais <strong>exclusivement les résidences principales</strong>. L'État cherche à maximiser les économies d'énergie là où les ménages vivent au quotidien, pour un impact direct sur le pouvoir d'achat et la transition énergétique. Pour les <strong>propriétaires de résidences secondaires</strong> : une aide CEE \"standard\" (non bonifiée) existe toujours, de même que pour les propriétaires bailleurs.</p>"
    },
    {
      "title": "Un dossier d'aide plus sécurisé",
      "text": "<p>Pour bénéficier de la prime bonifiée, la rigueur administrative est de mise. L'objectif est de s'assurer que l'équipement installé est parfaitement adapté et performant.</p> <p><strong>Les justificatifs renforcés que nous demanderons incluent :</strong></p> <ul>\n<li>Une <strong>note de dimensionnement</strong> validant que la puissance de la PAC couvre 100&nbsp;% des besoins de chauffage de votre logement.</li>\n<li>La <strong>photo de la plaque signalétique</strong> de la PAC installée.</li>\n<li>Une attestation sur l'honneur et une facture détaillée des travaux réalisés par un professionnel <strong>RGE (Reconnu Garant de l'Environnement)</strong> comme EGS Energies.</li>\n</ul> <p>Ces exigences garantissent la sécurité du versement de votre prime et évitent tout risque de rejet.</p>"
    },
    {
      "title": "Optimiser vos aides : CEE et MaPrimeRénov' dans les Alpes-Maritimes",
      "text": "<p><strong>Bonne nouvelle :</strong> les <strong>CEE</strong> peuvent se <strong>cumuler</strong> avec <strong>MaPrimeRénov’</strong>. Le <strong>montant versé</strong> peut toutefois être <strong>plafonné (écrêté)</strong> en fonction de votre <strong>profil de revenus</strong> et du <strong>reste à charge obligatoire</strong>. <strong>Pour un foyer très modeste, le versé peut aller jusqu’à 10 800&nbsp;€ ²</strong>.</p> <p><strong>Attention à l'orchestration :</strong> chez <strong>EGS Energies</strong>, nous gérons l’ordre des démarches (<strong>CEE puis MaPrimeRénov’</strong>), montons le dossier et <strong>déduisons directement les aides de votre devis</strong> : vous ne payez que le <strong>reste à charge</strong>.</p> <p>Pour obtenir une <strong>estimation personnalisée</strong> de votre reste à charge pour <a title=\"Pose de PAC autour de Nice, Cannes, Grasse\" href=\"/installation/pompe-a-chaleur\">l'installation d'une PAC performante dans les Alpes-Maritimes</a> (Zone H3), contactez EGS Energies dès aujourd'hui.</p> <hr> <p><em><strong>Mentions légales</strong></em></p> <p>¹ <em>Montant d'aides <strong>CEE</strong> disponibles jusqu'au <strong>31/12/2025</strong>, sans conditions de revenus, pour l'installation d'une <strong>pompe à chaleur air/eau avec eau chaude sanitaire</strong> dont l'<strong>ETAS</strong> (efficacité énergétique saisonnière) est comprise entre <strong>111&nbsp;% et 140&nbsp;%</strong>, dans une <strong>résidence principale</strong> d'au moins <strong>130&nbsp;m²</strong> et <strong>construite il y a plus de 2 ans</strong> en <strong>zone climatique 3</strong>.</em></p> <p>² <em>Montant d'aides <strong>cumulées CEE (<strong>6 227,48&nbsp;€</strong>) et MaPrimeRénov' (<strong>5 000&nbsp;€</strong>)</strong> disponibles jusqu'au <strong>31/12/2025</strong> pour l'installation d'une <strong>pompe à chaleur air/eau avec eau chaude sanitaire</strong> dont l'<strong>ETAS</strong> est comprise entre <strong>111&nbsp;% et 140&nbsp;%</strong>, dans une <strong>résidence principale</strong> d'au moins <strong>130&nbsp;m²</strong> et <strong>construite il y a plus de 15 ans</strong> en <strong>zone climatique 2</strong>. Ces montants sont <strong>écrêtés à 10 800&nbsp;€ maximum</strong> et s'appliquent pour un <strong>foyer aux revenus très modestes</strong>.</em></p>"
    }
  ]
}