{
  "breadcrumb": "Dépannage express : comment réagir face à une panne de chauffage ?",
  "seo": {
    "title": "Chauffage en panne : causes fréquentes et solutions",
    "description": "Panne de chauffage ? Les causes fréquentes et les étapes à suivre, des vérifications de base aux solutions professionnelles, avec EGS Energies, votre chauffagiste à Nice, Saint-Laurent-du-Var, Menton et Vallauris.",
    "opengraph": {
      "site_name": "",
      "type": "",
      "locale": "",
      "title": "",
      "description": "",
      "image": {
        "src": "",
        "alt": ""
      }
    }
  },
  "title": " Dépannage express : comment réagir face à une panne de chauffage ? ",
  "chapo": "Comment résoudre une panne de chauffage en automne ? Les causes fréquentes et les solutions\n",
  "image": {
    "src": "/upload/files/egs-energies-article-chauffage-en-panne-solutions-2d3e84657f.jpg",
    "alt": "Dépannage express : comment réagir face à une panne de chauffage ?"
  },
  "intro": "<p>En automne, les systèmes de chauffage reprennent leur activité après des mois d’inactivité. C’est aussi la période où surviennent fréquemment des pannes inattendues, affectant le confort des foyers. Comprendre les causes, savoir réagir rapidement, et déterminer quand faire appel à un professionnel sont des réflexes essentiels pour assurer une chaleur constante dans votre maison.</p>",
  "paragraphs": [
    {
      "title": "Quels sont les types de pannes de chauffage les plus courants en automne ?",
      "text": "<p>Après l'été, le redémarrage du chauffage peut révéler des pannes spécifiques liées à la période de non-utilisation. <strong>L'air emprisonné dans les radiateurs</strong> est une cause fréquente de dysfonctionnement. Il peut bloquer la circulation de l'eau chaude. Un autre souci récurrent est le <strong>blocage du circulateur</strong>, souvent lié à un manque d’entretien ou à des <strong>dépôts calcaires</strong> dans les systèmes anciens.</p> <p>Les <a title=\"Chaudières à condensation autour de Nice, canne, Menton\" href=\"/equipements/chaudieres/chaudiere-gaz\">chaudières à gaz</a>, lorsqu’elles redémarrent, peuvent présenter des dysfonctionnements si le brûleur ou l’échangeur est encrassé. Les <a title=\"Poêles à pellets\" href=\"/equipements/energie-renouvelable/poele-a-granules\">poêles à granulés</a>, quant à eux, peuvent souffrir d’un mauvais tirage dû à un conduit non nettoyé, ou des capteurs encrassés empêchant l’allumage. En ce qui concerne les <a title=\"Pompes à chaleur dans le 06\" href=\"/equipements/energie-renouvelable/pompe-a-chaleur\">pompes à chaleur</a>, des soucis de pression de fluide frigorigène ou un filtre encrassé peuvent compromettre leur efficacité dès les premières utilisations automnales.</p> <p>Différencier une panne mineure d’une plus grave est primordial. Un simple dérèglement du thermostat ou une pression d’eau trop basse peuvent être résolus sans l’intervention d’un technicien. À l’inverse, des bruits inhabituels, une surchauffe ou un arrêt complet nécessitent une évaluation plus approfondie.</p>"
    },
    {
      "title": "Quelles sont les premières étapes à suivre en cas de panne de chauffage ?",
      "text": "<p>Avant de paniquer ou d'appeler un chauffagiste, il est utile de procéder à quelques vérifications de base. Assurez-vous que le <strong>niveau de combustible</strong> est suffisant pour les chaudières à fioul ou les poêles à granulés.</p> <p>Vérifiez également les disjoncteurs : une <strong>coupure électrique</strong> pourrait en être la cause. Un <strong>thermostat mal réglé</strong> peut aussi être à l’origine de la panne. Essayez de le réinitialiser pour voir si cela règle le problème.</p> <p>De nombreux systèmes modernes affichent des voyants lumineux ou des <strong>codes d’erreur</strong>. Ces indicateurs vous permettent de diagnostiquer rapidement le problème. Si vous possédez une chaudière ou un poêle connecté, consultez sa notice ou contactez nos techniciens pour interpréter le code d’erreur.</p>"
    },
    {
      "title": "Faut-il faire appel à un professionnel ou tenter une réparation soi-même ?",
      "text": "<p>Certaines pannes mineures, comme un thermostat mal réglé ou la présence d’air dans le circuit, peuvent être résolues sans intervention extérieure. <strong>Purger vos radiateurs</strong> vous-même est un geste simple, mais efficace pour restaurer une bonne circulation de l'eau chaude. De plus, redémarrer certains poêles ou chaudières via le bouton de réinitialisation peut parfois suffire.</p> <p>Cependant, certaines situations requièrent l'intervention d’un professionnel. <strong>Une fuite de gaz ou un bruit anormal</strong> dans la chaudière peut indiquer un problème plus sérieux. Il est essentiel de <strong>ne pas manipuler l’équipement</strong> sans connaître les précautions de sécurité. Par exemple, une fuite de gaz doit immédiatement faire l'objet d'une intervention d'urgence. De plus, <strong>si le code d’erreur persiste</strong> ou si l’appareil refuse de se remettre en marche après plusieurs tentatives, l'expertise d'un chauffagiste est nécessaire.</p> <p>Si vous êtes dans le département des Alpes-Maritimes, vous pouvez faire appel à nos équipes de professionnels certifiés RGE (Reconnu Garant de l’Environnement). Anciennement connu sous les noms d’Electrogaz à <a href=\"https://www.egs-energies.fr/chauffage-nice\" title=\"Chauffage Nice\">Nice</a>, Descamps à Vence, ADServices à <a href=\"https://www.egs-energies.fr/chauffage-vallauris\" title=\"Chauffage Vallauris\">Vallauris</a> et Depan-Gaz à <a href=\"https://www.egs-energies.fr/chauffage-menton\" title=\"Chauffage Menton\">Menton</a>, <strong><a title=\"EGS Energies, chauffagiste à Nice, Menton, Vallauris, Saint-Laurent-du-Var\" href=\"../../conseils-et-actualites/electrogaz-devient-egs-energies\">EGS Energies</a> est votre chauffagiste de proximité</strong> pour <a title=\"Dépannage chauffage dans les Alpes-Maritimes\" href=\"/depannage\">tous vos dépannages dans le secteur</a>.</p>"
    },
    {
      "title": "Quels sont les moyens temporaires de chauffe en attendant le dépannage ?",
      "text": "<p>En attendant une intervention de dépannage, vous devrez <strong>maintenir une température raisonnable</strong> dans la maison, notamment pour éviter les chutes de température trop brutales, notamment par grand froid. Des chauffages d’appoint électriques, comme les radiateurs à bain d'huile ou les convecteurs, offrent une solution temporaire. Cependant, veillez à respecter les consignes de sécurité et à ne jamais laisser ces appareils sans surveillance. Pour un confort immédiat, réchauffez&nbsp; prioritairement certaines pièces, comme la chambre à coucher ou le salon pour minimiser l’inconfort.</p> <p>Bouillottes, plaids, chaussettes épaisses et autres vêtements chauds sont vos alliés. Des couvertures thermiques et des rideaux épais peuvent vous aider à retenir la chaleur dans les pièces les plus utilisées. Fermez les portes des pièces inutilisées pour concentrer la chaleur dans les espaces essentiels. Il est également recommandé de vérifier et de boucher les courants d’air au niveau des fenêtres et des portes.</p> <p>Cependant, <strong>certaines solutions temporaires doivent être évitées</strong>. Utiliser une cheminée non ventilée ou un appareil de chauffage à gaz sans aération adéquate peut être extrêmement dangereux. Il est également déconseillé d’utiliser des appareils non homologués pour chauffer de petits espaces clos.</p>"
    },
    {
      "title": "Comment éviter une nouvelle panne de chauffage pendant la saison froide ?",
      "text": "<p><strong>La prévention</strong> reste la clé pour éviter de futures pannes en plein hiver. Un<a title=\"Entretien chaudière, pompe à chaleur, chauffage...\" href=\"/entretien\"> entretien régulier de votre système de chauffage</a> permet de garantir son bon fonctionnement tout au long de la saison froide. Pour les chaudières à gaz, il est recommandé de faire vérifier les brûleurs, les filtres et les évacuations une fois par an. Le ramonage du conduit est également incontournable pour les poêles à bois et à granulés.</p> <p>Nos techniciens interviennent toute l’année pour toutes vos demandes d’entretien de chauffage. N’hésitez pas à anticiper la saison de chauffe pour éviter l’affluence à l’approche de l’hiver.&nbsp; pour anticiper les pannes et éviter de se retrouver sans chauffage en plein hiver. Pour plus de tranquillité, vous pouvez souscrire un contrat de maintenance avec votre chauffagiste local, EGS Energies, qui vous assurera des interventions rapides en cas d’urgence dans les Alpes-Maritimes.</p>"
    }
  ]
}