{
  "breadcrumb": "Chaudières gaz : les conséquences si la TVA passe de 5,5 à 20%",
  "seo": {
    "title": "Chaudières gaz : vers une hausse de la TVA à 20% en 2025 ?",
    "description": "La TVA sur les chaudières à gaz pourrait atteindre 10% voire 20% en 2025. En cause, un projet de loi actuellement débattu à l'Assemblée. À quoi peut-on s'attendre ? EGS Energies décrypte pour vous la possible mesure.",
    "opengraph": {
      "site_name": "",
      "type": "",
      "locale": "",
      "title": "",
      "description": "",
      "image": {
        "src": "",
        "alt": ""
      }
    }
  },
  "title": " Chaudières gaz : les conséquences si la TVA passe de 5,5 à 20% ",
  "chapo": "Projet de loi : en 2025, la TVA sur les chaudières à gaz pourrait passer à 20 %. Comment anticiper cette possible hausse des coûts ?",
  "image": {
    "src": "/upload/files/egs-energies-article-possible-hausse-tva-chaudieres-gaz-2025-0176f84ddb.jpg",
    "alt": "Chaudières gaz : les conséquences si la TVA passe de 5,5 à 20%"
  },
  "intro": "<p>À l’étude depuis plusieurs mois et dans le cadre d'une directive européenne, le gouvernement français envisage de revoir à la hausse la TVA appliquée à l'achat et à l'installation de chaudières à gaz. Dès 2025, ce taux, actuellement fixé à 5,5 %, pourrait passer à 10 % ou même 20 %. Une telle hausse aurait des répercussions significatives sur les propriétaires de maisons dans les Alpes-Maritimes, particulièrement ceux qui prévoient de rénover ou de remplacer leur système de chauffage.</p> <p>Face à ces possibles changements fiscaux, que faut-il anticiper, et quelles alternatives s’offrent aux ménages soucieux de maîtriser leur budget énergétique ?</p>",
  "paragraphs": [
    {
      "title": "Des coûts qui explosent : quel impact pour les foyers ?",
      "text": "<p>Si la TVA passe à 10 %, la hausse sera déjà sensible, mais un taux à 20 % représenterait un choc financier pour de nombreux propriétaires. Prenons l'exemple d'une installation de chaudière à gaz pour une valeur de 4 000 € HT. Avec la TVA actuelle à 5,5 %, la taxe s’élève à 220 €. Si le taux passe à 10 %, ce montant grimperait à 400 €, et à 800 € avec une TVA à 20 %. Cela signifierait <strong>une différence de plus de 500 €</strong> par rapport à la situation actuelle.</p> <strong>une différence de plus de 500 €</strong> <p>Pour les habitants des Alpes-Maritimes, où l'hiver est doux mais les besoins de chauffage restent importants dans les zones montagneuses ou rurales, une telle augmentation des coûts pourrait inciter de nombreux foyers à retarder ou annuler leurs projets de modernisation. Chez <strong>EGS Energies</strong>, nous avons déjà vécu ces cas : certaines familles préfèrent garder leur ancienne chaudière par crainte d’une facture trop élevée. Une TVA à 20 % ne ferait qu'accentuer cette tendance.</p> <strong>EGS Energies</strong>"
    },
    {
      "title": "Ralentissement de la transition énergétique : un coup dur pour la région",
      "text": "<p>L'augmentation de la TVA sur les chaudières à gaz pourrait également mettre en péril les efforts de transition énergétique dans les Alpes-Maritimes. Les <a title=\"Chaudières gaz à Nice, Menton, Saint-Laurent-du-Var\" href=\"/equipements/chaudieres/chaudiere-gaz\">chaudières à condensation</a>, plébiscitées pour leur efficacité énergétique et leur moindre impact environnemental, jouent un rôle crucial dans la réduction des émissions de CO₂ des logements. Mais avec une TVA à 20 %, l’intérêt pour ces équipements pourrait fortement diminuer, au profit du <strong>maintien de systèmes de chauffage vétustes</strong>.</p> <a title=\"Chaudières gaz à Nice, Menton, Saint-Laurent-du-Var\" href=\"/equipements/chaudieres/chaudiere-gaz\">chaudières à condensation</a> <strong>maintien de systèmes de chauffage vétustes</strong> <p>Dans une région où le climat varie fortement entre la côte et les zones plus froides en altitude, une modernisation des systèmes de chauffage est essentielle pour assurer confort et économies d’énergie. Un ralentissement de la transition énergétique entraînerait une stagnation de l’efficacité énergétique des logements, ce qui irait à l’encontre des objectifs écologiques nationaux et régionaux.</p>"
    },
    {
      "title": "Une inégalité renforcée entre les foyers",
      "text": "<p>L’augmentation de la TVA, en particulier si elle passe à 20 %, pourrait accentuer les disparités entre les ménages. Les foyers les plus aisés seraient en mesure de supporter cette hausse et de continuer à investir dans des solutions modernes et plus écologiques. En revanche, les familles au budget plus serré, déjà préoccupées par les coûts de l’énergie, pourraient être contraintes de repousser indéfiniment la modernisation de leur chauffage, quitte à conserver ainsi des systèmes plus coûteux à long terme.</p> <p>Chez <strong>EGS Energies</strong>, nous sommes <a title=\"EGS Energies : notre histoire\" href=\"../../conseils-et-actualites/electrogaz-devient-egs-energies\">depuis plus de 60 ans</a> aux côtés de ménages des Alpes-Maritimes qui cherchent des solutions pour rendre leur maison plus économe en énergie. Avec l’augmentation de la TVA, de nombreux propriétaires pourraient renoncer à leurs projets, creusant encore davantage l’écart entre ceux qui peuvent moderniser leur équipement et ceux qui en sont incapables financièrement.</p> <strong>EGS Energies</strong> <a title=\"EGS Energies : notre histoire\" href=\"../../conseils-et-actualites/electrogaz-devient-egs-energies\">depuis plus de 60 ans</a>"
    },
    {
      "title": "Se tourner vers des solutions alternatives : une réponse face à l’incertitude",
      "text": "<p>Face à cette potentielle hausse de la TVA et dont l’ampleur reste à déterminer, les propriétaires des Alpes-Maritimes peuvent envisager des solutions alternatives pour éviter une augmentation de leur facture énergétique. Les <a title=\"Pompe à chaleur Nice\" href=\"/equipements/energie-renouvelable/pompe-a-chaleur\">pompes à chaleur</a>, particulièrement adaptées aux climats variés de la région, constituent une option fiable et économique sur la durée. De plus, elles bénéficient toujours d’aides financières telles que <strong><a title=\"MaPrimeRénov' 2024 : quoi de neuf ?\" href=\"../../conseils-et-actualites/renovation-energetique-aides-ete-2024\">MaPrimeRénov</a>’ et <a title=\"Augmentation Coup de pouce pour les PAC 2024\" href=\"../../conseils-et-actualites/coup-de-pouce-chauffage-augmentation-pompe-a-chaleur\">les CEE</a></strong>, (y compris pour les <a title=\"Tout savoir sur les pompes à chaleur hybrides\" href=\"../../conseils-et-actualites/tout-savoir-sur-la-pac-hybride\">PAC hybrides</a>) permettant de réduire le coût initial.</p> <a title=\"Pompe à chaleur Nice\" href=\"/equipements/energie-renouvelable/pompe-a-chaleur\">pompes à chaleur</a> <strong><a title=\"MaPrimeRénov' 2024 : quoi de neuf ?\" href=\"../../conseils-et-actualites/renovation-energetique-aides-ete-2024\">MaPrimeRénov</a>’ et <a title=\"Augmentation Coup de pouce pour les PAC 2024\" href=\"../../conseils-et-actualites/coup-de-pouce-chauffage-augmentation-pompe-a-chaleur\">les CEE</a></strong> <a title=\"MaPrimeRénov' 2024 : quoi de neuf ?\" href=\"../../conseils-et-actualites/renovation-energetique-aides-ete-2024\">MaPrimeRénov</a> <a title=\"Augmentation Coup de pouce pour les PAC 2024\" href=\"../../conseils-et-actualites/coup-de-pouce-chauffage-augmentation-pompe-a-chaleur\">les CEE</a> <a title=\"Tout savoir sur les pompes à chaleur hybrides\" href=\"../../conseils-et-actualites/tout-savoir-sur-la-pac-hybride\">PAC hybrides</a> <p>Pour ceux qui songent encore à changer leur chaudière à gaz, <strong>EGS Energies</strong> vous recommande d’anticiper ce changement avant l’entrée en vigueur des nouveaux taux en 2025. Profiter de la TVA actuelle à 5,5 % vous permettrait d’alléger la facture tout en modernisant votre système de chauffage pour mieux affronter les hivers des Alpes-Maritimes.</p> <strong>EGS Energies</strong> <p><strong>EGS Energies</strong>, spécialiste des solutions de chauffage dans la région, est à votre service pour vous aider à prendre les devants face à cette évolution fiscale et <a title=\"Pose de chaudière dans le 06\" href=\"/installation/chaudiere\">moderniser votre système de chauffage</a> avant que la hausse ne soit appliquée. N'hésitez pas à nous contacter pour un devis personnalisé ou pour discuter des options qui s'offrent à vous. Nos équipes locales, basées à <a href=\"https://www.egs-energies.fr/chauffage-saint-laurent-du-var\" title=\"Chauffage Saint Laurent Du Var\">Saint-Laurent-du-Var</a>, <a href=\"https://www.egs-energies.fr/chauffage-menton\" title=\"Chauffage Menton\">Menton</a>, <a href=\"https://www.egs-energies.fr/chauffage-nice\" title=\"Chauffage Nice\">Nice</a> et <a href=\"https://www.egs-energies.fr/chauffage-vallauris\" title=\"Chauffage Vallauris\">Vallauris</a>, sont prêtes à vous accompagner dans votre projet pour un logement plus performant et plus économe en énergie.</p> <strong>EGS Energies</strong> <a title=\"Pose de chaudière dans le 06\" href=\"/installation/chaudiere\">moderniser votre système de chauffage</a> <a href=\"https://www.egs-energies.fr/chauffage-saint-laurent-du-var\" title=\"Chauffage Saint Laurent Du Var\">Saint-Laurent-du-Var</a> <a href=\"https://www.egs-energies.fr/chauffage-menton\" title=\"Chauffage Menton\">Menton</a> <a href=\"https://www.egs-energies.fr/chauffage-nice\" title=\"Chauffage Nice\">Nice</a> <a href=\"https://www.egs-energies.fr/chauffage-vallauris\" title=\"Chauffage Vallauris\">Vallauris</a>"
    }
  ]
}