{
  "breadcrumb": "Chauffagiste, un métier en permanente évolution",
  "seo": {
    "title": "Tout savoir sur l'évolution du métier de chauffagiste",
    "description": "L'équipe  Electrogaz vous informe de l'évolution du métier de chauffagiste, un véritable métier d'avenir où l'enjeu majeur est de répondre au mieux et dans les plus brefs délais à vos besoins.",
    "opengraph": {
      "site_name": "",
      "type": "",
      "locale": "",
      "title": "",
      "description": "",
      "image": {
        "src": "",
        "alt": ""
      }
    }
  },
  "title": " Chauffagiste, un métier en permanente évolution ",
  "chapo": "Découvrez le métier de vos chauffagistes professionnels Electrogaz.",
  "image": {
    "src": "/upload/files/5f759a104a0df872275808.jpg",
    "alt": "Chauffagiste, un métier en permanente évolution"
  },
  "intro": "<p>Être chauffagiste, c’est installer, entretenir et dépanner des solutions de chauffage, d’eau chaude sanitaire et de climatisation pour les logements particuliers et les entreprises. C’est aussi conseiller ses clients pour leur permettre d’accéder à des dispositifs performants et respectueux de l’environnement. Zoom sur cette profession d’avenir.</p> <p>Installer, réparer, conseiller...&nbsp;Les missions d’un chauffagiste sont diverses et variées. Les journées ne se ressemblent pas puisque<strong> </strong>le chauffagiste est en charge de <a href=\"https://www.electrogaz.fr/installation/chaudiere\" target=\"_self\">l’installation des systèmes de chauffage</a>, de <a href=\"https://www.electrogaz.fr/installation/climatisation\" target=\"_self\">climatisation</a> et de <a href=\"https://www.electrogaz.fr/installation/chauffe-eau-gaz\" target=\"_self\">production d’eau chaude</a> mais aussi de <a href=\"https://www.electrogaz.fr/installation/climatisation\" target=\"_self\">ventilation</a>. Il faut donc être capable d’aménager l’ensemble des systèmes et des raccordements&nbsp;: découpe, soudure, dépose des canalisations et des tuyauteries…</p> <p>Viennent ensuite la maintenance et l<a href=\"https://www.electrogaz.fr/entretien/chaudiere-gaz\" target=\"_self\">’entretien de ces installations de chauffage</a>. Il est important de vérifier régulièrement leur bon fonctionnement et leur intégrité. C’est même une obligation pour le chauffage et l’eau chaude sanitaire utilisant le gaz. Lors de cette<a href=\"https://www.electrogaz.fr/installation\" target=\"_self\"> </a><a href=\"https://www.electrogaz.fr/nous-contacter\" target=\"_self\">visite de contrôle</a>, le technicien chauffagiste vérifie les performances énergétiques, nettoie la chaudière ou le chauffe-eau, s’assure que les réglages sont optimaux et anticipe ainsi les pannes.En cas de problème, c’est lui que les clients appelleront pour dépanner le dispositif.</p>",
  "paragraphs": [
    {
      "title": "Conseiller et orienter ses clients",
      "text": "<p><strong>Chauffagiste </strong>est donc un métier manuel, mais pas seulement. La dimension «&nbsp;Conseil&nbsp;» est de plus en plus importante. Les clients ont besoin d’être sensibilisés aux mauvaises performances énergétiques de certaines installations. Il faut alors les orienter vers des dispositifs plus respectueux de l’environnement, économiques et adaptés aux contraintes du logement. Chaudière à condensation, pompe à chaleur, chaudière biomasse… comment faire le bon choix&nbsp;?&nbsp; Une bonne connaissance des solutions existantes et des innovations technologiques est primordiale. Il faut également être au fait des règlementations et normes en vigueur. Le chauffagiste pilote alors la conception des installations.<a href=\"https://www.electrogaz.fr/conseils-et-actualites\" target=\"_self\"> Retrouvez ici tous les conseils de votre équipe de profesionnels ElectroGaz </a>présents à <a href=\"https://www.egs-energies.fr/chauffage-nice\" title=\"Chauffage Nice\">Nice</a>, <a href=\"https://www.egs-energies.fr/chauffage-menton\" title=\"Chauffage Menton\">Menton</a>, <a href=\"https://www.egs-energies.fr/chauffage-vallauris\" title=\"Chauffage Vallauris\">Vallauris</a>, Vence et leurs alentours.</p>"
    },
    {
      "title": "Un travail mobile",
      "text": "<p>Un <strong>attrait pour le travail d’équipe</strong> est indispensable. L’installateur travaille quotidiennement en collaboration avec de nombreux autres métiers du bâtiment.</p> <p>Ce métier exige également une minutie importante pour certaines tâches comme la soudure. Les déplacements sont fréquents. Les chauffagistes Electrogaz se déplacent notamment à Nice, Vallauris ,&nbsp;Menton et leurs alentours. Le chauffagiste peut changer plusieurs fois de chantier dans la journée et doit donc s’adapter rapidement, parfois à des situations imprévues ou des pannes inopinées. Il faut parfois se rendre disponible en soirée ou les week-ends.</p>"
    },
    {
      "title": "Les formations pour être chauffagiste",
      "text": "<p>Le métier de chauffagiste est parmi les plus complexes des métiers du bâtiment. Il nécessite donc une formation pointue.</p> <p>Il existe aujourd’hui <strong>plusieurs cursus</strong>:</p> <ul>\n\t<li>MC maintenance en équipement thermique individuel</li>\n\t<li>BEP techniques du froid et du conditionnement d’air</li>\n\t<li>BEP techniques des installations sanitaires et thermiques</li>\n\t<li>CAP monteur en installations thermiques et acoustiques</li>\n\t<li>CAP installateur thermique, froid et climatisation</li>\n\t<li>BP monteur dépanneur en froid et climatisation</li>\n\t<li>BP monteur en installations de génie climatique</li>\n\t<li>BM monteur en chauffage</li>\n\t<li>Bac technologique sciences et technologies industrielles, spécialisation en génie énergétique</li>\n\t<li>Bac professionnel technicien en installation des systèmes énergétiques et climatiques</li>\n\t<li>BTS&nbsp;fluides, énergies, environnements</li>\n\t<li>BMS bâtiment</li>\n</ul> <p>La plupart de ces formations sont proposées en <strong>apprentissage</strong>. Ainsi, le stagiaire complète ses apprentissages théoriques et monte plus rapidement en compétences.</p>"
    },
    {
      "title": "Chauffagiste, un métier d’avenir ",
      "text": "<p>Les métiers du bâtiment offrent beaucoup de débouchés et les chauffagistes sont généralement embauchés en CDI dès leur sortie de l’école.</p> <p>L’évolution de carrière peut être rapide. Au sein d’une entreprise, le chauffagiste est amené à devenir chef d’équipe, responsable de chantier. Il est également possible de se spécialiser dans les énergies renouvelables, où la demande est forte.</p> <p>Enfin, avec une expérience suffisante, l’ambition et une formation en gestion et comptabilité, un salarié peut créer sa propre société d’installation, avec, ou non, une spécialisation dans une énergie particulière.</p> <p><em>Vous souhaitez devenir chauffagiste&nbsp;? Rejoignez les équipes d’Electrogaz. </em><a href=\"https://www.electrogaz.fr/qui-sommes-nous/recrutement\" target=\"_self\"><em>Nous recrutons</em></a><em>.</em></p>"
    }
  ]
}