{
  "breadcrumb": "Climatisation et consommation d’électricité : ce qu’il faut savoir",
  "seo": {
    "title": "Consommation électrique d’une climatisation : tout savoir",
    "description": " EGS Energies, expert climatisation RGE dans le 06, vous aide à démêler le vrai du faux sur la consommation d’électricité des climatiseurs réversibles.",
    "opengraph": {
      "site_name": "",
      "type": "",
      "locale": "",
      "title": "",
      "description": "",
      "image": {
        "src": "",
        "alt": ""
      }
    }
  },
  "title": " Climatisation et consommation d’électricité : ce qu’il faut savoir ",
  "chapo": "Est-ce que la climatisation fait vraiment exploser la facture d’énergie ?",
  "image": {
    "src": "/upload/files/egs-energies-article-climatisation-facture-electricite1-354043eaad.jpg",
    "alt": "Climatisation et consommation d’électricité : ce qu’il faut savoir"
  },
  "intro": "<p>\"La clim, c’est super confortable, mais bonjour la facture...\"</p> <p>Ce genre de remarque, on l’entend souvent. Et c’est compréhensible : face à la hausse du coût de l’électricité, personne n’a envie de voir son budget s’envoler à cause de quelques degrés de fraîcheur. Mais est-ce vraiment le cas ?</p> <p>Chez EGS Energies, nous installons des climatiseurs réversibles depuis des années dans la région de <a href=\"https://www.egs-energies.fr/chauffage-nice\" title=\"Chauffage Nice\">Nice</a>, <a href=\"https://www.egs-energies.fr/chauffage-menton\" title=\"Chauffage Menton\">Menton</a>, <a href=\"https://www.egs-energies.fr/chauffage-cannes\" title=\"Chauffage Cannes\">Cannes</a>. Et la réalité, c’est que la consommation d’une climatisation moderne bien choisie est <strong>souvent bien moindre qu’on ne le pense</strong>.</p>",
  "paragraphs": [
    {
      "title": "Climatisation et consommation d’énergie : une question légitime",
      "text": "<p><strong>La climatisation consomme-t-elle vraiment beaucoup d’électricité ?</strong> Ce sujet revient chaque année avec la hausse des températures, et encore plus dans les régions ensoleillées comme les Alpes-Maritimes.</p> <p>En réalité, la consommation d'une climatisation réversible (pompe à chaleur air-air) peut être <strong>raisonnable</strong>, surtout avec les appareils modernes à haute efficacité énergétique.</p>"
    },
    {
      "title": "Combien consomme une climatisation ?",
      "text": "<p>Plutôt qu’un discours général, prenons quelques cas de figure pour y voir plus clair.</p> <p>Toutes les estimations de consommation ci-dessous sont basées sur une <strong>utilisation moyenne de 4 à 6 heures par jour en période estivale</strong> (mai à septembre) en <strong>mode froid</strong>, dans un logement correctement isolé, avec une <strong>température de consigne de 25 à 26°C</strong>.</p> <p>Pour les climatisations réversibles, le calcul inclut également un usage modéré en <strong>mode chauffage en mi-saison</strong> (mars/avril et octobre). Ces données reposent sur les performances affichées (SEER/SCOP) des modèles que nous installons couramment.</p> <table style=\"border-collapse: collapse; width: 100%; background-color: #f9f9f9;\">\n<thead>\n<tr>\n<th style=\"border: 1px solid #d3d3d3; padding: 8px; text-align: center;\"><strong>Type d’installation</strong></th>\n<th style=\"border: 1px solid #d3d3d3; padding: 8px; text-align: center;\"><strong>Surface desservie</strong></th>\n<th style=\"border: 1px solid #d3d3d3; padding: 8px; text-align: center;\"><strong>Consommation annuelle estimée</strong></th>\n<th style=\"border: 1px solid #d3d3d3; padding: 8px; text-align: center;\"><strong>Coût annuel (base 0,25€/kWh)</strong></th>\n</tr>\n</thead>\n<tbody>\n<tr>\n<td style=\"border: 1px solid #d3d3d3; padding: 8px; text-align: center;\">Mono-split mural réversible</td>\n<td style=\"border: 1px solid #d3d3d3; padding: 8px; text-align: center;\">20–30 m²</td>\n<td style=\"border: 1px solid #d3d3d3; padding: 8px; text-align: center;\">250–350 kWh</td>\n<td style=\"border: 1px solid #d3d3d3; padding: 8px; text-align: center;\">60 à 90 €</td>\n</tr>\n<tr>\n<td style=\"border: 1px solid #d3d3d3; padding: 8px; text-align: center;\">Multi-split pour maison 100 m²</td>\n<td style=\"border: 1px solid #d3d3d3; padding: 8px; text-align: center;\">80–100 m²</td>\n<td style=\"border: 1px solid #d3d3d3; padding: 8px; text-align: center;\">500–900 kWh</td>\n<td style=\"border: 1px solid #d3d3d3; padding: 8px; text-align: center;\">125 à 225 €</td>\n</tr>\n<tr>\n<td style=\"border: 1px solid #d3d3d3; padding: 8px; text-align: center;\">Climatiseur mobile</td>\n<td style=\"border: 1px solid #d3d3d3; padding: 8px; text-align: center;\">20–25 m²</td>\n<td style=\"border: 1px solid #d3d3d3; padding: 8px; text-align: center;\">700–1200 kWh</td>\n<td style=\"border: 1px solid #d3d3d3; padding: 8px; text-align: center;\">175 à 300 €</td>\n</tr>\n</tbody>\n</table> <p>Comme vous le voyez, <strong>un bon climatiseur fixe consomme souvent moins qu’un ballon d’eau chaude ou un sèche-linge</strong>. En revanche, les clims mobiles, plus bruyantes et moins efficaces, peuvent faire grimper la facture rapidement.</p> <h3>Combien consomme une climatisation : l’exemple d’une maison de 100m²</h3> <p>Prenons un exemple concret pour mieux comprendre la <strong>consommation d’une climatisation</strong>.</p> <p>Pour une maison de 100 m², bien isolée, <a title=\"Equipement climatisation réversible\" href=\"/equipements/climatisation\">équipée d’un système de climatisation réversible multi-split</a> (3 ou 4 unités intérieures), on estime une consommation entre <strong>500 et 900 kWh par an en mode froid</strong>, soit entre <strong>125 € et 225 €/an</strong> (sur la base de 0,25 €/kWh).</p> <p>C’est <strong>moins que certains gros équipements ménagers</strong>, comme un sèche-linge ou un ballon d’eau chaude électrique. Et en usage chauffage, la <strong>consommation d’une climatisation réversible</strong> reste très intéressante grâce à son rendement (SCOP &gt; 4).</p>"
    },
    {
      "title": "Ce qui fait grimper la facture : ce n’est pas toujours la clim elle-même",
      "text": "<p>Si vous remarquez une hausse importante de votre consommation d’électricité, la climatisation n’est pas toujours à blâmer. Bien souvent, ce sont <strong>des erreurs d’utilisation</strong> qui pèsent sur la facture :</p> <ul>\n<li>Régler la température à 20°C en plein été</li>\n<li>Laisser les fenêtres entrouvertes alors que la climatisation fonctionne</li>\n<li>Oublier de nettoyer les filtres</li>\n<li>Utiliser un appareil sous-dimensionné qui tourne sans relâche</li>\n</ul> <p>Bonne nouvelle : tous ces points sont faciles à corriger.</p>"
    },
    {
      "title": "Une climatisation réversible : plus qu’un confort d’été",
      "text": "<p>Ce qu’on oublie parfois, c’est qu’une <strong>climatisation réversible</strong>, c’est aussi un chauffage. Et un chauffage <strong>très performant</strong>.</p> <p>Avec un <strong>SCOP supérieur à 4</strong>, votre climatiseur produit 4 fois plus d’énergie qu’il n’en consomme. Autrement dit, pour 1 kWh acheté, vous obtenez 4 kWh de chaleur. C’est bien plus rentable qu’un radiateur électrique classique.</p>"
    },
    {
      "title": "Un bon choix, un bon installateur de climatisation… et une facture prévisible",
      "text": "<p>Chez EGS Energies, on vous aide à choisir l’appareil <strong>adapté à votre logement </strong>et <strong>à vos usages</strong> avec des <a title=\"Offres climatisation réversible 2025 chez EGS Energies\" href=\"../../conseils-et-actualites/prix-installateur-climatisation-a-nice-cannes-grasse-2025\">offres susceptibles de vous intéresser</a>. Ni trop puissant (coût inutile), ni trop faible (surconsommation).</p> <p>On pense aussi à l’emplacement : un bon positionnement, c’est un confort optimisé et une consommation maîtrisée. Et on vous accompagne ensuite pour l’<a title=\"Entretien climatisation réversible\" href=\"/entretien/climatisation-pompe-a-chaleur\">entretien de votre système</a>, parce qu’un climatiseur bien suivi, c’est un climatiseur qui dure et qui consomme moins.</p>"
    },
    {
      "title": "Comment faire baisser sa facture d'électricité liée à la climatisation ?",
      "text": "<p>Voici quelques conseils concrets pour limiter l’impact de votre climatisation sur votre consommation :</p> <ul>\n<li><strong>Réglez la température autour de 26°C.</strong> C’est suffisant pour se sentir bien, et cela évite que le compresseur fonctionne en continu.</li>\n<li><strong>Fermez volets et stores en journée.</strong> Vous limitez ainsi les apports solaires et l’appareil travaille moins.</li>\n<li><strong>Nettoyez les filtres régulièrement.</strong> Un filtre encrassé oblige le système à forcer, ce qui augmente la consommation.</li>\n<li><strong>Utilisez les fonctions intelligentes.</strong> Les modes éco, détecteurs de présence, et programmations horaires sont des alliés précieux.</li>\n<li><strong>Faites entretenir votre installation chaque année.</strong> Un système bien entretenu reste plus performant et donc plus économe.</li>\n<li><strong>Choisissez une </strong><a title=\"Installation climatisation réversible\" href=\"/installation/climatisation\">climatisation bien</a><a title=\"Installation climatisation réversible\" href=\"/installation/climatisation\"> dimensionnée.</a>&nbsp;Trop puissante ou trop faible ? Dans les deux cas, vous consommerez plus que nécessaire.</li>\n</ul> <p>Avec les fortes chaleurs qui s’installent dans notre région, la climatisation devient une réponse nécessaire, pas un luxe.</p> <p>Vous habitez Nice, <a href=\"https://www.egs-energies.fr/chauffage-grasse\" title=\"Chauffage Grasse\">Grasse</a>, Vence, Cannes ou les environs ?</p> <p>Contactez EGS Energies, installateur <a title=\"Certifications EGS Energies\" href=\"/qui-sommes-nous/certifications-et-marques\">RGE QualiPAC</a> à <a href=\"https://www.egs-energies.fr/chauffage-saint-laurent-du-var\" title=\"Chauffage Saint Laurent Du Var\">Saint-Laurent-du-Var</a>, Nice, Menton et <a href=\"https://www.egs-energies.fr/chauffage-vallauris\" title=\"Chauffage Vallauris\">Vallauris</a> pour une étude gratuite et un accompagnement personnalisé.</p> <p>Notre objectif : vous offrir <strong>un confort optimal, sans mauvaise surprise sur la facture.</strong></p>"
    }
  ]
}