{
  "breadcrumb": "Climatisation réversible Thermor Niseko : l’avis d’EGS Energies",
  "seo": {
    "title": "Climatisation Thermor Niseko : l'avis complet d'EGS Energies à Nice",
    "description": "Notre avis complet sur la PAC air-air Thermor Niseko : une climatisation design et abordable. Un produit fiable et efficace par la marque française Thermor pour les Alpes-Maritimes et toute la France !",
    "opengraph": {
      "site_name": "",
      "type": "",
      "locale": "",
      "title": "",
      "description": "",
      "image": {
        "src": "",
        "alt": ""
      }
    }
  },
  "title": " Climatisation réversible Thermor Niseko : l’avis d’EGS Energies ",
  "chapo": "Une PAC air-air au design soigné et discret, avec un bon rapport qualité-prix et efficace en mode chaud comme en mode froid",
  "image": {
    "src": "/upload/files/egs-energies-article-thermor-niseko-avis-6506b527b9.jpg",
    "alt": "Climatisation réversible Thermor Niseko : l’avis d’EGS Energies"
  },
  "intro": "<p>Nous le savons bien, choisir sa climatisation n’est pas forcément évident. Pour vous aider à y voir plus clair, nous vous proposons un zoom sur la climatisation réversible Niseko de Thermor. Efficacité énergétique, niveau sonore, prix… Qu’en est-il vraiment ? Nos experts EGS Energies vous donnent leur avis !</p> <p>Le modèle Niseko de Thermor est une <strong>climatisation réversible</strong>, aussi appelée pompe à chaleur air-air. Elle vous permettra donc de vous rafraîchir en été, mais aussi de vous réchauffer en hiver.</p> <p>Cette climatisation réversible split fonctionne grâce à la circulation d’un fluide frigorigène entre un groupe extérieur. En changeant d’état (gazeux ou liquide), ce fluide va assurer un échange de température entre l’air intérieur et l’air extérieur. Afin de chauffer ou rafraîchir vos pièces selon leurs dimensions, la climatisation Thermor Niseko est disponible en 2000W, 2600W, 3500W et 5200W.</p>",
  "paragraphs": [
    {
      "title": "Une clim réversible efficace et silencieuse",
      "text": "<h3>Confort thermique et efficacité énergétique : les atouts du full inverter</h3> <p>Les systèmes de climatisation Niseko bénéficient de la technologie Full Inverter. Cette dernière leur garantit des performances optimales en matière de <strong>consommation d’énergie</strong> et de <strong>confort thermique</strong>. Le Full Inverter permet d’adapter avec une haute précision la puissance du compresseur en fonction des besoins.</p> <strong>consommation d’énergie</strong> <strong>confort thermique</strong> <p>Cette solution offre un confort thermique optimal, avec une température constante au sein de votre maison.</p> <p>Grâce au Full Inverter, la climatisation Thermor Niseko présente une <strong>classe énergétique</strong> hautement satisfaisante, gage d’une consommation électrique maîtrisée :</p> <strong>classe énergétique</strong> <ul>\n<li>En mode chaud : A+ (SCOP = 4)</li>\n<li>En mode froid : A++ (SEER = 6.1)</li>\n</ul> <li>En mode chaud : A+ (SCOP = 4)</li> <li>En mode froid : A++ (SEER = 6.1)</li> <p>Ces très bonnes performances rendent d’ailleurs la Niseko éligible aux <strong>primes CEE</strong> (<a href=\"https://www.ecologie.gouv.fr/sites/default/files/Brochure_CEE_4p_A5_2023.pdf\">certificats d’économies d’énergie</a>).</p> <strong>primes CEE</strong> <a href=\"https://www.ecologie.gouv.fr/sites/default/files/Brochure_CEE_4p_A5_2023.pdf\">certificats d’économies d’énergie</a> <h3>Une climatisation parmi les plus silencieuses du marché</h3> <p>Le niveau sonore de la Thermor Niseko saura aussi vous convaincre. Avec <strong>20dB</strong> (relevé à 1 mètre), elle s’affiche comme l’une des climatisation les plus silencieuses du marché. Pour vous donner un élément de comparaison, c’est l’équivalent d’un chuchotement !</p> <strong>20dB</strong> <p>Et pour finir de vous convaincre, la climatisation Thermor Niseko embarque en plus une <strong>Fonction Silence</strong> qui vous permettra dormir dans le calme et la fraîcheur.</p> <strong>Fonction Silence</strong>"
    },
    {
      "title": "Monosplit ou multisplit, Thermor Niseko s’adapte",
      "text": "<p>En complément, la gamme Nagano multisplit vous permettra d’<strong>équiper plusieurs pièces</strong> de votre maison. En effet, les unités intérieures Niseko sont aussi compatibles avec les unités extérieures multisplit Thermor <strong>Nagano</strong>. Ces dernières existent en mono, bi, tri, quadri et penta-split (<strong>2 à 5 connexions</strong>).</p> <strong>équiper plusieurs pièces</strong> <strong>Nagano</strong> <strong>2 à 5 connexions</strong> <p>À savoir, une unité intérieure Niseko pourra climatiser efficacement une chambre, un bureau ou un espace plus grand (jusqu’à environ 50m²), selon sa puissance et les caractéristiques de votre logement.</p>"
    },
    {
      "title": "Un design discret et séduisant",
      "text": "<p>Au-delà des aspects techniques, la modèle Niseko mise aussi sur son design. Sa finition brillante blanche et l’affichage digital en façade de la température et du mode de fonctionnement la rendent à la fois discrète et élégante. Avec une largeur de 80,5 cm, il s’insère parfaitement au-dessus de la plupart des portes.</p> <p style=\"text-align: center;\"><iframe title=\"YouTube video player\" src=\"https://www.youtube.com/embed/tumjRzKsBkI?si=oalVdc6XPjxfCLsz\" width=\"560\" height=\"315\" frameborder=\"0\" allowfullscreen=\"allowfullscreen\"></iframe></p> <iframe title=\"YouTube video player\" src=\"https://www.youtube.com/embed/tumjRzKsBkI?si=oalVdc6XPjxfCLsz\" width=\"560\" height=\"315\" frameborder=\"0\" allowfullscreen=\"allowfullscreen\"></iframe>"
    },
    {
      "title": "Une clim connectée avec des fonctionnalités avancées",
      "text": "<p>L’un des atouts de la clim réversible Niseko de Thermor réside dans sa connectivité native. Sans avoir à ajouter d’option et donc sans payer davantage, elle embarque un module wifi qui vous permettra de la piloter à distance grâce à l’application <strong>Intelligent Air</strong>, disponible sur l’App Store et Google Play.</p> <strong>Intelligent Air</strong> <p>Depuis votre smartphone, vous pourrez ainsi :</p> <ul>\n<li>Démarrer votre ou vos climatiseurs avant de rentrer chez vous ou les éteindre à distance</li>\n<li>Choisir le mode de fonctionnement que vous souhaitez</li>\n<li>Régler la vitesse de ventilation</li>\n<li>Programmer des plages horaires de fonctionnement (fonction Timer)</li>\n</ul> <li>Démarrer votre ou vos climatiseurs avant de rentrer chez vous ou les éteindre à distance</li> <li>Choisir le mode de fonctionnement que vous souhaitez</li> <li>Régler la vitesse de ventilation</li> <li>Programmer des plages horaires de fonctionnement (fonction Timer)</li> <p>Avec la télécommande fournie, vous pourrez également orienter le flux d’air dans la direction de votre choix : gauche, droite, haut, bas ou encore éteindre l’affichage digital, une fonctionnalité bien pratique pour la nuit.</p>"
    },
    {
      "title": "Un rapport qualité/prix intéressant et une marque française",
      "text": "<p>Vous l’aurez compris, la climatisation réversible Thermor Niseko a de quoi satisfaire tant grâce à ses fonctionnalités qu’à son efficacité énergétique ou encore son design. L’ensemble de ces éléments en font une pompe à chaleur air-air de qualité, idéale pour se rafraîchir en été et se réchauffer en hiver.</p> <p>Un bel avantage de la Thermor Niseko, c’est aussi son prix. Fournie et <a title=\"Installation climatisation dans le 06\" href=\"/installation/climatisation\">installée chez vous</a>, elle est disponible <strong>à partir de 1620€ TTC</strong> en une fois <strong>ou </strong><a title=\"Offre de financement climatisation Nice\" href=\"../../conseils-et-actualites/offre-speciale-votre-climatisation-a-partir-de-45eur-mois-a-nice\"><strong>à partir de 45€ TTC par mois</strong></a> pendant 36 mois (offre valable chez EGS Energies jusqu’au 30/09/2024).</p> <a title=\"Installation climatisation dans le 06\" href=\"/installation/climatisation\">installée chez vous</a> <strong>à partir de 1620€ TTC</strong> <strong>ou </strong> <a title=\"Offre de financement climatisation Nice\" href=\"../../conseils-et-actualites/offre-speciale-votre-climatisation-a-partir-de-45eur-mois-a-nice\"><strong>à partir de 45€ TTC par mois</strong></a> <strong>à partir de 45€ TTC par mois</strong> <p>Un dernier argument qui saura finir de convaincre : Thermor est <strong>une marque française</strong>. Fondée en 1931, elle fait partie du groupe <strong>Atlantic</strong> depuis 1986 et conçoit ses produits en France !</p> <strong>une marque française</strong> <strong>Atlantic</strong>"
    }
  ]
}