{
  "breadcrumb": "Coup de pouce pompe à chaleur : profitez-en jusqu’au 31 décembre",
  "seo": {
    "title": "Coup de Pouce Chauffage : augmentation pour la pompe à chaleur !",
    "description": "Les montants de la prime CEE augmentent pour l'installation d'une PAC jusqu'au 31 décembre 2024. Comment en bénéficier dans les Alpes-Maritimes ? EGS Energies vous aide à y voir plus clair !",
    "opengraph": {
      "site_name": "",
      "type": "",
      "locale": "",
      "title": "",
      "description": "",
      "image": {
        "src": "",
        "alt": ""
      }
    }
  },
  "title": " Coup de pouce pompe à chaleur : profitez-en jusqu’au 31 décembre ",
  "chapo": "Coup de Pouce Chauffage, une aide précieuse pour l'installation d'une pompe à chaleur",
  "image": {
    "src": "/upload/files/egs-energies-article-coup-de-pouce-pac-2024-5be8393631.jpg",
    "alt": "Coup de pouce pompe à chaleur : profitez-en jusqu’au 31 décembre"
  },
  "intro": "<p>Le Coup de Pouce Chauffage est une prime dédiée à la rénovation énergétique des logements. Cette aide vise à inciter les ménages à moderniser leurs systèmes de chauffage en installant des pompes à chaleur, réputées pour leur efficacité et leur faible impact environnemental. En remplaçant une vieille chaudière par une pompe à chaleur, vous pouvez ainsi réduire considérablement votre consommation d’énergie et vos factures de chauffage.</p>",
  "paragraphs": [
    {
      "title": "Montants révisés du Coup de Pouce Chauffage en septembre 2024",
      "text": "<p>Les nouveaux montants du Coup de Pouce Chauffage, applicables à partir de septembre 2024, offrent des aides revalorisées pour différents types de pompes à chaleur, en fonction des ressources des foyers&nbsp;:</p> <table style=\"border-collapse: collapse; width: 100%;\">\n<tbody>\n<tr>\n<th style=\"border: 1px solid black; padding: 8px; background-color: #f2f2f2;\">Type de foyers</th>\n<th style=\"border: 1px solid black; padding: 8px; background-color: #f2f2f2;\">Pompe à chaleur air-eau ou hybride</th>\n<th style=\"border: 1px solid black; padding: 8px; background-color: #f2f2f2;\">Pompe à chaleur eau-eau ou sol-eau</th>\n</tr>\n<tr>\n<td style=\"border: 1px solid black; padding: 8px;\">Foyers très modestes</td>\n<td style=\"border: 1px solid black; padding: 8px;\">5 100 €</td>\n<td style=\"border: 1px solid black; padding: 8px;\">6 350 €</td>\n</tr>\n<tr>\n<td style=\"border: 1px solid black; padding: 8px;\">Foyers modestes</td>\n<td style=\"border: 1px solid black; padding: 8px;\">5 000 €</td>\n<td style=\"border: 1px solid black; padding: 8px;\">6 000 €</td>\n</tr>\n<tr>\n<td style=\"border: 1px solid black; padding: 8px;\">Foyers classiques</td>\n<td style=\"border: 1px solid black; padding: 8px;\">3 500 €</td>\n<td style=\"border: 1px solid black; padding: 8px;\">6 000 €</td>\n</tr>\n</tbody>\n</table> <tbody>\n<tr>\n<th style=\"border: 1px solid black; padding: 8px; background-color: #f2f2f2;\">Type de foyers</th>\n<th style=\"border: 1px solid black; padding: 8px; background-color: #f2f2f2;\">Pompe à chaleur air-eau ou hybride</th>\n<th style=\"border: 1px solid black; padding: 8px; background-color: #f2f2f2;\">Pompe à chaleur eau-eau ou sol-eau</th>\n</tr>\n<tr>\n<td style=\"border: 1px solid black; padding: 8px;\">Foyers très modestes</td>\n<td style=\"border: 1px solid black; padding: 8px;\">5 100 €</td>\n<td style=\"border: 1px solid black; padding: 8px;\">6 350 €</td>\n</tr>\n<tr>\n<td style=\"border: 1px solid black; padding: 8px;\">Foyers modestes</td>\n<td style=\"border: 1px solid black; padding: 8px;\">5 000 €</td>\n<td style=\"border: 1px solid black; padding: 8px;\">6 000 €</td>\n</tr>\n<tr>\n<td style=\"border: 1px solid black; padding: 8px;\">Foyers classiques</td>\n<td style=\"border: 1px solid black; padding: 8px;\">3 500 €</td>\n<td style=\"border: 1px solid black; padding: 8px;\">6 000 €</td>\n</tr>\n</tbody> <tr>\n<th style=\"border: 1px solid black; padding: 8px; background-color: #f2f2f2;\">Type de foyers</th>\n<th style=\"border: 1px solid black; padding: 8px; background-color: #f2f2f2;\">Pompe à chaleur air-eau ou hybride</th>\n<th style=\"border: 1px solid black; padding: 8px; background-color: #f2f2f2;\">Pompe à chaleur eau-eau ou sol-eau</th>\n</tr> <th style=\"border: 1px solid black; padding: 8px; background-color: #f2f2f2;\">Type de foyers</th> <th style=\"border: 1px solid black; padding: 8px; background-color: #f2f2f2;\">Pompe à chaleur air-eau ou hybride</th> <th style=\"border: 1px solid black; padding: 8px; background-color: #f2f2f2;\">Pompe à chaleur eau-eau ou sol-eau</th> <tr>\n<td style=\"border: 1px solid black; padding: 8px;\">Foyers très modestes</td>\n<td style=\"border: 1px solid black; padding: 8px;\">5 100 €</td>\n<td style=\"border: 1px solid black; padding: 8px;\">6 350 €</td>\n</tr> <td style=\"border: 1px solid black; padding: 8px;\">Foyers très modestes</td> <td style=\"border: 1px solid black; padding: 8px;\">5 100 €</td> <td style=\"border: 1px solid black; padding: 8px;\">6 350 €</td> <tr>\n<td style=\"border: 1px solid black; padding: 8px;\">Foyers modestes</td>\n<td style=\"border: 1px solid black; padding: 8px;\">5 000 €</td>\n<td style=\"border: 1px solid black; padding: 8px;\">6 000 €</td>\n</tr> <td style=\"border: 1px solid black; padding: 8px;\">Foyers modestes</td> <td style=\"border: 1px solid black; padding: 8px;\">5 000 €</td> <td style=\"border: 1px solid black; padding: 8px;\">6 000 €</td> <tr>\n<td style=\"border: 1px solid black; padding: 8px;\">Foyers classiques</td>\n<td style=\"border: 1px solid black; padding: 8px;\">3 500 €</td>\n<td style=\"border: 1px solid black; padding: 8px;\">6 000 €</td>\n</tr> <td style=\"border: 1px solid black; padding: 8px;\">Foyers classiques</td> <td style=\"border: 1px solid black; padding: 8px;\">3 500 €</td> <td style=\"border: 1px solid black; padding: 8px;\">6 000 €</td> <br> <p>Les foyers classiques peuvent obtenir 3 500 € pour une pompe à chaleur air-eau, une augmentation notable comparée aux anciennes primes. Les foyers modestes voient leur aide passer à 5 000 €, tandis que les très modestes bénéficient de 5 100 €. Pour les pompes à chaleur eau-eau ou sol-eau, les montants atteignent 6 000 € pour les foyers classiques et modestes, et 6 350 € pour les foyers très modestes.</p>"
    },
    {
      "title": "Conditions d’éligibilité au dispositif CEE Coup de pouce PAC",
      "text": "<p>L’aide Coup de Pouce Chauffage est réservée aux résidences principales construites depuis plus de deux ans. L’installation doit être réalisée par un <a title=\"EGS Energies et certifié RGE\" href=\"/qui-sommes-nous/certifications-et-marques\">professionnel certifié RGE comme EGS Energies</a>, et le système à remplacer doit fonctionner au fioul, gaz ou charbon, hors chaudières à condensation. Enfin, les foyers doivent respecter les <strong>plafonds de revenus de l’ANAH</strong> pour bénéficier des montants majorés réservés aux ménages modestes.</p> <a title=\"EGS Energies et certifié RGE\" href=\"/qui-sommes-nous/certifications-et-marques\">professionnel certifié RGE comme EGS Energies</a> <strong>plafonds de revenus de l’ANAH</strong>"
    },
    {
      "title": "EGS Energies, votre expert en pompes à chaleur dans les Alpes-Maritimes",
      "text": "<p>EGS Energies (anciennement <a title=\"EGS Energies, anciennement Electrogaz Nice, Descamps Vence, ADServices Gaz Vallauris et Depan'Gaz Menton\" href=\"../../conseils-et-actualites/electrogaz-devient-egs-energies\">Electrogaz, Descamps Vence, ADServices Gaz et Depan'Gaz)</a>. vous accompagne dans toutes les étapes de votre projet de pompe à chaleur, depuis le conseil jusqu’à l’entretien voire le dépannage. Nos experts vous aident à <a title=\"Pompe à chaleur Alpes-Maritimes\" href=\"/equipements/energie-renouvelable/pompe-a-chaleur\">choisir la pompe à chaleur idéale</a> en fonction de votre logement et de vos besoins en chauffage. Nous nous occupons de <a title=\"Installation pompe à chaleur dans les Alpes-Maritimes\" href=\"/installation/pompe-a-chaleur\">son installation</a> dans les règles de l’art et nous vous assistons dans la constitution des dossiers pour obtenir les aides financières qui sont alors directement déduite de votre facture.</p> <a title=\"EGS Energies, anciennement Electrogaz Nice, Descamps Vence, ADServices Gaz Vallauris et Depan'Gaz Menton\" href=\"../../conseils-et-actualites/electrogaz-devient-egs-energies\">Electrogaz, Descamps Vence, ADServices Gaz et Depan'Gaz)</a> <a title=\"Pompe à chaleur Alpes-Maritimes\" href=\"/equipements/energie-renouvelable/pompe-a-chaleur\">choisir la pompe à chaleur idéale</a> <a title=\"Installation pompe à chaleur dans les Alpes-Maritimes\" href=\"/installation/pompe-a-chaleur\">son installation</a> <p>Avec EGS Energies, vous bénéficiez d’un suivi complet et d’une solution durable pour améliorer votre confort thermique tout en réduisant vos factures. <a title=\"Demander un devis ou une simulation d'aide pour une PAC\" href=\"/nous-contacter?type=3&amp;categorie=renewable_energy_solutions\">Contactez-nous dès aujourd’hui</a> pour connaître les différentes aides (Coup de pouce chauffage, MaPrimeRénov’, Eco-PTZ, etc.) auxquelles vous pouvez avoir droit.</p> <a title=\"Demander un devis ou une simulation d'aide pour une PAC\" href=\"/nous-contacter?type=3&amp;categorie=renewable_energy_solutions\">Contactez-nous dès aujourd’hui</a>"
    }
  ]
}