{
  "breadcrumb": "DPE : qu’est-ce qui vous attend en 2025 ?",
  "seo": {
    "title": "DPE : ce qui change en 2025",
    "description": "DPE réformé en 2021, renforcé en 2025 : les anciens DPE expirent, nouveaux calculs, interdictions locatives pour passoires thermiques et aides pour rénovation.",
    "opengraph": {
      "site_name": "",
      "type": "",
      "locale": "",
      "title": "",
      "description": "",
      "image": {
        "src": "",
        "alt": ""
      }
    }
  },
  "title": " DPE : qu’est-ce qui vous attend en 2025 ? ",
  "chapo": "Fin des anciens diagnostics et nouvelles règles : tout ce que vous devez savoir pour optimiser votre logement en 2025",
  "image": {
    "src": "/upload/files/egs-energies-article-dpe-2025-changements-f7867af9d5.jpg",
    "alt": "DPE : qu’est-ce qui vous attend en 2025 ?"
  },
  "intro": "<p>Le Diagnostic de Performance Énergétique (DPE) est devenu un élément incontournable dans la gestion des biens immobiliers en France, surtout dans le cadre de la lutte contre le changement climatique. En indiquant la consommation énergétique et les émissions de gaz à effet de serre d'un logement, il guide les propriétaires, les acheteurs et les locataires dans leurs décisions.</p> <p>La réforme du DPE, mise en place en 2021, a introduit des changements significatifs et l’a rendu plus fiable, plus lisible et surtout, juridiquement opposable.</p> <p>Mais à l'horizon 2025, plusieurs évolutions majeures viennent renforcer son importance. Le 1er janvier 2025 marque en effet une date charnière, notamment pour les propriétaires de passoires thermiques, ces logements énergivores classés F ou G. Que vous soyez concerné par un ancien DPE ou que vous envisagiez une vente, ce guide vous explique tout ce que vous devez savoir.</p>",
  "paragraphs": [
    {
      "title": "1. Qu’est-ce que le DPE et pourquoi a-t-il été réformé ?",
      "text": "<p>Le DPE a connu plusieurs réformes depuis sa création en 2006, dans un souci de fiabilité et de lisibilité. Jusqu'en 2021, le DPE s’appuyait sur deux méthodes : l’une basée sur les factures d’énergie, l’autre sur des caractéristiques techniques. Cette dualité a conduit à des résultats inégaux et parfois incohérents.</p> <p>Pour répondre à ces enjeux, le DPE a été entièrement réformé en juillet 2021. Cette réforme visait à créer un <strong>diagnostic plus homogène et fiable</strong>. Désormais, les calculs reposent uniquement sur des <strong>critères objectifs</strong> comme l’isolation, le type de chauffage, les fenêtres, ou encore les déperditions thermiques.</p> <strong>diagnostic plus homogène et fiable</strong> <strong>critères objectifs</strong> <p>Les anciens DPE, réalisés avant juillet 2021, ne sont <strong>valables que jusqu’au 31 décembre 2024</strong>. Cela signifie que tout propriétaire concerné devra <strong>réaliser un nouveau diagnostic</strong> pour être en règle à partir de 2025.</p> <strong>valables que jusqu’au 31 décembre 2024</strong> <strong>réaliser un nouveau diagnostic</strong>"
    },
    {
      "title": "2. Quels changements concrets depuis le DPE 2021 ?",
      "text": "<p>La refonte du DPE introduit plusieurs changements majeurs. D’abord, la durée de validité des diagnostics a été réduite pour ceux effectués avant 2021. Ces anciens DPE ne seront plus valides après le 31 décembre 2024, pour inciter les propriétaires à mettre à jour leur diagnostic.</p> <p>Ensuite, le calcul du DPE repose désormais sur des <strong>caractéristiques physiques précises</strong> : isolation, chauffage, déperditions thermiques, fenêtres, ventilation, etc. Cette uniformisation rend le DPE plus cohérent d’un bien à l’autre.</p> <strong>caractéristiques physiques précises</strong> <p>Un autre changement important est l’introduction d’une <strong>nouvelle étiquette énergétique</strong> qui intègre les <strong>émissions de gaz à effet de serre</strong> (GES). Les logements ne sont plus seulement jugés sur leur consommation énergétique, mais également sur leur impact environnemental.</p> <strong>nouvelle étiquette énergétique</strong> <strong>émissions de gaz à effet de serre</strong> <p>Enfin, la nouvelle présentation du DPE a été conçue pour être plus pédagogique. Le document propose des scénarios de travaux de rénovation énergétique avec un ordre de priorité, pour permettre ainsi aux propriétaires de mieux planifier leurs actions d’amélioration de la performance de leur logement.</p>"
    },
    {
      "title": "3. Quand et pourquoi devez-vous réaliser un DPE ?",
      "text": "<p>Le DPE est obligatoire dans plusieurs situations. Lors de la <strong>vente d’un logement</strong>, le propriétaire doit fournir un DPE valide à l’acheteur. Il en va de même pour les <strong>baux locatifs</strong> : tout nouveau contrat de location doit être accompagné d’un DPE. En outre, le DPE est requis pour les logements soumis à des <strong>travaux de rénovation énergétique</strong> d’envergure ou lors de la mise en conformité de passoires thermiques.</p> <strong>vente d’un logement</strong> <strong>baux locatifs</strong> <strong>travaux de rénovation énergétique</strong> <p>Pour les copropriétés et les logements collectifs, le DPE est également nécessaire. Il permet d’évaluer la performance énergétique globale du bâtiment, facilitant ainsi les décisions en assemblée générale concernant des travaux d’amélioration. À partir de 2025, les propriétaires de passoires thermiques (logements classés F et G) devront obligatoirement effectuer un audit énergétique avant toute mise en vente.</p> <p>Si ces obligations ne sont pas respectées après 2025, les propriétaires risquent non seulement des amendes, mais aussi l’interdiction de louer un bien classé F ou G à partir des dates fixées par la réglementation.</p>"
    },
    {
      "title": "4. Comment fonctionne le nouveau calcul du DPE ?",
      "text": "<p>Le nouveau calcul du DPE prend en compte des éléments clés liés aux <strong>caractéristiques physiques du bien</strong>. L’isolation des murs, du toit et des planchers, les types de fenêtres, le système de chauffage et de <a title=\"Chauffe-eau Nice\" href=\"/equipements/chauffe-eau\">production d’eau chaude</a>, ainsi que la ventilation et les déperditions thermiques sont autant de critères évalués. L’autre nouveauté concerne l’<strong>intégration des émissions de gaz à effet de serre</strong> dans la note globale.&nbsp;</p> <strong>caractéristiques physiques du bien</strong> <a title=\"Chauffe-eau Nice\" href=\"/equipements/chauffe-eau\">production d’eau chaude</a> <strong>intégration des émissions de gaz à effet de serre</strong> <p>Cette approche permet de mieux identifier les points faibles d’un logement et de fournir des recommandations plus précises. Elle permet ainsi d’identifier les logements les plus énergivores et ceux dont l'impact environnemental est le plus élevé.</p>"
    },
    {
      "title": "5. L’opposabilité du DPE : quelles conséquences pour les propriétaires ?",
      "text": "<p>Depuis la réforme de 2021, le DPE est devenu un <strong>document juridiquement opposable</strong>. Cela signifie que tout propriétaire peut être tenu pour responsable si des erreurs figurent dans le diagnostic, avec des répercussions légales possibles.</p> <strong>document juridiquement opposable</strong> <p>En cas de litige, un acheteur ou locataire peut <strong>contester un DPE inexact</strong>, notamment si une évaluation incorrecte des performances énergétiques du bien entraîne des désagréments ou des coûts imprévus. Une mauvaise estimation de l’isolation ou du système de chauffage peut ainsi se transformer en préjudice financier pour la personne lésée.</p> <strong>contester un DPE inexact</strong> <p>En cas d'erreur dans le DPE, le propriétaire peut engager un recours contre le diagnostiqueur. C’est pourquoi il est encore plus indispensable de faire appel à un professionnel qualifié et certifié pour éviter tout risque de contentieux.</p>"
    },
    {
      "title": "6. DPE et passoires thermiques : vers l'interdiction progressive de la location",
      "text": "<p>Les logements classés F et G, communément appelés \"passoires thermiques\", sont au cœur des réformes en cours. La loi prévoit une <strong>interdiction progressive de leur mise en location</strong> :</p> <strong>interdiction progressive de leur mise en location</strong> <ul>\n<li>à partir de 2025 pour les logements classés G</li>\n<li>en 2028 pour ceux classés F</li>\n<li>en 2034 pour les biens classés E</li>\n</ul> <li>à partir de 2025 pour les logements classés G</li> <li>en 2028 pour ceux classés F</li> <li>en 2034 pour les biens classés E</li> <p>Ces logements représentent une part importante du <strong>parc immobilier ancien</strong>.</p> <strong>parc immobilier ancien</strong> <p>Si votre logement est concerné, plusieurs obligations s’imposent à vous. En plus de <strong>réaliser un DPE conforme avant 2025</strong>, il sera nécessaire d’<strong>effectuer un audit énergétique</strong>. Cet audit vous propose des scénarios de rénovation pour améliorer l’efficacité énergétique de votre bien. L'audit énergétique est plus détaillé que le DPE et permet de prioriser les travaux à réaliser pour sortir de la catégorie F ou G.</p> <strong>réaliser un DPE conforme avant 2025</strong> <strong>effectuer un audit énergétique</strong> <p>Ces logements énergivores sont également soumis à un <strong>gel des loyers</strong>, ce qui signifie qu'il est interdit d'augmenter les loyers tant que des améliorations n'ont pas été apportées.</p> <strong>gel des loyers</strong>"
    },
    {
      "title": "7. Que faire si votre DPE expire en 2025 ?",
      "text": "<p>Si vous disposez d'un DPE réalisé avant juillet 2021, celui-ci ne sera plus valide à partir du 1er janvier 2025. Si votre DPE a été réalisé entre janvier 2018 et juin 2021, il ne sera plus valable après le 31 décembre 2024. Afin de rester en règle, vous devez <strong>prévoir la réalisation d’un nouveau diagnostic</strong> avant cette échéance.</p> <strong>prévoir la réalisation d’un nouveau diagnostic</strong> <p>Pour les biens classés F ou G, il est recommandé d’agir dès maintenant. En effet, plus vous anticipez les démarches, plus vous pourrez bénéficier des aides financières en place pour la rénovation énergétique.</p>"
    },
    {
      "title": "8. Rénovation énergétique : des solutions pour améliorer votre DPE",
      "text": "<p>La rénovation énergétique est la clé pour améliorer la performance de votre logement et, par conséquent, son DPE. Les scénarios proposés dans le DPE mettent souvent en avant des <strong>travaux relativement simples et rapides</strong> à mettre en œuvre, comme le remplacement des fenêtres, l'amélioration de l’isolation des combles ou encore l’<a title=\"Installation chauffage dans les Alpes-Maritimes\" href=\"/installation\"><strong>installation d’un système de chauffage plus performant</strong></a>.</p> <strong>travaux relativement simples et rapides</strong> <a title=\"Installation chauffage dans les Alpes-Maritimes\" href=\"/installation\"><strong>installation d’un système de chauffage plus performant</strong></a> <strong>installation d’un système de chauffage plus performant</strong> <p>Investir dans ces améliorations vous permettra non seulement de <strong>réduire la consommation énergétique</strong> de votre logement, mais aussi de le <strong>rendre plus attractif sur le marché</strong>. De plus, ces travaux contribueront à limiter votre impact environnemental, tout en assurant un meilleur confort thermique.</p> <strong>réduire la consommation énergétique</strong> <strong>rendre plus attractif sur le marché</strong> <p>En améliorant l’étiquette énergétique de votre bien, vous pourriez ainsi bénéficier de primes pour travaux, réduire vos charges de chauffage et valoriser votre bien immobilier.</p>"
    },
    {
      "title": "9. Comment financer les travaux de rénovation énergétique ?",
      "text": "<p>Le coût des travaux de rénovation énergétique peut sembler élevé, mais de nombreuses <a title=\"Rénovation de maison : aides financières en 2024\" href=\"../../conseils-et-actualites/renovation-energetique-aides-ete-2024\">aides financières</a> sont disponibles pour les propriétaires souhaitant améliorer leur DPE. Le dispositif <strong>MaPrimeRénov’</strong> est l’une des principales aides à disposition. Il permet de financer une partie des travaux d’isolation, de chauffage, ou encore d’installation de panneaux solaires. Cette prime est accessible à tous les propriétaires, sous condition de revenus, qu’ils habitent dans leur logement ou le mettent en location.</p> <a title=\"Rénovation de maison : aides financières en 2024\" href=\"../../conseils-et-actualites/renovation-energetique-aides-ete-2024\">aides financières</a> <strong>MaPrimeRénov’</strong> <p>D’autres dispositifs comme les <strong>Certificats d'Économies d'Énergie (CEE)</strong> ou encore l’<strong>éco-prêt à taux zéro (éco-PTZ)</strong> offrent des solutions de financement complémentaires.</p> <strong>Certificats d'Économies d'Énergie (CEE)</strong> <strong>éco-prêt à taux zéro (éco-PTZ)</strong>"
    },
    {
      "title": "10. Le DPE et le marché immobilier : quelles conséquences ?",
      "text": "<p>Le DPE a un <strong>impact direct sur la valeur d’un bien immobilier</strong>. Les acheteurs et locataires sont de plus en plus sensibles à la performance énergétique de leur futur logement, notamment en raison de l’augmentation des coûts de l’énergie. Les logements bien classés (A ou B) sont perçus comme des <strong>biens à faible consommation</strong>, ce qui les rend plus attractifs sur le marché. À l'inverse, les biens classés F ou G subissent une dévalorisation, notamment à cause des <strong>interdictions de location à venir</strong>.</p> <strong>impact direct sur la valeur d’un bien immobilier</strong> <strong>biens à faible consommation</strong> <strong>interdictions de location à venir</strong> <p>Les nouvelles obligations ont déjà commencé à influencer les prix de l’immobilier. Les acheteurs sont de plus en plus exigeants en matière de performance énergétique, ce qui pousse les propriétaires à réaliser des <strong>travaux de rénovation pour rester compétitifs</strong>.</p> <strong>travaux de rénovation pour rester compétitifs</strong>"
    }
  ]
}