{
  "breadcrumb": "EGS Energies réunit Electrogaz, Descamps, ADServices Gaz & Depan’Gaz",
  "seo": {
    "title": "Electrogaz, Descamps, ADServices & Depan’Gaz deviennent EGS Energies",
    "description": "Nos sociétés Electrogaz, Descamps, ADServices Gaz & Depan’Gaz changent de nom et deviennent EGS Energies. Retrouvez-nous à Nice, Saint-Laurent-du-Var, Vallauris et Menton pour tous vos besoins en chauffage/climatisation.",
    "opengraph": {
      "site_name": "",
      "type": "",
      "locale": "",
      "title": "",
      "description": "",
      "image": {
        "src": "",
        "alt": ""
      }
    }
  },
  "title": " EGS Energies réunit Electrogaz, Descamps, ADServices Gaz & Depan’Gaz ",
  "chapo": "Nos 4 agences changent de nom et s'unissent sous une même marque : EGS Energies !",
  "image": {
    "src": "/upload/files/egs-energies-article-electrogaz-devient-egs-energies-456x334-d846b467be.jpg",
    "alt": "EGS Energies réunit Electrogaz, Descamps, ADServices Gaz & Depan’Gaz"
  },
  "intro": "<p>Depuis plusieurs années, ADServices Gaz, Descamps, Depan'Gaz et Electrogaz œuvrent pour votre confort thermique dans les Alpes-Maritimes. Pour vous accompagner toujours plus loin dans la transition énergétique, nous nous regroupons sous une même bannière : <strong>EGS&nbsp; Energies</strong> !</p> <p>Depuis 1958, Electrogaz puis ses consœurs répondent aux besoins des habitants du 06 en matière de chauffage et de climatisation. Expertes historiques de la chaudière gaz, nos agences sont devenues des références multi-énergies incontournables dans le département.</p> <p>Nous intervenons aujourd'hui pour tous vos projets à <strong>énergies renouvelables</strong> :&nbsp;</p> <p>Nous ne délaissons cependant pas les <strong>chaudières gaz</strong> et continuerons de vous proposer des modèles à haute performance énergétique pour vous permettre de vous chauffer en toute sérénité.</p> <p>Ce changement de nom marque donc l’évolution de nos compétences depuis la création de nos agences à <a href=\"https://www.egs-energies.fr/chauffage-nice\" title=\"Chauffage Nice\">Nice</a>, <a href=\"https://www.egs-energies.fr/chauffage-vallauris\" title=\"Chauffage Vallauris\">Vallauris</a> ou encore <a href=\"https://www.egs-energies.fr/chauffage-menton\" title=\"Chauffage Menton\">Menton</a>. C’est avec beaucoup de fierté et de bonheur que nous entamons cette nouvelle page de notre histoire avec vous !</p> <p>Notre site internet aussi changera de nom et deviendra www.egs-energies.fr en septembre prochain.</p>",
  "paragraphs": [
    {
      "title": "Un nouveau siège social et un showroom réinventé",
      "text": "<p>Pour encore mieux vous accueillir et créer un espace dédié à tous nos produits, nous ouvrons une <strong>nouvelle agence à <a href=\"https://www.egs-energies.fr/chauffage-saint-laurent-du-var\" title=\"Chauffage Saint Laurent Du Var\">Saint-Laurent-du-Var</a></strong> ! Dorénavant, votre agence de proximité se trouve au 31 allée des architectes, ZI secteur D à Saint-Laurent-du-Var.</p> <strong>nouvelle agence à <a href=\"https://www.egs-energies.fr/chauffage-saint-laurent-du-var\" title=\"Chauffage Saint Laurent Du Var\">Saint-Laurent-du-Var</a></strong> <a href=\"https://www.egs-energies.fr/chauffage-saint-laurent-du-var\" title=\"Chauffage Saint Laurent Du Var\">Saint-Laurent-du-Var</a> <p>Ce nouveau lieu à Saint-Laurent-du-Var est également le nouveau siège social EGS Energies : anciennement au 17 rue Bavastro à Nice, le siège social de nos filiales se relocalise et centralise la direction de nos agences.</p> <p>Vous pourrez donc retrouver EGS Energies à <strong>Saint-Laurent-du-Var, Nice, Vallauris et Menton</strong> :</p> <strong>Saint-Laurent-du-Var, Nice, Vallauris et Menton</strong> <ul>\n<li>31, allée des Architectes, 06700 <strong>Saint-Laurent-du-Var</strong> (siège social)</li>\n<li>17 rue Bavastro, 06300 <strong>Nice</strong> (anciennement Electrogaz)</li>\n<li>2040 Chemin St Bernard - Porte 12, 06220 <strong>Vallauris</strong> (anciennement ADServices Gaz)</li>\n<li>121 avenue de Sospel - le Rhodes, 06500 <strong>Menton </strong>(anciennement Depan'Gaz)</li>\n</ul> <li>31, allée des Architectes, 06700 <strong>Saint-Laurent-du-Var</strong> (siège social)</li> <strong>Saint-Laurent-du-Var</strong> <li>17 rue Bavastro, 06300 <strong>Nice</strong> (anciennement Electrogaz)</li> <strong>Nice</strong> <li>2040 Chemin St Bernard - Porte 12, 06220 <strong>Vallauris</strong> (anciennement ADServices Gaz)</li> <strong>Vallauris</strong> <li>121 avenue de Sospel - le Rhodes, 06500 <strong>Menton </strong>(anciennement Depan'Gaz)</li> <strong>Menton </strong> <p>Nous vous donnons d’ores et déjà rendez-vous les <strong>22 et 23 novembre 2024</strong> pour découvrir notre tout <strong>nouveau showroom</strong> à l’occasion de nos Journées Portes Ouvertes !</p> <strong>22 et 23 novembre 2024</strong> <strong>nouveau showroom</strong>"
    },
    {
      "title": "L’agence Descamps de Vence transférée à Saint-Laurent-du-Var",
      "text": "<p>Enfin, dans le cadre de notre stratégie à l’échelle des Alpes-Maritimes, notre agence de Vence (anciennement Descamps), déménage dans nos nouveaux locaux de Saint-Laurent-du-Var. Si vous étiez jusque-là client ou cliente Descamps à Vence, EGS Energies à Saint-Laurent-du-Var pourra prendre en charge vos demandes.</p> <p>N’hésitez pas à nous contacter si vous avez la moindre question ! Vos chauffagistes et frigoristes EGS Energies sont à votre écoute et interviennent rapidement sur Menton, Nice, <a href=\"https://www.egs-energies.fr/chauffage-cannes\" title=\"Chauffage Cannes\">Cannes</a>, <a href=\"https://www.egs-energies.fr/chauffage-grasse\" title=\"Chauffage Grasse\">Grasse</a>, Vallauris, Vence, Saint-Laurent-du-Var, <a href=\"https://www.egs-energies.fr/chauffage-antibes\" title=\"Chauffage Antibes\">Antibes</a>, Mandelieu-la-Napoule et ses environs.</p> <a href=\"https://www.egs-energies.fr/chauffage-cannes\" title=\"Chauffage Cannes\">Cannes</a> <a href=\"https://www.egs-energies.fr/chauffage-grasse\" title=\"Chauffage Grasse\">Grasse</a> <a href=\"https://www.egs-energies.fr/chauffage-antibes\" title=\"Chauffage Antibes\">Antibes</a>"
    }
  ]
}