{
  "breadcrumb": "Electrogaz recrute un(e) technicien(ne) en génie climatique",
  "seo": {
    "title": "Electrogaz recrute un(e) technicien(ne) en génie climatique",
    "description": "Offre d'emploi CDI technicien(ne) génie climatique dans les Alpes-Maritimes. Venez rejoindre l'équipe dynamique d'Electrogaz pour un poste de technicien(ne) Climatisation.",
    "opengraph": {
      "site_name": "",
      "type": "",
      "locale": "",
      "title": "",
      "description": "",
      "image": {
        "src": "",
        "alt": ""
      }
    }
  },
  "title": " Electrogaz recrute un(e) technicien(ne) en génie climatique ",
  "chapo": "Envie de dynamiser votre carrière et de rejoindre une entreprise en pleine croissance, reconnue et à taille humaine ?",
  "image": {
    "src": "/upload/files/5df3966b6da25228374762.jpeg",
    "alt": "Electrogaz recrute un(e) technicien(ne) en génie climatique"
  },
  "intro": "",
  "paragraphs": [
    {
      "title": "Qui sommes-nous ?",
      "text": "<p>Experts des solutions de chauffage depuis 1958, nous intervenons pour le dépannage, l’entretien et l’installation des systèmes de production d’eau chaude et de chauffage (chaudières et chauffe-eaux), des appareils à énergies renouvelables (pompes à chaleur, installations solaires, poêles à bois...), des installations de climatisation et de ventilation des logements.</p> <p>Nos agences de <a href=\"https://www.egs-energies.fr/chauffage-nice\" title=\"Chauffage Nice\">Nice</a>, <a href=\"https://www.egs-energies.fr/chauffage-menton\" title=\"Chauffage Menton\">Menton</a>, <a href=\"https://www.egs-energies.fr/chauffage-vallauris\" title=\"Chauffage Vallauris\">Vallauris</a> et Vence, Le cannet nous permettent d’assurer le confort de nos clients et de veiller à leur sécurité dans tout le département des Alpes Maritimes.</p> <p>En 2018, nous avons rejoint HomeServe, une société de services pour la maison qui intervient au quotidien, depuis plus de 15 ans, au cœur des foyers français pour des prestations d’assistance et de dépannage, des travaux d’installation et de rénovation. Plombiers, électriciens, chauffagistes, ces professionnels de la maison sont au quotidien au service de plus d’1 million de clients répartis sur toute la France.</p>"
    },
    {
      "title": "Rejoindre Electrogaz c’est :",
      "text": "<ul>\n\t<li>Intégrer une entreprise multi-marque à taille humaine</li>\n\t<li>Travailler auprès d’équipes attentionnées et engagées</li>\n\t<li>Bénéficier d’un vaste programme de formation pouvant te faire évoluer sur ton métier ainsi que sur des énergies parallèles (Pompe à chaleur air-eau)</li>\n\t<li>Possibilité de travailler proche de son lieu de domicile grâce à nos 5 implantations</li>\n</ul>"
    },
    {
      "title": "Profil",
      "text": "<p>De formation spécialisée en génie climatique, vous avez une première expérience sur un poste similaire de 2 ans minimum.<br>\nVous possédez des compétences techniques indéniables mais aussi un très bon relationnel client.<br>\nDe nature sérieuse, rigoureuse et autonome, vous avez le sens du service développé.<br>\nUne aptitude en fluides frigorigènes est obligatoire.</p> <p>Des connaissances sur les PAC Air-Eau sont des atouts complémentaires. Des formations en internes pourront toutefois être organisées pour vous accompagner.</p>"
    },
    {
      "title": "Vous aurez pour mission de :",
      "text": "<ul>\n\t<li>Détecter les dysfonctionnements sur les climatisations déjà installées et établir les devis en fonction du temps de travail et des pièces à changer.</li>\n\t<li>Installer les climatisations dans le respect des directives et éventuellement du dossier technique et réaliser les différents réglages.</li>\n\t<li>Former les utilisateurs à l'utilisation du matériel.</li>\n\t<li>Assurer la maintenance des installations existantes.</li>\n\t<li>Vérifier la conformité du matériel déjà installé.</li>\n</ul> <p>Rémunération attractive (fixe+ primes mensuelles, intéressement...), une voiture de service, horaires modulables.</p> <p>Tu es reconnu pour ton sourire, ton excellent esprit d’équipe et relationnel ?</p> <p>Tu possèdes le permis B ?</p> <p><strong>Alors viens tenter l’aventure Electrogaz !</strong></p>"
    }
  ]
}