{
  "breadcrumb": "Electrogaz recrute un technicien de maintenance chauffage",
  "seo": {
    "title": "Electrogaz recrute un technicien de maintenance chauffage",
    "description": "Venez rejoindre l'équipe dynamique d'Electrogaz pour un poste de technicien de maintenance chauffage",
    "opengraph": {
      "site_name": "",
      "type": "",
      "locale": "",
      "title": "",
      "description": "",
      "image": {
        "src": "",
        "alt": ""
      }
    }
  },
  "title": " Electrogaz recrute un technicien de maintenance chauffage ",
  "chapo": "Envie de dynamiser votre carrière et de rejoindre une entreprise en pleine croissance, reconnue et à taille humaine ?",
  "image": {
    "src": "/upload/files/5b1f9ce471b87180133479.jpeg",
    "alt": "Electrogaz recrute un technicien de maintenance chauffage"
  },
  "intro": "",
  "paragraphs": [
    {
      "title": "Qui sommes-nous ?",
      "text": "<p>Experts des solutions de chauffage depuis 1958, nous intervenons pour le dépannage, l’entretien et l’installation des systèmes de production d’eau chaude et de chauffage (chaudières et chauffe-eaux), des appareils à énergies renouvelables (pompes à chaleur, installations solaires, poêles à bois...), des installations de climatisation et de ventilation des logements.</p> <p>Nos agences de <a href=\"https://www.egs-energies.fr/chauffage-nice\" title=\"Chauffage Nice\">Nice</a>, <a href=\"https://www.egs-energies.fr/chauffage-menton\" title=\"Chauffage Menton\">Menton</a>, <a href=\"https://www.egs-energies.fr/chauffage-vallauris\" title=\"Chauffage Vallauris\">Vallauris</a> et Vence, nous permettent d’assurer le confort de nos clients et de veiller à leur sécurité dans tout le département des Alpes Maritimes.</p> <p>En 2018, nous avons rejoint HomeServe, une société de services pour la maison qui intervient au quotidien, depuis plus de 15 ans, au cœur des foyers français pour des prestations d’assistance et de dépannage, des travaux d’installation et de rénovation. Plombiers, électriciens, chauffagistes, ces professionnels de la maison sont au quotidien au service de plus d’1 million de clients répartis sur toute la France.</p> <p>Aujourd’hui, nos agences de Nice et Valauris recrutent deux Techniciens (H-F) de maintenance chauffage (mobilité sur les autres agences possible).</p> <p>Rattaché au chef d’agence, tu assures la maintenance et le dépannage des installations thermiques principalement chaudière et chauffe-eau gaz, tout en offrant un service de proximité et de conseil à nos clients.</p>"
    },
    {
      "title": " ",
      "text": ""
    },
    {
      "title": "Rejoindre Electrogaz c’est :",
      "text": "<ul>\n\t<li>Intégrer une entreprise multi-marque à taille humaine</li>\n\t<li>Travailler auprès d’équipes attentionnées et engagées</li>\n\t<li>Bénéficier d’un vaste programme de formation pouvant te faire évoluer sur ton métier ainsi que sur des énergies parallèles (froid, PAC...)</li>\n</ul>"
    },
    {
      "title": "Tu hésites encore ?",
      "text": "<p>Chez Electrogaz tu bénéficieras d’une rémunération attractive (fixe+ primes mensuelles, intéressement...), d’une voiture de service, d’horaires modulables te permettant de profiter du soleil et de la plage durant l’été...</p>"
    },
    {
      "title": "Ton profil",
      "text": "<p>De formation technique CAP, BEP, BAC, ou équivalent, tu justifies d’une expérience de 5 ans minimum dans la maintenance d’installations de petites et moyennes puissances en chauffage toutes énergies, te permettant d’être autonome sur des installations thermiques ?</p> <p>Tu es reconnu pour ton sourire, ton excellent esprit d’équipe et relationnel ?</p> <p>Tu possèdes le permis B ?</p> <p><strong>Alors viens tenter l’aventure Electrogaz !</strong></p> <p>Lyonnais, Bretons, Lillois, Parisien..... d’où que tu sois, cette offre t’intéresse aussi? Tu souhaites rejoindre la douceur du climat méditerranéen et son ambiance ? Lance-toi et envoie-nous ton CV, c’est avec plaisir que nous étudierons ta candidature ! (possibilité d’aide au déménagement).</p>"
    }
  ]
}