{
  "breadcrumb": "Electrogaz vous attend à la foire de Nice - du 09 au 18 mars 2019",
  "seo": {
    "title": "Rendez-vous sur notre stand pour des conseils et offres spéciales",
    "description": "Quelles différences entre les modèles de chaudières ? Est-ce qu'une pompe à chaleur est une solution intéressante pour mon logement ? Quel budget prévoir ?",
    "opengraph": {
      "site_name": "",
      "type": "",
      "locale": "",
      "title": "",
      "description": "",
      "image": {
        "src": "",
        "alt": ""
      }
    }
  },
  "title": " Electrogaz vous attend à la foire de Nice - du 09 au 18 mars 2019 ",
  "chapo": "Offres spéciales foire et aussi pour tenter de gagner une chaudière ou une climatisation !      Salon bâtir, stand 36/38 ...",
  "image": {
    "src": "/upload/files/5c753e14e46df794401070.png",
    "alt": "Electrogaz vous attend à la foire de Nice - du 09 au 18 mars 2019"
  },
  "intro": "<p><big>Changer son installation de chauffage permet de gagner en confort et de réaliser des économies d'énergie. Mais il n'est pas toujours simple de s'y retrouver parmi les différentes solutions du marché.</big></p> <p>&nbsp;</p> <p><big>Quelle technologie ? Quel modèle d'appareil&nbsp;? Quelles différences ? Et à quel prix ? Autant de questions auxquelles nos experts pourront vous apporter des réponses. Nous serons&nbsp;présents&nbsp;dans le salon bâtir, stand 36/38, pendant toute la durée de la Foire de <a href=\"https://www.egs-energies.fr/chauffage-nice\" title=\"Chauffage Nice\">Nice</a> 2019, profitez-en !&nbsp;</big></p> <p>&nbsp;</p> <p><big>Et à l’occasion de cet évènement, venez à notre rencontre tenter de deviner le nombre de briques utilisées pour construire la chaudière exposée sur notre stand.</big></p> <p><strong><big>Le participant avec l'estimation la plus proche du nombre réel de briques utilisées remportera une chaudière ou une climatisation, au choix, installation comprise. </big></strong></p> <p><big><strong>Venez jouer&nbsp;!</strong></big></p> <p>&nbsp;</p> <p>En savoir plus sur le règlement du jeu : <a href=\"https://www.electrogaz.fr/asset/doc/reglement-jeu-fdn2019-electrogaz.pdf\" target=\"_blank\">Grand Jeu&nbsp;Foire de Nice 2019 - Electrogaz</a></p> <p>&nbsp;</p> <p><em><big>[Chaudière gaz - Chauffe-bain gaz - Chaudière fioul - Chauffe-eau thermodynamique - Chauffe-eau solaire - Pompe à chaleur - Climatisation réversible]</big></em></p>",
  "paragraphs": []
}