{
  "breadcrumb": "Electrogaz, c’est aussi votre expert climatisation !",
  "seo": {
    "title": "Electrogaz, c’est aussi votre expert pour votre climatisation !",
    "description": "Electrogaz rafraîchit votre été avec ses solutions de climatisation.",
    "opengraph": {
      "site_name": "",
      "type": "",
      "locale": "",
      "title": "",
      "description": "",
      "image": {
        "src": "",
        "alt": ""
      }
    }
  },
  "title": " Electrogaz, c’est aussi votre expert climatisation ! ",
  "chapo": "Nos techniciens experts sauront vous conseiller la solution de climatisation adaptée à vos besoins",
  "image": {
    "src": "/upload/files/5d0797ca307af038145366.png",
    "alt": "Electrogaz, c’est aussi votre expert climatisation !"
  },
  "intro": "<p>Depuis plusieurs années, la climatisation est devenue un produit phare dans notre région des Alpes-Maritimes. C’est pourquoi, nous avons récemment décidé de proposer toujours plus de services en ajoutant les solutions de climatisation à notre offre.</p>",
  "paragraphs": [
    {
      "title": "Nos techniciens experts assurent : l’installation, l’entretien et le dépannage de vos solutions de climatisation",
      "text": "<p>&nbsp;&nbsp;&nbsp;<strong>• L’installation</strong> :&nbsp;A vos côtés pour vous conseiller la solution de climatisation adaptée à vos besoins.<br>\n<strong>&nbsp;&nbsp;&nbsp;• L’entretien</strong> :&nbsp;Pour garantir un air sain et un fonctionnement optimal de vos appareils dans la durée.<br>\n<strong>&nbsp;&nbsp;&nbsp;• Le dépannage</strong> :&nbsp;Nos techniciens se mobilisent pour se rendre chez vous au plus vite.</p> <p>On distingue deux catégories d'appareils en mode froid seul pour les logements &nbsp;: les monoblocs et les splits-systems, simples ou multiples. Les monoblocs sont des appareils mobiles, alors que les installations de splits sont fixes. Ils fonctionnent sur le même principe qu’un réfrigérateur : un fluide frigorigène circule dans un circuit fermé à l’intérieur du climatiseur et s’accapare les calories contenues dans la chaleur de la pièce pour les rejeter par la suite vers l’extérieur.</p> <p>Les modèles réversibles peuvent quant à eux rafraîchir mais également réchauffer une pièce. Ils sont aussi couramment appelés pompe à chaleur (PAC) air-air. Utilisés en mode chauffage, ces appareils permettent de réduire de 30% à 50% sa consommation énergétique.</p> <p>A noter que cette technologie est de plus en plus adoptée par les foyers français à la recherche d’un confort maximal dans leur logement. Plus de 500 000 climatiseurs fixes ont été installés l’année dernière. Une solution de climatisation fixe est adaptée en maison mais également en appartement. Dans ce cas, l’autorisation de la copropriété peut s’avérer nécessaire puisqu’une unité est installée à l’extérieur du logement.</p> <p><strong>Important : </strong>les travaux de charge, de mise en service, d’assemblage ou d’entretien d’appareils utilisant des fluides frigorigènes tels que la climatisation, sont encadrés par l’article R 543-76 du code de l’environnement. En effet, ces manipulations nécessitent l’intervention d’un professionnel agréé remplissant les conditions requises. Notre certification QualiPAC et notre attestation de capacité à la manipulation des fluides frigorigènes vous garantissent des travaux en toute sécurité, que ce soit pour l’installation de votre climatisation ou lors des interventions de dépannage ou de maintenance telles que le contrôle d’étanchéité des circuits frigorifiques.</p>"
    },
    {
      "title": "Partenaire des plus grands fabricants de climatisation",
      "text": "<p>Partenaire des plus grands fabricants, nous proposons de nombreux modèles de climatiseurs aux design modernes et élégants qui s’intégreront parfaitement à votre logement. Il est possible de climatiser une seule ou plusieurs pièces dans votre logement. A titre d’exemple, la fourniture et la pose d’un climatiseur réversible DAIKIN d’une puissance 3,5kW, installé en « dos à dos » et adapté pour une pièce de 30m², sont proposées à 1 590 € TTC.</p>"
    },
    {
      "title": "Pourquoi opter pour une solution de climatisation ?",
      "text": "<ul>\n\t<li>Vous bénéficiez d’un confort de vie quotidien avec des températures adaptées à vos envies;</li>\n\t<li>Avec les climatiseurs réversibles, vous pouvez profiter de la climatisation en été et du chauffage en hiver;</li>\n\t<li>Les dernières générations de climatiseurs assainissent l’air ambiant de votre logement.</li>\n</ul> <p>N’hésitez plus, <a href=\"https://www.electrogaz.fr/nous-contacter\">contactez-nous</a> et profitez des conseils experts de nos techniciens ! Nous intervenons dans toutes les Alpes-Maritimes depuis nos agences de <a href=\"https://www.egs-energies.fr/chauffage-nice\" title=\"Chauffage Nice\">Nice</a>, <a href=\"https://www.egs-energies.fr/chauffage-menton\" title=\"Chauffage Menton\">Menton</a>, <a href=\"https://www.egs-energies.fr/chauffage-vallauris\" title=\"Chauffage Vallauris\">Vallauris</a> et Vence.</p>"
    }
  ]
}