{
  "breadcrumb": "En septembre, les Ventes Privées débarquent chez Electrogaz !",
  "seo": {
    "title": "Ventes Privées du 25/09/2020 au 05/10/2020",
    "description": "Profitez d’offres exceptionnelles sur tout notre catalogue",
    "opengraph": {
      "site_name": "",
      "type": "",
      "locale": "",
      "title": "",
      "description": "",
      "image": {
        "src": "",
        "alt": ""
      }
    }
  },
  "title": " En septembre, les Ventes Privées débarquent chez Electrogaz ! ",
  "chapo": "Du 25/09 au 05/10 bénéficiez de remises exceptionnelles sur votre nouvel appareil !",
  "image": {
    "src": "/upload/files/5f6cad4d8ae48717230236.png",
    "alt": "En septembre, les Ventes Privées débarquent chez Electrogaz !"
  },
  "intro": "",
  "paragraphs": [
    {
      "title": "C'est la rentrée chez Electrogaz !",
      "text": "<p>A cette occasion, profitez de prix exceptionnels sur tout notre catalogue de produits et ce du 25/09/2020 au 05/10/2020 !</p> <p>Les <strong>Ventes Privées</strong> c'est jusqu'à :</p> <p><strong>- 500 €</strong>* sur nos pompes à chaleur<br>\n(offre cumulable&nbsp;avec la prime à la conversion pouvant atteindre 4 000€**)<br>\n<strong>- 400 €</strong>* sur nos chaudières<br>\n(offre cumulable&nbsp;avec la prime à la conversion pouvant atteindre 1 200€**)<br>\n<strong>- 200 €*</strong> sur nos climatisations</p> <p><strong>+</strong> le contrat d'entretien&nbsp;<ins><strong>offert la première année</strong></ins>***&nbsp;!</p> <p>Alors, n'attendez plus, appelez-nous au&nbsp;<strong>04 84 31 31 55 </strong><br>\n&nbsp;</p>"
    },
    {
      "title": "Pourquoi changer son système de chauffage ?",
      "text": "<p>- Alléger votre facture d'énergie<br>\n- Garantir un confort optimal dans votre logement<br>\n- Opter pour un matériel dernière génération plus respectueux de l'environnement&nbsp;<br>\n&nbsp;<br>\n&nbsp;<br>\n&nbsp;</p> <p>(*) Réductions appliquées sur le prix d'achat d'un appareil selon les tarifs catalogue Electrogaz. Offre spéciale valable pour tout achat et installation d'un nouvel appareil du catalogue Electrogaz pendant les Ventes Privées du 25 septembre au 5 octobre 2020.&nbsp;</p> <p>(**) Prime \"Coup de pouce économies énergie\" de l'Etat, jusqu'à 4 000 € maximum pour tout achat et installation d'une pompe à chaleur de type air/eau et 1 200 € maximum pour les chaudières à condensation selon les modalités définies par l'arrêté du 29 décembre 2014 relatif aux modalités d'application du dispositif des certificats d'économies d'énergie.</p> <p>(***) Pour la 1ère année de souscription. Offre spéciale valable pour toute souscription d'un contrat d'entretien et dépannage Electrogaz en plus de l'achat et l'installation d'un nouvel appareil du catalogue Electrogaz pendant les Ventes Privées.</p>"
    }
  ]
}