{
  "breadcrumb": "Fin des chaudières au fioul depuis juillet 2022",
  "seo": {
    "title": "Fin des chaudières au fioul depuis juillet 2022",
    "description": "Vous venez de découvrir que les chaudières fioul sont interdites depuis le 1er juillet ? Electrogaz fait le point sur ce nouveau décret répond à toutes vos questions.",
    "opengraph": {
      "site_name": "",
      "type": "",
      "locale": "",
      "title": "",
      "description": "",
      "image": {
        "src": "",
        "alt": ""
      }
    }
  },
  "title": " Fin des chaudières au fioul depuis juillet 2022 ",
  "chapo": "Nous vous expliquons le nouveau décret du 1er juillet 2022 et les solutions qui s’offrent à vous.",
  "image": {
    "src": "/upload/files/Visuel_Fioul_456x334–5-2d7a53dc54.png",
    "alt": "Fin des chaudières au fioul depuis juillet 2022"
  },
  "intro": "<p>Cette mesure était annoncée depuis plusieurs mois, elle est devenue effective le 1er juillet. Elle s’inscrit dans la stratégie du gouvernement de réduction des émissions des gaz à effet de serre.</p> <hr>",
  "paragraphs": [
    {
      "title": "Votre logement est équipé d’une chaudière au fioul, quels impacts pour vous ?",
      "text": "<p>Au moment du remplacement de votre chaudière au fioul, vous aurez le choix entre différents équipements alternatifs au chauffage au fioul : <a href=\"/installation/pompe-a-chaleur\">pompe à chaleur</a>, chaudière biomasse, <a href=\"/equipements/chaudieres/chaudiere-gaz\">chaudière THPE au gaz</a> ou encore solutions hybrides. Nous vous accompagnons dans la sélection de la solution la plus adaptée.</p> <p>En attendant, il est important de rappeler que votre appareil de chauffage actuel doit continuer à être entretenu au minimum une fois par an par un professionnel qui a toujours le droit d’intervenir sur les chaudières fioul pour des opérations d’entretien comme pour les dépannages. Prenez RDV avec Electrogaz pour l’entretien de votre chaudière.</p>"
    },
    {
      "title": "Quels sont les avantages de remplacer sa chaudière au fioul ?",
      "text": "<p>Le remplacement de votre chaudière au fioul par un autre système de chauffage présente de nombreux avantages pour vous :</p> <ul>\n<li>Réduction des vos factures d’énergie</li>\n<li>Utilisation d’un appareil plus respectueux de l’environnement, avec réduction des gaz à effet de serre</li>\n<li>Gain en confort, sans avoir à se soucier du remplissage régulier de la cuve</li>\n</ul>"
    },
    {
      "title": "Quand changer ?",
      "text": "<p>Si votre chaudière au fioul ne fonctionne plus, vous serez bien sûr amené.e à vous intéresser aux solutions de chauffage qui peuvent remplacer votre appareil. Mais sans attendre la panne, une trop forte consommation d’énergie est souvent l’élément déclencheur du remplacement d’un ancien système de chauffage. Les dispositifs d’aides actuellement disponibles (MaPrimeRenov’ et Coup de Pouce Chauffage) sont des éléments à prendre en compte dans votre projet. N’hésitez pas à nous contacter pour une étude personnalisée de votre projet de remplacement.</p> <h3>Pourquoi cette interdiction des chaudières au fioul ?</h3> <p>Depuis le 1er juillet 2022 un nouveau plafond plus strict d'émissions de GES (300 gCO2eq/KWh PCI maximum) pour les appareils installés pour le chauffage ou la production d'eau chaude dans les bâtiments d'habitation ou à usage professionnel est en application. Selon l’ADEME, une chaudière au fioul classique domestique émet 324 gCO2eq/kWh PCI, donc au-dessus du maximum autorisé, d’où son interdiction.</p> <p><span style=\"font-size: 10pt;\">* quantité totale de chaleur dégagée par la combustion d'un combustible (fioul, gaz, charbon, bois, pétrole), exprimée en kWh (kilowattheure)</span></p> <p>Une chaudière alimentée par un biocombustible liquide (aussi appelé biofioul) respectant le seuil de 300 gCO2eq/KWh PCI pourrait être installée. Dans certains cas particuliers, des dérogations existent :</p> <ul>\n<li>Les travaux nécessaires pour le remplacement de votre chaudière fioul sont impossibles sur le plan technique ou en conflit avec la réglementation relative au droit des sols ou de la propriété notamment.</li>\n<li>Le raccordement au réseau de chaleur ou de gaz naturel existants est impossible et le réseau local d’électricité n’est pas compatible avec les travaux à réaliser.</li>\n</ul> <p><a href=\"/nous-contacter\">Renseignez-vous auprès de Electrogaz</a></p>"
    },
    {
      "title": "Nos conseils pour le remplacement de votre système de chauffage au fioul",
      "text": "<p>Le recours à un <a href=\"/qui-sommes-nous/certifications-et-marques\">professionnel RGE</a> (reconnu Garant de l’environnement) comme Electrogaz est un gage de qualité et de professionnalisme et est indispensable pour bénéficier des dispositifs d’aides.</p> <p>Le professionnel consulté doit réaliser une étude complète de votre projet : évaluer avec vous vos besoins en chauffage et en eau chaude sanitaire, étudier les caractéristiques de votre logement, notamment en termes d'isolation thermique ou encore les émetteurs de chaleur de votre habitation (types de radiateurs, plancher chauffant). Tous ces éléments doivent être pris en compte par le professionnel pour sélectionner le type d’équipement adapté et son bon dimensionnement.</p> <p>Au-delà de l’installation de votre appareil de chauffage, pensez à vous renseigner sur les compétences de la société pour vous accompagner dans la durée pour les prestations <a href=\"/entretien\">d’entretien</a> et de <a href=\"/depannage\">dépannage</a> de votre nouveau système de chauffage.</p> <p>Dans le cadre d’un projet de rénovation énergétique, des aides existent pour le remplacement de votre chaudière fioul. N’hésitez pas à interroger nos experts sur ces dispositifs. Nous pourrons estimer les aides de l'État auxquelles vous pouvez prétendre et déduire directement de votre devis le Coup de Pouce Chauffage\".</p> <p>Selon vos revenus et la composition de votre foyer, vous pouvez bénéficier des aides Coup de Pouce Chauffage et MaPrimeRénov’ :</p> <ul>\n<li>Jusqu’à 9000€ d’aides au total pour <a href=\"/installation/pompe-a-chaleur\">l’installation d’une pompe à chaleur Air/Eau</a></li>\n</ul> <p><span style=\"font-size: 10pt;\">Simulation réalisée pour un remplacement d’une chaudière fioul non condensation pour un foyer de catégorie Bleue au 1er septembre 2022.</span></p>"
    }
  ]
}