{
  "breadcrumb": "Foire de Nice 2022 - Retrouvez-nous au stand n°35/36 de l'Allée B",
  "seo": {
    "title": "Electrogaz à la Foire de Nice 2022",
    "description": "Electrogaz sera présent à la Foire de Nice du 5 au 14 mars 2022. Venez nous rencontrer au Palais des Expositions de Nice au stand n°35/36 de l'Allée B pour participer à notre jeu concours gratuit.",
    "opengraph": {
      "site_name": "",
      "type": "",
      "locale": "",
      "title": "",
      "description": "",
      "image": {
        "src": "",
        "alt": ""
      }
    }
  },
  "title": " Foire de Nice 2022 - Retrouvez-nous au stand n°35/36 de l'Allée B ",
  "chapo": "Venez nous rencontrer pour bénéficier de nos offres spéciales et tenter de remporter une climatisation",
  "image": {
    "src": "/upload/files/foire_de_nice_2022-ec75367dc3.jpg",
    "alt": "Foire de Nice 2022 - Retrouvez-nous au stand n°35/36 de l'Allée B"
  },
  "intro": "<p>Après 2 années d’annulation de la Foire de <a href=\"https://www.egs-energies.fr/chauffage-nice\" title=\"Chauffage Nice\">Nice</a>, nous sommes heureux de vous annoncer notre participation pour cette édition 2022 !</p> <p>Du 5 au 14 Mars, venez rencontrer nos équipes au Palais des Expositions de Nice sur le stand n°35/36 de l’Allée B.</p>",
  "paragraphs": [
    {
      "title": "Au programme des festivités : ",
      "text": "<ul style=\"list-style-type: circle;\">\n<li>Offres spéciales sur tous vos projets d’installation* : -900€ sur les pompes à chaleur air / eau, -400€ sur les chaudières gaz, -250€ sur les climatisations</li>\n<li>Grande roue pour gagner de nombreux lots&nbsp;</li>\n<li>Jeu concours gratuit** pour tenter de remporter une climatisation</li>\n</ul> <hr>"
    },
    {
      "title": "Le + Electrogaz ",
      "text": "<p>Nous déduisons directement de nos devis les primes Coup de Pouce Chauffage et vous accompagnons dans vos démarches pour bénéficier de l’aide MaPrimeRénov’.</p> <p>À cette occasion, nos professionnels experts des équipements de chauffage et de climatisation sauront vous conseiller et vous proposer des solutions adaptées à vos besoins.</p> <p>Nous comptons sur votre présence à cette édition tant attendue !</p> <p>&nbsp;</p> <p>*Plus d’informations sur les modèles éligibles sur notre stand.</p> <p>**Jeu soumis à règlement. Disponible sur demande.</p>"
    }
  ]
}