{
  "breadcrumb": "Hausse du prix du gaz, mythe ou réalité ?",
  "seo": {
    "title": "Hausse du prix du gaz : mythe ou réalité ?",
    "description": "Electrogaz vous aide aujourd'hui à comprendre la hausse des prix du gaz en répondant aux questions que vous pourriez vous poser à ce sujet.",
    "opengraph": {
      "site_name": "",
      "type": "",
      "locale": "",
      "title": "",
      "description": "",
      "image": {
        "src": "",
        "alt": ""
      }
    }
  },
  "title": " Hausse du prix du gaz, mythe ou réalité ? ",
  "chapo": "Electrogaz répond à toutes les questions que vous pourriez vous poser sur la hausse des prix du gaz.",
  "image": {
    "src": "/upload/files/hausse-prix-du-gaz-67025a0922.jpg",
    "alt": "Hausse du prix du gaz, mythe ou réalité ? "
  },
  "intro": "<p>Les récentes nouvelles liées au conflit entre la Russie et l’Ukraine n’ont laissé personne indifférent et les répercussions ont été visibles directement sur les marchés. Les prix de certaines matières premières telles que le blé, le pétrole et certains métaux comme le nickel ou le zinc se sont envolés en très peu de temps. <strong>Le gaz aussi n’a pas été épargné par cette hausse soudaine des prix</strong>.</p> <p>Alors si vous possédez un système de chauffage fonctionnant au gaz, ou simplement si vous êtes curieux d’en apprendre plus, vous vous demandez sans doute quel peut être l’impact de cette situation sur vous en tant que particulier.</p> <p>Electrogaz a aujourd’hui cherché à <strong>comprendre les conséquences de la crise entre la Russie et l’Ukraine sur les prix du gaz</strong>. Et même si l’avenir sur la situation reste incertain, de nombreuses éventualités sont déjà étudiées par le gouvernement pour faire face à cette nouvelle crise. En effet, ce n’est pas la première fois que l’Etat est confronté à ce type d'événement. Dans les années 70’ et 80’, la France avait déjà connu une crise énergétique.</p> <p>Avec <a title=\"GRDF\" href=\"https://www.grdf.fr/installateurs/actualites/crise-russe-gaz\">GRDF</a>, nous vous aidons donc à répondre aux différentes questions que vous pouvez vous poser en ce moment.</p> <hr>",
  "paragraphs": [
    {
      "title": "Est-ce que les prix du gaz vont augmenter pour les particuliers dans les Alpes-Maritimes ?",
      "text": "<p>Alors oui, les prix de certaines matières comme le gaz ont fortement augmenté ces derniers jours. Et il est possible qu’ils continuent leur croissance dans les jours ou semaines à venir. <strong>Mais cette hausse des prix ne signifie pas nécessairement l’augmentation du tarif payé par les particuliers</strong>.</p> <p>En effet, en 2021, l’Etat a mis en place un “bouclier tarifaire” pour tous les particuliers afin de <strong>geler les tarifs du gaz à leur niveau d’octobre 2021</strong>. Alors que cette mesure devait prendre fin en juin 2022, le ministre de l’Économie Bruno le Maire a confirmé le 8 mars 2022 que le bouclier tarifaire sera prolongé pour “<strong>étendre le gel des prix non pas jusqu’à juin 2022, mais jusqu’à la fin de l’année 2022</strong>”. Annoncé le 16 mars, <a title=\"Plan de résilience du gouvernement\" href=\"https://www.gouvernement.fr/sites/default/files/document/document/2022/03/dossier_de_presse_-_plan_de_resilience_economique_et_sociale_-_16.03.2022.pdf\">le plan de résilience</a> a étendu le gel des prix du gaz aux habitants des logements collectifs et sociaux. Le gouvernement a également annoncé venir en aide aux entreprises dont les dépenses de gaz représentent une part élevée des charges, sous la forme de subventions versées durant le mois de mars.</p> <p>La hausse des prix du marché du gaz ne devrait donc <strong>pas avoir d’impact direct sur les particuliers</strong>. De plus, toutes les personnes qui ont souscrit à une offre à prix fixe ou indexé sur les tarifs réglementés sont protégées de cette augmentation sur toute la durée de leur contrat.</p> <p>Et pour tous ceux qui souhaitent souscrire à un nouveau contrat de fourniture de gaz, certains fournisseurs proposent encore aujourd’hui des offres dont le prix a été fixé avant le début de la crise. Vous pouvez utiliser <a title=\"Comparateur d'offre\" href=\"https://comparateur.energie-info.fr/compte/profil\">un comparateur en ligne</a> pour trouver la meilleure offre.</p> <hr>"
    },
    {
      "title": "Quelle est l’importance des importations de gaz russe en France ?",
      "text": "<p>Depuis de nombreuses années, la France a fait le choix d’<strong>une stratégie d’approvisionnement assez diversifiée</strong>. Aujourd’hui, c’est <strong>près de la moitié du gaz consommé qui provient d’Europe</strong> avec principalement la Norvège (40%) et les Pays-Bas (8%). La Russie, quant à elle, représente 17% des importations de gaz, un chiffre raisonnable comparé à l’Allemagne qui dépend du gaz russe à hauteur de 55%. Le reste des importations de gaz en France provient de différents pays comme l’Algérie, le Qatar ou encore le Nigeria par exemple.</p> <hr>"
    },
    {
      "title": "La France est-elle à l’abri d’une crise d’approvisionnement ?",
      "text": "<p>Comme expliqué précédemment, la Russie n’est pas le principal fournisseur de gaz pour la France. Grâce à sa stratégie de diversification des sources d’approvisionnement et à la solidité de la chaîne gazière, le pays est <strong>à l’abri d’une crise majeure d’approvisionnement</strong>.</p> <p>La France peut également compter sur <strong>l’essor du gaz vert</strong> qui, même s’il ne représente qu’une faible partie de la consommation de gaz français, est en plein essor. Principalement issu de la méthanisation, il s’agit d’<strong>un gaz 100% renouvelable</strong>, produit localement à partir de résidus agricoles, des effluents d’élevage et de déchets des territoires. Ce type de gaz pourra permettre à la France de sortir progressivement de la consommation de gaz à énergie fossile et ainsi d’obtenir une forme d’indépendance énergétique.</p> <hr>"
    },
    {
      "title": "Que pourrait-il se passer en cas de rupture de livraison d’une partie ou de la totalité du gaz russe ?",
      "text": "<p>En cas d’arrêt total des importations de gaz russe, l’Etat pourrait agir sur différents leviers pour compenser la baisse d’approvisionnement.</p> <p>Tout d’abord, sur le très court terme, le gouvernement irait <strong>puiser davantage dans les stocks de gaz français</strong>. Même si le niveau de ces derniers est souvent plus bas après l’hiver, il reste une source importante de gaz pour le pays. Les fournisseurs de gaz ont en effet l’obligation d’effectuer des stocks de gaz pour plusieurs mois, dans des nappes. Au même moment, <strong>la France se tournerait vers d’autres pays producteurs de gaz afin d’augmenter les importations à ce niveau-là</strong>.</p> <p>Enfin, en dernier recours, l’Etat peut mettre en place <strong>un processus nommé \"délestage\"</strong>. Ce dernier consiste à demander aux plus grands clients professionnels de réduire leur consommation de gaz.</p> <p>Toutes ces mesures prises par les pouvoirs publics permettraient alors d’<strong>assurer la continuité d’alimentation pour les particuliers</strong> et ainsi de rendre le risque de coupure extrêmement faible.</p> <hr>"
    },
    {
      "title": "En conclusion, quel avenir pour les équipements fonctionnant au gaz à Nice, Cannes et leurs alentours ?",
      "text": "<p><strong>Dans certains cas bien précis</strong>, notamment pour les logements de petite taille en zone urbaine, <strong>les pompes à chaleur hybrides et les chaudières à très haute performance énergétique (THPE) restent les solutions les plus intéressantes et les plus rentables</strong>. En effet, ces appareils présentent souvent le meilleur rapport coût/efficacité et proposent un confort constant en toutes saisons, aussi bien pour le chauffage que pour l’eau chaude sanitaire.</p> <p>C’est pourquoi, en cas de doute sur l’<a title=\"Equipement chauffage\" href=\"/equipements\">équipement de chauffage</a> à choisir pour votre domicile, tournez vous vers un professionnel du secteur. Ce dernier pourra vous orienter vers la solution la plus adaptée à votre logement et à votre utilisation.</p>"
    }
  ]
}