{
  "breadcrumb": "Journées Portes Ouvertes : 16 & 17 mai à Nice",
  "seo": {
    "title": "2 Jours d’échanges avec EGS Energies : 16 & 17 mai 2025 à Nice",
    "description": "Participez aux journées d’échanges EGS Énergies les 16 & 17 mai 2025 : conseils sur la rénovation énergétique, ateliers gratuits et offres exclusives à Nice !",
    "opengraph": {
      "site_name": "",
      "type": "",
      "locale": "",
      "title": "",
      "description": "",
      "image": {
        "src": "",
        "alt": ""
      }
    }
  },
  "title": " Journées Portes Ouvertes : 16 & 17 mai à Nice ",
  "chapo": "EGS Energies vous invite à deux journées d’échanges, de conseils et d’offres spéciales",
  "image": {
    "src": "/upload/files/journees-portes-ouvertes-mai-2025-1a9f75211f.jpg",
    "alt": "Journées Portes Ouvertes : 16 & 17 mai à Nice"
  },
  "intro": "<p>Et si on prenait un moment pour parler de votre confort à la maison ?<br>Les <strong>vendredi 16 et samedi 17 mai 2025</strong>, nous vous ouvrons nos portes <strong>au 15 rue Bavastro, à <a href=\"https://www.egs-energies.fr/chauffage-nice\" title=\"Chauffage Nice\">Nice</a></strong>, pour deux journées où l’on vous accueille simplement, pour échanger, poser vos questions et vous aider à avancer dans vos projets.</p> <p>Vous pensez à changer votre système de chauffage ? Vous voulez comprendre comment mieux maîtriser votre facture ? Ou juste faire le point sur ce qui existe aujourd’hui ? Venez nous rencontrer.</p>",
  "paragraphs": []
}