{
  "breadcrumb": "Journées Portes Ouvertes les 22 et 23 novembre 2024",
  "seo": {
    "title": "Journées Portes Ouvertes EGS Energies 22-23 novembre 2024",
    "description": "Participez aux JPO EGS Energies les 22-23 nov. à Nice et Saint-Laurent-du-Var : remises jusqu’à 2 500€ sur chaudières, pompes à chaleur, et panneaux solaires !",
    "opengraph": {
      "site_name": "",
      "type": "",
      "locale": "",
      "title": "",
      "description": "",
      "image": {
        "src": "",
        "alt": ""
      }
    }
  },
  "title": " Journées Portes Ouvertes les 22 et 23 novembre 2024 ",
  "chapo": "Offres exceptionnelles sur les chaudières, climatisations, pompes à chaleur et panneaux photovoltaïques avec EGS Energies",
  "image": {
    "src": "/upload/files/egs-article-journees-portes-ouvertes-novembre-2024-f24b13a758.jpg",
    "alt": "Journées Portes Ouvertes les 22 et 23 novembre 2024"
  },
  "intro": "<p>Le vendredi 22 et samedi 23 novembre, EGS Energies vous invite à ses Journées Portes Ouvertes, organisées simultanément dans nos agences de <a href=\"https://www.egs-energies.fr/chauffage-saint-laurent-du-var\" title=\"Chauffage Saint Laurent Du Var\">Saint-Laurent-du-Var</a> et <a href=\"https://www.egs-energies.fr/chauffage-nice\" title=\"Chauffage Nice\">Nice</a>.</p> <p>Cet événement, pensé pour vous offrir un moment convivial autour d' un buffet du terroir, vous donnera l’opportunité de découvrir nos solutions en chauffage, climatisation et solaire, tout en profitant de remises exceptionnelles et de conseils d'experts pour optimiser votre confort énergétique.</p>",
  "paragraphs": [
    {
      "title": "Pourquoi participer aux Journées portes ouvertes EGS Energies ?",
      "text": "<p>Ces Journées portes ouvertes sont une chance unique pour vous, <strong>propriétaires des Alpes-Maritimes, occupants ou bailleurs</strong>, de vous informer et d’échanger directement avec nos spécialistes. Que vous souhaitiez améliorer le confort thermique de votre logement ou envisager une installation solaire, nos équipes seront là pour répondre à toutes vos questions.</p> <p>En plus de découvrir nos équipements performants et modernes, vous pourrez bénéficier de conseils d’experts pour réaliser des économies d’énergie et obtenir une <strong>estimation des aides financières mobilisables pour vos projets</strong>.</p>"
    },
    {
      "title": "Jusqu’à 2 500€(1) de remise sur tous nos appareils",
      "text": "<p>Durant ces deux jours, profitez de remises exclusives sur une large gamme d’équipements :</p> <ul>\n<li><strong>250 € de remise</strong> pour l’achat et la pose d’une chaudière, d’un poêle ou d'une pompe à chaleur air/air (climatisation réversible)</li>\n<li><strong>500 € à 1 500€ de remise</strong> sur nos pompes à chaleur air/eau (PAC).</li>\n<li><strong>1 000 € de remise</strong> sur nos panneaux solaires d’une puissance supérieure ou égale à 3 kWc (offre non cumulable).</li>\n</ul> <p>Pour vos projets plus complexes, nous vous proposons aussi des combos à prix réduits : <strong>jusqu’à 2500€ de remise</strong> pour votre pompe à chaleur et votre installation photovoltaïque avec PAC en déstockage Hitachi ou Viessmann.</p> <p><strong>Avec notre partenaire Atlantic</strong> et dans le cadre des Mois de la Réno, profitez d’offres de remboursement exceptionnelles et de remises spéciales<sup><a title=\"Conditions JPO novembre 2024\" href=\"#conditions-jpo-2024\">(2)</a></sup> :</p> <ul>\n<li><strong>Pompes à chaleur air/eau</strong> : 300 € ou 600 € remboursés.</li>\n<li><strong>Unités intérieures de climatisation</strong> : 100 € pour les modèles Takao M2 et Zenkeo et 150€ pour les modèles Takao Line et Kazendo.</li>\n<li><strong>Pompe à chaleur</strong> : profitez de la connectivité Navilink ou du <a title=\"Bridge Cozytouch\" href=\"https://www.atlantic.fr/aide/cozytouch/fonctionnement/a-quoi-sert-le-bridge-cozytouch\" target=\"_blank\" rel=\"noopener\">bridge Cozytouch</a> à 1€ pour les gammes Excellia AI, Excellia AI HP, Extensa AI !</li>\n<li><strong>Radiateurs et sèche-serviettes</strong> : 50 € ou 100 € selon les modèles.</li>\n</ul> <p>Enfin, c’est la dernière ligne droite pour bénéficier du boost du <a title=\"Augmentation Coup de Pouce jusqu'au 31/12/2024\" href=\"../../conseils-et-actualites/coup-de-pouce-chauffage-augmentation-pompe-a-chaleur\">Coup de Pouce sur les pompes à chaleur</a>. Jusqu’au 31 décembre, les primes CEE pour le remplacement d’une chaudière par une PAC sont augmentées (Synerciel) !</p>"
    },
    {
      "title": "Jeu Concours spécial JPO : tentez de gagner une installation solaire",
      "text": "<p>Cerise sur le gâteau, un jeu concours<sup><a title=\"Conditions JPO novembre 2024\" href=\"#conditions-jpo-2024\">(3)</a></sup> est organisé avec à la clé deux <a title=\"Installation photovoltaïque dans les Alpes-Maritimes\" href=\"https://www.egs-energies.fr/installation/panneaux-photovoltaiques\">installations de panneaux solaires</a> de la marque française <strong>mylight150 d’une puissance de 3 kWc</strong>, dotées d'une batterie virtuelle. Pour participer, il vous suffit de remplir votre bulletin de participation sur place et de le déposer dans l’urne prévue à cet effet. Le tirage au sort, soumis à règlement, se fera parmi les bulletins déposés uniquement durant les journées portes ouvertes.</p> <h3>Rendez-vous autour de notre buffet du terroir pour un moment convivial</h3> <p>Parce que nos JPO sont aussi l’occasion de passer un agréable moment, nous vous proposons de déguster un <strong>buffet de produits régionaux</strong> tout au long de la journée. Ce moment de convivialité est l'occasion de découvrir les saveurs locales et de prolonger votre visite dans une ambiance détendue et accueillante !</p>"
    },
    {
      "title": "Informations Pratiques",
      "text": "<p>Nous vous attendons les <strong>22 et 23 novembre</strong> dans nos agences de <strong>Saint-Laurent-du-Var et de Nice </strong>:</p> <ul>\n<li><strong>Vendredi :</strong> 9h - 19h</li>\n<li><strong>Samedi :</strong> 10h - 17h</li>\n</ul> <p>Aucune réservation n’est nécessaire !</p> <hr> <div id=\"conditions-jpo-2024\">\n<p style=\"color: #777; font-size: 0.9em;\"><em>(1) Exemple de remise HT exceptionnelle et non cumulable pour les visiteurs des portes ouvertes des 22 et 23 novembre 2024 pour un devis comprenant une pompe à chaleur air-eau de marque Hitachi ou Viessmann (selon stock disponible) et une installation de panneaux solaires référencés dans notre catalogue.<br>(2) Conditions et modalités sur <a title=\"Mois de la réno Atlantic\" href=\"https://www.atlantic.fr/Les-mois-de-la-reno\">https://www.atlantic.fr/Les-mois-de-la-reno</a><br>(3) Tirage au sort organisé uniquement pendant les journées portes ouvertes les 22 et 23 novembre soumis à règlement. </em></p>\n</div>"
    }
  ]
}