{
  "breadcrumb": "Le mois du gaz, l'événement annuel des professionnels du gaz",
  "seo": {
    "title": "La quinzaine du gaz devient le mois du gaz",
    "description": "En 2022, le mois du gaz se déroulera du 1er mars au 31 mars. C'est l'occasion pour les particuliers de bénéficier d'un raccordement au réseau gaz offert, en plus des actuelles aides de l'Etat.",
    "opengraph": {
      "site_name": "",
      "type": "",
      "locale": "",
      "title": "",
      "description": "",
      "image": {
        "src": "",
        "alt": ""
      }
    }
  },
  "title": " Le mois du gaz, l'événement annuel des professionnels du gaz ",
  "chapo": "Electrogaz vous accompagne dans toutes vos démarches de rénovation énergétique pendant le mois du gaz.",
  "image": {
    "src": "/upload/files/mois_du_gaz_2022-54de82214c.jpg",
    "alt": "Le mois du gaz, l'événement annuel des professionnels du gaz"
  },
  "intro": "<p>En 2022, la quinzaine du gaz évolue pour devenir le mois du gaz. Organisé par l’Association <a title=\"Professionnel du Gaz\" href=\"https://lesprofessionnelsdugaz.com/particulier\">Professionnel du Gaz</a> (PG) en partenariat avec <a title=\"GRDF\" href=\"https://www.grdf.fr/particuliers/actualites/mois-du-gaz\">GRDF</a> (Gaz Réseau Distribution France), cet événement s’adresse à tous les particuliers ayant un projet de rénovation énergétique de leur installation de chauffage.</p> <hr>",
  "paragraphs": [
    {
      "title": "En quoi consiste le mois du gaz dans les Alpes-Maritimes ?",
      "text": "<p>Vous avez un projet d’installation ou de rénovation énergétique d’équipement gaz ? Profitez du mois du gaz qui se déroule du 1er au 31 mars 2022 pour bénéficier des nombreuses offres mises en place.</p> <p>En faisant appel à un professionnel du gaz comme l’est <a title=\"Qui sommes-nous ?\" href=\"/qui-sommes-nous/egs-energies-nice\">Electrogaz</a>, vous pouvez profiter d’un raccordement au réseau gaz offert par le sponsor de l'évènement GRDF. C’est aussi l’occasion pour vous d’obtenir des remises ou des aides de l’Etat. En effet, le mois du gaz est cumulable avec les différentes aides telles que MaPrimeRenov, Coup de Pouce pour une PAC Hybride, la TVA à taux réduit, le prêt à taux zéro…&nbsp;</p> <p>Profitez de cette occasion pour poser toutes vos questions sur le gaz, le raccordement au réseau ou encore les aides financières auxquelles vous pouvez avoir accès en nous contactant au 04 92 00 00 10.</p> <hr>"
    },
    {
      "title": "Pourquoi faire le choix du gaz à Nice et ses alentours ?",
      "text": "<p>Différents équipements de chauffage peuvent être alimentés au gaz : <a title=\"Equipement PAC\" href=\"/equipements/energie-renouvelable/pompe-a-chaleur\">les pompes à chaleur hybrides</a> (gaz et électricité), <a title=\"Equipement chaudière\" href=\"/equipements/chaudieres\">les chaudières</a>, les <a title=\"Equipement chauffe-eau\" href=\"/equipements/chauffe-eau\">chauffe-eaux gaz</a>. Certains modèles récents comme la chaudière au gaz à condensation THPE (Très Haute Performance Énergétique) permettent de réaliser des économies jusqu’à 30% sur les consommations de chauffage et d’eau chaude comparée à un ancien modèle de chaudière.</p> <p>Le gaz est une énergie pratique, confortable et qui devient de plus en plus respectueuse de l’environnement grâce à l’essor du gaz vert. Avec les équipements gaz dernière génération, vous pouvez piloter votre chauffage à distance et ainsi ajuster votre consommation au plus proche de vos besoins réels. Surtout inutile de prévoir une livraison de combustible (comme pour le bois, le fioul ou le granulé), aussi pratique d’utilisation que l’électricité, votre consommation est mensualisée et votre chauffage toujours alimenté. Pas besoin d’espace extérieur pour une chaudière gaz THPE, un encombrement très limité dans votre logement lui suffira.&nbsp;</p> <hr>"
    },
    {
      "title": "Qu’est-ce qu’un professionnel du gaz ?",
      "text": "<p>Au total, ce sont près de 15 000 entreprises de maintenance et d'<a title=\"Installation chauffage\" href=\"/installation\">installation de systèmes de chauffage et d’eau chaude sanitaire</a> qui possèdent l'appellation “Professionnel du Gaz”.</p> <p>En tant que professionnel du gaz, Electrogaz s’engage :</p> <ul>\n<li>à la compétence et la proximité de ses installateurs</li>\n<li>au respect de la réglementation gaz et des différentes obligations légales</li>\n<li>à être contrôlé via des audits pour certifier du respect des process en vigueur</li>\n</ul> <p>Pour obtenir cette appellation, les professionnels du gaz respectent un ensemble de procédures validées par différentes organisations professionnelles telles que la CAPEB, FFB ou encore Synasav ainsi que les pouvoirs publics. Ainsi, l’appellation PG que possède Electrogaz est un gage de qualité, de professionnalisme et d’exigence.</p> <p>Une fois votre équipement installé, nous vous recommandons de souscrire à l’un de <a title=\"Entretien chauffage\" href=\"/entretien\">nos contrats d’entretien</a> afin de bénéficier d’une visite annuelle de nos techniciens. Vous éviterez ainsi des dysfonctionnements potentiels et vous augmenterez la durée de vie de vos appareils.</p>"
    }
  ]
}