{
  "breadcrumb": "La Quinzaine du Gaz 2021",
  "seo": {
    "title": "Du 13 au 28 mars c'est la Quinzaine du Gaz chez Electrogaz !",
    "description": "Contactez Electrogaz pendant la Quinzaine du Gaz pour profiter d'avantages dédiés.",
    "opengraph": {
      "site_name": "",
      "type": "",
      "locale": "",
      "title": "",
      "description": "",
      "image": {
        "src": "",
        "alt": ""
      }
    }
  },
  "title": " La Quinzaine du Gaz 2021 ",
  "chapo": "Electrogaz et GRDF vous accompagnent dans vos projets de chauffage et vous font profiter d’avantages dédiés.",
  "image": {
    "src": "/upload/files/6045e38b5e550439311812.png",
    "alt": "La Quinzaine du Gaz 2021"
  },
  "intro": "<p><big><strong>Pendant la Quinzaine du Gaz, Electrogaz et GRDF vous accompagnent dans votre projet de nouvelle installation de chauffage et vous font profiter d’avantages dédiés.</strong></big></p> <p>&nbsp;</p> <p>La <strong>Quinzaine du Gaz</strong> est une opération nationale mise en place par GRDF et en partenariat avec des centaines de&nbsp;fabricants et &nbsp;d'installateurs de la filière du chauffage. Cette année, elle aura lieu <strong>du 13 au 28 mars 2021</strong>. Cette action a pour objectif de mettre en avant les avantages du gaz naturel auprès des particuliers et de les guider dans leur projet d’installation d’un nouveau système de chauffage. Le gaz est une énergie pratique et d'avenir avec des équipements modernes et performants.&nbsp;</p> <p>Electrogaz participe à cet évènement en tant qu<strong>'expert de chauffage</strong> depuis 60 ans dans les <strong>Alpes-Maritimes à <a href=\"https://www.egs-energies.fr/chauffage-nice\" title=\"Chauffage Nice\">Nice</a>, <a href=\"https://www.egs-energies.fr/chauffage-menton\" title=\"Chauffage Menton\">Menton</a>, <a href=\"https://www.egs-energies.fr/chauffage-vallauris\" title=\"Chauffage Vallauris\">Vallauris</a>, Vence, <a href=\"https://www.egs-energies.fr/chauffage-le-cannet\" title=\"Chauffage Le Cannet\">Le Cannet</a> et dans les villes alentours</strong>. Electrogaz est aussi un professionnel <strong>Reconnu Garant de l'environnement (RGE)</strong> qui saura vous conseiller sur vos travaux de rénovation énergétique en vous proposant des équipements moins polluants (avec par exemple l’achat d’une chaudière gaz très haute performance énergétique) qui vous permettra de réaliser des économies d'énergies significatives.</p> <p>&nbsp;</p> <hr>",
  "paragraphs": [
    {
      "title": "Vos avantages pendant la Quinzaine du Gaz",
      "text": "<p>&nbsp;</p> <p>Cette année encore, Electrogaz et son partenaire GRDF s’associent pour informer les particuliers dans leur projet de chauffage au gaz naturel, sur toute la France. A cette occasion le <strong>raccordement au réseau gaz est offert (1) </strong>&nbsp;en plus des <strong>aides publiques</strong> pour réduire le montant de vos travaux d’installation d’un équipement gaz performant. Selon&nbsp; vos revenus, vous pouvez être éligible à plusieurs aides cumulables comme le Coup de Pouce Chauffage (déduit directement de nos devis et factures) et <a href=\"https://www.electrogaz.fr/conseils-et-actualites/maprimerenov-le-dispositif-daide-a-la-renovation-energetique\">MaPrimeRénov’</a>.&nbsp;</p> <p>Pour profiter de ces nombreux avantages, Electrogaz vous accompagne dans l<a href=\"https://www.electrogaz.fr/installation\">’<strong>installation de vos équipements au gaz</strong></a> : Chaudières et Chauffe-eau. Profitez de cet évènement pour investir dans une <strong>nouvelle chaudière ou un nouveau chauffe-eau</strong> adapté à vos besoins et à votre espace pour une meilleure efficacité énergétique.&nbsp;</p> <p>Pour optimiser l’efficacité et prolonger la durée de vie des vos équipements de chauffage et d’eau chaude, Electrogaz propose aussi des <a href=\"https://www.electrogaz.fr/entretien\"><strong>contrats d’entretien</strong></a> pour une intervention garantie sous 24h en cas de panne totale. Electrogaz a développé une expertise reconnue et vous accompagne pour l’entretien annuel de votre chaudière et chauffe-eau gaz qui est depuis 2009 une obligation légale pour votre sécurité et votre confort.</p> <p>&nbsp;</p> <p>N'hésitez pas à <strong><a href=\"https://www.electrogaz.fr/nous-contacter\">nous contacter</a></strong> pour plus d'informations concernant <a href=\"https://www.electrogaz.fr/installation\">l’installation</a>, le <a href=\"https://www.electrogaz.fr/depannage\">dépannage</a> et<a href=\"https://www.electrogaz.fr/entretien\"> l’entretien</a> de votre système de chauffage au gaz.</p> <p>&nbsp;</p> <h6>(1) Tarif de raccordement au 01/07/20 encastrement du coffret compris : jusqu’à 604,81 € TTC (TVA à 10%). Offre réservée aux particuliers, valable pour tout devis de raccordement envoyé entre le 1er mars et le 30 avril 2021, pour un logement situé à moins de 35 mètres du réseau sur les zones desservies en gaz par GRDF pour un usage chauffage, avec date de programmation du raccordement fixée par GRDF dans un délai maximum de 6 mois suivant votre accord. Offre non cumulable avec toute autre contribution au raccordement GRDF.</h6>"
    }
  ]
}