{
  "breadcrumb": "Le crédit d'impôt pour la transition énergétique. Nouveautés 2018",
  "seo": {
    "title": "Astuce Crédit D'impôt | Quel équipement choisir au moment de changer ?",
    "description": "Quel Chauffage choisir pour profiter de la loi de transition énergétique ? ElectroGaz vous fournit les astuces nécessaires pour être éligible au Crédit d'Impôt.",
    "opengraph": {
      "site_name": "",
      "type": "",
      "locale": "",
      "title": "",
      "description": "",
      "image": {
        "src": "",
        "alt": ""
      }
    }
  },
  "title": " Le crédit d'impôt pour la transition énergétique. Nouveautés 2018 ",
  "chapo": "Quels équipements de chauffage donnent droit à un crédit d'impôt? Quel rôle du professionnel RGE ? Découvrez les nouveautés pour 2018...",
  "image": {
    "src": "/upload/files/5a61ef1a3a3ad417815018.jpg",
    "alt": "Le crédit d'impôt pour la transition énergétique. Nouveautés 2018"
  },
  "intro": "<p>&nbsp;</p> <p>Vous pouvez bénéficier d'un crédit d'impôt si vous effectuez dans votre habitation principale, achevée depuis plus de 2 ans, des travaux d'amélioration énergétique tels que l' installation de chaudières à condensation ou d'équipements de production d’énergie utilisant une source d’énergie renouvelable. Le CITE&nbsp;permet de bénéficier d'un taux de réduction d’impôt de 15 ou 30 %, sans condition de ressources. L'avantage fiscal porte sur les dépenses engagées, plafonnées à 8 000 euros (16 000 pour un couple, plus 400 euros par personne à charge) sur une période de cinq ans.</p> <p>&nbsp;</p> <p>Depuis&nbsp;le 1er janvier&nbsp;2015, les&nbsp;professionnels réalisant les travaux doivent être «&nbsp;Reconnus Garant de l’Environnement&nbsp;» (RGE) et les travaux doivent être réalisés par l’entreprise qui fournit les matériaux.</p> <p>&nbsp;</p> <p>&nbsp;</p> <p>&nbsp;</p> <p style=\"margin-left:0cm; margin-right:0cm\"><strong>Matériels et équipements éligibles&nbsp;:</strong></p> <ul>\n\t<li>Chaudière à haute performance énergétique autre que celle utilisant le fioul comme énergie ;</li>\n\t<li>Chaudière à très haute performance énergétique, utilisant le fioul comme source d’énergie ;</li>\n\t<li>Chaudière à micro-cogénération gaz ;</li>\n\t<li>Appareil de régulation et de programmation du chauffage ;</li>\n\t<li>Pompes à chaleur (PAC) ;</li>\n\t<li>Chauffe-eau thermodynamique (CET) ;</li>\n\t<li>Chauffe-eau et chauffage solaire ;</li>\n\t<li>Appareils de chauffage ou de production d’eau chaude au bois ou autres biomasses&nbsp;: poêles, foyers fermés et inserts de cheminées intérieures, appareils de chauffage ou de production d’eau chaude fonctionnant à l’énergie hydraulique.</li>\n</ul> <p>Il est important de se référer à la liste des équipements, matériaux et appareils éligibles au crédit d'impôt, les plafonds de dépense pour chacun d'eux, ainsi que les caractéristiques techniques et les critères de performances minimales requis.&nbsp;</p> <p><strong>Quelles&nbsp; nouveautés&nbsp;en 2018 concernant les appareils de chauffage éligibles ?</strong></p> <ul>\n\t<li>Les chaudières à fioul sont exclues au 1er janvier 2018, sauf celles respectant des critères de performance renforcés (définis par arrêté), qui bénéficient d'un taux de 15% jusqu'au 30 juin 2018.</li>\n\t<li>le CITE est étendu à certains frais d'équipements de raccordement à des réseaux de chaleur ou de froid, ainsi qu'à la réalisation d’un audit énergétique.</li>\n</ul> <p>L'Ademe, Agence de l’environnement et de la maîtrise de l’énergie, propose une <a href=\"http://www.ademe.fr/particuliers-eco-citoyens/financer-projet/renovation/dossier/credit-dimpot/conditions-beneficier-credit-dimpot-transition-energetique-2018\">fiche d'information sur le&nbsp;crédit d'impôt pour la transition énergétique</a>, qui détaille les modalités du dispositif (équipements, caractéristiques techniques exigées...).</p> <p>En 2019, le CITE devrait être transformé en une prime, versée lors de la réalisation des travaux.</p> <p>&nbsp;</p>",
  "paragraphs": []
}