{
  "breadcrumb": "L'entretien des chaudières | Point sur la réglementation avec l'ADEME",
  "seo": {
    "title": "Entretien de chaudière  : Point sur la réglementation avec l'ADEME",
    "description": "Quelles obligations pour le particulier et le professionnel ?",
    "opengraph": {
      "site_name": "",
      "type": "",
      "locale": "",
      "title": "",
      "description": "",
      "image": {
        "src": "",
        "alt": ""
      }
    }
  },
  "title": " L'entretien des chaudières | Point sur la réglementation avec l'ADEME ",
  "chapo": "Entretien chaudières : quelles obligations pour le particulier et le professionnel ?",
  "image": {
    "src": "/upload/files/5c24cfe4b3a5b660960663.jpg",
    "alt": "L'entretien des chaudières | Point sur la réglementation avec l'ADEME"
  },
  "intro": "<p><br>Votre logement est équipé d’une chaudière qui vous assure le chauffage ou le chauffage et l’eau chaude sanitaire ? Son entretien annuel par un professionnel&nbsp;qualifié est obligatoire pour garantir un chauffage sûr et efficace.&nbsp;</p> <p>Découvrez les obligations pour les particuliers et pour les professionnels qui réalisent l'entretien de votre appareil&nbsp;:&nbsp;</p> <p><a href=\"../../asset/doc/fiche-entretien-des-chaudieres-10-2018.pdf\" target=\"_blank\" rel=\"noopener\">Fiche ADEME - L'entretien des chaudières, octobre 2018</a></p> <p>L’ADEME est&nbsp;L’Agence de l’Environnement&nbsp; et de la Maîtrise de l’Énergie. Elle&nbsp;participe à la mise en oeuvre des politiques publiques dans les domaines de l’environnement, de l’énergie et du développement durable.</p>",
  "paragraphs": []
}