{
  "breadcrumb": "Les journées portes ouvertes Electrogaz du 15 au 16/10/21 à Vallauris",
  "seo": {
    "title": "Votre chauffagiste Electrogaz vous accueille à Vallauris",
    "description": "Votre chauffagiste Electrogaz à Nice vous accueille du 15 au 16 octobre 2021 dans ses locaux à Vallauris pour profiter d'offres exceptionnelles !",
    "opengraph": {
      "site_name": "",
      "type": "",
      "locale": "",
      "title": "",
      "description": "",
      "image": {
        "src": "",
        "alt": ""
      }
    }
  },
  "title": " Les journées portes ouvertes Electrogaz du 15 au 16/10/21 à Vallauris ",
  "chapo": "Du 15 au 16/10/21 profitez de 200€ de réduction sur tout nouvel appareil acheté au cours de ces journées !",
  "image": {
    "src": "/upload/files/61645ac810562229082294.jpg",
    "alt": "Les journées portes ouvertes Electrogaz du 15 au 16/10/21 à Vallauris"
  },
  "intro": "<p>Vous avez un projet de chauffage et climatisation ? Avez-vous besoin de conseils pour trouver l’équipement adapté à vos besoins ? Electrogaz est votre expert chauffagiste depuis 60 ans dans les Alpes-Maritimes. Notre métier : <a href=\"https://www.electrogaz.fr/entretien\">entretenir</a>, <a href=\"https://www.electrogaz.fr/installation\">installer</a> et <a href=\"https://www.electrogaz.fr/depannage\">dépanner vos solutions de chauffages</a> et climatisations à <a href=\"https://www.egs-energies.fr/chauffage-nice\" title=\"Chauffage Nice\">Nice</a>, <a href=\"https://www.egs-energies.fr/chauffage-antibes\" title=\"Chauffage Antibes\">Antibes</a>, <a href=\"https://www.egs-energies.fr/chauffage-vallauris\" title=\"Chauffage Vallauris\">Vallauris</a>, <a href=\"https://www.egs-energies.fr/chauffage-cannes\" title=\"Chauffage Cannes\">Cannes</a>, <a href=\"https://www.egs-energies.fr/chauffage-grasse\" title=\"Chauffage Grasse\">Grasse</a>, ...</p> <p>Venez nous rendre visite lors de notre journée portes-ouvertes au 2040 Chemin St Bernard - Porte 12, 06220 Vallauris. Nous vous attendons nombreux du 15 au 16 octobre 2021. A cette occasion, venez bénéficier de 200€ de réduction pour l’achat d’un nouvel appareil durant cette période.</p>",
  "paragraphs": [
    {
      "title": "Experts des solutions de chauffage et climatisation depuis plus de 60 ans",
      "text": "<p>En plus, de l’offre spéciale journées portes ouvertes, vous pouvez aussi bénéficier des aides gouvernementales car Electrogaz est certifié RGE (Reconnu Garant de l’Environnement). Ma PrimeRenov’ est une aide de l'État pour financer les travaux de chauffage, ventilation, isolation et d'audit énergétique. Cette aide est cumulable avec la prime<a href=\"https://www.ecologie.gouv.fr/coup-pouce-chauffage-et-isolation\" style=\"text-decoration:none\"> \"Coup de pouce chauffage\" </a>(CEE) aussi appelée \"prime énergie\" qui est <strong>accessible à tous</strong> sans conditions de revenus. Nos équipes vous accompagnent dans ces démarches et déduisent les aides directement de votre facture pour faciliter vos démarches administratives.</p> <p>Contactez Electrogaz pour obtenir des conseils sur votre projet chauffage et pour obtenir un devis gratuit rapidement. N’hésitez pas à nous contacter et à venir nous rendre visite à Vallauris du 15 au 16 octobre 2021.</p>"
    }
  ]
}