{
  "breadcrumb": "MaPrimeRenov', le dispositif d'aide à la rénovation énergétique",
  "seo": {
    "title": "MaPrimeRenov' : le dispositif d'aide à la rénovation énergétique",
    "description": "découvrez MaPrimeRenov, expliquée par votre spécialiste Electrogaz",
    "opengraph": {
      "site_name": "",
      "type": "",
      "locale": "",
      "title": "",
      "description": "",
      "image": {
        "src": "",
        "alt": ""
      }
    }
  },
  "title": " MaPrimeRenov', le dispositif d'aide à la rénovation énergétique ",
  "chapo": "Electrogaz vous explique en détails le fonctionnement de cette aide.",
  "image": {
    "src": "/upload/files/5fa163e77a16e858293592.jpg",
    "alt": "MaPrimeRenov', le dispositif d'aide à la rénovation énergétique"
  },
  "intro": "",
  "paragraphs": [
    {
      "title": "MaPrimeRenov' et la rénovation énergétique de votre logement",
      "text": "<p>Depuis le 1er Janvier 2020, le dispositif <a href=\"https://www.maprimerenov.gouv.fr/prweb/PRAuth/BPNVwCpLW8TKW49zoQZpAw%5B%5B*/!STANDARD\" target=\"_blank\" rel=\"noopener\">MaPrimeRenov' </a>fusionne et remplace le <a href=\"https://www.economie.gouv.fr/particuliers/credit-impot-transition-energetique-cite\" target=\"_blank\" rel=\"noopener\">crédit d'impôt pour la transition énergétique (CITE)</a>&nbsp;et les aides de l'Anah \"Habiter Mieux Agilité\". Ce dispositif vous aide à financer vos travaux de rénovation énergétique pour votre <strong>système de chauffage</strong>, de <strong>climatisation </strong>ou encore d'<strong>isolation</strong> que vous soyez en maison ou en appartement.</p> <p>Le montant de la prime est forfaitaire et calculé<strong>&nbsp;en fonction du gain énergétique</strong>&nbsp;obtenu à la suite des travaux de rénovation énergétique réalisés, du nombre de résidents de votre bien (qui composent le foyer fiscal), et de votre revenu fiscal de référence (que vous pouvez trouver sur votre dernière feuille d'imposition).</p> <p><a title=\"Nouveautés aides à la rénovation énergétique 2024\" href=\"../../conseils-et-actualites/renovation-energetique-aides-ete-2024\">[Déblocage du PEE, changement du DPE, découvrez les nouveauté de l'été 2024 pour la rénovation énergétique]</a></p> <p>&nbsp;</p> <p>Pour simplifier et accélérer démarches, le ministère de l'écologie a mis un place un&nbsp;<a href=\"https://www.faire.gouv.fr/aides-de-financement/simulaides\" target=\"_blank\" rel=\"noopener\">simulateur anonyme et gratuit en ligne&nbsp;</a>&nbsp;qui vous permet de connaître à quel niveau d'aide&nbsp;&nbsp;vous pourrez bénéficier. Il vous faudra pour cela vous munir des&nbsp;<strong>caractéristiques de votre logement&nbsp;</strong>( surface,année de construction...),&nbsp;<strong>des devis d'entreprise&nbsp;</strong>ainsi que de votre dernière feuille&nbsp; d'imposition sur laquelle vous trouverez votre&nbsp;<strong>Revenu Fiscal de Référence (RFR)</strong>&nbsp;pour être en mesure de renseigner le simulateur en ligne.</p> <hr>"
    },
    {
      "title": "Une aide cumulable avec la prime \"Coup de pouce chauffage\"",
      "text": "<p>Dans le cadre du <a href=\"https://www.economie.gouv.fr/plan-de-relance\" target=\"_blank\" rel=\"noopener\">Plan de Relance de l'Economie</a>, l'aide<a href=\"https://www.maprimerenov.gouv.fr/prweb/PRAuth/BPNVwCpLW8TKW49zoQZpAw%5B%5B*/!STANDARD\" target=\"_blank\" rel=\"noopener\"> MaPrimeRenov</a>' est renforcée depuis le 1er octobre 2020. Le plus grand changement du renforcement du dispositif&nbsp;<strong>mis en place au 1er octobre 2020</strong>&nbsp;concerne&nbsp;<strong>le mode de distribution</strong>&nbsp;de cette prime énergétique. MaPrimeRenov' est désormais&nbsp;<strong>accessible à l'ensemble des propriétaires de maisons ou appartements&nbsp;</strong>qu'ils soient résidents ou bailleurs de leur bien principal, ainsi qu'à&nbsp;<strong>l'ensemble des copropriétaires</strong>&nbsp;dans le cadre de travaux de rénovation des parties communes.</p> <p>Un barème définit les plafonds de ressources en fonction de&nbsp;<strong>quatre catégories de couleurs différentes&nbsp;</strong>correspondant à quatre niveaux de revenus différents allant des ménages les plus modestes aux ménages les plus aisés&nbsp;(MaPrimeRenov'Bleu, MaPrimeRenov'Jaune, MaPrimeRenov'Violet, MaPrimeRenov'Rose et MaPrimeRenov'Copropriété).</p> <p>Selon l'efficacité énergétique des travaux réalisés et votre position dans le barème MaPrimeRenov', vous pourrez bénéficier de certains bonus comme le<strong>&nbsp;Bonue Sortie de Passoire&nbsp;</strong>(dans la mesure où vos travaux ont permis de sortir votre logement de l'état de passoire thermique) ou encore le<strong>&nbsp;Bonus Bâtiment Basse Consommation&nbsp;</strong>(BBC) si vos travaux ont permis d'accéder à une meilleure étiquette énergie. En fonction de votre profil, le dispositif MaPrimeRenov' peut être cumulable avec d'autres aides à la rénovation énergétique mises en place par le gouvernement comme par exemple la prime&nbsp;<strong>Coup de Pouce Chauffage (CEE).</strong></p> <ul>\n<li>Par exemple, pour <a href=\"../../installation/pompe-a-chaleur\" target=\"_self\">l'installation&nbsp;d'une pompe à chaleur</a> par un technicien spécialisé Electrogaz, vous pourrez bénéficier de la prime Coup de Pouce Chauffage à hauteur<br>de 2 500 euros minimum (pour tous) et à hauteur de 4 000 euros (pour les ménages modestes).&nbsp;<br>En ce qui concerne MaPrimeRenov' vous pourrez en bénéficier jusqu'à 4 000 euros pour l'installation d'une PAC air/eau<strong>*</strong>.</li>\n</ul> <p><a href=\"../../conseils-et-actualites/aides-au-remplacement-de-chaudiere-2019\" target=\"_blank\" rel=\"noopener\"><strong>Retrouvez plus d'infos sur la prime \"Coup de pouce\" ou prime énergie sur notre article dédié.</strong></a></p> <hr>"
    },
    {
      "title": "Electrogaz, un professionnel Reconnu Garant de l'Environnement (RGE)",
      "text": "<p><strong>Reconnu Garant de l'Environnement par l'Etat</strong>, Electrogaz est le spécialiste en système de chauffage et de climatisation&nbsp;qui saura vous conseiller sur vos travaux de rénovation énergétique en vous proposant des équipements moins polluants qui vous permettra de réaliser des économies d'énergies significatives, pour un confort optimal à <strong><a href=\"https://www.egs-energies.fr/chauffage-nice\" title=\"Chauffage Nice\">Nice</a>, <a href=\"https://www.egs-energies.fr/chauffage-antibes\" title=\"Chauffage Antibes\">Antibes</a>, <a href=\"https://www.egs-energies.fr/chauffage-cannes\" title=\"Chauffage Cannes\">Cannes</a>, <a href=\"https://www.egs-energies.fr/chauffage-grasse\" title=\"Chauffage Grasse\">Grasse</a>, <a href=\"https://www.egs-energies.fr/chauffage-cagnes-sur-mer\" title=\"Chauffage Cagnes Sur Mer\">Cagnes-sur-Mer</a>, <a href=\"https://www.egs-energies.fr/chauffage-saint-laurent-du-var\" title=\"Chauffage Saint Laurent Du Var\">Saint-Laurent-du-Var</a>, Mandelieu-la-Napoule</strong> ou encore <strong>Mougins</strong>.</p> <p>Electrogaz a sélectionné pour vous les meilleures marques d'équipements de chauffage comme <a href=\"https://www.frisquet.com/\" target=\"_blank\" rel=\"noopener\">Frisquet</a>, <a href=\"https://www.viessmann.fr/\" target=\"_blank\" rel=\"noopener\">Viessmann</a> ou encore <a href=\"https://chaffoteaux.fr/\" target=\"_blank\" rel=\"noopener\">Chaffoteaux</a>&nbsp;qui sont&nbsp;des marques éco-responsables et soucieuses de l'environnement et de votre bien-être.&nbsp;</p> <p>N'hésitez pas à <a href=\"/nous-contacter\" target=\"_self\">nous contacter</a> pour plus d'informations concernant le remplacement de votre système de chauffage vétuste par une pompe à chaleur ou chaudière gaz THPE qui sont des dispositifs plus respectueux de l'environnement qui sauront vous apporter confort, sécurité et sérénité.</p> <p><strong>*tarifs applicables selon conditions de revenus, cet exemple correspond&nbsp;à un ménage bénéficiant du forfait&nbsp;MaPrimeRenov'Bleu. De plus, ces tarifs correspondent à des montants prévisionnels et sont applicables sous réserve d'acceptation de l'autorité.</strong></p>"
    }
  ]
}