{
  "breadcrumb": "Meilleurs voeux pour 2021",
  "seo": {
    "title": "Meilleurs voeux pour 2021",
    "description": "Découvrez les engagements de l'ensemble des collaborateurs Electrogaz pour cette nouvelle année 2021",
    "opengraph": {
      "site_name": "",
      "type": "",
      "locale": "",
      "title": "",
      "description": "",
      "image": {
        "src": "",
        "alt": ""
      }
    }
  },
  "title": " Meilleurs voeux pour 2021 ",
  "chapo": "Votre équipe Electrogaz continue à vous faire profiter d’un confort optimal en 2021 !",
  "image": {
    "src": "/upload/files/5ff5de4bc1ddc268450402.jpg",
    "alt": "Meilleurs voeux pour 2021"
  },
  "intro": "<h3><strong>L’ensemble de notre équipe et de nos techniciens Electrogaz vous présente ses meilleurs voeux pour cette nouvelle année !</strong></h3> <p>&nbsp;</p> <p>En 2020 et plus que jamais malgré le contexte sanitaire inédit, nos équipes ont su rester mobilisées pour assurer le <a href=\"/depannage\" target=\"_self\">dépannage</a>, l’<a href=\"/entretien\" target=\"_self\">entretien</a> et l’<a href=\"/installation\" target=\"_self\">installation</a> de vos solutions de chauffage directement chez vous à<strong> <a href=\"https://www.egs-energies.fr/chauffage-nice\" title=\"Chauffage Nice\">Nice</a></strong>, <strong><a href=\"https://www.egs-energies.fr/chauffage-vallauris\" title=\"Chauffage Vallauris\">Vallauris</a></strong>,<strong> <a href=\"https://www.egs-energies.fr/chauffage-menton\" title=\"Chauffage Menton\">Menton</a></strong>, <strong><a href=\"https://www.egs-energies.fr/chauffage-cannes\" title=\"Chauffage Cannes\">Cannes</a></strong>, <strong><a href=\"https://www.egs-energies.fr/chauffage-antibes\" title=\"Chauffage Antibes\">Antibes</a></strong> et plus globalement dans toutes les <strong>Alpes-Maritimes</strong>. Toutes nos interventions ont été assurées dans le strict respect des règles sanitaires et gestes barrières pour protéger nos employés et clients.</p> <p>&nbsp;</p> <p>Nous vous remercions pour votre confiance, et nous continuerons en 2021 à vous accompagner dans chacun de vos projets de chauffage, en vous proposant des équipements toujours plus économes qui vous garantiront un confort optimal pour une chaleur plus verte dans votre maison.&nbsp;</p> <p>&nbsp;</p> <p><strong>Vous avez besoin d’un conseil ?</strong> N’hésitez pas à <a href=\"/nous-contacter\" target=\"_self\">nous contacter</a>, nos professionnels Electrogaz&nbsp; sauront vous guider et vous présenteront les différents types d’installations que nous réalisons telles que nos chaudières ou solutions de chauffage à énergies renouvelables comme les pompes à chaleur ou chauffe-eaux thermodynamiques.</p> <p>&nbsp;</p>",
  "paragraphs": []
}