{
  "breadcrumb": "Monoxyde de carbone : un danger sournois facile à éviter",
  "seo": {
    "title": "Chauffage, Chaudière, Poêle, ATTENTION au Monoxyde de Carbone",
    "description": "Le changement de vos appareils et leurs entretiens font aussi parti d'un devoir de santé publique. Attention à la vétusté de votre système de chauffage et d'aération... l'intoxication au Monoxite de Carbone touche chaque année des centaines de foyés en France.",
    "opengraph": {
      "site_name": "",
      "type": "",
      "locale": "",
      "title": "",
      "description": "",
      "image": {
        "src": "",
        "alt": ""
      }
    }
  },
  "title": " Monoxyde de carbone : un danger sournois facile à éviter ",
  "chapo": "Le Monoxyde de carbone (CO) est un gaz toxique mortel, inodore, invisible et insipide. Il est produit par des appareils non entretenus, défectueux, mal réglés ou mal utilisés.",
  "image": {
    "src": "/upload/files/5a61ba7d9c82b080946856.jpg",
    "alt": "Monoxyde de carbone : un danger sournois facile à éviter"
  },
  "intro": "<p style=\"margin-left:0cm; margin-right:0cm\">En France, chaque année des milliers de personnes sont hospitalisées suite à une intoxication au CO, qui provoque de nombreux décès.&nbsp;Le CO est généré par la combustion incomplète de combustibles à base de carbone tels que le gaz, le charbon, le pétrole et le bois. Ce CO est produit par des appareils non entretenus, défectueux, mal réglés ou mal utilisés.</p> <p style=\"margin-left:0cm; margin-right:0cm\"><strong>Suivez nos conseils au quotidien </strong></p> <ul>\n\t<li>Aérez votre logement pour assurer une arrivée d'air neuf dans votre logement en toute saison&nbsp;</li>\n\t<li>Pour éviter les courants d'air, vous pouvez équiper les amenées d'air d'une grille mais ne jamais les condamner&nbsp;</li>\n\t<li>Nettoyez régulièrement les grilles de ventilation, et ne jamais les couvrir, même partiellement&nbsp;</li>\n\t<li>Faites ramoner les conduits de fumée au moins chaque année en vérifiant qu'ils ne sont pas bouchés et qu'ils tirent bien&nbsp;</li>\n\t<li>Assurez l'étanchéité du conduit de fumée : vous pouvez être responsable de l'intoxication de vos voisins&nbsp;</li>\n\t<li>Faites réaliser un entretien annuel de votre appareil par un professionnel pour prévenir du danger</li>\n</ul> <p style=\"margin-left:0cm; margin-right:0cm\">&nbsp;</p> <p style=\"margin-left:0cm; margin-right:0cm\"><strong>Quels sont les signes d'une intoxication ?</strong></p> <p style=\"margin-left:0cm; margin-right:0cm\">Ces signes dépendront de la quantité de toxique inhalée et de la sensibilité de chacun.</p> <ul>\n\t<li>Fatigues inexpliquées</li>\n\t<li>Vertiges</li>\n\t<li>Nausées, vomissements</li>\n\t<li>Maux de tête, Troubles visuels</li>\n\t<li>Perte de connaissance pouvant entrainer la mort</li>\n</ul> <p style=\"margin-left:0cm; margin-right:0cm\"><strong>Que faire en urgence ?</strong></p> <ul>\n\t<li>Ouvrez immédiatement portes et fenêtres pour aérer&nbsp;</li>\n\t<li>Arrêtez toute combustion</li>\n\t<li>Appelez les pompiers qui &nbsp;pourront mesurer le taux de CO dans l'air des appareils</li>\n\t<li>Ne pas réintégrer les lieux sans avoir trouvé l'origine du problème.</li>\n</ul> <div style=\"background:#eeeeee; border:1px solid #cccccc; padding:5px 10px\"><strong>Le saviez-vous&nbsp;?</strong>&nbsp;Un détecteur de CO permet d’alerter les occupants d’un logement du danger pour qu’ils puissent faire intervenir un professionnel qui pourra contrôler les équipements et apporter les actions correctives nécessaires.</div>",
  "paragraphs": []
}