{
  "breadcrumb": "Nous serons présents à la foire de Nice au palais des expositions",
  "seo": {
    "title": "Mars 2018 | ElectroGaz vous attend à la Foire Internationale de Nice",
    "description": "Venez rencontrez notre équipe d'experts du 17 au 26 mars lors de la Foire annuelle de Nice au Palais des Congrès. Nous répondrons ainsi à toutes vos questions et problématiques en matière de chauffage, ventilation et climatisation.",
    "opengraph": {
      "site_name": "",
      "type": "",
      "locale": "",
      "title": "",
      "description": "",
      "image": {
        "src": "",
        "alt": ""
      }
    }
  },
  "title": " Nous serons présents à la foire de Nice au palais des expositions ",
  "chapo": "Retrouvez nous du 17 au 26 mars pour découvrir nos solutions de chauffage : chaudières, chauffe-eaux, pompes à chaleur, poêles à granulés...",
  "image": {
    "src": "/upload/files/5a61bafc23d80012489195.jpg",
    "alt": "Nous serons présents à la foire de Nice au palais des expositions"
  },
  "intro": "<p style=\"margin-left:0cm; margin-right:0cm\">Cette année encore nous participons à la foire de <a href=\"https://www.egs-energies.fr/chauffage-nice\" title=\"Chauffage Nice\">Nice</a>. Nous serons présents dans le Salon Bâtir, situé dans le&nbsp;Palais Acropolis. Considéré comme le salon référence du Bâtiment dans le grand Sud-Est, vous trouverez&nbsp;toutes les clés pour concevoir un habitat sain, tendance, de qualité et respectueux de l'environnement.&nbsp;</p> <p style=\"margin-left:0cm; margin-right:0cm\">Vous avez pour projet de remplacer votre système de chauffage ou de climatisation ? Venez nous rencontrer pour obtenir des conseils de spécialistes et découvrir les&nbsp;progrès des fabricants d'appareils en termes de performances et de confort.&nbsp;</p> <p style=\"margin-left:0cm; margin-right:0cm\">Faut-il renoncer aux énergies fossiles&nbsp;et succomber à l'attrait du tout renouvelable ? Est-il préférable de disposer d'une production d'eau chaude sanitaire distincte de mon système de chauffage ? Quelles sont les solutions \"tout en un\" pour chauffer mon logement en hiver et le rafraichir&nbsp;en été ? Nous serons là pour répondre à vos questions.</p> <p style=\"margin-left:0cm; margin-right:0cm\">Informations pratiques sur la foire :&nbsp;<a href=\"http://www.foiredenice.com/\">http://www.foiredenice.com/</a></p> <p style=\"margin-left:0cm; margin-right:0cm\">&nbsp;</p>",
  "paragraphs": []
}