{
  "breadcrumb": "Offre spéciale  : votre climatisation à partir de 45€/mois à Nice !",
  "seo": {
    "title": "Offre spéciale : votre climatisation à partir de 45€ par mois à Nice !",
    "description": "Profitez de notre promotion sur la climatisation : votre climatiseur fourni et installé chez vous par nos professionnels certifiés à partir de 45€ par mois à Nice et alentours.",
    "opengraph": {
      "site_name": "",
      "type": "",
      "locale": "",
      "title": "",
      "description": "",
      "image": {
        "src": "",
        "alt": ""
      }
    }
  },
  "title": " Offre spéciale : votre climatisation à partir de 45€/mois à Nice ! ",
  "chapo": "Profitez de notre offre exceptionnelle sur la climatisation avant le 30 septembre 2024",
  "image": {
    "src": "/upload/files/electrogaz-offre-clim-2024-456x334-55cca40d3c.jpg",
    "alt": "Offre spéciale  : votre climatisation à partir de 45€/mois à Nice !"
  },
  "intro": "<p style=\"text-align: center;\"><em><strong>Un crédit vous engage et doit être remboursé. Vérifiez vos capacités de remboursement avant de vous engager. Mensualités de 45€ au Taux Annuel Effectif Global fixe de 0%. Montant total dû de 1 620€. Pour 1 620€ empruntés que vous remboursez sur 36 mois.<a title=\"Voir les conditions de l'offre\" href=\"#conditions-offre-clim-2024\">*</a></strong></em></p> <p>L’été approche et vous songez encore à installer un système de climatisation chez vous ? Chez Electrogaz, nous prenons les devants. Ne vous laissez pas surprendre par les vagues de chaleur !</p> <p><strong>Jusqu'au 30 juin 2024</strong>, bénéficiez de notre offre spéciale : votre système de climatisation fourni et installé chez vous par nos experts, le tout à partir de 45€ par mois. On vous dit tout.</p> <p>[<strong>Mise à jour</strong>&nbsp;: notre offre de financement sur la climatisation a rencontré le succès dans les Alpes-Maritimes ! Pour vous permettre d'en profiter plus longtemps,&nbsp;<strong>elle est prolongée du 30 juin 2024 jusqu'au 30 septembre 2024</strong>. Contactez-nous ou venez nous rendre visite dans nos agences pour obtenir un devis gratuit.]</p>",
  "paragraphs": [
    {
      "title": "Votre installation de climatisation dans les Alpes-Maritimes à moindre coût",
      "text": "<p>La climatisation réversible ou pompe à chaleur air-air est un dispositif qui modifie la température à l'intérieur de votre maison. Elle utilise les propriétés d'un fluide frigorigène pour <strong>absorber la chaleur de l'air</strong> qui circule à travers son unité de production, refroidissant ainsi votre logement en été, par exemple. En hiver, les calories présentes dans l'air sont utilisées pour chauffer votre logement.</p> <strong>absorber la chaleur de l'air</strong> <p>Vous bénéficiez ainsi d'un <strong>environnement confortable</strong> tout au long de l'année. Votre pompe à chaleur air-air vous garde au chaud en hiver et au frais en été, un avantage précieux notamment dans le sud de la France, par exemple à <a href=\"https://www.egs-energies.fr/chauffage-nice\" title=\"Chauffage Nice\">Nice</a>, <a href=\"https://www.egs-energies.fr/chauffage-cannes\" title=\"Chauffage Cannes\">Cannes</a> ou <a href=\"https://www.egs-energies.fr/chauffage-grasse\" title=\"Chauffage Grasse\">Grasse</a>.</p> <strong>environnement confortable</strong> <a href=\"https://www.egs-energies.fr/chauffage-nice\" title=\"Chauffage Nice\">Nice</a> <a href=\"https://www.egs-energies.fr/chauffage-cannes\" title=\"Chauffage Cannes\">Cannes</a> <a href=\"https://www.egs-energies.fr/chauffage-grasse\" title=\"Chauffage Grasse\">Grasse</a> <p>Profitez dès maintenant de notre <strong>offre exceptionnelle</strong> qui comprend <strong>l’installation d’une <a href=\"../../conseils-et-actualites/climatisation-thermor-avis-complet-nice\">climatisation</a><a href=\"../../conseils-et-actualites/climatisation-thermor-avis-complet-nice\"> Thermor Niseko</a></strong>.&nbsp;Cette unité, d'une <strong>puissance de 2kW</strong>, pourra être installée en dos à dos. Évidemment, cette offre est modulable et pourra intégrer <a title=\"Nos marques et certifications\" href=\"/qui-sommes-nous/certifications-et-marques\">d’autres marques réputées</a> (Mitsubishi ou Atlantic) et des appareils plus puissants selon vos besoins et vos envies.</p> <strong>offre exceptionnelle</strong> <strong>l’installation d’une <a href=\"../../conseils-et-actualites/climatisation-thermor-avis-complet-nice\">climatisation</a><a href=\"../../conseils-et-actualites/climatisation-thermor-avis-complet-nice\"> Thermor Niseko</a></strong> <a href=\"../../conseils-et-actualites/climatisation-thermor-avis-complet-nice\">climatisation</a> <a href=\"../../conseils-et-actualites/climatisation-thermor-avis-complet-nice\"> Thermor Niseko</a> <strong>puissance de 2kW</strong> <a title=\"Nos marques et certifications\" href=\"/qui-sommes-nous/certifications-et-marques\">d’autres marques réputées</a> <a title=\"Contacter les équipes Electrogaz\" href=\"/nous-contacter\">Contacter nos équipes pour obtenir un devis gratuit</a> <h3>Votre climatisation installée en toute tranquillité</h3> <p><a title=\"Installation de climatisation dans les Alpes-Maritimes\" href=\"/installation/climatisation\">L'installation d'une climatisation</a> se réalise en plusieurs étapes. Après une <strong>évaluation précise de vos besoins</strong>, nos équipes planifient l'installation de votre climatisation en fonction de vos disponibilités.</p> <a title=\"Installation de climatisation dans les Alpes-Maritimes\" href=\"/installation/climatisation\">L'installation d'une climatisation</a> <strong>évaluation précise de vos besoins</strong> <p>S'ensuit la mise en place du système de climatisation. Nos <strong>experts certifiés Electrogaz</strong> se chargent de la pose des unités extérieures et intérieures, des raccordements, commandes et thermostats.</p> <strong>experts certifiés Electrogaz</strong>"
    },
    {
      "title": "Notre offre de financement à taux zéro",
      "text": "<p>Afin de vous faciliter encore plus la tâche, nous vous proposons une <strong>offre exceptionnelle</strong> de financement, sans intérêt, en 36 mensualités seulement. <strong>Jusqu’au 30 septembre 2024</strong>, profitez de l’offre Electrogaz pour une installation en toute tranquillité. Vous pourrez bénéficier de<strong> l’installation complète de votre climatisation</strong> pour <strong>1 620 € TTC</strong><sup><a title=\"Voir les conditions de l'offre\" href=\"#condition-clim-1\">(1)</a></sup> OU <strong>45€/mois TTC</strong><sup><a title=\"Voir les conditions de l'offre\" href=\"#condition-clim-1\">(1)</a><a title=\"Voir les conditions de l'offre\" href=\"#condition-clim-2\">(2)</a></sup> pour 36 mois à taux 0%.</p> <strong>offre exceptionnelle</strong> <strong>Jusqu’au 30 septembre 2024</strong> <strong> l’installation complète de votre climatisation</strong> <strong>1 620 € TTC</strong> <sup><a title=\"Voir les conditions de l'offre\" href=\"#condition-clim-1\">(1)</a></sup> <a title=\"Voir les conditions de l'offre\" href=\"#condition-clim-1\">(1)</a> <strong>45€/mois TTC</strong> <sup><a title=\"Voir les conditions de l'offre\" href=\"#condition-clim-1\">(1)</a><a title=\"Voir les conditions de l'offre\" href=\"#condition-clim-2\">(2)</a></sup> <a title=\"Voir les conditions de l'offre\" href=\"#condition-clim-1\">(1)</a> <a title=\"Voir les conditions de l'offre\" href=\"#condition-clim-2\">(2)</a> <p>Pour plus d'informations sur les conditions de cette offre de financement, n'hésitez pas à nous contacter ou à consulter les <a href=\"https://www.domofinance.com/mentions-legales\">mentions légales</a> de notre partenaire <a href=\"https://www.domofinance.com/\">Domofinance</a>.</p> <a href=\"https://www.domofinance.com/mentions-legales\">mentions légales</a> <a href=\"https://www.domofinance.com/\">Domofinance</a> <div class=\"col-lg-12\">\n<div class=\"col-lg-offset-3 col-lg-7\">\n<table class=\"tab-offre-clim\">\n<tbody>\n<tr>\n<td colspan=\"2\">Exemple de prêt pour l’installation de votre climatisation</td>\n</tr>\n<tr>\n<td>Montant</td>\n<td>1 620 €</td>\n</tr>\n<tr>\n<td>Durée</td>\n<td>36 mois</td>\n</tr>\n<tr>\n<td>TAEG fixe <sup><a title=\"Voir les conditions de l'offre climatisation\" href=\"#condition-clim-3\">(3)</a></sup></td>\n<td>0%</td>\n</tr>\n<tr>\n<td>Taux débiteur fixe</td>\n<td>0%</td>\n</tr>\n<tr>\n<td>Mensualités (hors assurance)</td>\n<td>45 €</td>\n</tr>\n<tr>\n<td>Montant total dû</td>\n<td>1 620 €</td>\n</tr>\n<tr>\n<td>Intérêts du prêt</td>\n<td>0 €</td>\n</tr>\n<tr>\n<td>Frais de dossier</td>\n<td>0 €</td>\n</tr>\n<tr>\n<td>Coût mensuel de l’assurance facultative <sup><a title=\"Voir les conditions de l'offre climatisation\" href=\"#condition-clim-4\">(4)</a></sup></td>\n<td>2,85 €</td>\n</tr>\n<tr>\n<td>Montant total de l'assurance facultative <sup><a title=\"Voir les conditions de l'offre climatisation\" href=\"#condition-clim-4\">(4)</a></sup></td>\n<td>102,60€</td>\n</tr>\n<tr>\n<td>Taux annuel effectif de l'assurance</td>\n<td>4,10%</td>\n</tr>\n</tbody>\n</table>\n</div>\n</div> <div class=\"col-lg-offset-3 col-lg-7\">\n<table class=\"tab-offre-clim\">\n<tbody>\n<tr>\n<td colspan=\"2\">Exemple de prêt pour l’installation de votre climatisation</td>\n</tr>\n<tr>\n<td>Montant</td>\n<td>1 620 €</td>\n</tr>\n<tr>\n<td>Durée</td>\n<td>36 mois</td>\n</tr>\n<tr>\n<td>TAEG fixe <sup><a title=\"Voir les conditions de l'offre climatisation\" href=\"#condition-clim-3\">(3)</a></sup></td>\n<td>0%</td>\n</tr>\n<tr>\n<td>Taux débiteur fixe</td>\n<td>0%</td>\n</tr>\n<tr>\n<td>Mensualités (hors assurance)</td>\n<td>45 €</td>\n</tr>\n<tr>\n<td>Montant total dû</td>\n<td>1 620 €</td>\n</tr>\n<tr>\n<td>Intérêts du prêt</td>\n<td>0 €</td>\n</tr>\n<tr>\n<td>Frais de dossier</td>\n<td>0 €</td>\n</tr>\n<tr>\n<td>Coût mensuel de l’assurance facultative <sup><a title=\"Voir les conditions de l'offre climatisation\" href=\"#condition-clim-4\">(4)</a></sup></td>\n<td>2,85 €</td>\n</tr>\n<tr>\n<td>Montant total de l'assurance facultative <sup><a title=\"Voir les conditions de l'offre climatisation\" href=\"#condition-clim-4\">(4)</a></sup></td>\n<td>102,60€</td>\n</tr>\n<tr>\n<td>Taux annuel effectif de l'assurance</td>\n<td>4,10%</td>\n</tr>\n</tbody>\n</table>\n</div> <table class=\"tab-offre-clim\">\n<tbody>\n<tr>\n<td colspan=\"2\">Exemple de prêt pour l’installation de votre climatisation</td>\n</tr>\n<tr>\n<td>Montant</td>\n<td>1 620 €</td>\n</tr>\n<tr>\n<td>Durée</td>\n<td>36 mois</td>\n</tr>\n<tr>\n<td>TAEG fixe <sup><a title=\"Voir les conditions de l'offre climatisation\" href=\"#condition-clim-3\">(3)</a></sup></td>\n<td>0%</td>\n</tr>\n<tr>\n<td>Taux débiteur fixe</td>\n<td>0%</td>\n</tr>\n<tr>\n<td>Mensualités (hors assurance)</td>\n<td>45 €</td>\n</tr>\n<tr>\n<td>Montant total dû</td>\n<td>1 620 €</td>\n</tr>\n<tr>\n<td>Intérêts du prêt</td>\n<td>0 €</td>\n</tr>\n<tr>\n<td>Frais de dossier</td>\n<td>0 €</td>\n</tr>\n<tr>\n<td>Coût mensuel de l’assurance facultative <sup><a title=\"Voir les conditions de l'offre climatisation\" href=\"#condition-clim-4\">(4)</a></sup></td>\n<td>2,85 €</td>\n</tr>\n<tr>\n<td>Montant total de l'assurance facultative <sup><a title=\"Voir les conditions de l'offre climatisation\" href=\"#condition-clim-4\">(4)</a></sup></td>\n<td>102,60€</td>\n</tr>\n<tr>\n<td>Taux annuel effectif de l'assurance</td>\n<td>4,10%</td>\n</tr>\n</tbody>\n</table> <tbody>\n<tr>\n<td colspan=\"2\">Exemple de prêt pour l’installation de votre climatisation</td>\n</tr>\n<tr>\n<td>Montant</td>\n<td>1 620 €</td>\n</tr>\n<tr>\n<td>Durée</td>\n<td>36 mois</td>\n</tr>\n<tr>\n<td>TAEG fixe <sup><a title=\"Voir les conditions de l'offre climatisation\" href=\"#condition-clim-3\">(3)</a></sup></td>\n<td>0%</td>\n</tr>\n<tr>\n<td>Taux débiteur fixe</td>\n<td>0%</td>\n</tr>\n<tr>\n<td>Mensualités (hors assurance)</td>\n<td>45 €</td>\n</tr>\n<tr>\n<td>Montant total dû</td>\n<td>1 620 €</td>\n</tr>\n<tr>\n<td>Intérêts du prêt</td>\n<td>0 €</td>\n</tr>\n<tr>\n<td>Frais de dossier</td>\n<td>0 €</td>\n</tr>\n<tr>\n<td>Coût mensuel de l’assurance facultative <sup><a title=\"Voir les conditions de l'offre climatisation\" href=\"#condition-clim-4\">(4)</a></sup></td>\n<td>2,85 €</td>\n</tr>\n<tr>\n<td>Montant total de l'assurance facultative <sup><a title=\"Voir les conditions de l'offre climatisation\" href=\"#condition-clim-4\">(4)</a></sup></td>\n<td>102,60€</td>\n</tr>\n<tr>\n<td>Taux annuel effectif de l'assurance</td>\n<td>4,10%</td>\n</tr>\n</tbody> <tr>\n<td colspan=\"2\">Exemple de prêt pour l’installation de votre climatisation</td>\n</tr> <td colspan=\"2\">Exemple de prêt pour l’installation de votre climatisation</td> <tr>\n<td>Montant</td>\n<td>1 620 €</td>\n</tr> <td>Montant</td> <td>1 620 €</td> <tr>\n<td>Durée</td>\n<td>36 mois</td>\n</tr> <td>Durée</td> <td>36 mois</td> <tr>\n<td>TAEG fixe <sup><a title=\"Voir les conditions de l'offre climatisation\" href=\"#condition-clim-3\">(3)</a></sup></td>\n<td>0%</td>\n</tr> <td>TAEG fixe <sup><a title=\"Voir les conditions de l'offre climatisation\" href=\"#condition-clim-3\">(3)</a></sup></td> <sup><a title=\"Voir les conditions de l'offre climatisation\" href=\"#condition-clim-3\">(3)</a></sup> <a title=\"Voir les conditions de l'offre climatisation\" href=\"#condition-clim-3\">(3)</a> <td>0%</td> <tr>\n<td>Taux débiteur fixe</td>\n<td>0%</td>\n</tr> <td>Taux débiteur fixe</td> <td>0%</td> <tr>\n<td>Mensualités (hors assurance)</td>\n<td>45 €</td>\n</tr> <td>Mensualités (hors assurance)</td> <td>45 €</td> <tr>\n<td>Montant total dû</td>\n<td>1 620 €</td>\n</tr> <td>Montant total dû</td> <td>1 620 €</td> <tr>\n<td>Intérêts du prêt</td>\n<td>0 €</td>\n</tr> <td>Intérêts du prêt</td> <td>0 €</td> <tr>\n<td>Frais de dossier</td>\n<td>0 €</td>\n</tr> <td>Frais de dossier</td> <td>0 €</td> <tr>\n<td>Coût mensuel de l’assurance facultative <sup><a title=\"Voir les conditions de l'offre climatisation\" href=\"#condition-clim-4\">(4)</a></sup></td>\n<td>2,85 €</td>\n</tr> <td>Coût mensuel de l’assurance facultative <sup><a title=\"Voir les conditions de l'offre climatisation\" href=\"#condition-clim-4\">(4)</a></sup></td> <sup><a title=\"Voir les conditions de l'offre climatisation\" href=\"#condition-clim-4\">(4)</a></sup> <a title=\"Voir les conditions de l'offre climatisation\" href=\"#condition-clim-4\">(4)</a> <td>2,85 €</td> <tr>\n<td>Montant total de l'assurance facultative <sup><a title=\"Voir les conditions de l'offre climatisation\" href=\"#condition-clim-4\">(4)</a></sup></td>\n<td>102,60€</td>\n</tr> <td>Montant total de l'assurance facultative <sup><a title=\"Voir les conditions de l'offre climatisation\" href=\"#condition-clim-4\">(4)</a></sup></td> <sup><a title=\"Voir les conditions de l'offre climatisation\" href=\"#condition-clim-4\">(4)</a></sup> <a title=\"Voir les conditions de l'offre climatisation\" href=\"#condition-clim-4\">(4)</a> <td>102,60€</td> <tr>\n<td>Taux annuel effectif de l'assurance</td>\n<td>4,10%</td>\n</tr> <td>Taux annuel effectif de l'assurance</td> <td>4,10%</td>"
    },
    {
      "title": "Electrogaz, votre partenaire énergie 100% local",
      "text": "<p>Electrogaz, c'est <a href=\"#LINK_QUI_SOMMES_NOUS# title=\">votre expert maison et énergies depuis 1958</a>. Nous intervenons pour l'installation, la maintenance et le dépannage de votre climatisation à Nice et dans toutes les Alpes-Maritimes.</p> <a href=\"#LINK_QUI_SOMMES_NOUS# title=\">votre expert maison et énergies depuis 1958</a> <h3>Nos techniciens se déplacent dans l'ensemble des Alpes-Maritimes</h3> <p>Basés à Nice, <a href=\"https://www.egs-energies.fr/chauffage-vallauris\" title=\"Chauffage Vallauris\">Vallauris</a>, <a href=\"https://www.egs-energies.fr/chauffage-menton\" title=\"Chauffage Menton\">Menton</a>, <a href=\"https://www.egs-energies.fr/chauffage-le-cannet\" title=\"Chauffage Le Cannet\">Le Cannet</a> et Vence, les professionnels qualifiés d'Electrogaz <a title=\"Notre zone d'intervention - Electrogaz\" href=\"/qui-sommes-nous/zones-intervention\">opèrent dans l'intégralité du département des Alpes-Maritimes</a>.</p> <a href=\"https://www.egs-energies.fr/chauffage-vallauris\" title=\"Chauffage Vallauris\">Vallauris</a> <a href=\"https://www.egs-energies.fr/chauffage-menton\" title=\"Chauffage Menton\">Menton</a> <a href=\"https://www.egs-energies.fr/chauffage-le-cannet\" title=\"Chauffage Le Cannet\">Le Cannet</a> <a title=\"Notre zone d'intervention - Electrogaz\" href=\"/qui-sommes-nous/zones-intervention\">opèrent dans l'intégralité du département des Alpes-Maritimes</a> <p>Grâce à nos différentes agences, nous pouvons couvrir l'ensemble de la région et garantir une <strong>intervention rapide et efficace</strong>. Nous nous déplaçons par exemple à Nice, <a href=\"https://www.egs-energies.fr/chauffage-antibes\" title=\"Chauffage Antibes\">Antibes</a>, Cannes, Grasse, <a href=\"https://www.egs-energies.fr/chauffage-cagnes-sur-mer\" title=\"Chauffage Cagnes Sur Mer\">Cagnes-sur-Mer</a>, Le Cannet, <a href=\"https://www.egs-energies.fr/chauffage-saint-laurent-du-var\" title=\"Chauffage Saint Laurent Du Var\">Saint-Laurent-du-Var</a>, Menton, Vallauris, Mandelieu-la-Napoule, Vence, Mougins, Villeneuve-Loubet, Beausoleil, Valbonne, Roquebrune-Cap-Martin, et bien d'autres. Pour découvrir l'ensemble des zones où nos techniciens peuvent intervenir, n'hésitez pas à nous contacter.</p> <strong>intervention rapide et efficace</strong> <a href=\"https://www.egs-energies.fr/chauffage-antibes\" title=\"Chauffage Antibes\">Antibes</a> <a href=\"https://www.egs-energies.fr/chauffage-cagnes-sur-mer\" title=\"Chauffage Cagnes Sur Mer\">Cagnes-sur-Mer</a> <a href=\"https://www.egs-energies.fr/chauffage-saint-laurent-du-var\" title=\"Chauffage Saint Laurent Du Var\">Saint-Laurent-du-Var</a>"
    },
    {
      "title": "Mon climatiseur est installé, et après ?",
      "text": "<p>Pour garantir le bon fonctionnement et l'efficacité de votre climatisation, <a title=\"Faire entretenir sa climatisation à Nice et alentours\" href=\"/entretien/climatisation-pompe-a-chaleur\">un entretien régulier</a> est essentiel. Il est recommandé de faire effectuer un entretien annuel par une entreprise spécialisée telle qu'Electrogaz, qui nettoiera votre système, vérifiera ses paramètres et son bon fonctionnement. De plus, un contrôle d'entretien doit être prévu <strong>tous les 2 ans</strong> par un professionnel habilité pour veiller à l'étanchéité de votre installation.</p> <a title=\"Faire entretenir sa climatisation à Nice et alentours\" href=\"/entretien/climatisation-pompe-a-chaleur\">un entretien régulier</a> <strong>tous les 2 ans</strong> <p>Ces visites de contrôle sont ainsi l'occasion d'évaluer l'usure de votre dispositif et d'éviter tout problème majeur. Lors de ces visites, les techniciens d'Electrogaz peuvent vous informer et vous conseiller sur les opérations à effectuer pour prolonger la durée de vie de votre installation.</p>"
    }
  ]
}