{
  "breadcrumb": "Panneaux solaires et batterie virtuelle : comment ça marche ?",
  "seo": {
    "title": "Batterie virtuelle : stockage, fonctionnement, avantages",
    "description": "Une batterie virtuelle permet de stocker l'énergie produite par vos panneaux solaires. Simplifiez votre projet photovoltaïque avec une batterie virtuelle et économisez sur vos factures électriques.",
    "opengraph": {
      "site_name": "",
      "type": "",
      "locale": "",
      "title": "",
      "description": "",
      "image": {
        "src": "",
        "alt": ""
      }
    }
  },
  "title": " Panneaux solaires et batterie virtuelle : comment ça marche ? ",
  "chapo": "Comment fonctionne le stockage virtuel d’énergie solaire et pourquoi le choisir autour de Nice ?",
  "image": {
    "src": "/upload/files/egs-energies-article-batterie-virtuelle-panneaux-solaires-298689e300.jpg",
    "alt": "Panneaux solaires et batterie virtuelle : comment ça marche ?"
  },
  "intro": "<p>Avec plus de 300 jours de soleil par an, la région de <a href=\"https://www.egs-energies.fr/chauffage-nice\" title=\"Chauffage Nice\">Nice</a>, <a href=\"https://www.egs-energies.fr/chauffage-cannes\" title=\"Chauffage Cannes\">Cannes</a>, <a href=\"https://www.egs-energies.fr/chauffage-saint-laurent-du-var\" title=\"Chauffage Saint Laurent Du Var\">Saint-Laurent-du-Var</a> sont des lieux idéaux pour investir dans des panneaux solaires photovoltaïques. Cependant, dans un système solaire classique sans batterie, l’énergie produite par vos panneaux photovoltaïques doit être consommée immédiatement. Si elle n’est pas utilisée immédiatement, l’excédent est injecté sur le réseau et n’est plus accessible pour votre propre consommation.</p> <p>Si vous n’êtes pas chez vous en journée pour profiter au maximum de votre production photovoltaïque, le <strong>stockage virtuel d’énergie solaire</strong> est une solution innovante qui vous permet de maximiser votre <strong>autoconsommation solaire</strong>, sans avoir à installer une batterie physique coûteuse.</p> <hr>",
  "paragraphs": [
    {
      "title": "Panneau solaire avec batterie virtuelle : comment ça marche ?",
      "text": "<p>Le stockage virtuel de mylight150, aussi appelé <strong>batterie virtuelle solaire</strong>, est une alternative à la batterie physique traditionnelle. Lorsque vos panneaux solaires produisent plus d’énergie que vous n’en consommez (par exemple en journée), l’excédent est injecté sur le réseau public au lieu d’être perdu. Ce surplus d’énergie est ensuite \"virtuellement\" stocké par votre fournisseur d’énergie.</p> <p>Vous pouvez récupérer cette énergie plus tard gratuitement, notamment :</p> <ul>\n<li>La nuit, lorsque vos panneaux solaires ne produisent pas.</li>\n<li>Lors des périodes de faible ensoleillement.</li>\n</ul> <p>A, si vos <a title=\"Panneaux solaires dans les Alpes-Maritimes\" href=\"https://www.egs-energies.fr/equipements/panneaux-photovoltaiques\">panneaux photovoltaïques</a> génèrent 5 kWh d’énergie excédentaire pendant la journée, ces 5 kWh sont “stockés virtuellement”. Le soir venu, vous pouvez les utiliser pour alimenter vos appareils électriques sans payer davantage.</p> <hr>"
    },
    {
      "title": "Les avantages du stockage virtuel à Nice",
      "text": "<p>Avec un ensoleillement généreux, la région niçoise produit souvent des excédents d’énergie solaire. Le stockage virtuel vous permet de les valoriser pleinement, même lorsque le soleil se fait rare.</p> <p>Avec une batterie virtuelle, vous utilisez davantage l’énergie que vous produisez. Vous pouvez ainsi accroître votre autoconsommation solaire, (jusqu’à 98%) et réduire ainsi votre dépendance au réseau électrique général. À la fin, c’est votre facture d’électricité qui s’allège !</p> <h3>Tout comme une batterie physique, les inconvénients en moins</h3> <p>Contrairement à une batterie classique, souvent onéreuse (comptez entre 5 000 et 10 000 €), le stockage virtuel ne nécessite pas d’équipement supplémentaire. Vous profitez de ses avantages avec des frais souvent inclus dans votre contrat d’électricité ou sous forme d’abonnement.</p> <p>De plus, une batterie physique présente une durée de vie et une capacité limitées. Des inconvénients qu’un système de batterie virtuelle ne connaît pas !</p> <hr>"
    },
    {
      "title": "Comment fonctionne une batterie virtuelle solaire ?",
      "text": "<ol>\n<li>Étape 1 : production et injection<br>Pendant la journée, vos panneaux photovoltaïques produisent de l’électricité. Si votre consommation est inférieure à la production, l’excédent est envoyé sur le réseau électrique public.</li>\n<li>Étape 2 : le stockage virtuel<br>Votre fournisseur d’énergie, mylight150 comptabilise cet excédent en kWh dans votre \"compte énergie\" MySmartBattery que vous pouvez consulter via votre application.</li>\n<li>Étape 3 : récupération<br>Lorsque votre production solaire ne couvre pas vos besoins (par exemple, la nuit), vous pouvez \"retirer\" ces kWh stockés virtuellement. Vous consommez donc de l’énergie sans frais supplémentaires, dans la limite de la quantité comptabilisée dans votre compte énergie. Au-delà, vous consommez de l’électricité normalement, au même tarif qu’EDF.</li>\n</ol> <hr>"
    },
    {
      "title": "Les offres de stockage virtuel proposées par EGS Energies",
      "text": "<h3>Notre solution : mylight150 avec MySmartBattery</h3> <p>Chez EGS Energies, nous proposons des solutions photovoltaïques innovantes compatibles avec le <strong>stockage virtuel d’énergie solaire</strong> MySmartBattery. Nos trois offres de kits solaires photovoltaïques Sol&amp;moi peuvent être couplées à une batterie virtuelle de stockage d’énergie solaire.</p> <p>Cette offre est spécialement conçue pour les particuliers souhaitant maximiser leur <strong>autoconsommation solaire à Nice</strong> sans installer de batterie physique.</p> <p>Avec MySmartBattery par mylight150 et EGS Energies:</p> <ul>\n<li>Vous valorisez chaque kWh produit par vos panneaux photovoltaïques.</li>\n<li>Vous bénéficiez d’une interface intuitive pour suivre votre production, votre consommation et votre stockage en temps réel.</li>\n<li>Vous êtes accompagné par nos experts pour choisir l’offre adaptée à vos besoins.</li>\n</ul> <p>Contactez-nous pour découvrir comment EGS Energies peut vous aider à optimiser votre autoconsommation solaire à Nice.</p> <hr>"
    },
    {
      "title": "Pourquoi choisir EGS Energies pour votre projet solaire à Nice ?",
      "text": "<p>Depuis plusieurs années, <strong>EGS Energies</strong> accompagne les particuliers et les professionnels de la région niçoise dans leurs projets de transition énergétique.</p> <h3>Nos atouts ?</h3> <ul>\n<li><strong>Une expertise locale</strong> : basés à Nice, nous connaissons parfaitement les besoins des habitants et les conditions d’ensoleillement de la région.</li>\n<li><strong>Des solutions innovantes</strong> : stockage virtuel, autoconsommation solaire, installation de panneaux photovoltaïques.</li>\n<li><strong>Un accompagnement personnalisé</strong> : de l’étude de faisabilité à la mise en service, nos experts vous guident à chaque étape.</li>\n<li><strong>Un service complet</strong> : nous intervenons autour de Nice, Saint-Laurent-du-Var, <a href=\"https://www.egs-energies.fr/chauffage-menton\" title=\"Chauffage Menton\">Menton</a>, <a href=\"https://www.egs-energies.fr/chauffage-vallauris\" title=\"Chauffage Vallauris\">Vallauris</a>, Vence et dans toute la région.</li>\n</ul> <div style=\"border-radius: 12px; background-color: #f9f9f9; padding: 20px; margin: 20px auto; box-shadow: 0 4px 6px rgba(0, 0, 0, 0.1);\">\n<h2 style=\"font-weight: bold; font-size: 18px; margin-bottom: 10px;\">Le stockage virtuel, une solution solaire adaptée à Nice</h2>\n<p style=\"margin-bottom: 15px; font-size: 16px;\">Le <strong>stockage virtuel d’énergie solaire</strong> est une solution innovante, économique et parfaitement adaptée aux besoins des particuliers à Nice. En maximisant votre <strong>autoconsommation solaire</strong>, vous réduisez vos factures et valorisez pleinement l’énergie produite par vos panneaux photovoltaïques.</p>\n<p style=\"margin-bottom: 15px; font-size: 16px;\">EGS Energies vous accompagne dans ce projet avec des solutions performantes comme MySmartBattery.</p>\n<p style=\"margin-bottom: 15px; font-size: 16px;\">📞 Contactez-nous dès aujourd’hui au 04 92 00 00 10 pour en savoir plus.<br>🌐 Demandez votre devis gratuit via notre formulaire en ligne.</p>\n<p style=\"text-align: right;\"><em><strong>EGS Energies : votre partenaire solaire à Saint-Laurent-du-Var, Nice et dans toute la région.</strong></em></p>\n</div>"
    },
    {
      "title": "Le stockage virtuel, une solution solaire adaptée à Nice",
      "text": "<p style=\"margin-bottom: 15px; font-size: 16px;\">Le <strong>stockage virtuel d’énergie solaire</strong> est une solution innovante, économique et parfaitement adaptée aux besoins des particuliers à Nice. En maximisant votre <strong>autoconsommation solaire</strong>, vous réduisez vos factures et valorisez pleinement l’énergie produite par vos panneaux photovoltaïques.</p> <p style=\"margin-bottom: 15px; font-size: 16px;\">EGS Energies vous accompagne dans ce projet avec des solutions performantes comme MySmartBattery.</p> <p style=\"margin-bottom: 15px; font-size: 16px;\">📞 Contactez-nous dès aujourd’hui au 04 92 00 00 10 pour en savoir plus.<br>🌐 Demandez votre devis gratuit via notre formulaire en ligne.</p> <p style=\"text-align: right;\"><em><strong>EGS Energies : votre partenaire solaire à Saint-Laurent-du-Var, Nice et dans toute la région.</strong></em></p>"
    }
  ]
}