{
  "breadcrumb": "Les chiffres clés du photovoltaïque dans les Alpes-Maritimes",
  "seo": {
    "title": "Photovoltaïque dans les Alpes-Maritimes : les chiffres clés",
    "description": "L'autoconsommation solaire se développe dans les Alpes-Maritimes : 6319 au second semestre 2024, soit une augmentation de 76%. EGS Energies décortique pour vous les chiffres clés du photovoltaïque dans le 06 !",
    "opengraph": {
      "site_name": "",
      "type": "",
      "locale": "",
      "title": "",
      "description": "",
      "image": {
        "src": "",
        "alt": ""
      }
    }
  },
  "title": " Les chiffres clés du photovoltaïque dans les Alpes-Maritimes ",
  "chapo": "L'autoconsommation solaire a le vent en poupe dans le 06 : découvrez les chiffres clés de notre département",
  "image": {
    "src": "/upload/files/egs-energies-article-chiffres-photovoltaiques-juin2024-456x334-e4b2da2803.jpg",
    "alt": "Les chiffres clés du photovoltaïque dans les Alpes-Maritimes"
  },
  "intro": "<p>Le photovoltaïque connaît un essor significatif dans les Alpes-Maritimes grâce à un ensoleillement exceptionnel. Les particuliers se tournent de plus en plus vers cette source d'énergie renouvelable, soutenus par des incitations financières attractives et des technologies de plus en plus performantes. Ce texte présente les chiffres clés du photovoltaïque dans les Alpes-Maritimes et met en lumière les tendances et les perspectives de cette filière.</p>",
  "paragraphs": [
    {
      "title": "L'essor du photovoltaïque dans les Alpes-Maritimes",
      "text": "<p>Le développement du photovoltaïque dans les Alpes-Maritimes s'inscrit dans une dynamique nationale de transition énergétique. Enedis a enregistré une puissance photovoltaïque installée en autoconsommation individuelle de 34 MW au 30 juin 2024. À l’échelle de la région PACA, c’est <strong>271 MW</strong> qui sont aujourd’hui installés. Cette progression témoigne de l'intérêt croissant des particuliers pour cette technologie.</p> <strong>271 MW</strong>"
    },
    {
      "title": "Les installations en autoconsommation individuelle : une croissance exponentielle",
      "text": "<p>Les installations photovoltaïques en autoconsommation individuelle connaissent une croissance remarquable dans les Alpes-Maritimes. À la fin du premier semestre 2024, Enedis a recensé <strong>6&nbsp;318 installations</strong>, soit<strong> une augmentation de 76%</strong> par rapport à l'année précédente.</p> <strong>6&nbsp;318 installations</strong> <strong> une augmentation de 76%</strong> <p>Pour vous donner une idée de la tendance dans notre département, on comptait :</p> <ul>\n<li><strong>774 </strong>systèmes photovoltaïques installés en autoconsommation fin 2020</li>\n<li><strong>1438 installations </strong>à fin 2021</li>\n<li><strong>2566 installations </strong>fin 2022</li>\n<li><strong>4995 installations</strong> fin 2023</li>\n</ul> <li><strong>774 </strong>systèmes photovoltaïques installés en autoconsommation fin 2020</li> <strong>774 </strong> <li><strong>1438 installations </strong>à fin 2021</li> <strong>1438 installations </strong> <li><strong>2566 installations </strong>fin 2022</li> <strong>2566 installations </strong> <li><strong>4995 installations</strong> fin 2023</li> <strong>4995 installations</strong> <h3>D’autres données intéressantes sur le photovoltaïque dans le 06</h3> <p>Au 1er juillet 2024 :</p> <ul>\n<li>Il y a 1&nbsp;364 en autoconsommation totale, soit 21.59% des installations en autoconsommation.</li>\n<li>Elles sont 4951 en injection du surplus, soit 78.41% des installations en autoconsommation.</li>\n<li>99.13% des installations en autoconsommation font moins de 36 kWc (6263 systèmes photovoltaïques). Elles représentent 25,2 MW au total, soit 74% de la puissance installée dans le département.</li>\n<li>À peine 2,2% des installations photovoltaïques des Alpes-Maritimes bénéficient d’une solution de stockage de l'électricité. Elles sont 2,07% chez les installations ≤ 36 kWc.</li>\n<li>2,79% des propriétaires d'installations en autoconsommation totale ont adopté une solution de stockage de l’électricité, contre 1,94% des propriétaires d’installations avec injection du surplus.</li>\n</ul> <li>Il y a 1&nbsp;364 en autoconsommation totale, soit 21.59% des installations en autoconsommation.</li> <li>Elles sont 4951 en injection du surplus, soit 78.41% des installations en autoconsommation.</li> <li>99.13% des installations en autoconsommation font moins de 36 kWc (6263 systèmes photovoltaïques). Elles représentent 25,2 MW au total, soit 74% de la puissance installée dans le département.</li> <li>À peine 2,2% des installations photovoltaïques des Alpes-Maritimes bénéficient d’une solution de stockage de l'électricité. Elles sont 2,07% chez les installations ≤ 36 kWc.</li> <li>2,79% des propriétaires d'installations en autoconsommation totale ont adopté une solution de stockage de l’électricité, contre 1,94% des propriétaires d’installations avec injection du surplus.</li>"
    },
    {
      "title": "L’énergie solaire poursuit son essor dans toute la France",
      "text": "<p>Sur le plan national, la France compte <strong>556&nbsp;039 installations photovoltaïques en autoconsommation</strong> individuelle, soit une évolution de <strong>71%</strong> au premier semestre 2024. Elles étaient 440&nbsp;045 fin 2023.</p> <strong>556&nbsp;039 installations photovoltaïques en autoconsommation</strong> <strong>71%</strong> <p>Fin 2022, il y avait 239218 installations en autoconsommation en France et 148&nbsp;022 l’année précédente.</p>"
    },
    {
      "title": "La région PACA a l’un des plus grands parcs d’autoconsommation solaire",
      "text": "<p>Dans la région Provence-Alpes-Côte d'Azur (PACA), les Alpes-Maritimes se distinguent par leur dynamisme en matière de photovoltaïque. Avec 54928 installations en autoconsommation individuelle à la fin du premier semestre 2024, la région PACA figure parmi les leaders nationaux.</p> <p>Avec <strong>près de 10% du parc</strong>, elle arrive quatrième derrière l’Occitanie (106&nbsp;712 installations soit 19,2% du parc), la région Auvergne-Rhône-Alpes (101&nbsp;448 installations soit 18.2% du parc) et la Nouvelle-Aquitaine (80225 installations soit 14.4% du parc).</p> <strong>près de 10% du parc</strong> <p>Le potentiel de croissance du photovoltaïque dans les Alpes-Maritimes reste important. Les conditions climatiques favorables et les incitations financières encouragent les particuliers à investir dans cette technologie. Les innovations technologiques, comme les panneaux bifaciaux et les systèmes de stockage d'énergie, améliorent encore l'efficacité et la rentabilité des installations.</p> <p>En résumé, le photovoltaïque dans les Alpes-Maritimes affiche des chiffres impressionnants et des perspectives prometteuses. Grâce à un ensoleillement optimal et à des aides financières attractives, de plus en plus de particuliers choisissent d'installer des panneaux solaires. Cette dynamique contribue à la transition énergétique et à la réduction de l'empreinte carbone.</p>"
    }
  ]
}