{
  "breadcrumb": "Portes ouvertes et offres spéciales : rendez-vous les 24-25 mai !",
  "seo": {
    "title": "Portes ouvertes et offres spéciales : RDV les 24-25 mai 2024 !",
    "description": "Participez aux portes ouvertes Electrogaz les 24 et 25 mai ! Découvrez nos systèmes de chauffage et climatisation, et profitez d'offres exceptionnelles sur les équipements à énergies renouvelables.",
    "opengraph": {
      "site_name": "",
      "type": "",
      "locale": "",
      "title": "",
      "description": "",
      "image": {
        "src": "",
        "alt": ""
      }
    }
  },
  "title": " Portes ouvertes et offres spéciales : rendez-vous les 24-25 mai ! ",
  "chapo": "Climatisation, chaudières gaz, équipements à énergies renouvelables : découvrez nos offres exceptionnelles",
  "image": {
    "src": "/upload/files/visuel-jpo-mai-2024-456x334-ffeeb38606.jpg",
    "alt": "Portes ouvertes et offres spéciales : rendez-vous les 24-25 mai !"
  },
  "intro": "<p><strong>Le 24 et 25 mai</strong>, nous vous accueillons et vous faisons découvrir nos systèmes de chauffage et de climatisation. Venez dans notre showroom à <a href=\"https://www.egs-energies.fr/chauffage-nice\" title=\"Chauffage Nice\">Nice</a> pour découvrir nos offres en matière de chaudières à gaz, fioul et bois, climatisations réversibles, nos chauffe-eaux et chauffe-bains ainsi que nos appareils à énergies renouvelables.</p>",
  "paragraphs": [
    {
      "title": "Prenez rendez-vous avec nos experts et profitez de nos offres exceptionnelles",
      "text": "<p><strong>Le 24 et 25 mai</strong>, nous vous accueillons et vous faisons découvrir nos systèmes de chauffage et de climatisation. Venez dans notre showroom à <a href=\"https://www.egs-energies.fr/chauffage-nice\" title=\"Chauffage Nice\">Nice</a> pour découvrir nos offres en matière de chaudières à gaz, fioul et bois, climatisations réversibles, nos chauffe-eaux et chauffe-bains ainsi que nos appareils à énergies renouvelables.</p> <strong>Le 24 et 25 mai</strong> <a href=\"https://www.egs-energies.fr/chauffage-nice\" title=\"Chauffage Nice\">Nice</a>"
    },
    {
      "title": "Profitez de nos conseils, découvrez les aides de l'État et rencontrez nos experts",
      "text": "<p>Nos professionnels seront présents pour répondre à toutes vos questions et vous aider à faire le meilleur choix pour votre maison. Vous aurez également la possibilité de simuler dans notre agence les aides de l’Etat auxquelles vous pourriez avoir droit pour votre projet d'équipement en énergies renouvelables. Vous pourriez par exemple obtenir <strong>jusqu'à 2 700€ d’aides</strong> sans conditions de revenus, et <strong>jusqu’à 10 100€</strong> pour l’installation d’une pompe à chaleur (voir conditions auprès de nos équipes).</p> <strong>jusqu'à 2 700€ d’aides</strong> <strong>jusqu’à 10 100€</strong>"
    },
    {
      "title": "Découvrez notre nouvelle gamme photovoltaïque",
      "text": "<p>Enfin, nous avons ajouté une nouvelle offre à notre catalogue Electrogaz. Découvrez nos solutions photovoltaïques pour produire votre propre électricité. Avec notre gamme Sol&amp;moi, faites des économies sur vos factures d'énergie en choisissant l'autoconsommation solaire. Sol&amp;moi propose trois offres différentes, adaptées à vos besoins et fonctionnalités : Sol&amp;Go, Sol&amp;Zen et Sol&amp;Plus.</p>"
    },
    {
      "title": "Installez votre climatisation pour seulement 45€ par mois",
      "text": "<p>Profitez de nos offres spéciales pendant ces deux jours de portes ouvertes !</p> <p>Grâce à Electrogaz et en partenariat avec Domofinance, nous vous proposons une <a title=\"Offre de financement : climatisation réversible\" href=\"../../conseils-et-actualites/offre-speciale-votre-climatisation-a-partir-de-45eur-mois-a-nice\">offre de financement exceptionnelle</a> pour l’installation de votre pompe à chaleur air-air (climatisation réversible). Cette offre vous permet d'installer votre PAC air-air à domicile pour seulement 45€/mois TTC, soit un total de 1620€ TTC.</p> <a title=\"Offre de financement : climatisation réversible\" href=\"../../conseils-et-actualites/offre-speciale-votre-climatisation-a-partir-de-45eur-mois-a-nice\">offre de financement exceptionnelle</a> <p><em>Un crédit vous engage et doit être remboursé. Vérifiez vos capacités de remboursement avant de vous engager. Mensualités de 45€ au Taux Annuel Effectif Global fixe de 0%. Montant total dû de 1 620€. Pour 1 620€ empruntés que vous remboursez sur 36 mois.*</em></p> <em>Un crédit vous engage et doit être remboursé. Vérifiez vos capacités de remboursement avant de vous engager. Mensualités de 45€ au Taux Annuel Effectif Global fixe de 0%. Montant total dû de 1 620€. Pour 1 620€ empruntés que vous remboursez sur 36 mois.*</em>"
    },
    {
      "title": "Bénéficiez d'une remise de 500€ sur vos équipements à énergies renouvelables",
      "text": "<p>Lors de ces journées, vous pourrez également profiter d’une remise exceptionnelle de 500€ TTC sur nos appareils à énergies renouvelables. Cette remise sera directement appliquée sur votre devis et est valable sur nos pompes à chaleur.</p>"
    },
    {
      "title": "Profitez de 300€ de réduction sur nos chaudières au gaz",
      "text": "<p>Enfin, nous vous proposons une offre exclusive de <strong>300€ de remise sur nos chaudières à gaz</strong>, quel que soit le modèle.</p> <p>Pour plus d'informations, n'hésitez pas à nous contacter ou à venir nous voir !</p>"
    },
    {
      "title": "Informations pratiques",
      "text": "<p>Adresse : 17 Rue Bavastro, Nice</p> <p>Dates et horaires :</p> <ul>\n<li>Le vendredi 24 mai 2024, de 9h à 19h</li>\n<li>Le samedi 25 mai 2024, de 10h à 17h</li>\n</ul> <li>Le vendredi 24 mai 2024, de 9h à 19h</li> <li>Le samedi 25 mai 2024, de 10h à 17h</li>"
    }
  ]
}