{
  "breadcrumb": "Clim 2025 : un confort intelligent dès 1 800 € avec EGS Energies",
  "seo": {
    "title": "Prix installateur climatisation à Nice, Cannes, Grasse en 2025",
    "description": "Optez pour une installation de climatisation connectée à partir de 1 800 € TTC avec pose. EGS Energies équipe votre logement dans les Alpes-Maritimes pour un été 2025 confortable et intelligent. ",
    "opengraph": {
      "site_name": "",
      "type": "",
      "locale": "",
      "title": "",
      "description": "",
      "image": {
        "src": "",
        "alt": ""
      }
    }
  },
  "title": " Clim 2025 : un confort intelligent dès 1 800 € avec EGS Energies ",
  "chapo": "Préparez votre confort d’été avec une climatisation sur-mesure et connectée",
  "image": {
    "src": "/upload/files/egs-energies-article-offre-climatisation-2025-456x334-88abf7af95.jpg",
    "alt": "Clim 2025 : un confort intelligent dès 1 800 € avec EGS Energies"
  },
  "intro": "<p>L’été arrive progressivement sur les Alpes-Maritimes. Pour faire face aux fortes températures, EGS Energies, installateur basé à <a href=\"https://www.egs-energies.fr/chauffage-saint-laurent-du-var\" title=\"Chauffage Saint Laurent Du Var\">Saint-Laurent-du-Var</a>, propose une offre de <strong>climatisation intelligente</strong> à partir de <strong>1 800 € TTC</strong><sup><a title=\"Voir les conditions de l'offre climatisation\" href=\"#condition-clim-1\">(1)</a>,</sup>, incluant la fourniture et la pose.<br>Ces solutions, connectées et réversibles, s’adaptent à votre rythme de vie, à la configuration de votre logement, et à vos préférences de confort thermique.</p>",
  "paragraphs": []
}