{
  "breadcrumb": "Promotion exceptionnelle : une PAC air/air avec votre PAC air/eau !",
  "seo": {
    "title": "Promotion: une PAC air/air avec votre PAC air/eau !",
    "description": "Profitez de l'offre Electrogaz : une pompe à chaleur air/air offerte pour une air/eau installée jusqu'au 16 juin 2024 ! Profitez d'une climatisation réversible dans les Alpes-Maritimes.",
    "opengraph": {
      "site_name": "",
      "type": "",
      "locale": "",
      "title": "",
      "description": "",
      "image": {
        "src": "",
        "alt": ""
      }
    }
  },
  "title": " Promotion exceptionnelle : une PAC air/air avec votre PAC air/eau ! ",
  "chapo": "Profitez de l'offre Electrogaz : une pompe à chaleur air/air offerte pour une air/eau installée",
  "image": {
    "src": "/upload/files/electrogaz-offre-climatisation-2024-456x334-2c25bde3f2.jpg",
    "alt": "Promotion exceptionnelle : une PAC air/air avec votre PAC air/eau !"
  },
  "intro": "<p>Entre les différents types de pompe à chaleur, il y a de quoi s’emmêler les pinceaux pour un public non averti. Alors quand on parle de combiner les PAC air-eau et air-air, il se peut que vous vous demandiez comment et pourquoi le faire.</p> <p>Chez Electrogaz, on démêle les concepts et la technique pour vous aider à faire le meilleur choix !</p>",
  "paragraphs": [
    {
      "title": "Les différences entre les pompes à chaleur air-eau et air-air",
      "text": "<h3>Qu’est-ce qu’une pompe à chaleur air-eau</h3> <p>Une <strong>PAC air-eau</strong> capture la chaleur de l'air extérieur pour chauffer l'eau, qui est ensuite utilisée pour le chauffage central.</p> <strong>PAC air-eau</strong> <p>Ce système comprend une unité extérieure qui <a title=\"Fonctionnement des pompes à chaleur\" href=\"/equipements/energie-renouvelable/pompe-a-chaleur\">capte et comprime l'air</a> afin d'en extraire la chaleur, ainsi qu'une unité intérieure qui transfère cette chaleur à l'eau du circuit de chauffage de la maison. Cette eau chauffée peut être distribuée dans le logement via un réseau de radiateurs ou un plancher chauffant.</p> <a title=\"Fonctionnement des pompes à chaleur\" href=\"/equipements/energie-renouvelable/pompe-a-chaleur\">capte et comprime l'air</a> <h3>Qu’est-ce qu’une PAC air-air ?</h3> <p>La <strong>PAC air-air</strong> utilise aussi l'air extérieur, mais cette fois pour produire de l'air chaud, qui est ensuite diffusé directement dans la maison. La pompe à chaleur air-air est souvent associée à une <strong>climatisation réversible</strong>.</p> <strong>PAC air-air</strong> <strong>climatisation réversible</strong> <p>En hiver, elle permet d’avoir une solution de chauffage complémentaire (ou principale selon votre isolation et votre installation). En mode climatisation, la pompe à chaleur air-air capte la chaleur de l'air intérieur et la rejette à l'extérieur de votre logement pour le rafraîchir.</p>"
    },
    {
      "title": "Les avantages des PAC air-eau et air-air",
      "text": "<p>Le premier avantage des pompes à chaleur, en général, est qu’elles utilisent une <strong>énergie renouvelable</strong>. Les PAC air-eau et air-air exploitent toutes deux l’air ambiant, une ressource disponible, illimitée et locale.</p> <strong>énergie renouvelable</strong> <p>Les pompes à chaleur air-eau présentent de <a title=\"Tout savoir sur la pompe à chaleur\" href=\"../../conseils-et-actualites/tout-savoir-sur-la-pompe-a-chaleur\">nombreux avantages</a>. Elles peuvent être utilisées à la fois pour le chauffage et l'eau chaude sanitaire, ont un encombrement intérieur réduit, consomment peu d'énergie, offrent un grand confort d'utilisation et sont simples et rapides à installer. De plus, elles ne rejettent pas de polluants et sont capables de répondre à tous les besoins de chauffage et de refroidissement d'une maison.</p> <a title=\"Tout savoir sur la pompe à chaleur\" href=\"../../conseils-et-actualites/tout-savoir-sur-la-pompe-a-chaleur\">nombreux avantages</a> <p>Les pompes à chaleur air-air, quant à elles, présentent l’avantage d’offrir une solution de climatisation économique et à énergie renouvelable. Quand les températures baissent à l’extérieur, elle se mue en chauffage pour répondre à vos besoins.</p>"
    },
    {
      "title": "Rafraîchir son logement avec une PAC air-eau, c’est possible ?",
      "text": "<p>Oui, il est possible de rafraîchir sa maison en été avec sa pompe à chaleur air-eau, mais sous certaines conditions:</p> <ul>\n<li>Votre PAC air-eau doit être réversible. Soit elle vous a été fournie comme telle, soit vous pouvez y ajouter un kit.</li>\n<li>Elle doit être reliée à des appareils qui permettent d’évacuer la condensation : des radiateurs ventilo-convecteurs ou un plancher chauffant.</li>\n</ul> <li>Votre PAC air-eau doit être réversible. Soit elle vous a été fournie comme telle, soit vous pouvez y ajouter un kit.</li> <li>Elle doit être reliée à des appareils qui permettent d’évacuer la condensation : des radiateurs ventilo-convecteurs ou un plancher chauffant.</li> <p>Si votre PAC air-eau est connectée à des radiateurs classiques, vous ne pourrez pas rafraîchir votre logement car ces radiateurs ne permettent pas d’évacuer la condensation.</p>"
    },
    {
      "title": "Pourquoi combiner des pompes à chaleur air-eau et air-air ?",
      "text": "<p>Combiner une pompe à chaleur air-eau avec un autre système de chauffage ou de climatisation présente plusieurs avantages.</p> <p>En hiver, vous bénéficiez d’un dispositif de chauffage supplémentaire et écologique pour votre logement.</p> <p>Si vous ne pouvez pas utiliser votre pompe à chaleur air-eau en mode réversible pour vous rafraîchir en été, une pompe à chaleur air-air pourra vous fournir la climatisation dont vous avez besoin.</p> <p>La combinaison des deux peut donc offrir une plus grande flexibilité et une meilleure efficacité énergétique.</p>"
    },
    {
      "title": "Notre offre spéciale : 1 PAC air-eau achetée = 1 PAC air-air offerte* à Nice !",
      "text": "<a href=\"https://www.egs-energies.fr/chauffage-nice\" title=\"Chauffage Nice\">Nice</a> <p>Afin de vous faire profiter d’un peu de fraicheur cet été, nous vous proposons une fofre exceptionnelle. Pour tout achat et <a title=\"Installation PAC dans les Alpes-Maritimes\" href=\"/installation/pompe-a-chaleur\">installation d’une pompe à chaleur</a> air-eau de marque Chappée à Nice et ses environs, Electrogaz vous offre une pompe à chaleur air-air<a title=\"Voir les conditions de l'offre\" href=\"#cond-offre-pac-aireau\">*</a>.</p> <a title=\"Installation PAC dans les Alpes-Maritimes\" href=\"/installation/pompe-a-chaleur\">installation d’une pompe à chaleur</a> <a title=\"Voir les conditions de l'offre\" href=\"#cond-offre-pac-aireau\">*</a> <p>Cette offre est valable jusqu’au 16 juin 2024, alors n’attendez pas, contactez nos équipes !</p>"
    }
  ]
}