{
  "breadcrumb": "Qualité de l'air intérieur et climatisation : une alliée ?",
  "seo": {
    "title": "Comment la climatisation améliore la qualité de l'air intérieur",
    "description": "En plus de rafraîchir ou réchauffer la maison, la climatisation réversible assainit l'air : filtration des polluants, déshumidification et température stable pour un meilleur confort respiratoire.",
    "opengraph": {
      "site_name": "",
      "type": "",
      "locale": "",
      "title": "",
      "description": "",
      "image": {
        "src": "",
        "alt": ""
      }
    }
  },
  "title": " Qualité de l'air intérieur et climatisation : une alliée ? ",
  "chapo": "La climatisation réversible améliore la qualité de l'air intérieur en filtrant les polluants et en régulant l'humidité. ",
  "image": {
    "src": "/upload/files/electrogaz-article-climatisation-qualite-air-456x334-4e9362fb78.jpg",
    "alt": "Qualité de l'air intérieur et climatisation : une alliée ?"
  },
  "intro": "<p>À l’heure où la pollution de l’air s’invite fréquemment dans l’actualité, comment ne pas s’inquiéter de la qualité de l’air à l’intérieur des logements. Les personnes allergiques et asthmatiques connaissent déjà pour la plupart le sujet. À mesure du changement climatique, de nouveaux paramètres sont à prendre en compte et de nouvelles solutions sont à trouver, notamment pour les plus fragiles.</p> <p>Parmi une de celles que l’on retrouve souvent, la climatisation réversible ou pompe à chaleur air-air. Elle présente de nombreux atouts. Outre le fait de permettre de refroidir l’air ambiant en été et de le réchauffer en hiver, un autre de ses avantages réside dans sa capacité à assainir l’air à l’intérieur des logements.</p>",
  "paragraphs": [
    {
      "title": "Qualité de l’air intérieur : que respire-t-on dans notre logement ?",
      "text": "<h3>Des polluants aux origines diverses dans nos maisons</h3> <p>De nombreux polluants peuvent se retrouver dans l’air ambiant dans les logements. Ils peuvent notamment revêtir trois formes :</p> <ul>\n<li><strong>chimique</strong> : composés organiques volatils, soit des substances à l’état gazeux, monoxyde de carbone, etc.</li>\n<li><strong>biologique</strong> : moisissures, bactéries, pollens, allergènes des acariens ou des animaux domestiques, etc.</li>\n<li><strong>physique</strong> : particules, fibres minérales, amiante, etc.</li>\n</ul> <li><strong>chimique</strong> : composés organiques volatils, soit des substances à l’état gazeux, monoxyde de carbone, etc.</li> <strong>chimique</strong> <li><strong>biologique</strong> : moisissures, bactéries, pollens, allergènes des acariens ou des animaux domestiques, etc.</li> <strong>biologique</strong> <li><strong>physique</strong> : particules, fibres minérales, amiante, etc.</li> <strong>physique</strong> <p>Leurs origines sont diverses (produits ménagers, matériaux de construction, air extérieur, plantes, animaux) et leur concentration peut être influencée par de nombreux facteurs : tabagisme, problèmes d’aération, proximité des axes routiers, par exemple.</p> <p><strong>La chaleur et l’humidité</strong> ont par ailleurs des impacts importants sur la santé respiratoire. Elles favorisent notamment la prolifération des moisissures, des insectes et des acariens.</p> <strong>La chaleur et l’humidité</strong> <h3>Qualité de l’air intérieur : le réchauffement climatique ne va rien arranger</h3> <p>Les périodes de canicule peuvent entraîner des <strong>pics de pollution</strong> atmosphérique. Avec le réchauffement climatique, les périodes de fortes chaleurs ont rendu plus fréquents les épisodes de <strong>fortes concentrations en particules fines</strong> et autres polluants <a title=\"Canicule et pollution\" href=\"https://www.bouches-du-rhone.gouv.fr/Actions-de-l-Etat/Prevention-des-risques/Canicule/Les-bons-reflexes-canicule-et-fortes-chaleurs\" target=\"_blank\" rel=\"noopener\">tels que l’ozone</a> qui peuvent alors se retrouver à l’intérieur des logements.</p> <strong>pics de pollution</strong> <strong>fortes concentrations en particules fines</strong> <a title=\"Canicule et pollution\" href=\"https://www.bouches-du-rhone.gouv.fr/Actions-de-l-Etat/Prevention-des-risques/Canicule/Les-bons-reflexes-canicule-et-fortes-chaleurs\" target=\"_blank\" rel=\"noopener\">tels que l’ozone</a> <p>Le changement climatique a aussi une autre conséquence : l’augmentation du nombre de personnes allergiques. Aujourd’hui un tiers des Français et des Françaises souffrent d’<strong>allergies saisonnières</strong>. De mars à mai, nombreux sont les nez qui coulent, les yeux qui piquent voire pleurent et les mouchoirs sollicités. Avec le changement climatique, les arbres et plantes libèrent du pollen <a title=\"Changement climatique et pollen\" href=\"https://www.notre-environnement.gouv.fr/actualites/breves/article/le-changement-climatique-facteur-d-augmentation-des-allergies-aux-pollens\" target=\"_blank\" rel=\"noopener\">pendant plus longtemps ou encore plus tôt</a>. Pour ne rien aider, plus il y a de CO2 dans l’atmosphère, plus le risque d’avoir du pollen est élevé.</p> <strong>allergies saisonnières</strong> <a title=\"Changement climatique et pollen\" href=\"https://www.notre-environnement.gouv.fr/actualites/breves/article/le-changement-climatique-facteur-d-augmentation-des-allergies-aux-pollens\" target=\"_blank\" rel=\"noopener\">pendant plus longtemps ou encore plus tôt</a> <h3>Des sources et facteurs de pollution méconnus, mais aux conséquences dramatiques</h3> <p>Lorsque l’on sait que les Français et Françaises passent en moyenne <strong>80% de leur temps dans des espaces clos</strong> (bureaux, logement, transports, salle de spectacles, supermarché, etc.), cette liste a de quoi inquiéter.</p> <strong>80% de leur temps dans des espaces clos</strong> <p>En 2024, l’Anses estimait que l’exposition à plusieurs polluants de l’air intérieur entraînait environ <a title=\"ANSES pollution de l'air\" href=\"https://www.anses.fr/fr/system/files/CDLR-mg-Air-et-Sante21.pdf\" target=\"_blank\" rel=\"noopener\">20&nbsp;000 décès prématurés</a> chaque année en France. 20% des enfants de plus de 9 ans et plus de 30% des adultes souffriraient de rhinites saisonnières (le fameux “rhume des foins”).</p> <a title=\"ANSES pollution de l'air\" href=\"https://www.anses.fr/fr/system/files/CDLR-mg-Air-et-Sante21.pdf\" target=\"_blank\" rel=\"noopener\">20&nbsp;000 décès prématurés</a> <p>La pollution de l’air entraîne donc une <strong>hausse des maladies respiratoires</strong>, pour beaucoup chroniques : asthme, allergies, cancer du poumon, bronchopneumopathie, etc.</p> <strong>hausse des maladies respiratoires</strong> <p>S’il est difficile de lutter contre toutes les sources de pollutions de l’air à l’échelle individuelle, il est néanmoins possible d’améliorer la qualité de son air intérieur, notamment grâce à des équipements spécifiques. S’il est un atout des <a title=\"Climatisation réversibles - PAC air-air\" href=\"/equipements/climatisation\">pompes à chaleur air-air</a> que l’on ne peut manquer de mentionner, c’est bien leur capacité à <strong>assainir l’air ambiant</strong>.</p> <a title=\"Climatisation réversibles - PAC air-air\" href=\"/equipements/climatisation\">pompes à chaleur air-air</a> <strong>assainir l’air ambiant</strong>"
    },
    {
      "title": "Comment la climatisation réversible assainit l’air intérieur",
      "text": "<p>Nous vous le disions plus haut, la climatisation réversible est reconnue pour sa polyvalence. Cette pompe à chaleur air-air permet de se rafraîchir en été, au point de devenir indispensable pour les plus fragiles. De plus, elle se convertit en chauffage une fois la période froide arrivée.</p> <p>D’autres domaines dans lesquels s’illustrent les climatisations réversibles sont la filtration de l’air et sa déshumidification.</p> <h3>Des filtres pour le bien-être respiratoire</h3> <p>Les climatisations réversibles sont aujourd’hui équipées de plusieurs filtres qui <strong>retiennent les polluants</strong>.</p> <strong>retiennent les polluants</strong> <p>Les <strong>filtres mécaniques</strong> sont votre première barrière. Ils retiennent les éléments les plus gros. Le <strong>filtre électrostatique</strong> s’occupe des plus fines particules : pollens, poussières, allergènes, par exemple.</p> <strong>filtres mécaniques</strong> <strong>filtre électrostatique</strong> <p>Certains modèles peuvent en plus inclure un filtre à charbon actif. Celui-ci se chargera plutôt d’éliminer les mauvaises odeurs en provenance de l’extérieur, pour un confort optimal.</p> <h3>Déshumidifier l’air ambiant</h3> <p>Par son fonctionnement, une pompe à chaleur air-air <strong>déshumidifie l’air de votre logement</strong>. En effet, elle aspire l’air intérieur qui va passer dans un compresseur puis un condenseur dans lequel circule un fluide frigorigène. Ce fluide, qui change d’état - gazeux ou liquide - pour réchauffer ou refroidir votre maison, va opérer un transfert de chaleur avec l’air ambiant avant de le réinjecter dans votre logement. Lors de ce transfert d’énergie calorifique, l’humidité de l’air se condense et est rejetée à l’extérieur du logement via un tuyau d’évacuation : c’est la fameuse eau qui s’écoule de votre clim !</p> <strong>déshumidifie l’air de votre logement</strong> <h3>Une température constante</h3> <p>Un autre avantage de la climatisation réversible est de <strong>maintenir une température constante</strong> dans votre logement. Finis les changements de température qui fragilisent les muqueuses. C’est aussi la garantie d’un confort thermique optimal, ce qui peut notamment réduire la fatigue chronique. Pensez notamment à maintenir un écart de température de moins de 8°C par rapport à l’air extérieur : la planète et votre corps vous remercieront !</p> <strong>maintenir une température constante</strong>"
    },
    {
      "title": "Les bons gestes pour garder un air sain avec votre clim",
      "text": "<p>Pour conserver un air sain dans votre logement, <a title=\"Installer climatisation Alpes-Maritimes\" href=\"/installation/climatisation\">une climatisation réversible</a> peut vous aider, mais il convient de la maintenir dans un bon état de fonctionnement afin de bénéficier de ses nombreux avantages.</p> <a title=\"Installer climatisation Alpes-Maritimes\" href=\"/installation/climatisation\">une climatisation réversible</a> <p>Tout d’abord, il vous faudra en <a title=\"Entretien climatisation Alpes-Maritimes\" href=\"/entretien/climatisation-pompe-a-chaleur\">effectuer l’entretien régulier</a> : nettoyage des filtres, vérification des réglages et de l’étanchéité du système. Ici, nous pouvons vous aider !</p> <a title=\"Entretien climatisation Alpes-Maritimes\" href=\"/entretien/climatisation-pompe-a-chaleur\">effectuer l’entretien régulier</a> <p>Enfin, veillez également à maintenir le taux d’humidité de votre logement entre 40 et 60% pour éviter l’assèchement des muqueuses ou la prolifération des polluants biologiques.</p> <p>La climatisation réversible n’est pas une solution miracle face aux allergies et à la pollution. Cependant, elle peut être un outil précieux pour <strong>réduire les concentrations de polluants</strong> atmosphériques et améliorer le confort respiratoire, en particulier dans les zones où la qualité de l'air extérieur est médiocre ou lors des épisodes de canicule.</p> <strong>réduire les concentrations de polluants</strong>"
    }
  ]
}