{
  "breadcrumb": "Remplacez votre chaudière avant l'arrêt des aides !",
  "seo": {
    "title": "Profitez des derniers instants du Coup de Pouce Chauffage !",
    "description": "C'est le moment de remplacer votre chaudière pour profiter des aides Coup de Pouce Chauffage.",
    "opengraph": {
      "site_name": "",
      "type": "",
      "locale": "",
      "title": "",
      "description": "",
      "image": {
        "src": "",
        "alt": ""
      }
    }
  },
  "title": " Remplacez votre chaudière avant l'arrêt des aides ! ",
  "chapo": "Il est encore temps de remplacer votre chaudière pour profiter des aides Coup de Pouce.",
  "image": {
    "src": "/upload/files/60ae17cf7373e914011325.jpg",
    "alt": "Remplacez votre chaudière avant l'arrêt des aides !"
  },
  "intro": "<p>Avec l'arrêté paru le 16 Avril, les chaudières gaz qui bénéficient d’un Coup de pouce chauffage pouvant aller jusqu’à 1200€ <strong>vont s'arrêter au 1er juillet</strong>.<br>\nIl est encore temps ! Mais il faut se décider rapidement afin que le devis de changement de la chaudière soit engagé avant le 30 juin et les travaux réalisés avant le 30 septembre.</p> <p>Les aides concernées par cet arrêté sont les Coup de pouce chauffage permettant le remplacement des vieilles chaudières gaz ou Fioul par des chaudières gaz à très haute performance énergétique (THPE).</p> <p>Ce coup de pouce chauffage gaz permet jusqu’au 30 juin, de bénéficier d’une <strong>aide financière sans condition de revenus de 600€ a minima et pouvant être de 1200€ selon vos conditions de revenus (précaires*) pour l’installation de votre nouvelle chaudière.</strong></p> <p>Cette aide, directement déduite dans le devis, vous permet de ne payer que le restant à charge. Les démarches simplifiées sont également gérées par Electrogaz, professionnel qualifié RGE chauffage Gaz sur votre département.</p> <p>&nbsp;</p> <p>&nbsp;</p> <p>Pas d’hésitations, il faut aller vite pour bénéficier des derniers coups de pouce chauffage Chaudière gaz THPE, il faut s'engager <strong>avant le 30 juin (devis signé ) et le chantier doit être réalisé avant le 30 septembre 2021.</strong></p> <p>Electrogaz fera tout son possible pour répondre à vos demandes le plus rapidement possible et dans le délai annoncé.</p> <p><strong><a href=\"/nous-contacter\">Contactez Electrogaz</a> pour obtenir des conseils sur votre projet chauffage et pour obtenir un devis gratuit rapidement.</strong></p> <p>&nbsp;</p>",
  "paragraphs": []
}