{
  "breadcrumb": "Rénovation énergétique et aides financières : les changements de l'été",
  "seo": {
    "title": "Rénovation énergétique & aides : quoi de neuf à l'été 2024 ?",
    "description": "Déblocage anticipé de son Plan Epargne Entreprise, accès des propriétaires bailleurs à MaPrimeRénov', ajustement du DPE : EGS Energies fait le tour des nouveautés sur les aides à la rénovation énergétique en France.",
    "opengraph": {
      "site_name": "",
      "type": "",
      "locale": "",
      "title": "",
      "description": "",
      "image": {
        "src": "",
        "alt": ""
      }
    }
  },
  "title": " Rénovation énergétique et aides financières : les changements de l'été ",
  "chapo": "Déblocage du PEE, MaPrimeRénov', et propriétaires bailleurs, ajustement du DPE : qu'est-ce qui a changé cet été ?",
  "image": {
    "src": "/upload/files/egs-energies-article-aides-renovation-energetique-2024-4f52274098.jpg",
    "alt": "Rénovation énergétique et aides financières : les changements de l'été"
  },
  "intro": "<p>Depuis le 1er juillet 2024, des changements importants sont mis en place pour améliorer la rénovation énergétique des logements. Déblocage anticipé de l’épargne salariale, éligibilité des propriétaires bailleurs à MaPrimeRénov’, changement du DPE : des petites nouveautés qui peuvent avoir un fort impact sur votre budget de rénovation pour votre logement.</p> <p>EGS Energies fait le tour des principales nouveautés et ce qu’elles impliquent pour les propriétaires et les locataires des Alpes-Maritimes.</p>",
  "paragraphs": [
    {
      "title": "Déblocage anticipé du Plan Épargne Entreprise (PEE) pour la rénovation énergétique",
      "text": "<p>Depuis le 6 juillet 2024, une nouvelle mesure permet de débloquer de manière anticipée les fonds du Plan Épargne Entreprise (PEE) pour financer des travaux de rénovation énergétique. Cette avancée, rendue possible par le décret n° 2024-690, permet aux salariés de mobiliser leur épargne salariale pour des projets tels que le remplacement de systèmes de chauffage, l'amélioration de l'isolation thermique, et l'installation de systèmes de ventilation.</p> <p>Les travaux doivent <strong>concerner la résidence principale</strong> du bénéficiaire et être réalisés par un professionnel certifié RGE (Reconnu Garant de l’Environnement). Les dépenses doivent être justifiées par un bon de commande ou une facture, et les bénéficiaires disposent de six mois après la date du justificatif de paiement pour soumettre leur demande de déblocage.</p> <strong>concerner la résidence principale</strong> <p>Cette mesure vise à encourager les investissements dans des rénovations énergétiques, réduisant ainsi les dépenses énergétiques et l’empreinte carbone des foyers français.</p>"
    },
    {
      "title": "Des propriétaires bailleurs peuvent avoir droit à MaPrimeRénov’",
      "text": "<p>Depuis le 1er juillet 2024, <a href=\"https://www.anil.org/aj-maprimerenov-parcours-accompagne-bailleurs-ressources-modestes-et-tres-modestes/\">les propriétaires bailleurs parmi les plus modestes</a> sont désormais éligibles à MaPrimeRénov’ Parcours Accompagné. Ce dispositif, initialement destiné aux propriétaires occupants, inclut désormais les bailleurs sous conditions de ressources. Le logement rénové doit être loué pendant au moins six ans, et les travaux doivent être réalisés par des entreprises certifiées RGE (Reconnu Garant de l’Environnement).</p> <a href=\"https://www.anil.org/aj-maprimerenov-parcours-accompagne-bailleurs-ressources-modestes-et-tres-modestes/\">les propriétaires bailleurs parmi les plus modestes</a> <p><em>MPR 2024 : plafonds de ressources pour les propriétaires bailleurs</em></p> <em>MPR 2024 : plafonds de ressources pour les propriétaires bailleurs</em> <table style=\"border-collapse: collapse; border: 1px solid #cccccc;\">\n<thead>\n<tr>\n<th style=\"border: 1px solid #cccccc; padding: 5px;\" colspan=\"2\">Propriétaires bailleurs très modestes</th>\n<th style=\"border: 1px solid #cccccc; padding: 5px;\" colspan=\"2\">Propriétaires bailleurs modestes</th>\n</tr>\n<tr>\n<th style=\"border: 1px solid #cccccc; padding: 5px;\">Nombre de personne composant le ménage</th>\n<th style=\"border: 1px solid #cccccc; padding: 5px;\">Ile-de-France</th>\n<th style=\"border: 1px solid #cccccc; padding: 5px;\">Autres collectivités</th>\n<th style=\"border: 1px solid #cccccc; padding: 5px;\">Ile-de-France</th>\n<th style=\"border: 1px solid #cccccc; padding: 5px;\">Autres collectivités</th>\n</tr>\n</thead>\n<tbody>\n<tr>\n<td style=\"border: 1px solid #cccccc; padding: 5px;\">1</td>\n<td style=\"border: 1px solid #cccccc; padding: 5px;\">23 541 €</td>\n<td style=\"border: 1px solid #cccccc; padding: 5px;\">17 009 €</td>\n<td style=\"border: 1px solid #cccccc; padding: 5px;\">28 657 €</td>\n<td style=\"border: 1px solid #cccccc; padding: 5px;\">21 805 €</td>\n</tr>\n<tr>\n<td style=\"border: 1px solid #cccccc; padding: 5px;\">2</td>\n<td style=\"border: 1px solid #cccccc; padding: 5px;\">34 551 €</td>\n<td style=\"border: 1px solid #cccccc; padding: 5px;\">24 875 €</td>\n<td style=\"border: 1px solid #cccccc; padding: 5px;\">42 048 €</td>\n<td style=\"border: 1px solid #cccccc; padding: 5px;\">31 889 €</td>\n</tr>\n<tr>\n<td style=\"border: 1px solid #cccccc; padding: 5px;\">3</td>\n<td style=\"border: 1px solid #cccccc; padding: 5px;\">41 493 €</td>\n<td style=\"border: 1px solid #cccccc; padding: 5px;\">29 917 €</td>\n<td style=\"border: 1px solid #cccccc; padding: 5px;\">50 513 €</td>\n<td style=\"border: 1px solid #cccccc; padding: 5px;\">38 349 €</td>\n</tr>\n<tr>\n<td style=\"border: 1px solid #cccccc; padding: 5px;\">4</td>\n<td style=\"border: 1px solid #cccccc; padding: 5px;\">48 447 €</td>\n<td style=\"border: 1px solid #cccccc; padding: 5px;\">34 948 €</td>\n<td style=\"border: 1px solid #cccccc; padding: 5px;\">58 981 €</td>\n<td style=\"border: 1px solid #cccccc; padding: 5px;\">44 802 €</td>\n</tr>\n<tr>\n<td style=\"border: 1px solid #cccccc; padding: 5px;\">5</td>\n<td style=\"border: 1px solid #cccccc; padding: 5px;\">55 427 €</td>\n<td style=\"border: 1px solid #cccccc; padding: 5px;\">40 002 €</td>\n<td style=\"border: 1px solid #cccccc; padding: 5px;\">67 473 €</td>\n<td style=\"border: 1px solid #cccccc; padding: 5px;\">51 281 €</td>\n</tr>\n<tr>\n<td style=\"border: 1px solid #cccccc; padding: 5px;\">Par personne supplémentaire</td>\n<td style=\"border: 1px solid #cccccc; padding: 5px;\">6 970 €</td>\n<td style=\"border: 1px solid #cccccc; padding: 5px;\">5 045 €</td>\n<td style=\"border: 1px solid #cccccc; padding: 5px;\">8 486 €</td>\n<td style=\"border: 1px solid #cccccc; padding: 5px;\">6 462 €</td>\n</tr>\n</tbody>\n</table> <thead>\n<tr>\n<th style=\"border: 1px solid #cccccc; padding: 5px;\" colspan=\"2\">Propriétaires bailleurs très modestes</th>\n<th style=\"border: 1px solid #cccccc; padding: 5px;\" colspan=\"2\">Propriétaires bailleurs modestes</th>\n</tr>\n<tr>\n<th style=\"border: 1px solid #cccccc; padding: 5px;\">Nombre de personne composant le ménage</th>\n<th style=\"border: 1px solid #cccccc; padding: 5px;\">Ile-de-France</th>\n<th style=\"border: 1px solid #cccccc; padding: 5px;\">Autres collectivités</th>\n<th style=\"border: 1px solid #cccccc; padding: 5px;\">Ile-de-France</th>\n<th style=\"border: 1px solid #cccccc; padding: 5px;\">Autres collectivités</th>\n</tr>\n</thead> <tr>\n<th style=\"border: 1px solid #cccccc; padding: 5px;\" colspan=\"2\">Propriétaires bailleurs très modestes</th>\n<th style=\"border: 1px solid #cccccc; padding: 5px;\" colspan=\"2\">Propriétaires bailleurs modestes</th>\n</tr> <th style=\"border: 1px solid #cccccc; padding: 5px;\" colspan=\"2\">Propriétaires bailleurs très modestes</th> <th style=\"border: 1px solid #cccccc; padding: 5px;\" colspan=\"2\">Propriétaires bailleurs modestes</th> <tr>\n<th style=\"border: 1px solid #cccccc; padding: 5px;\">Nombre de personne composant le ménage</th>\n<th style=\"border: 1px solid #cccccc; padding: 5px;\">Ile-de-France</th>\n<th style=\"border: 1px solid #cccccc; padding: 5px;\">Autres collectivités</th>\n<th style=\"border: 1px solid #cccccc; padding: 5px;\">Ile-de-France</th>\n<th style=\"border: 1px solid #cccccc; padding: 5px;\">Autres collectivités</th>\n</tr> <th style=\"border: 1px solid #cccccc; padding: 5px;\">Nombre de personne composant le ménage</th> <th style=\"border: 1px solid #cccccc; padding: 5px;\">Ile-de-France</th> <th style=\"border: 1px solid #cccccc; padding: 5px;\">Autres collectivités</th> <th style=\"border: 1px solid #cccccc; padding: 5px;\">Ile-de-France</th> <th style=\"border: 1px solid #cccccc; padding: 5px;\">Autres collectivités</th> <tbody>\n<tr>\n<td style=\"border: 1px solid #cccccc; padding: 5px;\">1</td>\n<td style=\"border: 1px solid #cccccc; padding: 5px;\">23 541 €</td>\n<td style=\"border: 1px solid #cccccc; padding: 5px;\">17 009 €</td>\n<td style=\"border: 1px solid #cccccc; padding: 5px;\">28 657 €</td>\n<td style=\"border: 1px solid #cccccc; padding: 5px;\">21 805 €</td>\n</tr>\n<tr>\n<td style=\"border: 1px solid #cccccc; padding: 5px;\">2</td>\n<td style=\"border: 1px solid #cccccc; padding: 5px;\">34 551 €</td>\n<td style=\"border: 1px solid #cccccc; padding: 5px;\">24 875 €</td>\n<td style=\"border: 1px solid #cccccc; padding: 5px;\">42 048 €</td>\n<td style=\"border: 1px solid #cccccc; padding: 5px;\">31 889 €</td>\n</tr>\n<tr>\n<td style=\"border: 1px solid #cccccc; padding: 5px;\">3</td>\n<td style=\"border: 1px solid #cccccc; padding: 5px;\">41 493 €</td>\n<td style=\"border: 1px solid #cccccc; padding: 5px;\">29 917 €</td>\n<td style=\"border: 1px solid #cccccc; padding: 5px;\">50 513 €</td>\n<td style=\"border: 1px solid #cccccc; padding: 5px;\">38 349 €</td>\n</tr>\n<tr>\n<td style=\"border: 1px solid #cccccc; padding: 5px;\">4</td>\n<td style=\"border: 1px solid #cccccc; padding: 5px;\">48 447 €</td>\n<td style=\"border: 1px solid #cccccc; padding: 5px;\">34 948 €</td>\n<td style=\"border: 1px solid #cccccc; padding: 5px;\">58 981 €</td>\n<td style=\"border: 1px solid #cccccc; padding: 5px;\">44 802 €</td>\n</tr>\n<tr>\n<td style=\"border: 1px solid #cccccc; padding: 5px;\">5</td>\n<td style=\"border: 1px solid #cccccc; padding: 5px;\">55 427 €</td>\n<td style=\"border: 1px solid #cccccc; padding: 5px;\">40 002 €</td>\n<td style=\"border: 1px solid #cccccc; padding: 5px;\">67 473 €</td>\n<td style=\"border: 1px solid #cccccc; padding: 5px;\">51 281 €</td>\n</tr>\n<tr>\n<td style=\"border: 1px solid #cccccc; padding: 5px;\">Par personne supplémentaire</td>\n<td style=\"border: 1px solid #cccccc; padding: 5px;\">6 970 €</td>\n<td style=\"border: 1px solid #cccccc; padding: 5px;\">5 045 €</td>\n<td style=\"border: 1px solid #cccccc; padding: 5px;\">8 486 €</td>\n<td style=\"border: 1px solid #cccccc; padding: 5px;\">6 462 €</td>\n</tr>\n</tbody> <tr>\n<td style=\"border: 1px solid #cccccc; padding: 5px;\">1</td>\n<td style=\"border: 1px solid #cccccc; padding: 5px;\">23 541 €</td>\n<td style=\"border: 1px solid #cccccc; padding: 5px;\">17 009 €</td>\n<td style=\"border: 1px solid #cccccc; padding: 5px;\">28 657 €</td>\n<td style=\"border: 1px solid #cccccc; padding: 5px;\">21 805 €</td>\n</tr> <td style=\"border: 1px solid #cccccc; padding: 5px;\">1</td> <td style=\"border: 1px solid #cccccc; padding: 5px;\">23 541 €</td> <td style=\"border: 1px solid #cccccc; padding: 5px;\">17 009 €</td> <td style=\"border: 1px solid #cccccc; padding: 5px;\">28 657 €</td> <td style=\"border: 1px solid #cccccc; padding: 5px;\">21 805 €</td> <tr>\n<td style=\"border: 1px solid #cccccc; padding: 5px;\">2</td>\n<td style=\"border: 1px solid #cccccc; padding: 5px;\">34 551 €</td>\n<td style=\"border: 1px solid #cccccc; padding: 5px;\">24 875 €</td>\n<td style=\"border: 1px solid #cccccc; padding: 5px;\">42 048 €</td>\n<td style=\"border: 1px solid #cccccc; padding: 5px;\">31 889 €</td>\n</tr> <td style=\"border: 1px solid #cccccc; padding: 5px;\">2</td> <td style=\"border: 1px solid #cccccc; padding: 5px;\">34 551 €</td> <td style=\"border: 1px solid #cccccc; padding: 5px;\">24 875 €</td> <td style=\"border: 1px solid #cccccc; padding: 5px;\">42 048 €</td> <td style=\"border: 1px solid #cccccc; padding: 5px;\">31 889 €</td> <tr>\n<td style=\"border: 1px solid #cccccc; padding: 5px;\">3</td>\n<td style=\"border: 1px solid #cccccc; padding: 5px;\">41 493 €</td>\n<td style=\"border: 1px solid #cccccc; padding: 5px;\">29 917 €</td>\n<td style=\"border: 1px solid #cccccc; padding: 5px;\">50 513 €</td>\n<td style=\"border: 1px solid #cccccc; padding: 5px;\">38 349 €</td>\n</tr> <td style=\"border: 1px solid #cccccc; padding: 5px;\">3</td> <td style=\"border: 1px solid #cccccc; padding: 5px;\">41 493 €</td> <td style=\"border: 1px solid #cccccc; padding: 5px;\">29 917 €</td> <td style=\"border: 1px solid #cccccc; padding: 5px;\">50 513 €</td> <td style=\"border: 1px solid #cccccc; padding: 5px;\">38 349 €</td> <tr>\n<td style=\"border: 1px solid #cccccc; padding: 5px;\">4</td>\n<td style=\"border: 1px solid #cccccc; padding: 5px;\">48 447 €</td>\n<td style=\"border: 1px solid #cccccc; padding: 5px;\">34 948 €</td>\n<td style=\"border: 1px solid #cccccc; padding: 5px;\">58 981 €</td>\n<td style=\"border: 1px solid #cccccc; padding: 5px;\">44 802 €</td>\n</tr> <td style=\"border: 1px solid #cccccc; padding: 5px;\">4</td> <td style=\"border: 1px solid #cccccc; padding: 5px;\">48 447 €</td> <td style=\"border: 1px solid #cccccc; padding: 5px;\">34 948 €</td> <td style=\"border: 1px solid #cccccc; padding: 5px;\">58 981 €</td> <td style=\"border: 1px solid #cccccc; padding: 5px;\">44 802 €</td> <tr>\n<td style=\"border: 1px solid #cccccc; padding: 5px;\">5</td>\n<td style=\"border: 1px solid #cccccc; padding: 5px;\">55 427 €</td>\n<td style=\"border: 1px solid #cccccc; padding: 5px;\">40 002 €</td>\n<td style=\"border: 1px solid #cccccc; padding: 5px;\">67 473 €</td>\n<td style=\"border: 1px solid #cccccc; padding: 5px;\">51 281 €</td>\n</tr> <td style=\"border: 1px solid #cccccc; padding: 5px;\">5</td> <td style=\"border: 1px solid #cccccc; padding: 5px;\">55 427 €</td> <td style=\"border: 1px solid #cccccc; padding: 5px;\">40 002 €</td> <td style=\"border: 1px solid #cccccc; padding: 5px;\">67 473 €</td> <td style=\"border: 1px solid #cccccc; padding: 5px;\">51 281 €</td> <tr>\n<td style=\"border: 1px solid #cccccc; padding: 5px;\">Par personne supplémentaire</td>\n<td style=\"border: 1px solid #cccccc; padding: 5px;\">6 970 €</td>\n<td style=\"border: 1px solid #cccccc; padding: 5px;\">5 045 €</td>\n<td style=\"border: 1px solid #cccccc; padding: 5px;\">8 486 €</td>\n<td style=\"border: 1px solid #cccccc; padding: 5px;\">6 462 €</td>\n</tr> <td style=\"border: 1px solid #cccccc; padding: 5px;\">Par personne supplémentaire</td> <td style=\"border: 1px solid #cccccc; padding: 5px;\">6 970 €</td> <td style=\"border: 1px solid #cccccc; padding: 5px;\">5 045 €</td> <td style=\"border: 1px solid #cccccc; padding: 5px;\">8 486 €</td> <td style=\"border: 1px solid #cccccc; padding: 5px;\">6 462 €</td>"
    },
    {
      "title": "L’ajustement du Diagnostic de Performance Énergétique pour les petites surfaces",
      "text": "<p>Depuis février dernier, le gouvernement a <a title=\"Changements DPE 2025\" href=\"../../conseils-et-actualites/dpe-changements-2025\">modifié le <strong>DPE</strong></a> afin de mieux refléter la performance énergétique des logements de moins de 40 m². Cette révision vise à éviter que ces petites habitations ne soient injustement classées comme passoires thermiques.</p> <a title=\"Changements DPE 2025\" href=\"../../conseils-et-actualites/dpe-changements-2025\">modifié le <strong>DPE</strong></a> <strong>DPE</strong> <p>En plus de cette modification, plusieurs dates clés marquent des étapes importantes dans la mise en œuvre de cette mesure. Les logements classés G seront interdits à la location dès 2025. En 2028, ce sera au tour des logements classés F. Puis, les logements de classe E seront interdits à la location.</p>"
    },
    {
      "title": "MaPrimeRenov’ : l’écrêtement va-t-il bouger ?",
      "text": "<p>Un projet de décret publié le 16 juillet propose la modification des plafonds d’écrêtement des aides MaPrimeRenov’. Les ménages modestes, intermédiaires et supérieurs verraient ainsi leur plafond augmenter. Ce décret pourrait être appliqué dès 2025.</p> <table style=\"border-collapse: collapse; border: 1px solid #cccccc;\">\n<thead>\n<tr>\n<th style=\"border: 1px solid #cccccc; padding: 5px;\">Taux d’écrêtement actuel (au 15/07/2024)</th>\n<th style=\"border: 1px solid #cccccc; padding: 5px;\">Taux d’écrêtement à venir</th>\n</tr>\n</thead>\n<tbody>\n<tr>\n<td style=\"border: 1px solid #cccccc; padding: 5px;\">Bleu (ménages très modestes)</td>\n<td style=\"border: 1px solid #cccccc; padding: 5px;\">100%</td>\n<td style=\"border: 1px solid #cccccc; padding: 5px;\">100%</td>\n</tr>\n<tr>\n<td style=\"border: 1px solid #cccccc; padding: 5px;\">Jaune (ménages modestes)</td>\n<td style=\"border: 1px solid #cccccc; padding: 5px;\">80%</td>\n<td style=\"border: 1px solid #cccccc; padding: 5px;\">90%</td>\n</tr>\n<tr>\n<td style=\"border: 1px solid #cccccc; padding: 5px;\">Violet (ménages intermédiaires)</td>\n<td style=\"border: 1px solid #cccccc; padding: 5px;\">60%</td>\n<td style=\"border: 1px solid #cccccc; padding: 5px;\">80%</td>\n</tr>\n<tr>\n<td style=\"border: 1px solid #cccccc; padding: 5px;\">Rose (revenus supérieurs)</td>\n<td style=\"border: 1px solid #cccccc; padding: 5px;\">40%</td>\n<td style=\"border: 1px solid #cccccc; padding: 5px;\">50%</td>\n</tr>\n</tbody>\n</table> <thead>\n<tr>\n<th style=\"border: 1px solid #cccccc; padding: 5px;\">Taux d’écrêtement actuel (au 15/07/2024)</th>\n<th style=\"border: 1px solid #cccccc; padding: 5px;\">Taux d’écrêtement à venir</th>\n</tr>\n</thead> <tr>\n<th style=\"border: 1px solid #cccccc; padding: 5px;\">Taux d’écrêtement actuel (au 15/07/2024)</th>\n<th style=\"border: 1px solid #cccccc; padding: 5px;\">Taux d’écrêtement à venir</th>\n</tr> <th style=\"border: 1px solid #cccccc; padding: 5px;\">Taux d’écrêtement actuel (au 15/07/2024)</th> <th style=\"border: 1px solid #cccccc; padding: 5px;\">Taux d’écrêtement à venir</th> <tbody>\n<tr>\n<td style=\"border: 1px solid #cccccc; padding: 5px;\">Bleu (ménages très modestes)</td>\n<td style=\"border: 1px solid #cccccc; padding: 5px;\">100%</td>\n<td style=\"border: 1px solid #cccccc; padding: 5px;\">100%</td>\n</tr>\n<tr>\n<td style=\"border: 1px solid #cccccc; padding: 5px;\">Jaune (ménages modestes)</td>\n<td style=\"border: 1px solid #cccccc; padding: 5px;\">80%</td>\n<td style=\"border: 1px solid #cccccc; padding: 5px;\">90%</td>\n</tr>\n<tr>\n<td style=\"border: 1px solid #cccccc; padding: 5px;\">Violet (ménages intermédiaires)</td>\n<td style=\"border: 1px solid #cccccc; padding: 5px;\">60%</td>\n<td style=\"border: 1px solid #cccccc; padding: 5px;\">80%</td>\n</tr>\n<tr>\n<td style=\"border: 1px solid #cccccc; padding: 5px;\">Rose (revenus supérieurs)</td>\n<td style=\"border: 1px solid #cccccc; padding: 5px;\">40%</td>\n<td style=\"border: 1px solid #cccccc; padding: 5px;\">50%</td>\n</tr>\n</tbody> <tr>\n<td style=\"border: 1px solid #cccccc; padding: 5px;\">Bleu (ménages très modestes)</td>\n<td style=\"border: 1px solid #cccccc; padding: 5px;\">100%</td>\n<td style=\"border: 1px solid #cccccc; padding: 5px;\">100%</td>\n</tr> <td style=\"border: 1px solid #cccccc; padding: 5px;\">Bleu (ménages très modestes)</td> <td style=\"border: 1px solid #cccccc; padding: 5px;\">100%</td> <td style=\"border: 1px solid #cccccc; padding: 5px;\">100%</td> <tr>\n<td style=\"border: 1px solid #cccccc; padding: 5px;\">Jaune (ménages modestes)</td>\n<td style=\"border: 1px solid #cccccc; padding: 5px;\">80%</td>\n<td style=\"border: 1px solid #cccccc; padding: 5px;\">90%</td>\n</tr> <td style=\"border: 1px solid #cccccc; padding: 5px;\">Jaune (ménages modestes)</td> <td style=\"border: 1px solid #cccccc; padding: 5px;\">80%</td> <td style=\"border: 1px solid #cccccc; padding: 5px;\">90%</td> <tr>\n<td style=\"border: 1px solid #cccccc; padding: 5px;\">Violet (ménages intermédiaires)</td>\n<td style=\"border: 1px solid #cccccc; padding: 5px;\">60%</td>\n<td style=\"border: 1px solid #cccccc; padding: 5px;\">80%</td>\n</tr> <td style=\"border: 1px solid #cccccc; padding: 5px;\">Violet (ménages intermédiaires)</td> <td style=\"border: 1px solid #cccccc; padding: 5px;\">60%</td> <td style=\"border: 1px solid #cccccc; padding: 5px;\">80%</td> <tr>\n<td style=\"border: 1px solid #cccccc; padding: 5px;\">Rose (revenus supérieurs)</td>\n<td style=\"border: 1px solid #cccccc; padding: 5px;\">40%</td>\n<td style=\"border: 1px solid #cccccc; padding: 5px;\">50%</td>\n</tr> <td style=\"border: 1px solid #cccccc; padding: 5px;\">Rose (revenus supérieurs)</td> <td style=\"border: 1px solid #cccccc; padding: 5px;\">40%</td> <td style=\"border: 1px solid #cccccc; padding: 5px;\">50%</td>"
    }
  ]
}