{
  "breadcrumb": "MaPrimeRénov’ : tout comprendre à la suspension du dispositif en 2025",
  "seo": {
    "title": "MaPrimeRénov' : Suspension temporaire expliquée",
    "description": "La suspension de MaPrimeRénov' prend effet dès cet été : comprenez pourquoi et quelles sont les autres aides disponibles pour vos travaux de rénovation.",
    "opengraph": {
      "site_name": "",
      "type": "",
      "locale": "",
      "title": "",
      "description": "",
      "image": {
        "src": "",
        "alt": ""
      }
    }
  },
  "title": " MaPrimeRénov’ : tout comprendre à la suspension du dispositif en 2025 ",
  "chapo": "Pourquoi MaPrimeRénov' est-elle suspendue cet été 2025 ? On vous explique tout !",
  "image": {
    "src": "/upload/files/egs-energies-article-suspension-maprimerenov-2025-aef07f9d77.jpg",
    "alt": "MaPrimeRénov’ : tout comprendre à la suspension du dispositif en 2025"
  },
  "intro": "<p>Début juin 2025, la ministre en charge du logement, Valérie Létard, a confirmé la suspension de <strong>MaPrimeRénov’ jusqu’à septembre</strong>.</p> <p>Depuis son lancement en 2020, MaPrimeRénov’ est devenue la principale aide publique pour financer les travaux de rénovation énergétique des logements. Accessible aux propriétaires occupants, bailleurs et copropriétés, elle soutient des opérations variées telles que le remplacement du chauffage ou la rénovation multi-geste.</p> <p>Gérée par l’ANAH, elle a permis à plusieurs centaines de milliers de ménages de rénover leur logement. En 2025, cependant, le dispositif traverse une période critique, avec une suspension durant l’été.</p>",
  "paragraphs": [
    {
      "title": "Suspension de MaPrimeRénov’ : qu’arrivera-t-il à mon dossier ?",
      "text": "<ul>\n<li><strong>Les dossiers déjà déposés et validés</strong> continueront à être instruits. Le versement des aides est maintenu, bien que des retards restent possibles.</li>\n<li><strong>Les nouvelles demandes ne seront plus acceptées</strong> à partir de la date de suspension (à préciser).</li>\n<li>Entre-temps, <strong>les dossiers non frauduleux soumis avant la fermeture seront traités et réglés</strong> dans les meilleurs délais, et une procédure d'instruction accélérée sera mise en œuvre.</li>\n<li>La <strong>reprise du dispositif</strong> est envisagée à partir de fin septembre 2025, sous réserve des arbitrages budgétaires attendus à l’été 2025.</li>\n</ul> <p>Quelle que soit votre situation, nos équipes sont à vos côtés. Vous souhaitez remplacer votre ancien chauffage ? Faire installer une pompe à chaleur ? Nos équipes vous conseillent sur les meilleures options et financements possibles.</p> <h3>Les alternatives à MaPrimeRénov’</h3> <p>Bien que MaPrimeRénov’ puisse ne plus être accessible, d'autres aides demeurent disponibles et intéressantes. Notamment, les <strong>certificats d’économies d’énergies</strong> (prime énergie CEE) sont toujours avantageux et peuvent représenter jusqu'à 40% du montant total des aides aujourd’hui.</p> <p>À titre d’exemple le <strong>Coup de Pouce Chauffage</strong> octroie 4 000 € minimum pour les foyers modestes, pour le remplacement d’une chaudière au charbon, fioul, gaz, condensation par une pompe à chaleur air-eau.</p> <p>De plus, <strong>le financement reste une option viable</strong> pour vos projets de rénovation. EGS Energies propose des <strong>facilités de paiement</strong> à des taux attractifs. Contactez nos équipes pour une simulation personnalisée.</p>"
    },
    {
      "title": "Pourquoi une suspension de MaPrimeRénov en 2025 ?",
      "text": "<p>D’après les informations publiées entre le 2 et 3 juin 2025 dans <em>Le Parisien</em>, <em>TF1 Info</em> ou <em>Boursier.com</em>, l’enveloppe budgétaire dédiée à MaPrimeRénov’ <strong>est pratiquement épuisée</strong>.</p> <ul>\n<li>Le budget 2025 s’élevait à <strong>2,3 milliards d’euros</strong></li>\n<li>Ces fonds ont été <strong>quasiment intégralement engagés dès juin</strong>, en raison d’un <strong>afflux de demandes</strong>, notamment pour des rénovations d’ampleur, plus coûteuses.</li>\n</ul> <p>En parallèle, la baisse du budget par rapport à 2021-2022 (4 milliards) combinée à la hausse de la demande, mais aussi des fraudes a créé une situation de tension pour le dispositif d’aide à la rénovation.</p> <p>Les retards d'instruction et de paiement se sont ainsi accumulés. L’ANAH reconnaît des délais allant <strong>de 63 à 105 jours pour l'instruction</strong>, et <strong>jusqu’à 49 jours supplémentaires pour le versement.</strong></p>"
    },
    {
      "title": "Et ensuite ? Quid de MaPrimeRénov’ en 2026 ?",
      "text": "<p>L’été sera un moment de réflexion et de relance pour le gouvernement. Objectif : relancer MaPrimeRénov’ d’ici fin septembre. La proposition de loi Cazenave, qui vise à renforcer les contrôles anti-fraude, pourrait aussi avoir un impact sur la gestion future de l’aide.</p> <p>Entre-temps, EGS Energies continue à vous accompagner et à vous conseiller pour alléger au plus votre devis. Il n’est pas trop tard pour bénéficier de MaPrimeRénov’ avant sa suspension. Si vous avez besoin d’un devis pour le remplacement de votre chauffage, vous pouvez contacter nos équipes.</p>"
    }
  ]
}