{
  "breadcrumb": "Tout savoir sur la pompe à chaleur",
  "seo": {
    "title": "Les avantages d’une pompe à chaleur air-eau",
    "description": "Découvrez pourquoi l'entretien régulier de votre PAC est important.",
    "opengraph": {
      "site_name": "",
      "type": "",
      "locale": "",
      "title": "",
      "description": "",
      "image": {
        "src": "",
        "alt": ""
      }
    }
  },
  "title": " Tout savoir sur la pompe à chaleur ",
  "chapo": "Découvrez pourquoi l'entretien régulier de votre PAC est important.",
  "image": {
    "src": "/upload/files/5fb6a0025a9d0938404724.jpg",
    "alt": "Tout savoir sur la pompe à chaleur"
  },
  "intro": "<p>Une <strong>pompe à chaleur air-eau</strong> est constituée de deux modules, un module intérieur et un module extérieur. Ces deux parties sont reliées entre elles par un fluide frigorigène ou de l’eau glycolée.&nbsp;</p> <p>Le module extérieur est placé dans le jardin, assez loin de l’habitation pour ne pas créer de nuisance sonore. Il est chargé de capter les calories de l’air extérieur.</p> <p>Ces calories sont ensuite utilisées pour chauffer l’eau de votre réseau de chauffage.</p> <p>L’unité intérieure est raccordée au <a href=\"https://assistance.homeserve.fr/assistance/electricite/chauffe-eau-et-radiateurs-electriques/\" style=\"text-decoration:none\">réseau de radiateurs</a> ou au <strong>plancher chauffant</strong> de votre habitation.<br>\nElle permet de diffuser la chaleur dans le logement.</p> <p>Cette solution de chauffage est apparue dans les années 1950. Depuis, elle est souvent installée dans les maisons neuves. La <strong>PAC air-eau</strong> utilise une énergie<strong> renouvelable</strong>.</p> <p>Elle permet aussi de <strong>diminuer les factures énergétiques </strong>de façon considérable.</p> <p>Jetons un œil aux avantages qu’offrent les <strong>pompes à chaleur air eau</strong>.</p> <p>&nbsp;</p> <hr>",
  "paragraphs": [
    {
      "title": "Les avantages de la pompe à chaleur air eau",
      "text": "<p>Tout d'abord, elles génèrent de substantielles <strong>économies d’énergie</strong>. Elles offrent aussi un grand<strong> confort de chauffe</strong> et d’utilisation.</p> <p>Voici les principaux <strong>avantages de la PAC</strong>&nbsp;:</p> <h3>Utilisation mixte, chauffage et eau chaude sanitaire&nbsp;:</h3> <p>Les pompes à chaleur air-eau peuvent être dotées du <strong>système ECS</strong> (eau chaude sanitaire) ou être agrémentées d’un ballon d’eau chaude. Choisir un système couplant la production d’<strong>eau chaude sanitaire et de chauffage</strong> offre de belles économies énergétiques.&nbsp;</p> <h3>Encombrement intérieur moindre&nbsp;:&nbsp;</h3> <p>Une PAC ne nécessite <strong>pas d’espace de stockage</strong> pour le combustible. Contrairement à d’autres énergies, elle peut produire de la chaleur à partir des seules calories extérieures.&nbsp; À l’inverse, le bois nécessite d'être stocké et le propane ou le fioul nécessitent une cuve.</p> <h3>Une faible consommation d’énergie :</h3> <p>Pour fonctionner, une PAC classique utilise 1 kWh d’électricité. Elle restitue ensuite 3 à 4 kWh de chaleur. Cette <strong>faible consommation d’énergie</strong> permet de réduire considérablement les dépenses. Comparée à un système de chauffage comme les chauffages électriques ou le chauffage au fioul, la PAC peut diviser votre facture de chauffage par 3 ou 4. La majorité des maisons individuelles chauffées au fioul ont une classe énergie E, F ou G. Remplacer un appareil au fioul par une PAC permet de diviser par 2 la facture de chauffage. Cela représente en moyenne une économie de 1.000 € par an.&nbsp;&nbsp;</p> <h3>Un grand confort d’utilisation :</h3> <p>Une pompe à chaleur fonctionne de façon <strong>autonome</strong>. Vous n’avez à vous occuper de rien, si ce n’est de régler le thermostat sur la température de votre choix. Une PAC <strong>chauffe rapidement</strong> et assure une <strong>température stable dans toutes les pièces</strong>.</p> <h3>Une installation simple et rapide :</h3> <p>La <strong>pompe chaleur air eau</strong> peut se raccorder sur une installation de chauffage déjà existante ou sur un plancher chauffant. Dans une habitation neuve, elle est simple et rapide à installer.</p> <h3>Pas de rejets :</h3> <p>Ce <strong>système de chauffage</strong> est <strong>écologique</strong>. Il ne rejette <strong>pas de fumées</strong> dans l’atmosphère ou dans votre habitation. Il ne rejette aucun dioxyde de carbone. De plus, il n’y a <strong>pas de conduit d’évacuation</strong> à prévoir.</p> <h3>Un seul appareil pour tous vos besoins :</h3> <p>Une pompe à chaleur peut produire le chauffage et l’eau chaude de votre habitation. Elle peut également rafraîchir vos pièces en période estivale. Pour cela, optez pour un modèle réversible vous faisant bénéficier de la <strong>climatisation</strong>.</p> <h3>Éligible aux aides financières :</h3> <p>Pour l’achat et l’installation d’une PAC, vous pouvez bénéficier de plusieurs aides financières cumulables : <strong>MaPrimeRénov’</strong> et le <strong>Coup de Pouce Chauffage</strong>. Ces deux subventions sont accessibles à tous les ménages. Par exemple, pour l’achat d’une pompe à chaleur, le montant minimum du Coup de Pouce Chauffage s’élève à 600 €. À noter que les foyers les plus modestes bénéficient d’une aide plus importante pour ces deux primes.&nbsp;</p> <p>Pour vous aider à évaluer le montant auquel vous pouvez prétendre, le gouvernement a mis en place un site de simulation d’aides à la rénovation énergétique : <a href=\"https://www.faire.gouv.fr/aides-de-financement/simulaides\" style=\"text-decoration:none\">https://www.faire.gouv.fr/aides-de-financement/simulaides</a>&nbsp;</p> <hr>"
    },
    {
      "title": "Évolution de la réglementation sur l’entretien des pompes à chaleur",
      "text": "<p>Depuis la mise en œuvre de la nouvelle réglementation relative aux systèmes de chauffage, et notamment aux pompes à chaleur, un <strong>entretien de votre pompe à chaleur devra être réalisé tous les 2 ans</strong>. Les professionnels recommandent toutefois de faire réaliser cet entretien tous les ans. Cela offre des performances énergétiques et une longévité du système supérieures.</p> <h3>L’ancienne réglementation et la nouvelle réglementation&nbsp;: qu’est-ce qui change&nbsp;?&nbsp;</h3> <h4><strong>Avant 2020</strong></h4> <p>Jusqu’à cette année, seules les pompes à chaleur utilisant du fluide frigorigène étaient soumises à un entretien obligatoire.&nbsp;</p> <p>La fréquence de l’intervention dépendait de la quantité de fluide utilisée par l’appareil. De 2 à 30 kg, l’inspection était annuelle. De 30 à 300 kg, la maintenance était semestrielle. Au-delà de 300 Kg de fluide, l’entretien était trimestriel.</p> <h4><strong>Depuis 2020</strong></h4> <p>Le <a href=\"https://www.legifrance.gouv.fr/jorf/id/JORFTEXT000042164734/\" style=\"text-decoration:none\">décret n° 2020-912</a> relatif à l'inspection et à l'entretien des chaudières et des systèmes de chauffage en général (pompes à chaleur et systèmes de climatisation compris) est entré en vigueur le 28 juillet 2020.</p> <p>Selon la <a href=\"https://www.ecologie.gouv.fr/entretien-et-inspection-des-chaudieres-appareils-chauffage-et-systemes-climatisation\" style=\"text-decoration:none\">nouvelle réglementation</a>, toutes les pompes à chaleur dont la puissance est comprise entre 4 kW et 70 kW seront soumises à un entretien obligatoire. Celui-ci devra être réalisé tous les 2 ans. Le premier entretien sera, de fait, réalisé dans les deux ans suivants l’installation de la PAC. Toutefois, un entretien annuel est recommandé.</p> <p>Pour les pompes à chaleur de plus de 70 kW, le délai entre deux entretiens ne pourra excéder 5 ans. La prestation de maintenance devra être réalisée par un professionnel remplissant les conditions de qualification professionnelle prévues au II de l'article 16 de la loi n° 96-603 du 5 juillet 1996.&nbsp;</p> <p>Les <strong>pompes à chaleur</strong> qui produisent uniquement de l’eau chaude, principalement les <strong>chauffe-eau thermodynamiques</strong> individuels, ne sont pas soumises à cette nouvelle réglementation.</p> <p>Vous êtes propriétaire et occupant de votre logement&nbsp;? Vous êtes responsable de la maintenance de votre pompe à chaleur. De même, si vous êtes occupant d’un logement, d’un local ou d’un bâtiment, vous êtes également en charge de l’entretien. Le seul cas dans lequel vous en êtes exempté est lorsque cela est stipulé dans votre contrat de bail.</p> <p>À noter que, pour de nombreux constructeurs, la garantie de l’appareil ne peut être assurée qu’à condition que la pompe à chaleur soit entretenue régulièrement.&nbsp;</p> <hr>"
    },
    {
      "title": "Comment est réalisé l’entretien d’une PAC chez Electrogaz ?",
      "text": "<p>Pendant l’entretien annuel, notre technicien agréé réalisera les actes suivants&nbsp;:</p> <ul>\n\t<li style=\"list-style-type:disc\">La vérification qualitative du générateur thermodynamique ;</li>\n\t<li style=\"list-style-type:disc\">Le contrôle d'étanchéité du circuit de fluide frigorigène&nbsp;;&nbsp;</li>\n\t<li style=\"list-style-type:disc\">Le nettoyage du système thermodynamique ;</li>\n\t<li style=\"list-style-type:disc\">Le réglage du système thermodynamique.</li>\n</ul> <p>Il donnera également des conseils portant sur le bon usage du système en place, les améliorations possibles de l'ensemble de l'installation de chauffage ou de refroidissement et l'intérêt éventuel de son remplacement.</p> <p>Succinctement, la maintenance annuelle comporte la vérification de la pompe à chaleur, son nettoyage et son réglage.</p> <hr>"
    },
    {
      "title": "Pourquoi faire confiance à Electrogaz pour l’entretien de ma pompe à chaleur ?",
      "text": "<p>Pour vous faciliter la vie, le plus simple est de souscrire un contrat d’entretien pour votre pompe à chaleur.</p> <p>Chez Electrogaz, nous proposons différentes formules qui s’adaptent à vos besoins.&nbsp;</p> <p>Un entretien régulier permet d’améliorer les performances énergétiques de votre installation. Vous faites donc des économies d’énergie. Une maintenance annuelle permet d'anticiper les principales pannes, en identifiant les composants de l'installation qui donnent des signes d'usure. De plus, cela est nécessaire dans le cadre de la garantie constructeur.</p> <p>L’entretien garantit une longévité accrue, un air sain dans votre logement et un fonctionnement optimal de vos appareils.</p> <p><a href=\"/nous-contacter\" target=\"_self\">Découvrez dès maintenant</a> nos différentes formules d’entretien et profitez du confort de votre pompe à chaleur en toute tranquilité !</p> <p>Nos techniciens spécialisés Electrogaz interviennent directement chez vous à<strong>&nbsp;<a href=\"https://www.egs-energies.fr/chauffage-antibes\" title=\"Chauffage Antibes\">Antibes</a>, <a href=\"https://www.egs-energies.fr/chauffage-cannes\" title=\"Chauffage Cannes\">Cannes</a>, <a href=\"https://www.egs-energies.fr/chauffage-grasse\" title=\"Chauffage Grasse\">Grasse</a>, <a href=\"https://www.egs-energies.fr/chauffage-cagnes-sur-mer\" title=\"Chauffage Cagnes Sur Mer\">Cagnes-sur-Mer</a> ou encore&nbsp;&nbsp;<a href=\"https://www.egs-energies.fr/chauffage-saint-laurent-du-var\" title=\"Chauffage Saint Laurent Du Var\">Saint-Laurent-du-Var</a></strong> pour réaliser l'entretien de votre pompe à chaleur.</p> <p>&nbsp;</p>"
    }
  ]
}