{
  "breadcrumb": "Les avantages de la PAC Hybride Gaz",
  "seo": {
    "title": "Tout savoir sur la PAC Hybride",
    "description": "En 2022, les techniciens Electrogaz ont obtenu la mention PAC Hybride. Ce gage de qualité atteste de notre expertise sur l'installation et l'entretien de votre équipement.",
    "opengraph": {
      "site_name": "",
      "type": "",
      "locale": "",
      "title": "",
      "description": "",
      "image": {
        "src": "",
        "alt": ""
      }
    }
  },
  "title": " Les avantages de la PAC Hybride Gaz ",
  "chapo": "Faites confiance à Electrogaz pour l'installation et l'entretien de votre PAC Hybride",
  "image": {
    "src": "/upload/files/PAC-Hybride-50c3233cba.jpg",
    "alt": "Les avantages de la PAC Hybride Gaz"
  },
  "intro": "<p>La PAC hybride est une solution innovante et technologique constituée d’<a title=\"Equipement PAC\" href=\"/equipements/energie-renouvelable/pompe-a-chaleur\">une pompe à chaleur électrique air/eau</a> et d’<a title=\"Equipement chaudière gaz\" href=\"/equipements/chaudieres/chaudiere-gaz\">une chaudière à très haute performance énergétique (THPE) fonctionnant au gaz</a>.&nbsp; Avec ce type d’équipement, vous pouvez ainsi chauffer à la fois votre logement avec un plancher chauffant et/ ou des radiateurs et votre eau chaude sanitaire.</p> <p>Ces deux appareils sont dotés d’un <strong>système de régulation intelligent et automatisé</strong> pour que le module le plus performant et économique en énergie primaire soit utilisé. Les deux appareils peuvent fonctionner aussi bien ensemble que séparément.</p> <p>En effet, lorsque les températures sont douces, la PAC (système le plus économique dans ces conditions) récupère les calories de la chaleur extérieure pour les redistribuer à l’intérieur. Quand les températures sont basses en revanche, c’est la chaudière à gaz qui va permettre d’alimenter le chauffage du logement.</p> <p>Il s’agit ainsi d’une <strong>solution garantissant un confort thermique constant tout au long de l’année</strong> et surtout une optimisation économique de l’énergie utilisée selon les températures extérieures. La PAC hybride est une solution écologique et économique qui peut réduire les émissions de gaz à effet de serre de 70% et diminuer la consommation d’énergie de 40% par rapport à votre ancien modèle de chaudière.</p> <hr>",
  "paragraphs": [
    {
      "title": "Qui sont les professionnels du gaz à Nice et ses alentours ?",
      "text": "<p>En 2022, les techniciens Electrogaz ont obtenu la mention PAC hybride auprès de l’<a title=\"Professionnel du gaz\" href=\"https://lesprofessionnelsdugaz.com/particulier/les-equipements-gaz/pac-hybride/pac-hybride-gaz-qu-est-ce-que-c-est\">Association des Professionnels du Gaz</a>. Ce nouveau gage de qualité reconnaît l’expertise et le professionnalisme de nos collaborateurs.</p> <p>Les entreprises qui souhaitent obtenir cette nouvelle mention doivent remplir plusieurs critères :</p> <ul>\n<li>Faire partie du réseau Professionnel du Gaz</li>\n<li>Posséder la certification Reconnu Garant de l’Environnement (RGE)</li>\n<li>Être capable de faire l’installation et <a title=\"Entretien PAC Hybride\" href=\"/entretien/climatisation-pompe-a-chaleur\">la maintenance d’une PAC hybride</a></li>\n</ul> <p>En faisant appel à nos services pour votre projet de PAC hybride, vous êtes certains de<strong> bénéficier du meilleur accompagnement</strong>. En effet, afin de vous proposer le modèle de PAC hybride qui correspondra le mieux à votre situation, nos experts vont tout d’abord procéder à un diagnostic thermique de votre logement pour évaluer vos besoins en eau chaude et en chauffage.</p> <p>Enfin, une fois votre choix effectué, <strong>nous vous accompagnons dans vos différentes démarches de demandes d’aides financières</strong> mises en place par l’Etat et certaines seront même directement déduites de votre devis . En effet, c’est seulement en faisant appel à une entreprise Professionnel du Gaz possédant la certification RGE que vous pourrez accéder à ces différentes aides cumulables les unes aux autres.</p> <hr>"
    },
    {
      "title": "À quelles aides avez-vous accès pour l’installation d’une PAC hybride dans les Alpes-Maritimes ?",
      "text": "<h3>La TVA à Taux réduit</h3> <p>Pour l’<a title=\"Installation PAC\" href=\"/installation/pompe-a-chaleur\">installation d’une pompe à chaleur hybride</a>, <strong>une TVA à taux réduit de 5,5%</strong> est applicable. Elle concerne tous les travaux de rénovation énergétique, sans condition de revenu.</p> <h3>MaPrimeRénov’</h3> <p>Mise un place par l’ANAH (Agence Nationale pour l’Habitat), elle se décline en 4 barèmes de couleur (Bleu, Jaune, Violet, Rose) pour <strong>un montant allant de 2 000€ à 4 000€</strong>. Cette prime est progressive selon le nombre de personnes composant le foyer fiscal et le revenu fiscal de référence. Elle dépend également de la région dans laquelle se trouve le logement concerné.</p> <h3>La prime Coup de Pouce Chauffage</h3> <p>Uniquement dans le cas d’un remplacement d’une chaudière gaz ou fioul non condensation par une pompe à chaleur (hybride ou classique) Tous les foyers peuvent bénéficier de cette prime mais avec des montants distincts selon les revenus. Que vous soyez propriétaire ou locataire, qu’il s’agisse de votre résidence principale ou secondaire, cette aide est une opportunité de changement de système de chauffage Néanmoins, elle fonctionne de manière progressive, afin de favoriser les ménages les plus modestes. Son <strong>montant varie de 2 500€ et 4 000€</strong> à mars 2022 mais ces montants peuvent être révisés</p> <h3>L’éco-prêt à taux zéro</h3> <p>Comme son nom l’indique : il s’agit d’un prêt à taux zéro, les intérêts étant pris en charge par l’Etat. Son <strong>montant maximal est de 15 000€ pour l’installation d’une PAC hybride</strong> et sa durée de remboursement est comprise entre 3 et 15 ans. Par ailleurs, les coûts des travaux de rénovation qui sont directement liés à l’<a title=\"Installation\" href=\"/installation\">installation</a> de l’équipement peuvent, eux aussi, être financés par le prêt.</p>"
    }
  ]
}