{
  "breadcrumb": "Anticipez l'été :  Installez une climatisation",
  "seo": {
    "title": "Tout savoir sur la climatisation pour pouvoir en profiter au maximum",
    "description": "Dans les Alpes Maritimes, Electrogaz vous présente les avantages des climatisations pour que aider à profiter au maximum de votre appareil. Nous vous partageons également quelques conseils pour bon choix.",
    "opengraph": {
      "site_name": "",
      "type": "",
      "locale": "",
      "title": "",
      "description": "",
      "image": {
        "src": "",
        "alt": ""
      }
    }
  },
  "title": " Anticipez l'été : Installez une climatisation ",
  "chapo": "Electrogaz vous accompagne dans l'installation de votre nouvelle climatisation",
  "image": {
    "src": "/upload/files/climatisation_2022-ab9978b55e.jpg",
    "alt": "Anticipez l'été :  Installez une climatisation"
  },
  "intro": "<p>Le 20 mars marque le début du printemps. C’est également le moment idéal pour anticiper les chaleurs de l’été et <a title=\"Installation climatisation\" href=\"/installation/climatisation\">installer dès maintenant une climatisation</a>. En effet, les bienfaits ne sont plus à prouver : rafraîchissement, déshumidification et même assainissement de son intérieur. La climatisation peut devenir une véritable nécessité en été pour les personnes sensibles à la chaleur ou souffrant de problèmes respiratoires. Pour obtenir un devis gratuit, contactez-nous au 04 92 00 00 10.</p> <hr>",
  "paragraphs": [
    {
      "title": "Comment choisir sa climatisation ?",
      "text": "<p>Il existe aujourd’hui un grand nombre de <a title=\"Equipement climatisation\" href=\"/equipements/climatisation\">modèles de climatisation</a> sur le marché. C’est pourquoi les équipes Electrogaz vous conseillent et vous accompagnent dans le choix de votre équipement.</p> <p>Pour commencer, nous étudions votre logement : nombre de pièces, volume à rafraîchir, orientation du logement ou encore climat de la région. Cette analyse va alors nous permettre de déterminer quelle puissance et quel modèle peut correspondre à votre logement.</p> <p>Si vous souhaitez équiper une seule pièce dans votre habitat, vous pouvez choisir un système mono-split. En revanche, un système multi-split sera nécessaire pour rafraîchir plusieurs pièces en même temps.</p> <hr>"
    },
    {
      "title": "Faites le choix d’une climatisation réversible à Nice et ses alentours",
      "text": "<p>Les modèles de climatisation sont désormais tous réversibles. Ainsi grâce à un seul et unique appareil, vous pouvez à la fois chauffer votre logement en hiver, et le rafraîchir en été. En plus de gagner en confort toute l’année, vous économisez également en place avec un seul un appareil au lieu de deux.</p> <p>Le fonctionnement de la climatisation est simple :</p> <ul>\n<li>l’été : la climatisation capte les calories à l'intérieur du logement et les redistribue à l’extérieur pour diminuer la température du logement</li>\n<li>l’hiver : l’appareil va alors capter les calories présentes dans l’air extérieur et les distribue à l’intérieur pour réchauffer votre domicile</li>\n</ul> <p>La climatisation réversible est un équipement économique et compétitif. En effet, pour 1kWh d’énergie consommée, ce sont 3 à 5 kWh de chaleur ou de froid redistribué dans le logement. Un avantage visible directement sur vos factures d’énergie.</p> <hr>"
    },
    {
      "title": "La climatisation, un équipement respectueux de l’environnement",
      "text": "<p>La climatisation contient à des fluides frigorigènes qui changent d’état par le biais d’un compresseur. Votre équipement va alors récupérer les calories présentes dans l’air extérieur et les redistribuer dans le logement sous la forme d’air frais ou chaud.</p> <p>Les fluides frigorigènes sont soumis à une réglementation. L’objectif étant de rendre les climatisations davantage respectueuses de l’environnement, en diminuant au maximum leur indice de réchauffement climatique. Au début des années 2000, une climatisation au R22 avait un PRP de 1810. Celles des années suivantes qui fonctionnaient au R410A avaient un PRP de 2100. Le fluide présent dans les climatisations aujourd’hui, le R32, a un PRP de seulement 675. L’impact sur le réchauffement climatique est ainsi largement diminué.</p> <hr>"
    },
    {
      "title": "Pourquoi changer son équipement",
      "text": "<p>Votre équipement actuel tombe souvent en panne ou ne fonctionne plus aussi bien qu’avant ? C’est peut-être un signe pour vous d’installer une nouvelle climatisation en remplacement de votre ancien modèle.</p> <p>En optant pour un modèle plus récent, vous bénéficierez d’un appareil plus silencieux et économe en énergie, tout en étant plus puissants et performants. Vous pourrez également bénéficier de nouvelles fonctionnalités comme un système de filtration des odeurs et des allergènes ou encore un thermostat automatique pour programmer l’allumage de vos appareils à distance.</p> <hr>"
    },
    {
      "title": "Comment entretenir sa climatisation dans les Alpes-Maritimes",
      "text": "<p>Pour augmenter la durée de vie de votre appareil, vous devez faire appel à un professionnel pour réaliser l’<a title=\"Entretien climatisation\" href=\"/entretien/climatisation-pompe-a-chaleur\">entretien régulier de votre climatisation</a>. En effet, en plus de respecter l’obligation légale, vous éviterez un ensemble de pannes ou de dysfonctionnement qui pourraient survenir sur votre équipement.</p> <p>Electrogaz propose différents contrats d’entretien annuel. Une fois souscrit, vous n’avez plus à vous soucier de rien. Ce sont nos équipes qui vous contactent chaque année pour fixer un rendez-vous d’entretien selon vos disponibilités.</p> <hr>"
    },
    {
      "title": "Nos derniers conseils pour prendre soin de votre climatisation",
      "text": "<p>En plus de la révision régulière d’un professionnel, il existe quelques gestes simples que vous pouvez adopter pour utiliser votre climatisation de la meilleure des façons. Par exemple, pensez à toujours fermer vos fenêtres et vos portes avant d’allumer la climatisation. Si possible, fermez également les volets ou les stores pour éviter que la chaleur ne rentre dans votre logement. Si votre appareil ne possède pas un thermostat automatique, pensez à éteindre votre climatisation lorsque vous partez de chez vous.&nbsp;</p> <p>Enfin, les professionnels recommandent de respecter un écart maximum de 5° à 7° entre la température intérieure et extérieure. Vous éviterez ainsi les chocs thermiques trop importants, qui peuvent être mauvais pour votre santé.</p> <p>En respectant tous ces petits gestes, vous ferez de belles économies sur votre facture d’énergie.&nbsp;</p>"
    }
  ]
}