{
  "breadcrumb": "Chauffage Saint Dionisy",
  "hero": {
    "title": "Votre expert en chauffage et climatisation à Saint-Dionisy",
    "subtitle": ""
  },
  "intro": {
    "image": {
      "src": "/build/images/gd-energies-equipement-456x334.4b37cd18.jpg",
      "alt": "Votre expert en chauffage et climatisation à Saint-Dionisy"
    },
    "text": "<p>Depuis 1975, GD Energies se consacre à offrir des solutions de chauffage et de climatisation à Saint-Dionisy. Nos techniciens qualifiés s'occupent de l'installation, de l'entretien, de la réparation et du remplacement de divers systèmes pour garantir votre confort thermique.</p> <p>Nos domaines d'intervention :</p>"
  },
  "contents": [
    {
      "title": "Expert en pompes à chaleur à Saint-Dionisy",
      "text": "<p>Pour une solution de chauffage économique et écologique, optez pour les pompes à chaleur air-eau ou hybrides. Nos experts vous aident à choisir et <a href=\"https://www.gd-energies.fr/installation/pompes-a-chaleur\" title=\"Installation pompe à chaleur Saint-Dionizy\">installer la pompe à chaleur idéale</a> pour votre maison, en fonction de vos besoins et de votre budget. Nous proposons également des contrats d'entretien pour maintenir une performance optimale de votre appareil.</p> <a href=\"https://www.gd-energies.fr/installation/pompes-a-chaleur\" title=\"Installation pompe à chaleur Saint-Dionizy\">installer la pompe à chaleur idéale</a>"
    },
    {
      "title": "Spécialiste des chaudières gaz à Saint-Dionisy",
      "text": "<p>Depuis plus de 50 ans, GD Energies est votre spécialiste des chaudières gaz à Saint-Dionisy. Nos techniciens vous conseillent sur <a href=\"https://www.gd-energies.fr/equipements/chaudieres-gaz\" title=\"Chaudière gaz à Saint-Dionizy\">les modèles les plus adaptés à votre maison</a> et interviennent rapidement en cas de panne. Nous offrons également des contrats d'entretien pour une maintenance simplifiée et efficace de votre chaudière.</p> <a href=\"https://www.gd-energies.fr/equipements/chaudieres-gaz\" title=\"Chaudière gaz à Saint-Dionizy\">les modèles les plus adaptés à votre maison</a>"
    },
    {
      "title": "Climatisation : installation et entretien par des professionnels",
      "text": "<p>Nos techniciens spécialisés<a href=\"https://www.gd-energies.fr/installation/climatisations\" title=\"Installation climatisation Saint-Dionizy\"> installent des systèmes de climatisation réversibles</a> (pompes à chaleur air-air) pour un confort optimal en été comme en hiver. Nous vous aidons à choisir la climatisation la plus adaptée à vos besoins et à votre budget, et nous assurons l'entretien et le dépannage pour garantir une utilisation sans souci tout au long de l'année.</p> <a href=\"https://www.gd-energies.fr/installation/climatisations\" title=\"Installation climatisation Saint-Dionizy\"> installent des systèmes de climatisation réversibles</a>"
    },
    {
      "title": "Expert en pompes à chaleur à Saint-Dionisy",
      "text": "<p>GD Energie vous propose également des <a href=\"https://www.gd-energies.fr/equipements/pompes-a-chaleur\" title=\"Pompes à chaleur Saint-Dionizy\">pompes à chaleur air-eau ou hybrides</a>, des solutions économiques et écologiques pour votre chauffage. Nos experts vous aident à choisir et installer la pompe à chaleur idéale pour votre maison, en fonction de vos besoins et de votre budget. Nous proposons également des contrats d'entretien pour maintenir une performance optimale de votre appareil.</p>"
    },
    {
      "title": "Chauffe-eaux et chauffe-bains",
      "text": "<p>Nous proposons de <a href=\"https://www.gd-energies.fr/equipements/chauffe-eaux-chauffe-bains\" title=\"Chauffe-eau à Saint-Dionizy\">nombreux modèles de chauffe-eaux et chauffe-bains</a> pour répondre à vos besoins en eau chaude sanitaire à Saint-Dionisy (Thermor, Atlantic, Hitachi, Saunier-Duval, etc.). Nos experts vous conseillent sur les modèles les plus adaptés à votre consommation et à votre maison. Nous nous occupons également du dépannage et de la réparation de vos appareils, avec des contrats d'entretien pour en assurer la durabilité.</p> <p>GD Energies est votre partenaire de confiance pour tous vos besoins en chauffage et climatisation à Saint-Dionisy. Contactez-nous pour une évaluation personnalisée et un devis gratuit !</p>"
    },
    {
      "title": "Expert en pompes à chaleur à Saint-Dionisy",
      "text": "<p>GD Energie vous propose également des <a href=\"https://www.gd-energies.fr/equipements/pompes-a-chaleur\" title=\"Pompes à chaleur Saint-Dionizy\">pompes à chaleur air-eau ou hybrides</a>, des solutions économiques et écologiques pour votre chauffage. Nos experts vous aident à choisir et installer la pompe à chaleur idéale pour votre maison, en fonction de vos besoins et de votre budget. Nous proposons également des contrats d'entretien pour maintenir une performance optimale de votre appareil.</p> <a href=\"https://www.gd-energies.fr/equipements/pompes-a-chaleur\" title=\"Pompes à chaleur Saint-Dionizy\">pompes à chaleur air-eau ou hybrides</a>"
    }
  ],
  "related": {
    "title": "",
    "links": []
  }
}