{
  "breadcrumb": "Chauffage Milhaud",
  "hero": {
    "title": "GD Energies, votre expert chauffage et climatisation à Milhaud",
    "subtitle": ""
  },
  "intro": {
    "image": {
      "src": "/build/images/gd-energies-equipement-456x334.4b37cd18.jpg",
      "alt": "GD Energies, votre expert chauffage et climatisation à Milhaud"
    },
    "text": "<p>Depuis plus de 50 ans, GD Energies est le spécialiste en chauffage, climatisation et production d'eau chaude sanitaire à Milhaud. Nos techniciens qualifiés assurent l'installation, l'entretien, le dépannage et le remplacement de vos systèmes pour garantir votre confort thermique.</p> <p>Nos domaines d'intervention :</p>"
  },
  "contents": [
    {
      "title": "Expert en pompes à chaleur à Milhaud",
      "text": "<p>Réduisez vos coûts énergétiques et respectez l'environnement avec les pompes à chaleur air-eau ou hybrides. Nos experts vous aideront à choisir la pompe à chaleur la plus performante pour votre maison, en fonction de vos besoins et de votre budget. Nous garantissons une installation de qualité et des produits de marques reconnues (Atlantic, Mitsubishi Electric, etc.). Pour votre tranquilité, nous porposons aussi des <a href=\"https://www.gd-energies.fr/entretien/pompes-a-chaleur\" title=\"Entretien pompe à chaleur à Milhaud\">contrats d'entretien pour pompe à chaleur</a>, de quoi assurer la durabilité et l'efficacité de votre appareil.</p> <a href=\"https://www.gd-energies.fr/entretien/pompes-a-chaleur\" title=\"Entretien pompe à chaleur à Milhaud\">contrats d'entretien pour pompe à chaleur</a>"
    },
    {
      "title": "Spécialiste des chaudières gaz à Milhaud",
      "text": "<p>Depuis 1975, GD Energies est votre référence en chaudières gaz à Milhaud. Nous intervenons sur des <a href=\"https://www.gd-energies.fr/equipements/chaudieres-gaz\" title=\"Chaudières gaz à Milhaud\">chaudières à condensation</a>, THPE et basse température. En cas de panne, nos techniciens se déplacent rapidement pour un dépannage efficace. Nous proposons aussi des contrats d'entretien pour faciliter la maintenance et assurer un fonctionnement optimal de votre chaudière.</p> <a href=\"https://www.gd-energies.fr/equipements/chaudieres-gaz\" title=\"Chaudières gaz à Milhaud\">chaudières à condensation</a>"
    },
    {
      "title": "Climatisation : installation et entretien par des professionnels",
      "text": "<p>Pour un confort optimal en été comme en hiver, faites <a href=\"https://www.gd-energies.fr/installation/climatisations\" title=\"Installation climatisation à Milhaud\">installer une climatisation réversible</a> (pompe à chaleur air-air) par nos techniciens à Milhaud. Ils vous accompagnent dans la sélcetion de votre nouvelle climatisation en prenant en compte vos critères et ceux de votre logement. GD Energies assure également <a href=\"https://www.gd-energies.fr/entretien/climatisations\" title=\"Entretien climatisation à Milhaud\">l'entretien de votre climatisation</a> pour une utilisation sans souci tout au long de l'année.</p> <a href=\"https://www.gd-energies.fr/installation/climatisations\" title=\"Installation climatisation à Milhaud\">installer une climatisation réversible</a> <a href=\"https://www.gd-energies.fr/entretien/climatisations\" title=\"Entretien climatisation à Milhaud\">l'entretien de votre climatisation</a>"
    },
    {
      "title": "Chauffe-eaux et chauffe-bains",
      "text": "<p>Nous vous proposons aussi une large gamme de <a href=\"https://www.gd-energies.fr/equipements/chauffe-eaux-chauffe-bains\" title=\"Chauffe-eau à Milhaud\">chauffe-eaux et chauffe-bains</a> à Milhaud dans le Gard pour répondre à vos besoins en eau chaude sanitaire. Nous travaillons avec les plus grandes marques du marché : Thermor, Atlantic, Hitachi, etc. Nos techniciens vous conseillent sur le choix du modèle le plus adapté à votre consommation et à la configuration de votre maison. Nous assurons également le dépannage et la réparation de vos chauffe-eaux et chauffe-bains, avec des contrats d'entretien pour garantir la longévité de vos appareils.</p> <a href=\"https://www.gd-energies.fr/equipements/chauffe-eaux-chauffe-bains\" title=\"Chauffe-eau à Milhaud\">chauffe-eaux et chauffe-bains</a> <p>GD Energies est votre partenaire pour un confort thermique sur-mesure et durable. Contactez-nous pour tous vos besoins autour des chaudières gaz, pompes à chaleur, climatisations réversibles, chauffe(eaux et chauffe-bains à Milhaud !</p>"
    }
  ],
  "related": {
    "title": "",
    "links": []
  }
}