{
  "breadcrumb": "Chauffage Vauvert",
  "hero": {
    "title": "Votre partenaire chauffage et climatisation à Vauvert (30)",
    "subtitle": ""
  },
  "intro": {
    "image": {
      "src": "/build/images/gd-energies-equipement-456x334.4b37cd18.jpg",
      "alt": "Votre partenaire chauffage et climatisation à Vauvert (30)"
    },
    "text": "<p>Depuis 1975, GD Energies et ses techniciens expérimentés vous offrent des services complets pour l'installation, l'entretien, la réparation et le remplacement de vos systèmes de chauffage et de climatisation à Vauvert.</p> <p>Nous travaillons sur divers types d'appareils :</p> <p>Pour toute demande de devis gratuit et personnalisé, appelez-nous ou écrivez-nous.</p>"
  },
  "contents": [
    {
      "title": "Expert en pompes à chaleur à Vauvert",
      "text": "<p><a href=\"https://www.gd-energies.fr/equipements/pompes-a-chaleur\" title=\"Pompe à chaleur à Vauvert\">La pompe à chaleur</a> représente une solution de chauffage à la fois économique et efficace. Utilisant les calories de l'air grâce à un fluide frigorigène, elle est idéale pour remplacer des chaudières obsolètes dans les logements anciens. Elle garantit une haute efficacité énergétique dans les constructions neuves comme dans les rénovations.</p> <a href=\"https://www.gd-energies.fr/equipements/pompes-a-chaleur\" title=\"Pompe à chaleur à Vauvert\">La pompe à chaleur</a> <p>Nos spécialistes assurent l'installation, la maintenance et le dépannage de vos pompes à chaleur à Vauvert et ses environs. Pour maintenir une performance optimale, nous proposons des contrats d'entretien annuels, permettant de prévenir les pannes et d'assurer la longévité de votre installation.</p>"
    },
    {
      "title": "Service de chaudières gaz à Vauvert et ses environs",
      "text": "<p>GD Energies, votre spécialiste des <a href=\"https://www.gd-energies.fr/equipements/chaudieres-gaz\" title=\"Chaudière à Vauvert\">chaudières gaz à Vauvert</a>, vous accompagne depuis plus de cinq décennies. Nos techniciens vous guident pour choisir la chaudière adaptée à vos besoins : chaudières à condensation, THPE, ou basse température.</p> <a href=\"https://www.gd-energies.fr/equipements/chaudieres-gaz\" title=\"Chaudière à Vauvert\">chaudières gaz à Vauvert</a> <p>Nous offrons un service de dépannage d'urgence rapide et des contrats d'entretien incluant une visite annuelle pour maintenir votre chaudière en bon état de fonctionnement.</p>"
    },
    {
      "title": "Spécialiste de la climatisation à Vauvert et dans le Gard",
      "text": "<p>Nos techniciens <a href=\"https://www.gd-energies.fr/installation/climatisations\" title=\"Installation climatisation à Vauvert\">installent votre climatisation à Vauvert</a> et aux alentours, vous aidant à choisir et dimensionner votre système réversible (pompe à chaleur air-air) selon vos besoins. Ils vous assistent également dans le choix de la marque et du modèle correspondant à votre budget et à vos attentes.</p> <a href=\"https://www.gd-energies.fr/installation/climatisations\" title=\"Installation climatisation à Vauvert\">installent votre climatisation à Vauvert</a> <p>GD Energies propose des <a href=\"https://www.gd-energies.fr/entretien/climatisations\" title=\"Entretien climatisation à Vauvert\">contrats d'entretien</a> pour maintenir les performances optimales de votre climatisation.</p> <a href=\"https://www.gd-energies.fr/entretien/climatisations\" title=\"Entretien climatisation à Vauvert\">contrats d'entretien</a>"
    },
    {
      "title": "Chauffe-eaux et chauffe-bains : installation, entretien et dépannage",
      "text": "<p>Nous vous offrons des solutions complètes pour la production d'eau chaude sanitaire, adaptées à votre habitation et à vos besoins énergétiques. Nos techniciens vous conseillent sur le choix de <a href=\"https://www.gd-energies.fr/equipements/chauffe-eaux-chauffe-bains\" title=\"Chauffe-eau à Vauvert\">chauffe-eaux thermodynamiques</a>, de chauffe-bains gaz et de cumulus électriques.</p> <a href=\"https://www.gd-energies.fr/equipements/chauffe-eaux-chauffe-bains\" title=\"Chauffe-eau à Vauvert\">chauffe-eaux thermodynamiques</a> <p>En plus de l'installation, nous assurons <a href=\"https://www.gd-energies.fr/depannage/chauffe-eaux-chauffe-bains\" title=\"Dépannage de chauffe-eau à Vauvert\">le dépannage et la réparation de votre chauffe-eau</a>, avec des contrats d'entretien pour garantir leur fonctionnement optimal.</p> <a href=\"https://www.gd-energies.fr/depannage/chauffe-eaux-chauffe-bains\" title=\"Dépannage de chauffe-eau à Vauvert\">le dépannage et la réparation de votre chauffe-eau</a>"
    }
  ],
  "related": {
    "title": "",
    "links": []
  }
}