{
  "breadcrumb": "Chauffage Bellegarde",
  "hero": {
    "title": "GD Energies, votre expert chauffage et climatisation à Bellegarde",
    "subtitle": ""
  },
  "intro": {
    "image": {
      "src": "/build/images/gd-energies-equipement-456x334.4b37cd18.jpg",
      "alt": "GD Energies, votre expert chauffage et climatisation à Bellegarde"
    },
    "text": "<p>votre interlocuteur privilégié. Entreprise locale, GD Energies se positionne comme votre expert local en chauffage, climatisation et énergies renouvelables.</p> <p><strong>Depuis plus de 50 ans</strong>, nous accompagnons les particuliers dans le choix, l’installation, l'entretien et le dépannage de leurs systèmes énergétiques :</p> <p>Nous travaillons avec des marques reconnues comme Atlantic, Mitsubishi Electric, Hitachi, Frisquet, Saunier-Duval, Chaffoteaux, De Dietrich, ELM Leblanc, DualSun, MyLight, etc.</p>"
  },
  "contents": [
    {
      "title": "Votre chauffagiste sur Bellegarde (30)",
      "text": "<p>GD Energies met à votre disposition des solutions de chauffage qui tiennent compte de vos besoins, de votre logement et de vos ambitions en matière d’économies d’énergie.</p> <p>Nous installons des <a href=\"https://www.gd-energies.fr/installation/pompes-a-chaleur\" title=\"Installation pompe à chaleur à Bellegarde (30)\">pompes à chaleur</a> air-eau ou hybrides à Bellegarde, des <a href=\"https://www.gd-energies.fr/installation/chaudieres-gaz\" title=\"Installation chaudière gaz à Bellegarde (30)\">chaudières gaz</a> basse température ou encore des chaudières gaz à condensation. Nos techniciens vous guident dans le choix de votre appareil et en réalisent la pose, puis <a href=\"https://www.gd-energies.fr/entretien\" title=\"Entretien chauffage et climatisation à Bellegarde (30)\">l’entretien</a> voire <a href=\"https://www.gd-energies.fr/depannage\" title=\"Dépannage chauffage et climatisation à Bellegarde (30)\">le dépannage</a> si nécessaire.</p> <a href=\"https://www.gd-energies.fr/installation/pompes-a-chaleur\" title=\"Installation pompe à chaleur à Bellegarde (30)\">pompes à chaleur</a> <a href=\"https://www.gd-energies.fr/installation/chaudieres-gaz\" title=\"Installation chaudière gaz à Bellegarde (30)\">chaudières gaz</a> <a href=\"https://www.gd-energies.fr/entretien\" title=\"Entretien chauffage et climatisation à Bellegarde (30)\">l’entretien</a> <a href=\"https://www.gd-energies.fr/depannage\" title=\"Dépannage chauffage et climatisation à Bellegarde (30)\">le dépannage</a> <p>GD Energies est titulaire des certifications <strong>RGE QualiPAC et RGE Chauffage+</strong>. Nous sommes également Partenaire GRDF mention PAC Hybride. <a href=\"/qui-sommes-nous/certifications-et-marques\" title=\"GD Energies : certifications\">Ces qualifications</a> vous assurent notre savoir-faire et la maîtrise technique de nos équipes.&nbsp;</p> <strong>RGE QualiPAC et RGE Chauffage+</strong> <a href=\"/qui-sommes-nous/certifications-et-marques\" title=\"GD Energies : certifications\">Ces qualifications</a>"
    },
    {
      "title": "Eau chaude sanitaire : nos services pour votre chauffe-eau ou chauffe-bain à Bellegarde",
      "text": "<p>Nos équipes vous conseillent sur <a href=\"https://www.gd-energies.fr/installation/chauffe-eaux-chauffe-bains\" title=\"Installation chauffe-eau à Bellegarde\">l'installation de chauffe-eaux</a> thermodynamiques, de cumulus électriques ou de chauffe-bains à gaz pour votre logement sur Bellegarde et ses environs.&nbsp;</p> <a href=\"https://www.gd-energies.fr/installation/chauffe-eaux-chauffe-bains\" title=\"Installation chauffe-eau à Bellegarde\">l'installation de chauffe-eaux</a> <p>En cas de dysfonctionnement, nos techniciens interviennent rapidement pour diagnostiquer et réparer votre chauffe-eau. Nous proposons également des contrats d'entretien afin de prolonger la durée de vie de vos appareils et de maintenir leur efficacité.</p>"
    },
    {
      "title": "Votre climatisation à Bellegarde",
      "text": "<p>GD Energies, c’est aussi une équipe de techniciens frigoristes pour installer, entretenir et dépanner votre climatisation réversible.</p> <p>Pour <a href=\"https://www.gd-energies.fr/installation/climatisations\" title=\"Installation climatisation à Bellegarde\">la pose de votre climatisation</a>, nos techniciens vous conseillent en fonction du nombre de pièces à climatiser, de leur volume, des sources de chaleur, des zones de déperditions, mais aussi des fonctionnalités que vous souhaitez avoir.</p> <a href=\"https://www.gd-energies.fr/installation/climatisations\" title=\"Installation climatisation à Bellegarde\">la pose de votre climatisation</a> <p>GD Energies vous propose aussi des contrats d’entretien pour votre climatisation à Bellegarde et dans ses environs.</p>"
    },
    {
      "title": "Un traitement de l'eau sur-mesure à Bellegarde",
      "text": "<p>Avec GD Energies, l’eau calcaire de notre région ne sera plus un problème pour votre chaudière, votre chauffe-eau, vos radiateurs ou votre plancher chauffant. Nos équipes installent et entretiennent <a href=\"https://www.gd-energies.fr/installation/adoucisseurs-eau\" title=\"Adoucisseurs d'eau dans le Gard\">votre adoucisseur d’eau</a> à Bellegarde pour vous garantir une eau moins calcaire. Un adoucisseur d’eau améliorera non seulement votre confort mais aussi la longévité de vos appareils de chauffage et de vos appareils électroménagers (lave-linge, lave-vaisselle, etc.).</p> <a href=\"https://www.gd-energies.fr/installation/adoucisseurs-eau\" title=\"Adoucisseurs d'eau dans le Gard\">votre adoucisseur d’eau</a>"
    },
    {
      "title": "Vos panneaux photovoltaïques à Bellegarde",
      "text": "<p>Pour compléter vos solutions d’économies d’énergie à la maison, nos équipes spécialisées <a href=\"https://www.gd-energies.fr/installation/panneaux-photovoltaiques\" title=\"Installation de panneaux photovoltaïques à Bellegarde (30)\">installent vos panneaux solaires photovoltaïques</a> à Bellegarde dans le Gard. Faites des économies en produisant votre propre énergie verte ! Nos techniciens réalisent une étude personnalisée afin de dimensionner précisément votre installation, en tenant compte de votre consommation énergétique. Avec trois offres solaires, GD Energies a conçu une gamme pour répondre à tous vos besoins.</p> <a href=\"https://www.gd-energies.fr/installation/panneaux-photovoltaiques\" title=\"Installation de panneaux photovoltaïques à Bellegarde (30)\">installent vos panneaux solaires photovoltaïques</a>"
    }
  ],
  "related": {
    "title": "",
    "links": []
  }
}