{
  "breadcrumb": "Chauffage Nimes",
  "hero": {
    "title": "Votre expert chauffage et climatisation à Nîmes : GD Energies, chauffagiste depuis 1975",
    "subtitle": ""
  },
  "intro": {
    "image": {
      "src": "/build/images/gd-energies-equipement-456x334.4b37cd18.jpg",
      "alt": "Votre expert chauffage et climatisation à Nîmes : GD Energies, chauffagiste depuis 1975"
    },
    "text": "<p>Depuis 1975, nos techniciens GD Energies réalisent l'installation, l'entretien, la réparation et le remplacement de vos appareils de chauffage et de climatisation à Nîmes.</p> <p>Nos équipes interviennent sur de nombreux types d'appareils :</p> <p>Vous avez un projet ? Contactez-nous par email ou <a href=\"/nous-contacter\" title=\"Contacter GD Energies\">via notre formulaire de contact</a> pour obtenir un devis gratuit et personnalisé.</p>"
  },
  "contents": [
    {
      "title": "Le chauffagiste spécialiste de la pompe à chaleur à Nîmes",
      "text": "<p>Si vous souhaitez investir dans un système de chauffage économique, <a href=\"https://www.gd-energies.fr/equipements/pompes-a-chaleur\" title=\"Pompes à chaleur à Nîmes\">la pompe à chaleur</a> est une solution qui saura vous convaincre. Elle exploite les calories de l'air pour produire de la chaleur, à l'aide d'un fluide frigorigène. Dans les logements anciens, les pompes à chaleur permettent de remplacer des chaudières en fin de vie. Dans le neuf comme dans l'ancien, elles permettent de bénéficier d'une solution de chauffage avec une forte efficacité énergétique.</p> <a href=\"https://www.gd-energies.fr/equipements/pompes-a-chaleur\" title=\"Pompes à chaleur à Nîmes\">la pompe à chaleur</a> <p>Nos experts installent, dépannent et entretiennent votre pompe à chaleur à Nîmes et ses alentours. Afin de maintenir un niveau de performance optimal de votre PAC, nous vous proposons de souscrire à un <a href=\"https://www.gd-energies.fr/entretien/pompes-a-chaleur\" title=\"Entretien pompe à chaleur à Nîmes\">contrat d'entretien pour pompe à chaleur</a>. Nos équipes pourront ainsi vous contacter afin de planifier l'entretien annuel de votre appareil. Cette visite de maintenance a pour objectif de prévenir des pannes graves, de nettoyer et vérifier les composants, et donc d'assurer la longévité de votre installation.</p> <a href=\"https://www.gd-energies.fr/entretien/pompes-a-chaleur\" title=\"Entretien pompe à chaleur à Nîmes\">contrat d'entretien pour pompe à chaleur</a>"
    },
    {
      "title": "Installation, entretien et dépannage de votre chaudière gaz sur Nîmes et ses environs",
      "text": "<p>Spécialiste historique des <a href=\"https://www.gd-energies.fr/equipements/chaudieres-gaz\" title=\"Chaudières à Nîmes\">chaudières gaz à Nîmes</a>, GD Energies est votre installateur et réparateur de chaudière de proximité. Depuis plus de 50 ans, nos techniciens aident les Gardois à choisir leur système de chauffage au gaz : chaudières à condensation, chaudières THPE, chaudières basse température.</p> <a href=\"https://www.gd-energies.fr/equipements/chaudieres-gaz\" title=\"Chaudières à Nîmes\">chaudières gaz à Nîmes</a> <p>GD Energies, c'est aussi le spécialiste du dépannage d'urgence à Nîmes : pour toute intervention urgente sur votre chaudière, nos techniciens se déplacent rapidement pour rétablir votre chauffage. GD Energies vous propose également des contrats d'entretien avec une visite annuelle programmée.</p>"
    },
    {
      "title": "L'expert de la climatisation à Nîmes et dans le Gard",
      "text": "<p>Nos climaticiens assurent la <a href=\"https://www.gd-energies.fr/installation/climatisations\" title=\"Installation de climatisation réversible\">pose de votre climatisation</a> sur Nîmes et ses alentours. Ces experts vous aident à dimensionner votre climatisation réversible (ou pompe à chaleur air-air) selon vos besoins. Ils vous accompagnent également dans le choix de la marque et du modèle, en fonction de votre budget et des fonctionnalités que vous recherchez.</p> <a href=\"https://www.gd-energies.fr/installation/climatisations\" title=\"Installation de climatisation réversible\">pose de votre climatisation</a> <p>GD Energies assure aussi l'entretien de votre climatisation, au forfait ou sous contrat. Enfin, en cas de problème, nous intervenons rapidement pour réparer votre appareil.</p>"
    },
    {
      "title": "Chauffe-eaux, chauffe-bains : pose, maintenance et réparation par nos plombiers-chauffagistes",
      "text": "<p>Chez GD Energies, nous vous proposons des équipements de <a href=\"https://www.gd-energies.fr/equipements/chauffe-eaux-chauffe-bains\" title=\"Chauffe-eaux et chauffe-bains à Nîmes\">production d'eau chaude sanitaire</a>. Selon la configuration de votre logement et l'énergie de chauffage souhaitée, nos techniciens vous conseillent pour choisir un chauffe-eau ou un chauffe-bain adapté à votre consommation et à votre maison. Un vaste choix de chauffe-eaux thermodynamiques, de chauffe-bains gaz et de cumulus électrique est à votre disposition.</p> <a href=\"https://www.gd-energies.fr/equipements/chauffe-eaux-chauffe-bains\" title=\"Chauffe-eaux et chauffe-bains à Nîmes\">production d'eau chaude sanitaire</a> <p>Nous dépannons et réparons aussi les cumulus et chauffe-bains et proposons des contrats d'entretien pour vos ballons thermodynamiques et chauffe-bains.</p>"
    }
  ],
  "related": {
    "title": "",
    "links": []
  }
}