{
  "breadcrumb": "Chauffage Uzes",
  "hero": {
    "title": "GD Energies, votre spécialiste chauffage et climatisation à Uzès",
    "subtitle": ""
  },
  "intro": {
    "image": {
      "src": "/build/images/gd-energies-equipement-456x334.4b37cd18.jpg",
      "alt": "GD Energies, votre spécialiste chauffage et climatisation à Uzès"
    },
    "text": "<p>Depuis plus de 50 ans, GD Energies se consacre à l'amélioration du confort thermique à Uzès. Nos techniciens qualifiés s'occupent de l'installation, de l'entretien, du dépannage et du remplacement de vos systèmes de chauffage, climatisation et production d'eau chaude sanitaire.</p> <p>Notre objectif est de vous fournir des solutions adaptées à vos besoins et à votre budget, tout en garantissant un service de qualité.</p> <p>Nos domaines d'intervention :</p>"
  },
  "contents": [
    {
      "title": "Expert en pompes à chaleur à Uzès",
      "text": "<p>Pour réduire vos dépenses énergétiques et respecter l'environnement, optez pour les <a href=\"https://www.gd-energies.fr/installation/pompes-a-chaleur\" title=\"Installation pompe à chaleur à Uzès\">pompes à chaleur air-eau ou hybrides</a> ! Nos spécialistes vous conseilleront sur le choix du modèle le plus adapté à votre habitation et à vos besoins. Nous nous engageons à assurer une installation conforme aux normes et proposons des contrats d'entretien pour garantir une performance optimale et durable.</p> <a href=\"https://www.gd-energies.fr/installation/pompes-a-chaleur\" title=\"Installation pompe à chaleur à Uzès\">pompes à chaleur air-eau ou hybrides</a>"
    },
    {
      "title": "Spécialiste des chaudières gaz à Uzès",
      "text": "<p>Depuis 1975, GD Energies est votre référence pour les <a href=\"https://www.gd-energies.fr/installation/chaudieres-gaz\" title=\"Installation chaudière gaz à Uzès\">chaudières gaz à Uzès</a>. Nos techniciens expérimentés vous aident à choisir le système le plus approprié, qu'il soit à condensation, THPE ou basse température. En cas de problème, notre équipe intervient rapidement pour réparer votre chaudière et rétablir votre confort thermique. Nous offrons également des contrats d'entretien pour une maintenance simplifiée.</p> <a href=\"https://www.gd-energies.fr/installation/chaudieres-gaz\" title=\"Installation chaudière gaz à Uzès\">chaudières gaz à Uzès</a>"
    },
    {
      "title": "Climatisation : installation et maintenance par des experts gardois",
      "text": "<p>Assurez-vous un confort thermique toute l'année grâce à nos solutions de climatisation réversibles (pompes à chaleur air-air) installées par nos techniciens à Uzès. Nous vous aidons à choisir et <a href=\"https://www.gd-energies.fr/installation/climatisations\" title=\"Installation climatisation Uzès\">dimensionner votre climatisation</a> en fonction de votre logement et de votre budget. GD Energies s'occupe également de l'entretien et du dépannage pour garantir une utilisation optimale de votre système.</p> <a href=\"https://www.gd-energies.fr/installation/climatisations\" title=\"Installation climatisation Uzès\">dimensionner votre climatisation</a>"
    },
    {
      "title": "Chauffe-eaux et chauffe-bains : entretien, remplacement et dépannage à Uzès",
      "text": "<p>GD Energies propose une gamme complète de <a href=\"https://www.gd-energies.fr/equipements/chauffe-eaux-chauffe-bains\" title=\"Chauffe-eaux à Uzès\">chauffe-eaux et chauffe-bains à Uzès</a>, répondant à tous vos besoins en eau chaude sanitaire. Nos experts vous conseillent sur les modèles les plus adaptés à votre consommation et à votre logement. Nous assurons également le dépannage et la réparation de vos appareils, avec des contrats d'entretien pour en garantir la longévité.</p> <a href=\"https://www.gd-energies.fr/equipements/chauffe-eaux-chauffe-bains\" title=\"Chauffe-eaux à Uzès\">chauffe-eaux et chauffe-bains à Uzès</a> <p>GD Energies est votre partenaire de confiance pour un confort thermique personnalisé et durable à Uzès. Contactez-nous dès aujourd'hui pour une évaluation sur mesure et un devis gratuit !</p>"
    }
  ],
  "related": {
    "title": "",
    "links": []
  }
}