{
  "breadcrumb": "Chauffage Aramon",
  "hero": {
    "title": "GD Energies, expert chauffage et climatisation à Aramon",
    "subtitle": ""
  },
  "intro": {
    "image": {
      "src": "/build/images/gd-energies-equipement-456x334.4b37cd18.jpg",
      "alt": "GD Energies, expert chauffage et climatisation à Aramon"
    },
    "text": "<p>Depuis plus de 50 ans, GD Energies est le spécialiste en chauffage, climatisation et production d'eau chaude sanitaire à Aramon. Nos techniciens qualifiés assurent l'installation, l'entretien, le dépannage et le remplacement de vos systèmes pour garantir votre confort thermique.</p> <p>Nos domaines d'intervention :</p>"
  },
  "contents": [
    {
      "title": "Spécialiste des chaudières gaz à Aramon",
      "text": ""
    },
    {
      "title": "Expert en pompes à chaleur à Aramon",
      "text": "<p>Pour réduire vos coûts énergétiques tout en respectant l'environnement, choisissez les <a href=\"https://www.gd-energies.fr/installation/pompes-a-chaleur\" title=\"Installation pompe à chaleur à Aramon\">pompes à chaleur air-eau ou hybrides</a>. Nos spécialistes vous aideront à sélectionner la pompe à chaleur la plus performante pour votre maison, en fonction de vos besoins et de votre budget. Nous garantissons une installation de qualité et proposons des contrats d'entretien pour assurer la durabilité et l'efficacité de votre appareil.</p>"
    },
    {
      "title": "Climatisation : installation et maintenance par des experts",
      "text": "<p>Assurez-vous un confort optimal en été comme en hiver grâce à nos solutions de climatisation réversibles (pompes à chaleur air-air) <a href=\"https://www.gd-energies.fr/installation/climatisations\" title=\"Installation climatisation à Aramon\">installées par nos techniciens à Aramon</a>. Nous vous aidons à choisir votre climatisation en fonction de votre logement, de vos envies et de votre budget. GD Energies réalise également l'entretien et le dépannage de votre climatisation.</p>"
    },
    {
      "title": "Expert en pompes à chaleur à Aramon",
      "text": "<p>Pour réduire vos coûts énergétiques tout en respectant l'environnement, choisissez les <a href=\"https://www.gd-energies.fr/installation/pompes-a-chaleur\" title=\"Installation pompe à chaleur à Aramon\">pompes à chaleur air-eau ou hybrides</a>. Nos spécialistes vous aideront à sélectionner la pompe à chaleur la plus performante pour votre maison, en fonction de vos besoins et de votre budget. Nous garantissons une installation de qualité et proposons des contrats d'entretien pour assurer la durabilité et l'efficacité de votre appareil.</p> <a href=\"https://www.gd-energies.fr/installation/pompes-a-chaleur\" title=\"Installation pompe à chaleur à Aramon\">pompes à chaleur air-eau ou hybrides</a>"
    },
    {
      "title": "Chauffe-eaux et chauffe-bains",
      "text": "<p>GD Energies propose une gamme complète de <a href=\"https://www.gd-energies.fr/installation/chauffe-eaux-chauffe-bains\" title=\"Remplacement de chauffe-eau à Aramon\">chauffe-eaux et chauffe-bains à Aramon</a>, répondant à tous vos besoins en eau chaude sanitaire. Nos experts vous conseillent sur les modèles les plus adaptés à votre consommation et à votre logement. Nous assurons également le dépannage et la réparation de vos appareils, avec des contrats d'entretien pour en garantir la longévité.</p> <a href=\"https://www.gd-energies.fr/installation/chauffe-eaux-chauffe-bains\" title=\"Remplacement de chauffe-eau à Aramon\">chauffe-eaux et chauffe-bains à Aramon</a> <p>GD Energies est votre partenaire de confiance pour un confort thermique personnalisé et durable à Aramon. Contactez-nous dès aujourd'hui pour une évaluation sur mesure et un devis gratuit !</p>"
    }
  ],
  "related": {
    "title": "",
    "links": []
  }
}