{
  "breadcrumb": "Chauffage Les Angles",
  "hero": {
    "title": "Les Angles : GD Energies, votre expert chauffage et climatisation ",
    "subtitle": ""
  },
  "intro": {
    "image": {
      "src": "/build/images/gd-energies-equipement-456x334.4b37cd18.jpg",
      "alt": "Les Angles : GD Energies, votre expert chauffage et climatisation "
    },
    "text": "<p>Depuis 1975, GD Energies se dédie à l'installation, à l'entretien, à la réparation et au remplacement de systèmes de chauffage et de climatisation aux Angles. Nos techniciens qualifiés interviennent sur une variété d'appareils pour garantir votre confort thermique.</p> <p>Nos domaines d'intervention :</p>"
  },
  "contents": [
    {
      "title": "Expert en pompes à chaleur aux Angles",
      "text": "<p>Si vous souhaitez investir dans un système de chauffage économique et respectueux de l'environnement, les pompes à chaleur air-eau ou hybrides sont idéales. Nos techniciens vous accompagnent pour choisir et installer la pompe à chaleur idéale pour répondre à vos besoins en matière de chauffage. GD Energies <a href=\"https://www.gd-energies.fr/installation/pompes-a-chaleur\" title=\"Installateur pompe à chaleur Les Angles\">installe votre pompe à chaleur</a>, dans les règles de l'art.</p> <a href=\"https://www.gd-energies.fr/installation/pompes-a-chaleur\" title=\"Installateur pompe à chaleur Les Angles\">installe votre pompe à chaleur</a> <p>Nous offrons également des contrats d'entretien pour maintenir une performance optimale de votre appareil.</p>"
    },
    {
      "title": "Climatisation : installation et maintenance par des experts",
      "text": "<p>Nos techniciens spécialisés <a href=\"https://www.gd-energies.fr/installation/climatisations\" title=\"Installation climatisation Les Angles\">installent votre climatisation réversible</a> (pompes à chaleur air-air) pour un confort tout au long de l'année. Nous vous aidons à choisir la climatisation la plus appropriée en fonction des caractéristiques de votre logement, de vos besoins et de votre budget. Nous pouvons également réaliser les visites d'entretien de votre climatisation, chaque année.</p>"
    },
    {
      "title": "Spécialiste des chaudières gaz aux Angles",
      "text": "<p>Depuis plus de 50 ans, GD Energies est le spécialiste des <a href=\"https://www.gd-energies.fr/equipements/chaudieres-gaz\" title=\"Chaudière gaz Les Angles\">chaudières gaz aux Angles</a>. Nos experts vous conseillent sur les modèles adaptés à votre maison et <a href=\"https://www.gd-energies.fr/depannage/chaudieres-gaz\" title=\"Dépannage chaudière gaz Les Angles\">interviennent rapidement en cas de panne</a>. Nous proposons également des contrats d'entretien pour une maintenance simplifiée de votre chaudière.</p>"
    },
    {
      "title": "Climatisation : installation et maintenance par des experts",
      "text": "<p>Nos techniciens spécialisés <a href=\"https://www.gd-energies.fr/installation/climatisations\" title=\"Installation climatisation Les Angles\">installent votre climatisation réversible</a> (pompes à chaleur air-air) pour un confort tout au long de l'année. Nous vous aidons à choisir la climatisation la plus appropriée en fonction des caractéristiques de votre logement, de vos besoins et de votre budget. Nous pouvons également réaliser les visites d'entretien de votre climatisation, chaque année.</p> <a href=\"https://www.gd-energies.fr/installation/climatisations\" title=\"Installation climatisation Les Angles\">installent votre climatisation réversible</a>"
    },
    {
      "title": "Climatisation : installation et maintenance par des experts",
      "text": "<p>Chez GD Energies, <a href=\"https://www.gd-energies.fr/installation/climatisations\" title=\"Installation climatisation Les Angles\">nous installons votre climatisation réversible</a>, en fonction de vos besoins, de votre surface à chauffer et refroidir, mais aussi selon vos envies en matière de design et de fonctionnalités. Nos experts climaticiens réalisent une étude thermique et vous proposent des solutions de climatisation adaptées. Nous assurons l'<a href=\"https://www.gd-energies.fr/entretien/climatisations\" title=\"Entretien climatisation Les Angles\">entretien de votre climatisation</a>, conformément à la réglementation.</p> <a href=\"https://www.gd-energies.fr/installation/climatisations\" title=\"Installation climatisation Les Angles\">nous installons votre climatisation réversible</a> <a href=\"https://www.gd-energies.fr/entretien/climatisations\" title=\"Entretien climatisation Les Angles\">entretien de votre climatisation</a>"
    },
    {
      "title": "Chauffe-eaux et chauffe-bains",
      "text": "<p>Nous proposons des modèles de <a href=\"https://www.gd-energies.fr/equipements/chauffe-eaux-chauffe-bains\" title=\"Nos chauffe-eaux aux Angles\">chauffe-eaux et chauffe-bains</a> de marques reconnues pour répondre à vos besoins en eau chaude : Atlantic, Hitachi, Thermor, etc. Nos experts vous conseillent sur les solutions les plus adaptées à votre consommation et à votre maison.</p> <a href=\"https://www.gd-energies.fr/equipements/chauffe-eaux-chauffe-bains\" title=\"Nos chauffe-eaux aux Angles\">chauffe-eaux et chauffe-bains</a> <p>Nous nous occupons également du dépannage et de la <a href=\"https://www.gd-energies.fr/depannage/chauffe-eaux-chauffe-bains\" title=\"Chauffe-eau en panne Les Angles\">réparation de votre chauffe-eau</a>, en cas de panne, et offrons des contrats d'entretien pour assurer leur durabilité.</p> <a href=\"https://www.gd-energies.fr/depannage/chauffe-eaux-chauffe-bains\" title=\"Chauffe-eau en panne Les Angles\">réparation de votre chauffe-eau</a> <p>GD Energies est votre partenaire de confiance pour tous vos besoins en chauffage et climatisation aux Angles. Contactez-nous pour une évaluation personnalisée et un devis gratuit !</p>"
    }
  ],
  "related": {
    "title": "",
    "links": []
  }
}