{
  "breadcrumb": "Chauffage Beaucaire",
  "hero": {
    "title": "Votre spécialiste climatisation et chauffage à Beaucaire (30)",
    "subtitle": ""
  },
  "intro": {
    "image": {
      "src": "/build/images/gd-energies-equipement-456x334.4b37cd18.jpg",
      "alt": "Votre spécialiste climatisation et chauffage à Beaucaire (30)"
    },
    "text": "<p><strong>Depuis près de 50 ans</strong>, les artisans qualifiés de GD Energies à Beaucaire sont à votre service pour <strong>garantir votre confort thermique</strong>. Nous intervenons sur tous vos appareils de chauffage, climatisation et production d'eau chaude sanitaire, pour leur installation, entretien, dépannage et remplacement.</p> <p>Nous intervenons sur une large gamme d'appareils :</p> <p>Vous avez un projet en tête ? Contactez-nous pour obtenir un devis gratuit et personnalisé !</p>"
  },
  "contents": [
    {
      "title": "Le spécialiste de la pompe à chaleur à Beaucaire",
      "text": "<p>Opter pour une pompe à chaleur, c'est choisir une solution de chauffage économique et performante. En exploitant les calories de l'air via un fluide frigorigène, ces systèmes remplacent avantageusement les vieilles chaudières dans les logements anciens. Que ce soit dans le neuf ou l'ancien, elles offrent une efficacité énergétique remarquable.</p> <p>Nos experts assurent l'installation, le dépannage et l'entretien de vos pompes à chaleur à Beaucaire et ses environs. Pour garantir une performance optimale, souscrivez à notre contrat d'entretien annuel. Cela permet de prévenir les pannes, de nettoyer et de vérifier les composants, assurant ainsi la longévité de votre équipement.</p>"
    },
    {
      "title": "Installation, entretien et dépannage de votre chaudière gaz sur Beaucaire et ses environs",
      "text": "<p>GD Energies, expert historique des chaudières gaz à Beaucaire, vous accompagne depuis plus de 50 ans. Nos techniciens vous aident à <a href=\"https://www.gd-energies.fr/equipements/chaudieres-gaz\" title=\"Chaudières gaz à Baucaire\">choisir le système de chauffage au gaz adapté</a> : chaudières à condensation, chaudières THPE, chaudières basse température.</p> <a href=\"https://www.gd-energies.fr/equipements/chaudieres-gaz\" title=\"Chaudières gaz à Baucaire\">choisir le système de chauffage au gaz adapté</a> <p>En cas d'urgence, notre service de dépannage est réactif pour remettre rapidement votre chaudière en état de marche. Nous proposons également des contrats d'entretien avec une visite annuelle programmée pour maintenir votre système en parfait état.</p>"
    },
    {
      "title": "L'expert de la climatisation à Beaucaire et dans le Gard",
      "text": "<p>Nos techniciens spécialisés installent et <a href=\"https://www.gd-energies.fr/entretien/climatisations\" title=\"Entretien climatisation Beaucaire\">entretiennent votre climatisation à Beaucaire</a> et ses alentours. Ils vous aident à choisir et dimensionner votre climatisation réversible (pompe à chaleur air-air) en fonction de vos besoins, de votre budget et des fonctionnalités souhaitées.</p> <a href=\"https://www.gd-energies.fr/entretien/climatisations\" title=\"Entretien climatisation Beaucaire\">entretiennent votre climatisation à Beaucaire</a> <p>GD Energies offre également des contrats d'entretien et intervient rapidement pour toute réparation nécessaire.</p>"
    },
    {
      "title": "Chauffe-eaux, chauffe-bains : installation, maintenance et réparation",
      "text": "<p>GD Energies vous propose des solutions pour la production d'eau chaude sanitaire adaptées à vos besoins et à la configuration de votre logement. Nos techniciens vous conseillent sur le choix de chauffe-eaux thermodynamiques, chauffe-bains gaz et cumulus électrique.</p> <p>Nous assurons également le dépannage et la réparation de ces équipements et proposons des contrats d'entretien pour garantir leur bon fonctionnement.</p>"
    }
  ],
  "related": {
    "title": "",
    "links": []
  }
}