{
  "breadcrumb": "Chauffage Saint Gilles",
  "hero": {
    "title": "GD Energies, spécialiste chauffage et climatisation à Saint-Gilles",
    "subtitle": ""
  },
  "intro": {
    "image": {
      "src": "/build/images/gd-energies-equipement-456x334.4b37cd18.jpg",
      "alt": "GD Energies, spécialiste chauffage et climatisation à Saint-Gilles"
    },
    "text": "<p>Depuis 50 ans, GD Energies met son expertise à votre service à Saint-Gilles pour tous vos besoins en chauffage, climatisation et production d'eau chaude sanitaire. Notre équipe de professionnels qualifiés s'occupe de l'installation, de l'entretien, du dépannage et du remplacement de divers systèmes pour assurer votre confort thermique.</p>"
  },
  "contents": [
    {
      "title": "Nos domaines d'intervention :",
      "text": "<ul><li><strong>Pompes à chaleur (air-eau et hybrides)</strong> : des solutions économes et respectueuses de l'environnement pour chauffer votre maison.</li><li><strong>Climatisations</strong> : des systèmes réversibles pour un confort optimal toute l'année.</li><li><strong>Chaudières gaz</strong> : des chaudières de différents types (condensation, THPE, basse température) pour un chauffage efficace.</li><li><strong>Chauffe-eaux thermodynamiques, cumulus électriques, chauffe-bains gaz</strong> : pour une production d'eau chaude sanitaire adaptée à vos besoins spécifiques.</li><li><strong>Adoucisseurs d'eau</strong> : pour une eau sans calcaire, douce pour votre maison.</li></ul> <li><strong>Pompes à chaleur (air-eau et hybrides)</strong> : des solutions économes et respectueuses de l'environnement pour chauffer votre maison.</li> <strong>Pompes à chaleur (air-eau et hybrides)</strong> <li><strong>Climatisations</strong> : des systèmes réversibles pour un confort optimal toute l'année.</li> <strong>Climatisations</strong> <li><strong>Chaudières gaz</strong> : des chaudières de différents types (condensation, THPE, basse température) pour un chauffage efficace.</li> <strong>Chaudières gaz</strong> <li><strong>Chauffe-eaux thermodynamiques, cumulus électriques, chauffe-bains gaz</strong> : pour une production d'eau chaude sanitaire adaptée à vos besoins spécifiques.</li> <strong>Chauffe-eaux thermodynamiques, cumulus électriques, chauffe-bains gaz</strong> <li><strong>Adoucisseurs d'eau</strong> : pour une eau sans calcaire, douce pour votre maison.</li> <strong>Adoucisseurs d'eau</strong>"
    },
    {
      "title": "Expert en pompes à chaleur à Saint-Gilles",
      "text": "<p>Si vous cherchez à réduire votre consommation d'énergie tout en étant écologique, les pompes à chaleur air-eau ou hybrides sont des choix parfaits. Nos spécialistes vous aideront à sélectionner <a href=\"https://www.gd-energies.fr/equipements/pompes-a-chaleur\" title=\"Pompe à chaleur à Saint-Gilles\">la pompe à chaleur la mieux adaptée</a> à votre domicile et à votre budget. Nous garantissons une installation conforme aux normes et proposons des contrats d'entretien pour assurer une performance optimale et durable.</p> <a href=\"https://www.gd-energies.fr/equipements/pompes-a-chaleur\" title=\"Pompe à chaleur à Saint-Gilles\">la pompe à chaleur la mieux adaptée</a>"
    },
    {
      "title": "Spécialiste des chaudières gaz à Saint-Gilles",
      "text": "<p>Depuis 1975, GD Energies accompagne les habitants du Gard avec ses <a href=\"https://www.gd-energies.fr/equipements/chaudieres-gaz\" title=\"Chaudière gaz à Saint-Gilles\">services de chaudières gaz</a>. Que ce soit pour des chaudières à condensation, THPE ou basse température, nous sommes là pour vous conseiller et intervenir rapidement <a href=\"https://www.gd-energies.fr/depannage/chaudieres-gaz\" title=\"Réparation chaudière gaz à Saint-Gilles\">en cas de panne</a>. Nous offrons également des contrats d’entretien pour simplifier la maintenance de vos systèmes.</p> <a href=\"https://www.gd-energies.fr/equipements/chaudieres-gaz\" title=\"Chaudière gaz à Saint-Gilles\">services de chaudières gaz</a> <a href=\"https://www.gd-energies.fr/depannage/chaudieres-gaz\" title=\"Réparation chaudière gaz à Saint-Gilles\">en cas de panne</a>"
    },
    {
      "title": "Climatisation : des techniciens compétents et certifiés",
      "text": "<p>Assurez-vous un confort optimal en été comme en hiver avec l'installation de <a href=\"https://www.gd-energies.fr/installation/climatisations\" title=\"Installation climatisation à Saint-Gilles\">systèmes de climatisation réversibles</a> (pompe à chaleur air-air) par nos techniciens à Saint-Gilles. Nous vous aidons à dimensionner et choisir votre climatisation en fonction de votre logement et de votre budget, tout en garantissant l'entretien et le dépannage de votre installation pour une utilisation sans souci toute l'année.</p> <a href=\"https://www.gd-energies.fr/installation/climatisations\" title=\"Installation climatisation à Saint-Gilles\">systèmes de climatisation réversibles</a>"
    },
    {
      "title": "Chauffe-eaux et chauffe-bains",
      "text": "<p>GD Energies propose une gamme complète de <a href=\"https://www.gd-energies.fr/installation/chauffe-eaux-chauffe-bains\" title=\"Remplacement chauffe-eau à Saint-Gilles\">chauffe-eaux et chauffe-bains à Saint-Gilles</a> pour répondre à vos besoins en eau chaude sanitaire. Nous nous occupons également du dépannage et de la réparation de vos appareils, et proposons des contrats d'entretien pour en assurer la longévité.</p> <a href=\"https://www.gd-energies.fr/installation/chauffe-eaux-chauffe-bains\" title=\"Remplacement chauffe-eau à Saint-Gilles\">chauffe-eaux et chauffe-bains à Saint-Gilles</a> <p>GD Energies est votre partenaire de confiance pour un confort thermique personnalisé et durable à Saint-Gilles. Contactez-nous dès maintenant pour une évaluation sur mesure et un devis gratuit !</p>"
    }
  ],
  "related": {
    "title": "",
    "links": []
  }
}