{
  "breadcrumb": "Chauffage Poulx",
  "hero": {
    "title": "GD Energies, votre expert chauffage et climatisation à Poulx",
    "subtitle": ""
  },
  "intro": {
    "image": {
      "src": "/build/images/gd-energies-equipement-456x334.4b37cd18.jpg",
      "alt": "GD Energies, votre expert chauffage et climatisation à Poulx"
    },
    "text": "<p>Depuis plus de 50 ans, GD Energies offre une expertise complète en matière de chauffage, climatisation et production d'eau chaude sanitaire pour votre confort thermique à Poulx. Nos équipes qualifiées interviennent sur tous types d'appareils, pour l'installation, l'entretien, le dépannage et le remplacement.</p> <p>Notre mission : vous accompagner dans le choix de la solution la plus adaptée à vos besoins et à votre budget, tout en vous garantissant un service irréprochable.</p> <p>Nos domaines d'intervention :</p>"
  },
  "contents": [
    {
      "title": "Votre expert des pompes à chaleur à Poulx",
      "text": "<p>Vous souhaitez réduire votre facture énergétique tout en respectant l'environnement ? Les pompes à chaleur air-eau ou hybrides constituent des solutions idéales pour chauffer votre logement à Poulx. Nos experts vous guideront dans le choix de la pompe à chaleur la plus performante pour votre habitation, en tenant compte de vos besoins et de votre budget.</p> <p>GD Energies assure l'<a href=\"https://www.gd-energies.fr/installation/pompes-a-chaleur\" title=\"Installation pompe à chaleur à Poulx\">installation rigoureuse de votre pompe à chaleur</a>, dans le respect des normes en vigueur, et vous propose un contrat d'entretien pour garantir son bon fonctionnement et sa longévité.</p> <a href=\"https://www.gd-energies.fr/installation/pompes-a-chaleur\" title=\"Installation pompe à chaleur à Poulx\">installation rigoureuse de votre pompe à chaleur</a>"
    },
    {
      "title": "Le spécialiste historique des chaudières gaz sur Poulx",
      "text": "<p><a href=\"#PAGE_QSN#\" title=\"GD Energiers - Qui sommes-nous ?\">Depuis 1975</a>, GD Energies intervient sur les chaudières des Gardois. Notre expertise s'étend à tous types de chaudières gaz : à condensation, THPE et basse température. Nous vous conseillons sur le modèle le plus adapté à votre logement et à vos besoins en matière de chauffage.</p> <a href=\"#PAGE_QSN#\" title=\"GD Energiers - Qui sommes-nous ?\">Depuis 1975</a> <p>En cas de panne, nos techniciens interviennent rapidement pour un <a href=\"https://www.gd-energies.fr/depannage/chaudieres-gaz\" title=\"Dépannage de chaudière à Poulx\">dépannage efficace de votre chaudière gaz</a>, vous assurant un retour au confort thermique dans les meilleurs délais.</p> <a href=\"https://www.gd-energies.fr/depannage/chaudieres-gaz\" title=\"Dépannage de chaudière à Poulx\">dépannage efficace de votre chaudière gaz</a> <p>Vous pouvez aussi souscrire à un contrat d’entretien pour faciliter la planification et la maintenance de votre appareil.</p>"
    },
    {
      "title": "Climatisation : des techniciens qualifiés et certifiés",
      "text": "<p>Profitez d'une fraîcheur agréable en été et d'une douce chaleur en hiver grâce à l'installation d'une climatisation réversible (pompe à chaleur air-air) par nos climaticiens à Poulx. Nos experts dimensionnent votre climatisation en fonction de la superficie de votre logement et vous accompagnent dans le choix de la marque et du modèle répondant à vos attentes et à votre budget.</p> <p>GD Energies assure également l'entretien et le dépannage de votre climatisation pour une utilisation optimale tout au long de l'année.</p>"
    },
    {
      "title": "Chauffe-eaux et chauffe-bains",
      "text": "<p>GD Energies vous propose une large gamme de chauffe-eaux et chauffe-bains à Poulx pour répondre à vos besoins en eau chaude sanitaire. Nos techniciens vous conseillent sur le choix du modèle le plus adapté à votre consommation et à votre configuration de logement : chauffe-eaux thermodynamiques, chauffe-bains gaz, cumulus électriques.</p> <p>Nous assurons également le dépannage et la réparation de vos chauffe-eaux et chauffe-bains, et vous proposons des <a href=\"https://www.gd-energies.fr/entretien/chauffe-eaux-chauffe-bains\" title=\"Entretien de chauffe-eau à Poulx\">contrats d'entretien</a> pour garantir la longévité de vos appareils.</p> <a href=\"https://www.gd-energies.fr/entretien/chauffe-eaux-chauffe-bains\" title=\"Entretien de chauffe-eau à Poulx\">contrats d'entretien</a> <p>GD Energies est votre partenaire pour un confort thermique sur-mesure et durable à Poulx. Que vous soyez à la recherche d'une solution de chauffage performante, d'une climatisation réversible pour un confort toute l'année ou d'un chauffe-eau adapté à vos besoins, GD Energies à Poulx est votre partenaire de confiance.</p> <p>Contactez-nous dès aujourd'hui pour une étude personnalisée et un devis gratuit !</p>"
    }
  ],
  "related": {
    "title": "",
    "links": []
  }
}