{
  "breadcrumb": "Chauffage Grau Du Roi",
  "hero": {
    "title": "GD Energies, votre chauffagiste multi-énergie au Grau-du-Roi",
    "subtitle": ""
  },
  "intro": {
    "image": {
      "src": "/build/images/gd-energies-equipement-456x334.4b37cd18.jpg",
      "alt": "GD Energies, votre chauffagiste multi-énergie au Grau-du-Roi"
    },
    "text": "<p>Que vous soyez à la recherche d'une pompe à chaleur, d'une chaudière, d'une climatisation ou de panneaux photovoltaïques, GD Energies est votre partenaire local de confiance.</p> <p>Au Grau-du-Roi, où les températures peuvent fluctuer fortement entre l'été et l'hiver, assurer le confort thermique de votre maison est essentiel. GD&nbsp;Energies, entreprise spécialisée dans les systèmes de chauffage, climatisation et énergies renouvelables, se distingue par son expertise dans l'entretien, le dépannage et l'installation de solutions énergétiques adaptées à votre habitat.</p>"
  },
  "contents": [
    {
      "title": "Une expertise complète en systèmes de chauffage",
      "text": "<p>GD Energies, en tant qu'entreprise de chauffage au Grau-du-Roi, propose une gamme complète de solutions pour assurer un confort optimal tout au long de l'année.</p> <p>Nos <a href=\"https://www.gd-energies.fr/equipements/pompes-a-chaleur\" title=\"Pompes à chaleur dans le Gard\">pompes à chaleur air-eau</a> Atlantic ou Mitsubishi, par exemple, représentent une option particulièrement efficace pour chauffer votre logement tout en réduisant votre consommation d'énergie. En exploitant les calories présentes dans l'air extérieur, ces systèmes offrent une performance énergétique importante, idéale pour les résidents du Grau-du-Roi souhaitant allier confort et économies.</p> <a href=\"https://www.gd-energies.fr/equipements/pompes-a-chaleur\" title=\"Pompes à chaleur dans le Gard\">pompes à chaleur air-eau</a> <p>Les <a href=\"https://www.gd-energies.fr/equipements/chaudieres-gaz\" title=\"Chaudières gaz au Grau-du-Roi\">chaudières gaz</a> installées par GD Energies assurent également un chauffage performant, adapté aux besoins spécifiques de chaque foyer. Depuis des décennies, nos techniciens sélectionnent les modèles les plus fiables et les plus adaptés à chaque situation, qu'il s'agisse de <strong>chaudières à condensation</strong>, très haute performance énergétique (THPE), ou de <strong>chaudières basse température</strong>. Grâce à un service de <a href=\"https://www.gd-energies.fr/entretien/chaudieres-gaz\" title=\"Entretien chaudière au Grau-du-Roi\">maintenance préventive</a> et de <a href=\"https://www.gd-energies.fr/depannage/chaudieres-gaz\">dépannage rapide</a>, nous garantissons la longévité et l'efficacité de votre système de chauffage.</p> <a href=\"https://www.gd-energies.fr/equipements/chaudieres-gaz\" title=\"Chaudières gaz au Grau-du-Roi\">chaudières gaz</a> <strong>chaudières à condensation</strong> <strong>chaudières basse température</strong> <a href=\"https://www.gd-energies.fr/entretien/chaudieres-gaz\" title=\"Entretien chaudière au Grau-du-Roi\">maintenance préventive</a> <a href=\"https://www.gd-energies.fr/depannage/chaudieres-gaz\">dépannage rapide</a>"
    },
    {
      "title": "Des solutions de climatisation performantes et durables au Grau-du-Roi",
      "text": "<p>Pour les périodes estivales, souvent marquées par des températures élevées au Grau-du-Roi, une climatisation efficace devient indispensable. GD Energies propose des <a href=\"https://www.gd-energies.fr/equipements/climatisations\" title=\"Climatisation au Grau-du-Roi\">systèmes de climatisation réversibles</a>, aussi appelés <strong>pompes à chaleur air-air</strong>, qui assurent à la fois le rafraîchissement en été et le chauffage en hiver.</p> <a href=\"https://www.gd-energies.fr/equipements/climatisations\" title=\"Climatisation au Grau-du-Roi\">systèmes de climatisation réversibles</a> <strong>pompes à chaleur air-air</strong> <p>Nos techniciens se chargent de dimensionner précisément votre installation, en tenant compte des caractéristiques spécifiques de votre logement et de vos besoins.</p> <p>Notre expertise en climatisation se traduit par une installation soignée, respectant les normes en vigueur, ainsi qu'un <a href=\"https://www.gd-energies.fr/entretien/climatisations\" title=\"Entretien clim au Grau-du-Roi\">service d'entretien régulier</a> pour prévenir les pannes et garantir une performance optimale. Le choix des marques (Hitachi, Atlantic, Mitsubishi Electric, Thermor, etc.) et des modèles s'effectue en fonction de critères rigoureux, afin de vous offrir un confort thermique durable et une consommation énergétique maîtrisée.</p> <a href=\"https://www.gd-energies.fr/entretien/climatisations\" title=\"Entretien clim au Grau-du-Roi\">service d'entretien régulier</a>"
    },
    {
      "title": "L'énergie solaire au service de votre habitat",
      "text": "<p>En tant qu'entreprise spécialisée dans les <strong>panneaux solaires photovoltaïques</strong> au Grau-du-Roi, GD Energies accompagne également les particuliers dans leur transition énergétique.</p> <strong>panneaux solaires photovoltaïques</strong> <p><a href=\"https://www.gd-energies.fr/installation/panneaux-photovoltaiques\" title=\"Installation panneaux photovoltaïques au Grau-du-Roi\">L'installation de panneaux photovoltaïques</a> sur le toit de votre maison permet de produire une électricité propre et de réduire significativement vos factures énergétiques. Le Grau-du-Roi, avec son ensoleillement généreux, se prête particulièrement bien à cette technologie. GD Energies se charge de l'étude, de l'installation de votre système solaire, en veillant à maximiser votre retour sur investissement.</p> <a href=\"https://www.gd-energies.fr/installation/panneaux-photovoltaiques\" title=\"Installation panneaux photovoltaïques au Grau-du-Roi\">L'installation de panneaux photovoltaïques</a> <p>Notre approche repose sur une évaluation précise de vos besoins énergétiques et sur l'intégration de solutions sur-mesure, adaptées à votre habitation. En choisissant GD Energies, vous bénéficiez d'un accompagnement complet, de la conception à la mise en service de vos panneaux solaires, en passant par une offre de suivi pour optimiser votre consommation sur le long terme.</p>"
    },
    {
      "title": "Le traitement de l'eau pour un confort optimal",
      "text": "<p>Au-delà du chauffage et de la climatisation, GD Energies propose également l'<a href=\"https://www.gd-energies.fr/installation/adoucisseurs-eau\" title=\"Installation adoucisseur au Grau-du-Roi\">installation d'adoucisseurs d'eau</a> au Grau-du-Roi. L'eau calcaire peut <strong>endommager vos installations</strong> et réduire leur durée de vie. En optant pour un adoucisseur, vous protégez vos équipements tout en améliorant votre confort quotidien. Nos techniciens évaluent la qualité de votre eau et vous conseillent sur le système le plus adapté à votre situation, en veillant à une installation conforme et à un entretien régulier pour assurer son efficacité.</p> <a href=\"https://www.gd-energies.fr/installation/adoucisseurs-eau\" title=\"Installation adoucisseur au Grau-du-Roi\">installation d'adoucisseurs d'eau</a> <strong>endommager vos installations</strong> <p>GD Energies s'impose ainsi comme un acteur incontournable au Grau-du-Roi pour tous vos besoins en chauffage, climatisation, énergie solaire et traitement de l'eau. Forte de son <a href=\"/qui-sommes-nous\" title=\"Chauffagiste au Grau-du-Roi\">expertise depuis 1975</a> et de son engagement envers la <strong>satisfaction client</strong>, notre entreprise vous garantit des solutions énergétiques performantes, durables et parfaitement adaptées à votre habitation.</p> <a href=\"/qui-sommes-nous\" title=\"Chauffagiste au Grau-du-Roi\">expertise depuis 1975</a> <strong>satisfaction client</strong>"
    }
  ],
  "related": {
    "title": "",
    "links": []
  }
}