{
  "breadcrumb": "Adoucisseurs eau",
  "seo": {
    "title": "Installateur d'adoucisseur d'eau dans le Gard | GD Energies",
    "description": "Évitez les dépôts de calcaire : protégez vos appareils avec un adoucisseur d'eau dans le Gard. GD Energies, spécialiste du traitement de l'eau, installe votre adoucisseur autour de Nîmes et du Grau-du-Roi.",
    "opengraph": {
      "site_name": "GD Energies",
      "type": "website",
      "locale": "fr_FR",
      "title": "Installateur d'adoucisseur d'eau dans le Gard | GD Energies",
      "description": "Évitez les dépôts de calcaire : protégez vos appareils avec un adoucisseur d'eau dans le Gard. GD Energies, spécialiste du traitement de l'eau, installe votre adoucisseur autour de Nîmes et du Grau-du-Roi.",
      "image": {
        "src": "https://www.gd-energies.fr/build/images/gd-energies-installation-adoucisseur-eau-456x334.5809386c.jpg",
        "alt": "GD Energies installe des adoucisseurs d'eau pour une eau douce et sans tartre à Nîmes et dans le Gard."
      }
    }
  },
  "hero": {
    "title": "Installer un adoucisseur d'eau autour de Nîmes avec GD Energies",
    "subtitle": "Traitement de l’eau : faites appel à GD Energies pour une eau plus douce et moins calcaire"
  },
  "intro": {
    "image": {
      "src": "https://www.gd-energies.fr/build/images/gd-energies-installation-adoucisseur-eau-456x334.5809386c.jpg",
      "alt": "GD Energies installe des adoucisseurs d'eau pour une eau douce et sans tartre à Nîmes et dans le Gard."
    },
    "text": "<p>L’eau du Gard est souvent riche en calcaire. Dépôts blancs sur la robinetterie, tartre dans les appareils qui utilisent l’eau courante, pannes fréquentes de chaudière ou de chauffe-eau : ce ne sont que quelques symptômes et conséquences de cette eau dure que nous utilisons au quotidien.</p> <p>Pour résoudre tous ces problèmes, vous pouvez faire installer un adoucisseur d’eau.</p> <p>GD Energies, spécialiste du traitement de l’eau autour de <a href=\"https://www.gd-energies.fr/chauffage-nimes\" title=\"Chauffage Nimes\">Nîmes</a> et du <a href=\"https://www.gd-energies.fr/chauffage-grau-du-roi\" title=\"Chauffage Grau Du Roi\">Grau-du-Roi</a>, pose votre adoucisseur d’eau chez vous pour que vous puissiez profiter d’une eau douce et agréable.</p> <p>&nbsp;</p>"
  },
  "contents": [
    {
      "title": "Pourquoi installer un adoucisseur d'eau dans le Gard ?",
      "text": "<p>Bien que potable, l'eau dans le Gard présente une dureté particulièrement élevée, <strong>souvent supérieure à 30°f</strong> (degrés français). Elle dépasse donc largement les 15°f recommandés pour un usage domestique.</p> <strong>souvent supérieure à 30°f</strong> <p>Avec une eau aussi calcaire, vous avez sûrement déjà remarqué des dépôts sur vos robinets, dans votre évier, votre lavabo, etc.</p> <p>Ces dépôts viennent aussi <strong>encrasser vos appareils</strong> électroménagers (bouilloire, lave-linge), mais aussi dans votre chaudière et votre circuit de chauffage s’ils sont hydrauliques, ainsi que dans votre chauffe-eau.</p> <strong>encrasser vos appareils</strong> <p>Avec le temps, le problème peut prendre de l’ampleur : vos appareils perdent en efficacité, ils consomment plus d’énergie, ils fonctionnent mal. À terme, l’embouage et l’entartrage de votre chaudière, votre chauffe-eau et votre circuit de chauffage peuvent <strong>provoquer des pannes</strong> plus ou moins graves et coûteuses de vos appareils.&nbsp;</p> <strong>provoquer des pannes</strong> <p>Outre les impacts sur les équipements, une eau très calcaire peut <strong>assécher la peau</strong>, irriter le cuir chevelu. C’est pourquoi nous vous recommandons de faire installer un adoucisseur d’eau dans votre logement gardois. Il permet de réduire la concentration de minéraux, notamment de calcium et de magnésium, responsables de la dureté de l'eau. La formation de dépôts de calcaire se trouve alors immédiatement et largement atténuée.</p> <strong>assécher la peau</strong>"
    },
    {
      "title": "Les solutions de traitement de l'eau adaptées au Gard",
      "text": "<p>Le choix d'un <a href=\"https://www.gd-energies.fr/equipements/adoucisseurs-eau\" title=\"Adoucisseur d'eau dans le Gard\">adoucisseur d'eau</a> doit se faire en tenant compte de la qualité de l'eau locale et des besoins spécifiques des foyers.</p> <a href=\"https://www.gd-energies.fr/equipements/adoucisseurs-eau\" title=\"Adoucisseur d'eau dans le Gard\">adoucisseur d'eau</a> <p>Les adoucisseurs modernes utilisent des technologies avancées pour éliminer les ions calcium et magnésium, responsables de la formation de tartre. Ces systèmes améliorent l'état de vos canalisations et permettent également de filtrer les impuretés.</p> <p>Les adoucisseurs d'eau se montrent particulièrement efficaces pour <strong>préserver la qualité des eaux de chauffage</strong>, en évitant l'accumulation de boues dans les <strong>radiateurs et les planchers chauffants</strong>. Ainsi, l'installation d'un adoucisseur dans une maison du Gard garantit non seulement une eau de meilleure qualité, mais aussi une amélioration des performances du système de chauffage, de quoi réduire les dépenses en énergies et les besoins en maintenance.</p> <strong>préserver la qualité des eaux de chauffage</strong> <strong>radiateurs et les planchers chauffants</strong>"
    },
    {
      "title": "GD Energies, spécialiste du traitement de l'eau et installateur d'adoucisseur d'eau à Nîmes",
      "text": "<p>Confiez l'installation de votre adoucisseur d'eau à un professionnel dans le Gard : GD Energies, <strong>expert en traitement de l'eau</strong> pourra vous conseiller et vous proposer l'adoucisseur le plus efficace selon votre localisation.</p> <strong>expert en traitement de l'eau</strong> <p>Nous pouvons aussi vous proposer de réaliser <a href=\"https://www.gd-energies.fr/entretien/adoucisseurs-eau\" title=\"Entretien adoucisseur d'eau dans le Gard\">l'entretien régulier de votre adoucisseur</a> pour maintenir son efficacité au maximum. Nous disposons également d'un service après-vente réactif en cas de problème. Un suivi régulier, notamment pour le remplacement des résines ou le contrôle des paramètres, assure une performance constante de l'appareil et une eau de qualité tout au long de l'année.</p> <a href=\"https://www.gd-energies.fr/entretien/adoucisseurs-eau\" title=\"Entretien adoucisseur d'eau dans le Gard\">l'entretien régulier de votre adoucisseur</a>"
    }
  ],
  "related": {
    "title": "",
    "links": []
  },
  "url": "https://www.gd-energies.fr/installation/adoucisseurs-eau"
}