{
  "breadcrumb": "Chaudieres gaz",
  "seo": {
    "title": "Installation de Chaudières Gaz à Nîmes - Devis gratuit | GD Energies",
    "description": "À Nîmes (30), GD Energies - Gaz Dépannage remplace votre chaudière gaz : experts RGE, services sur mesure et intervention rapide. Demandez votre devis gratuit !",
    "opengraph": {
      "site_name": "GD Energies",
      "type": "website",
      "locale": "fr_FR",
      "title": "Installation de Chaudières Gaz à Nîmes - Devis gratuit | GD Energies",
      "description": "À Nîmes (30), GD Energies - Gaz Dépannage remplace votre chaudière gaz : experts RGE, services sur mesure et intervention rapide. Demandez votre devis gratuit !",
      "image": {
        "src": "https://www.gd-energies.fr/build/images/gd-energies-installation-chaudiere-456x334.b0dc69ae.jpg",
        "alt": "Installez une Chaudière Gaz Performante autour de Nîmes, du Grau-du-Roi, Beaucaire, ..."
      }
    }
  },
  "hero": {
    "title": "Installation professionnelle de chaudière gaz à Nîmes et ses environs",
    "subtitle": "Pose de votre chaudière autour de Nîmes et du Grau-du-Roi avec GD Energies, chauffagiste RGE (Gaz Dépannage)"
  },
  "intro": {
    "image": {
      "src": "https://www.gd-energies.fr/build/images/gd-energies-installation-chaudiere-456x334.b0dc69ae.jpg",
      "alt": "Installez une Chaudière Gaz Performante autour de Nîmes, du Grau-du-Roi, Beaucaire, ..."
    },
    "text": "<p>Les chaudières gaz sont parmi les équipements de chauffage les plus répandus en France. 40% des ménages, soit 12 millions de foyers, se chauffent au gaz dans notre pays, soit presque autant de chaudières gaz.</p> <p>Cependant, on estime qu'aujourd'hui <strong>50% du parc est vieillissant</strong>.</p> <p>GD Energies, votre spécialiste de l'installation, l'entretien et le dépannage de chaudières gaz remplace votre équipement sur Nîmes et ses alentours. Nos équipes se déplacent dans un rayon de 35km autour de notre agence nîmoise et autour du Grau-du-Roi.</p> <p>Suivez le guide et n'hésitez pas à nous contacter pour le remplacement de votre chaudière !</p> <p><i></i> <span class=\"obflink obflink-text\" data-o=\"L25vdXMtY29udGFjdGVy\"><strong>Besoin d'une chaudière gaz performante ?</strong><br>Contactez nos experts RGE à Nîmes pour un devis gratuit.</span></p>"
  },
  "contents": [
    {
      "title": "Remplacer votre chaudière gaz : les avantages",
      "text": "<p>La moitié des chaudières à gaz en France sont anciennes et si vous nous lisez, vous cherchez sans doute à en installer une nouvelle. Selon GRDF, les remplacer par des chaudières à très haute performance pourrait <strong>réduire leurs émissions de gaz à effet de serre</strong> d'environ 30%.</p> <strong>réduire leurs émissions de gaz à effet de serre</strong> <p>En effet, une chaudière vieillissante génère une <strong>plus grande consommation de gaz</strong> et donc augmente votre facture d'énergie. Votre ancienne chaudière est aussi plus susceptible de tomber en panne et de vous coûter cher en réparation. Pour vos dépannages, vous devenez plus dépendant du constructeur dans l'approvisionnement en pièces de rechange et de son engagement à les fournir.</p> <strong>plus grande consommation de gaz</strong> <p>Pour ces raisons, investir dans une nouvelle chaudière pourra vous permettre de faire des économies, avec un appareil plus écologique.</p> <p>En plus de réduire votre consommation d'énergie et vos factures, <a href=\"https://www.gd-energies.fr/equipements/chaudieres-gaz\" title=\"Chaudière gaz à Nîmes\">les chaudières gaz récentes</a> et performantes vous permettent aussi d'améliorer votre confort thermique. Une chaudière neuve, c'est une production d’eau chaude plus efficace et à température constante ainsi qu’une régulation de chauffage de plus grande précision. Elle vous assure également une grande <strong>fiabilité matérielle</strong> et vous fait bénéficier des dernières technologies en matière de sécurité.</p> <a href=\"https://www.gd-energies.fr/equipements/chaudieres-gaz\" title=\"Chaudière gaz à Nîmes\">les chaudières gaz récentes</a> <strong>fiabilité matérielle</strong>"
    },
    {
      "title": "Comment choisir votre nouvelle chaudière gaz",
      "text": "<p>Trois grands types de chaudières existent sur le marché :</p> <ul><li>Les chaudières gaz standard</li><li>Les chaudières gaz THPE à condensation</li><li>Les chaudières gaz basse température</li></ul> <li>Les chaudières gaz standard</li> <li>Les chaudières gaz THPE à condensation</li> <li>Les chaudières gaz basse température</li> <h3>La chaudière à condensation à très haute performance énergétique</h3> <p>La chaudière THPE à condensation <strong>consomme moins d’énergie</strong> qu'une chaudière classique. Elle condense la vapeur d’eau des produits de combustion et en en <strong>récupère l’énergie</strong> pour votre chauffage. Plus écologique, elle rejette moins de CO2 que les chaudières traditionnelles. Elle est aussi plus sécurisante grâce à sa technologie ventouse qui élimine les risques de rejet de monoxyde de carbone dans votre habitat.</p> <strong>consomme moins d’énergie</strong> <strong>récupère l’énergie</strong> <h3>La chaudière gaz basse température</h3> <p>Les chaudières basse température chauffent l'eau à environ 50°C. Cela permet de <strong> réduire la consommation d'énergie </strong> et de <strong> limiter les émissions polluantes </strong> , par rapport à des chaudières classiques.</p> <strong> réduire la consommation d'énergie </strong> <strong> limiter les émissions polluantes </strong> <p>L'installation d'une chaudière basse température nécessite <strong> un réseau de chauffage adapté </strong> , c'est-à-dire des <strong> émetteurs de grande surface </strong> comme des planchers chauffants ou des radiateurs basse température. La chaudière basse température permet ainsi de diffuser une chaleur douce et homogène pour un confort thermique optimal.</p> <strong> un réseau de chauffage adapté </strong> <strong> émetteurs de grande surface </strong> <h3>Ls principaux critères</h3> <p>La différence entre les gammes de chaudières porte principalement sur le confort en eau chaude. Cependant il faut aussi <strong>dimensionner votre chaudière gaz</strong> en fonction des caractéristiques de votre logement et du nombre de personnes vivant dans le foyer. Il vous faudra donc :</p> <strong>dimensionner votre chaudière gaz</strong> <ul><li>Prendre en compte vos besoins en chauffage et en eau chaude sanitaire</li><li>Considérer le type de logement et son isolation</li><li>Choisir une chaudière à la performance énergétique élevée</li></ul> <li>Prendre en compte vos besoins en chauffage et en eau chaude sanitaire</li> <li>Considérer le type de logement et son isolation</li> <li>Choisir une chaudière à la performance énergétique élevée</li> <p>Pour vous aider, nos spécialistes GD Energies sont joignables, appelez-nous !</p>"
    },
    {
      "title": "Chauffage au gaz : le vrai du faux des interdictions",
      "text": "<p>Le nouvelle réglementation énergétique <strong>RE2020</strong> entrée en vigueur en 2022 a fortement régulé l'usage du chauffage au gaz. Cependant, de nombreuses exceptions existent afin que les 12 millions de foyers français raccordés au gaz puissent continuer à se chauffer grâce à cette énergie.</p> <strong>RE2020</strong> <p>Les chaudières gaz sont ainsi interdites :</p> <ul><li>Dans les maisons individuelles neuves depuis la RE2020.</li><li>Pour les permis de construire postérieurs à 2023 sans dérogation antérieure.</li></ul> <li>Dans les maisons individuelles neuves depuis la RE2020.</li> <li>Pour les permis de construire postérieurs à 2023 sans dérogation antérieure.</li> <p>Les système de chauffage au gaz sont en revanche autorisés :</p> <ul><li>En rénovation pour remplacer des chaudières existantes.</li><li>Dans les logements collectifs neufs jusqu'en 2024.</li><li>Avec des solutions hybrides en complément d'autres installations principales.</li></ul> <li>En rénovation pour remplacer des chaudières existantes.</li> <li>Dans les logements collectifs neufs jusqu'en 2024.</li> <li>Avec des solutions hybrides en complément d'autres installations principales.</li>"
    },
    {
      "title": "GD Energies : votre partenaire pour un remplacement de chaudière réussi",
      "text": "<p>GD Energie est votre spécialiste de l'installation et du remplacement de chaudière gaz à Nîmes. <a href=\"/qui-sommes-nous\" title=\"Histoire GD Energies - Gaz Dépannage\">Depuis plus de 50 ans</a>, nos équipes interviennent dans le domaine du gaz auprès de particuliers et d'entreprises. Notre savoir-faire n'est désormais plus à démontrer : depuis 1975, nos experts installent, remplacent, entretiennent et dépannent les chaudières à gaz des Gardois.</p> <a href=\"/qui-sommes-nous\" title=\"Histoire GD Energies - Gaz Dépannage\">Depuis plus de 50 ans</a> <p>GD Energies est donc votre installateur de chaudière gaz à Nîmes et dans ses environs, reconnu <a href=\"/qui-sommes-nous/certifications-et-marques\" title=\"Nos certifications - GD Energies\">Professionnel du gaz et certifié RGE Chauffage+</a>.</p> <a href=\"/qui-sommes-nous/certifications-et-marques\" title=\"Nos certifications - GD Energies\">Professionnel du gaz et certifié RGE Chauffage+</a> <p>Nos plombiers chauffagistes interviennent <a href=\"/qui-sommes-nous/zones-intervention\" title=\"Notre zone d'intervention - GD Energies\">dans un rayon de 35km autour de Nîmes</a> ainsi que dans la zone du Grau-du-Roi.</p> <a href=\"/qui-sommes-nous/zones-intervention\" title=\"Notre zone d'intervention - GD Energies\">dans un rayon de 35km autour de Nîmes</a>"
    },
    {
      "title": "Les étapes du remplacement de votre chaudière gaz",
      "text": "<p>Nos experts des chaudières gaz interviennent chez vous, autour de Nîmes et du Grau-du-Roi. Ils vous accompagnent dans la réparation de votre chaudière, si c'est possible, sinon dans l'installation d'une nouvelle chaudière gaz. Ils procèdent ainsi :</p> <ul><li>Diagnostic de l'état de votre chaudière actuelle</li><li>Choix de la nouvelle chaudière selon les caractéristiques de votre logement et de votre foyer et commande de l'équipement</li><li>Dépose de l'ancienne chaudière</li><li>Installation de la nouvelle chaudière et raccord</li><li>Mise en service et programmation</li><li>Enlèvement de l'ancienne chaudière qui entrera dans un parcours de revalorisation des composants</li></ul> <li>Diagnostic de l'état de votre chaudière actuelle</li> <li>Choix de la nouvelle chaudière selon les caractéristiques de votre logement et de votre foyer et commande de l'équipement</li> <li>Dépose de l'ancienne chaudière</li> <li>Installation de la nouvelle chaudière et raccord</li> <li>Mise en service et programmation</li> <li>Enlèvement de l'ancienne chaudière qui entrera dans un parcours de revalorisation des composants</li>"
    }
  ],
  "related": {
    "title": "",
    "links": []
  },
  "url": "https://www.gd-energies.fr/installation/chaudieres-gaz"
}