{
  "breadcrumb": "Chauffe eaux chauffe bains",
  "seo": {
    "title": "Installateur de chauffe-eau et chauffe-bain à Nîmes | GD Energies",
    "description": "GD Energies installe et remplace votre chauffe-eau électrique, thermodynamique ou chauffe-bains gaz. Plus de 50 ans d'expérience, devis gratuit et services locaux. Certification RGE. Intervention rapide.",
    "opengraph": {
      "site_name": "GD Energies",
      "type": "website",
      "locale": "fr_FR",
      "title": "Installateur de chauffe-eau et chauffe-bain à Nîmes | GD Energies",
      "description": "GD Energies installe et remplace votre chauffe-eau électrique, thermodynamique ou chauffe-bains gaz. Plus de 50 ans d'expérience, devis gratuit et services locaux. Certification RGE. Intervention rapide.",
      "image": {
        "src": "https://www.gd-energies.fr/build/images/gd-energies-installation-chauffe-eau-456x334.84a6edd2.jpg",
        "alt": "GD Energies installe des cumulus électriques, chauffe-eaux thermodynamiques, et chauffe-bains gaz"
      }
    }
  },
  "hero": {
    "title": "Installation et remplacement de chauffe-eau à Nîmes",
    "subtitle": "GD Energies, votre installateur expert de chauffe-eaux thermodynamiques, électriques et chauffe-bains gaz"
  },
  "intro": {
    "image": {
      "src": "https://www.gd-energies.fr/build/images/gd-energies-installation-chauffe-eau-456x334.84a6edd2.jpg",
      "alt": "GD Energies installe des cumulus électriques, chauffe-eaux thermodynamiques, et chauffe-bains gaz"
    },
    "text": "<p>Si vous souhaitez faire installer un cumulus électrique, un chauffe-eau thermodynamique ou un chauffe-bain gaz, GD Energies et votre expert nîmois 100% local.</p> <p>Chez GD Energies, nous installons et remplaçons depuis plus de 50 ans les équipements d'eau chaude sanitaire des Gardois.</p> <p>Nos plombiers chauffagistes experts interviennent dans un rayon de 35 kilomètres autour de <a href=\"https://www.gd-energies.fr/chauffage-nimes\" title=\"Chauffage Nimes\">Nîmes</a> ainsi que dans les environs du <a href=\"https://www.gd-energies.fr/chauffage-grau-du-roi\" title=\"Chauffage Grau Du Roi\">Grau-du-Roi</a>. Nous travaillons avec les plus grandes marques du marché comme Atlantic, Hitachi ou encore Thermor.</p> <p>&nbsp;</p>"
  },
  "contents": [
    {
      "title": "Quel chauffe-eau choisir ?",
      "text": "<h3>Le chauffe-eau électrique</h3> <p>Les chauffe-eaux électriques, ou cumulus, présentent l'avantage de s'adapter à la plupart des logements. Leur seule exigence : être raccordé au réseau électrique et être positionné non loin d'une arrivée d'eau.</p> <p>La capacité des ballons d'eau chaude électriques va généralement de 50 à 300 litres. Il convient de bien évaluer sa consommation d'eau chaude afin de faire le meilleur choix. Enfin, ils sont généralement plus accessibles à l'achat, mais se démarquent par une consommation énergétique plus élevée, notamment lorsque leur réservoir est volumineux.</p> <h3>Le chauffe-bain gaz</h3> <p>Les chauffe-bains ou chauffe-eaux gaz nécessitent un raccord au réseau de gaz. Fonctionnant à base de propane, de butane ou de gaz naturel, ils existent avec et sans ballon d'eau chaude : chauffe-bain à accumulation ou chauffe-bain instantané.</p> <p>Ils nécessitent une installation adaptée par des professionnels du gaz.</p> <h3>Le chauffe-eau thermodynamique</h3> <p>Le chauffe-eau thermodynamique est l'équipement d'eau chaude sanitaire le plus écologique. Il utilise les calories de l'air ambiant et de l'électricité pour produire de de la chaleur. Avec son système de pompe à chaleur, il affiche une consommation d'énergie moindre par rapport aux cumulus électriques et aux chauffe-eaux gaz.</p> <p>L'installation d'un chauffe-eau thermodynamique est éligible à MaPrimeRenov', avec une aide allant jusqu'à 1&nbsp;200€ (au 01/09/2024) pour les foyers les plus modestes.</p>"
    },
    {
      "title": "Installation d'un chauffe-eau électrique autour de Beaucaire, Vauvert ou du Grau-du-Roi",
      "text": "<p>L'installation d'un chauffe-eau électrique est relativement simple, par rapport à des systèmes plus complexes. Un chauffe-eau électrique doit être positionné près d'un point d'eau et alimenté en électricité et doit être accessible pour son entretien. L'espace devra être également suffisamment suffisant pour accueillir votre appareil, qui peut s'avérer volumineux selon sa capacité.</p> <p>Une fois l'emplacement adapté choisi, nos techniciens certifiés pourront procéder aux raccordements électrique et hydraulique et fixer le cumulus au mur ou sur un socle. Après avoir effectué les connexions et l'installation, nos plombiers chauffagistes pourront procéder aux contrôles adéquats et mettre en route votre appareil.</p>"
    },
    {
      "title": "Installation de chauffe-bain gaz dans le Gard",
      "text": "<p>Installer un chauffe-bain (ou chauffe-eau à gaz) requiert de maîtriser les techniques et mesures de sécurité liées au gaz. Votre appareil devra être raccordé à un conduit d'évacuation des fumées. Nos experts certifiés Professionnel du Gaz vous aident à déterminer l'emplacement le plus adapté.</p> <p>Ils procèdent ensuite au raccordement au gaz, à l'électricité et au système hydraulique et fixent votre appareil au mur.</p>"
    },
    {
      "title": "Installation de chauffe-eau thermodynamique autour de Nîmes",
      "text": "<p>L'installation d'un chauffe-eau thermodynamique comprend plus de contraintes. Elle nécessite un local aéré, non chauffé, d'un volume minimum de 20m3, compte tenu du fait que la pompe à chaleur de votre ballon thermodynamique puise une part de son énergie dans l'air ambiant. SI un tel emplacement n'est pas disponible, il est possible de connecter votre ballon thermodynamique à l'extérieur de votre maison.</p> <p>Nos experts posent les gaines d'air, puis, une fois l'installation de l'appareil faite, configurent le thermostat. L'appareil peut alors être mis en service par nos professionnels qualifiés.</p>"
    },
    {
      "title": "GD Energies, votre installateur de chauffe-eau à Nîmes",
      "text": "<p>Depuis plus de 50 ans, nos plombiers chauffagistes interviennent <a href=\"/qui-sommes-nous/zones-intervention\" title=\"Zone d'intervention\">à Nîmes et ses environs</a>, ainsi qu'au Grau-du-Roi. Spécialistes des systèmes d'eau chaude sanitaire, ils installent et remplacent vos appareils dans le Gard. Faire appel à nos techniciens certifiés, c'est vous assurer une installation conforme aux normes et en toute sécurité.</p> <a href=\"/qui-sommes-nous/zones-intervention\" title=\"Zone d'intervention\">à Nîmes et ses environs</a> <p>Afin de vous faire profiter des meilleurs produits du marché, nous avons tissé de solides partenariats avec des marques phares du secteur : <strong>Atlantic, Thermor et Hitachi</strong>.</p> <strong>Atlantic, Thermor et Hitachi</strong> <p>Faire appel à GD Energies pour l'installation de son chauffe-bain à Nîmes, c'est faire le choix de <a href=\"/qui-sommes-nous/certifications-et-marques\" title=\"Nos certifications\">professionnels sérieux et qualifiés</a> pour un projet d'efficacité énergétique réussi !</p> <a href=\"/qui-sommes-nous/certifications-et-marques\" title=\"Nos certifications\">professionnels sérieux et qualifiés</a> <p><i></i> <a title=\"Installation de chauffe-bain près de Nîmes\" href=\"/nous-contacter?type=3&amp;categorie=water_heater\">Demander l'installation d'un chauffe-eau ou d'un chauffe-bain autour de Nîmes</a></p> <i></i> <a title=\"Installation de chauffe-bain près de Nîmes\" href=\"/nous-contacter?type=3&amp;categorie=water_heater\">Demander l'installation d'un chauffe-eau ou d'un chauffe-bain autour de Nîmes</a>"
    }
  ],
  "related": {
    "title": "Faire entretenir son chauffe-eau autour de Nîmes",
    "links": [
      {
        "text": "Demander l'entretien d'un chauffe-eau autour de Nîmes",
        "href": "/nous-contacter?type=2&categorie=water_heater",
        "title": "Maintenance de chauffe-bain près de Nîmes"
      }
    ]
  },
  "url": "https://www.gd-energies.fr/installation/chauffe-eaux-chauffe-bains"
}