{
  "breadcrumb": "Climatisations",
  "seo": {
    "title": "Installation de climatisation réversible à Nîmes (30) | GD Energies",
    "description": "GD Energies, spécialiste RGE, installe votre climatisation réversible à Nîmes et dans le Gard. Étude thermique, installation rapide, devis gratuit !",
    "opengraph": {
      "site_name": "GD Energies",
      "type": "website",
      "locale": "fr_FR",
      "title": "Installation de climatisation réversible à Nîmes (30) | GD Energies",
      "description": "GD Energies, spécialiste RGE, installe votre climatisation réversible à Nîmes et dans le Gard. Étude thermique, installation rapide, devis gratuit !",
      "image": {
        "src": "https://www.gd-energies.fr/build/images/gd-energies-installation-climatisation-456x334.fcd59ba1.jpg",
        "alt": "Climatisation réversible à Nîmes : pose professionnelle et appareil écologiques et économiques par GD Energies"
      }
    }
  },
  "hero": {
    "title": "Installation professionnelle de climatisation réversible autour de Nîmes et du Grau-du-Roi",
    "subtitle": "GD Energies, votre installateur RGE QualiPAC pour votre pompe à chaleur air-air à Nîmes, Beaucaire, Vauvert..."
  },
  "intro": {
    "image": {
      "src": "https://www.gd-energies.fr/build/images/gd-energies-installation-climatisation-456x334.fcd59ba1.jpg",
      "alt": "Climatisation réversible à Nîmes : pose professionnelle et appareil écologiques et économiques par GD Energies"
    },
    "text": "<p>À <a href=\"https://www.gd-energies.fr/chauffage-nimes\" title=\"Chauffage Nimes\">Nîmes</a> comme dans le reste du Gard, installer une climatisation réversible permet de faire face aux vagues de chaleur estivales. De plus en plus nombreuses et intenses, elles poussent de nombreux Gardois et Gardoises à opter pour des systèmes de climatisation économes et écologiques.</p> <p>L'installation d'une clim réversible, aussi appelée pompe à chaleur air-air, requiert l'intervention de professionnels qualifiés pour assurer le confort thermique de votre maison.</p> <p>Chez GD Energies, nos experts en génie climatique installent, remplacent, entretiennent et dépannent votre climatisation réversible dans une zone de 35 km autour de Nîmes.</p> <p>&nbsp;</p>"
  },
  "contents": [
    {
      "title": "Climatisations réversible monosplit, multisplit : les distinctions",
      "text": "<p>Les climatisations réversibles permettent de chauffer ou refroidir l'intérieur de votre logement grâce à des échanges de chaleur. Tout d'abord, elles comprennent deux unités entre lesquelles circule un <strong>fluide frigorigène</strong> : une unité intérieure et une unité extérieure. Parce qu'elles se divisent en ces deux unités, on parle de <strong>climatisation split</strong>.</p> <strong>fluide frigorigène</strong> <strong>climatisation split</strong> <p>Les climatisations sont <strong>monosplit</strong> lorsqu'elles ne possèdent qu'une unité intérieure. Elles sont <strong>multi-split</strong> lorsque l'unité extérieure est connectée à plusieurs unités intérieures pour climatiser plusieurs pièces.</p> <strong>monosplit</strong> <strong>multi-split</strong>"
    },
    {
      "title": "Installation de clim réversible : les étapes",
      "text": "<p>Pour commencer, il vous faudra <strong>évaluer vos besoins</strong>. Pour vous aider à choisir votre système de climatisation, nos experts vous accompagnent de bout en bout.</p> <strong>évaluer vos besoins</strong> <p>En fonction de vos prérequis, de la surface et du nombre de pièces à climatiser, mais aussi de l'isolation de votre maison, la puissance et le prix de l'installation de votre climatisation vont varier. Nos experts climaticiens vous aideront à <strong>choisir le système le plus adapté</strong> à vos besoins et à votre budget : gainable, mural, avec des fonctionnalités spécifiques, etc. Nous effectuons une étude thermique personnalisée de votre logement pour déterminer le système de climatisation réversible le plus adapté à vos besoins. Nos équipes vous établissent un devis gratuit et détaillé.</p> <strong>choisir le système le plus adapté</strong> <p>Nos experts interviennent ensuite chez vous pour la <strong>pose de votre climatisation réversible à Nîmes et ses environs</strong>.</p> <strong>pose de votre climatisation réversible à Nîmes et ses environs</strong> <p>L'unité extérieure est généralement fixée sur un mur extérieur ou une chape. L'unité intérieure est fixée au mur, dans un endroit stratégique pour une diffusion optimale de l'air dans la pièce. Nos techniciens, qui sont tous titulaires de l'attestation d 'aptitude à la manipulation de fluides frigorigènes, procèdent au <strong>raccordement du circuit</strong> entre les deux unités.</p> <strong>raccordement du circuit</strong> <p>Vos appareils sont ensuite <strong>testés et mis en service</strong> par nos climaticiens. Ils vous prodiguent leurs conseils pour <strong>économiser l'énergie</strong>, <a href=\"https://www.gd-energies.fr/entretien/climatisations\" title=\"Entretien de climatisation autour de Nîmes\">bien entretenir votre clim réversible</a> et prolonger sa durée de vie.</p> <strong>testés et mis en service</strong> <strong>économiser l'énergie</strong> <a href=\"https://www.gd-energies.fr/entretien/climatisations\" title=\"Entretien de climatisation autour de Nîmes\">bien entretenir votre clim réversible</a> <h3>L'installation de climatisation gainable dans le Gard</h3> <p>Si vous optez pour une installation gainable, nos professionnels qualifiés interviennent chez vous. Ils posent le <strong>réseau de gaines</strong>, installé dans les combles ou le faux plafond, et vos unités de climatisation. Nos experts vous assurent un chantier propre et rigoureux pour un résultat final soigné et discret.</p> <strong>réseau de gaines</strong> <p>L'installation de votre climatisation gainable à Nîmes, <a href=\"https://www.gd-energies.fr/chauffage-uzes\" title=\"Chauffage Uzes\">Uzès</a>, <a href=\"https://www.gd-energies.fr/chauffage-beaucaire\" title=\"Chauffage Beaucaire\">Beaucaire</a> ou encore <a href=\"https://www.gd-energies.fr/chauffage-milhaud\" title=\"Chauffage Milhaud\">Milhaud</a> vous permet de profiter d'un intérieur frais et sain tout l'été. En hiver, c'est une <strong>solution de chauffage efficace et discrète</strong>, avec une diffusion de l'air chaud via les grilles de ventilation.</p> <a href=\"https://www.gd-energies.fr/chauffage-uzes\" title=\"Chauffage Uzes\">Uzès</a> <a href=\"https://www.gd-energies.fr/chauffage-beaucaire\" title=\"Chauffage Beaucaire\">Beaucaire</a> <a href=\"https://www.gd-energies.fr/chauffage-milhaud\" title=\"Chauffage Milhaud\">Milhaud</a> <strong>solution de chauffage efficace et discrète</strong>"
    },
    {
      "title": "Les critères pour bien choisir sa climatisation réversible",
      "text": "<ul><li><strong>Puissance </strong>: elle dépendra de votre logement, de son isolation, de la surface à climatiser ou encore des déperditions.</li><li><strong>Performances énergétiques</strong> : c'est un critère crucial pour choisir sa climatisation. Vous voudrez opter pour des modèles capables de produire le plus de chaud ou de froid tout en consommant le moins d'électricité possible.</li><li><strong>Design et niveau sonore</strong> : ils peuvent être des critères déterminants ! Un climatiseur qui s'intègre dans votre intérieur aura tous les atouts pour vous séduire. Vous pourrez aussi préférez des modèles ultrasilencieux pour une chambre ou un bureau.</li><li><strong>Fonctionnalités avancées</strong> : les outils de gestion à distance avec la programmation de scénarios d’occupation permettent d’optimiser la dépense énergétique et de gagner en confort. Ils vous permettent par exemple de programmer votre clim pour qu'elle se déclenche une heure avant le coucher ou à votre retour à votre domicile.</li></ul> <li><strong>Puissance </strong>: elle dépendra de votre logement, de son isolation, de la surface à climatiser ou encore des déperditions.</li> <strong>Puissance </strong> <li><strong>Performances énergétiques</strong> : c'est un critère crucial pour choisir sa climatisation. Vous voudrez opter pour des modèles capables de produire le plus de chaud ou de froid tout en consommant le moins d'électricité possible.</li> <strong>Performances énergétiques</strong> <li><strong>Design et niveau sonore</strong> : ils peuvent être des critères déterminants ! Un climatiseur qui s'intègre dans votre intérieur aura tous les atouts pour vous séduire. Vous pourrez aussi préférez des modèles ultrasilencieux pour une chambre ou un bureau.</li> <strong>Design et niveau sonore</strong> <li><strong>Fonctionnalités avancées</strong> : les outils de gestion à distance avec la programmation de scénarios d’occupation permettent d’optimiser la dépense énergétique et de gagner en confort. Ils vous permettent par exemple de programmer votre clim pour qu'elle se déclenche une heure avant le coucher ou à votre retour à votre domicile.</li> <strong>Fonctionnalités avancées</strong>"
    },
    {
      "title": "GD Energies, votre installateur de climatisation certifié à Nîmes",
      "text": "<p>GD Energies est <strong>expert des solutions de climatisation</strong> et des travaux de rénovation énergétique dans le Gard.</p> <strong>expert des solutions de climatisation</strong> <p>Nous installons votre climatisation réversible en tenant compte de votre budget, de la configuration de votre habitation et de vos besoins. L'<strong>expertise frigorifique</strong> de nos climaticiens est indispensable pour vous conseiller. Ils tiennent compte des espaces à refroidir, des contraintes extérieures, mais vos envies esthétiques. Nous travaillons avce les plus grandes marques du secteur pour vous fournir des produits performants et économes en énergies : Atlantic, Thermor, Hitachi, Mitsubishi Electric, etc.</p> <strong>expertise frigorifique</strong> <p>En tant qu'<a href=\"/qui-sommes-nous/certifications-et-marques\" title=\"GD Energies est une entreprise RGE\">installateur certifié RGE</a>, nous déduisons directement les <strong>aides financières</strong> de votre devis (primes CEE, par exemple).</p> <a href=\"/qui-sommes-nous/certifications-et-marques\" title=\"GD Energies est une entreprise RGE\">installateur certifié RGE</a> <strong>aides financières</strong> <h3>GD Energies, un acteur historique et local</h3> <p>Depuis 1975, GD Energies œuvre pour le confort thermique des Gardois et des Gardoises. Spécialiste historique du gaz, GD Energies a su diversifier son expertise, <a href=\"/qui-sommes-nous\" title=\"GD Energies : climaticien depuis 1975\">fort de plus de 50 ans d'expérience</a>. Notre entreprise est votre installateur de pompes à chaleur air-air certifié QualiPAC. Nous intervenons <strong>à Nîmes, dans le Gard et les Bouches-du-Rhône</strong>, <a href=\"/qui-sommes-nous/zones-intervention\" title=\"Rayon d'intervention de GD Energies\">dans un rayon de 35km</a> autour de la cité des Antonins.</p> <a href=\"/qui-sommes-nous\" title=\"GD Energies : climaticien depuis 1975\">fort de plus de 50 ans d'expérience</a> <strong>à Nîmes, dans le Gard et les Bouches-du-Rhône</strong> <a href=\"/qui-sommes-nous/zones-intervention\" title=\"Rayon d'intervention de GD Energies\">dans un rayon de 35km</a> <p>Pour une installation rapide par des experts qualifiés, contactez GD Energies !</p>"
    }
  ],
  "related": {
    "title": "",
    "links": []
  },
  "url": "https://www.gd-energies.fr/installation/climatisations"
}