{
  "breadcrumb": "Installation",
  "seo": {
    "title": "Installation Chauffage et Climatisation à Nîmes - GD Energies",
    "description": "GD Energies (Gaz Dépannage) expert RGE en rénovation énergétique à Nîmes, installe chaudières, pompes à chaleur, climatisations, chauffe-eaux et adoucisseurs d'eau. ",
    "opengraph": {
      "site_name": "GD Energies",
      "type": "website",
      "locale": "fr_FR",
      "title": "Installation Chauffage et Climatisation à Nîmes - GD Energies",
      "description": "GD Energies (Gaz Dépannage) expert RGE en rénovation énergétique à Nîmes, installe chaudières, pompes à chaleur, climatisations, chauffe-eaux et adoucisseurs d'eau. ",
      "image": {
        "src": "https://www.gd-energies.fr/build/images/gd-energies-installation-456x334.49609e4a.jpg",
        "alt": "Remplacez votre chaudière, pompe à chaleur, ou climatisation à Nîmes avec GD Energies"
      }
    }
  },
  "hero": {
    "title": "Installation de chauffage et de climatisation autour de Nîmes",
    "subtitle": "GD Energies, votre installateur qualifié pour votre chauffage et votre climatisation dans le Gard"
  },
  "intro": {
    "image": {
      "src": "https://www.gd-energies.fr/build/images/gd-energies-installation-456x334.49609e4a.jpg",
      "alt": "Remplacez votre chaudière, pompe à chaleur, ou climatisation à Nîmes avec GD Energies"
    },
    "text": "<p>Vous souhaitez remplacer votre système de chauffage ou de climatisation dans votre logement par un équipement performant et économique ? Vous construisez votre maison dans le Gard et souhaitez l'équiper ? Chez GD Energies, nos experts et plombiers chauffagistes vous accompagnent dans vos projets de rénovation énergétique et vous aident à remplacer vos appareils vieillissants par des modèles fiables et plus respectueux de l'environnement.</p><p>Nous travaillons avec <a href=\"/qui-sommes-nous/certifications-et-marques\" title=\"Nos marques - GD Energies\">les plus grandes marques du marché</a> pour vous offrir des solutions économes en énergie : Saunier Duval, De Dietrich, Frisquet, ELM Leblanc, Atlantic, Mitsubishi Electric, Hitachi et bien d'autres. Les techniciens experts GD Energies se déplacent tout autour de <a href=\"https://www.gd-energies.fr/chauffage-nimes\" title=\"Chauffage Nimes\">Nîmes</a> et du <a href=\"https://www.gd-energies.fr/chauffage-grau-du-roi\" title=\"Chauffage Grau Du Roi\">Grau-du-Roi</a>.</p>"
  },
  "teasers": [
    {
      "title": "Installation de chaudière à haute performance énergétique autour de Saint-Gilles, Vergèze, Nîmes",
      "text": "<p>Expert du gaz depuis 1975, GD Energies est votre installateur reconnu garant de l'environnement (RGE), notamment en matière d'installation de chaudières gaz nouvelle génération.</p><p>En tant que membre du réseau Professionnel du Gaz et entreprise qualifiée RGE Chauffage+, nous réalisons la pose de votre <strong>chaudière THPE</strong> (Très Haute Performance Énergétique) à condensation ou votre <strong>chaudière basse température</strong>. Nos techniciens réalisent aussi l'entretien et le dépannage de vos appareils à gaz dans le respect des normes en vigueur.</p>",
      "link": {
        "href": "https://www.gd-energies.fr/installation/chaudieres-gaz",
        "text": "En savoir plus sur l'installation de chaudière gaz",
        "title": "Installation de chaudière dans le Gard"
      }
    },
    {
      "title": "Demandez un devis pour votre pompe à chaleur air-eau ou hybride près de Nîmes, Poulx, Saint-Dionizy",
      "text": "<p>Que vous soyez dans un projet de rénovation énergétique ou dans du neuf, les <strong>pompes à chaleur air-eau et hybrides</strong> vous permettront de faire des économies d'énergie sur votre chauffage. GD Energies est un installateur de pompes à chaleur à Nîmes et dans le Gard reconnue <strong>RGE QualiPAC</strong>. Cette qualification vous assure la pose de votre pompe à chaleur dans les règles de l'art, par des professionnels certifiés.</p><p>Demandez votre devis gratuit pour votre pompe à chaleur à <a href=\"https://www.gd-energies.fr/chauffage-beaucaire\" title=\"Chauffage Beaucaire\">Beaucaire</a>, <a href=\"https://www.gd-energies.fr/chauffage-les-angles\" title=\"Chauffage Les Angles\">Les Angles</a>, <a href=\"https://www.gd-energies.fr/chauffage-milhaud\" title=\"Chauffage Milhaud\">Milhaud</a>, <a href=\"https://www.gd-energies.fr/chauffage-uzes\" title=\"Chauffage Uzes\">Uzès</a>, <a href=\"https://www.gd-energies.fr/chauffage-aramon\" title=\"Chauffage Aramon\">Aramon</a>, Saint-Dionizy ou au Grau-du-Roi.</p>",
      "link": {
        "href": "https://www.gd-energies.fr/installation/pompes-a-chaleur",
        "text": "En savoir plus sur l'installation de pompe à chaleur",
        "title": "Installation de pompe  chaleur dans le Gard"
      }
    },
    {
      "title": "Installation de climatisation réversible pour un confort optimal été comme hiver autour de Nîmes, Beaucaire, Les Angles",
      "text": "<p>Nos techniciens frigoristes réalisent la pose de votre <strong>climatisation réversible</strong>, aussi appelée pompe à chaleur air-air dans le Gard. Ces experts GD Energies réalisent l'étude thermique de votre logement afin de dimensionner votre système de climatisation en adéquation avec votre maison et vos usages. <strong>Mitsubishi Electric, Thermor ou encore Atlantic</strong>, nous vous proposons une vaste gamme de marques et de modèles de climatiseurs pour assurer votre confort thermique hiver comme été.</p><p>Nos équipes se déplacent dans une zone de 35km autour de Nîmes et dans la zone du Grau-du-Roi : <a href=\"https://www.gd-energies.fr/chauffage-saint-gilles\" title=\"Chauffage Saint Gilles\">Saint-Gilles</a>, Vergèze, Sommières, Calvisson, <a href=\"https://www.gd-energies.fr/chauffage-vauvert\" title=\"Chauffage Vauvert\">Vauvert</a>, Tarascon, <a href=\"https://www.gd-energies.fr/chauffage-poulx\" title=\"Chauffage Poulx\">Poulx</a>. La <a href=\"/qui-sommes-nous/zones-intervention\" title=\"Zone d'intervention GD Energies\">zone d'intervention GD Energies</a> est vaste, n'hésitez pas à nous contacter pour tous vos besoins d'installation ou de remplacement de climatisation.</p>",
      "link": {
        "href": "https://www.gd-energies.fr/installation/climatisations",
        "text": "En savoir plus sur l'installation de climatisation réversible",
        "title": "Installation de climatisation réversible dans le Gard"
      }
    },
    {
      "title": "Eau chaude sanitaire : installation et remplacement de votre chauffe-eau à Nîmes, Uzès, Vauvert, ...",
      "text": "<p>GD Energies est aussi votre installateur de chauffe-eau performant dans la région de Nîmes. Nos plombiers chauffagistes réalisent le remplacement de votre ancien chauffe-eau ou l'installation d'un système de production d'eau chaude dans votre nouvelle maison. Nous vous proposons notamment des chauffe-eaux thermodynamiques, des chauffe-eaux électriques ou encore des chauffe-bains gaz. Nous travaillons avec de grandes marques pour vous garantir des appareils durables et efficaces : <strong>Atlantic, Thermor, Hitachi, etc</strong>.</p>",
      "link": {
        "href": "https://www.gd-energies.fr/installation/chauffe-eaux-chauffe-bains",
        "text": "En savoir plus sur l'installation de chauffe-eau",
        "title": "Installation de chauffe-eau dans le Gard"
      }
    },
    {
      "title": "Mise en place d'adoucisseurs d'eau autour de Nîmes et du Grau-du-Roi",
      "text": "<p>Pour prolonger la durée de vie de votre chaudière, de votre réseau hydraulique de chauffage et de votre électroménager, un <strong>adoucisseur d'eau</strong> est une solution idéale à Nîmes. Notre eau dans le Gard a tendance à être dure (<strong>très calcaire</strong>) et peut entartrer plus vite les appareils. GD Energies vous conseille, installe et entretient vos adoucisseurs d'eau autour de Nîmes et du Grau-du-Roi.</p>",
      "link": {
        "href": "https://www.gd-energies.fr/installation/adoucisseurs-eau",
        "text": "En savoir plus sur l'installation d'adoucisseur",
        "title": "Installation d'adoucisseur d'eau dans le Gard"
      }
    }
  ]
}