{
  "breadcrumb": "Panneaux photovoltaiques",
  "seo": {
    "title": "Installateur Panneaux Solaires à Nîmes  - GD Energies",
    "description": "Pose de vos panneaux solaires à Nîmes et dans le Gard. GD Energies, expert photovoltaïque RGE QualiPV. Devis gratuit, étude personnalisée, aides financières.",
    "opengraph": {
      "site_name": "GD Energies",
      "type": "website",
      "locale": "fr_FR",
      "title": "Installateur Panneaux Solaires à Nîmes  - GD Energies",
      "description": "Pose de vos panneaux solaires à Nîmes et dans le Gard. GD Energies, expert photovoltaïque RGE QualiPV. Devis gratuit, étude personnalisée, aides financières.",
      "image": {
        "src": "https://www.gd-energies.fr/build/images/gd-energies-installation-panneaux-photovoltaiques-456x334.a7629b7b.jpg",
        "alt": "Votre Projet Solaire à Nîmes : Panneaux Photovoltaïques avec GD Energies"
      }
    }
  },
  "hero": {
    "title": "GD Energies, votre installateur de panneaux solaires à Nîmes",
    "subtitle": "Installation de panneaux photovoltaïques haut rendement avec GD Energies dans le Gard"
  },
  "intro": {
    "image": {
      "src": "https://www.gd-energies.fr/build/images/gd-energies-installation-panneaux-photovoltaiques-456x334.a7629b7b.jpg",
      "alt": "Votre Projet Solaire à Nîmes : Panneaux Photovoltaïques avec GD Energies"
    },
    "text": "<p>Chez GD Energies (ex-Gaz Dépannage), nous sommes votre partenaire local pour l'installation de panneaux photovoltaïques à <a href=\"https://www.gd-energies.fr/chauffage-nimes\" title=\"Chauffage Nimes\">Nîmes</a> et dans tout le département du Gard. Forts de notre expertise et de notre certification RGE QualiPV, nous vous accompagnons pour concrétiser votre projet de production d'électricité solaire, selon vos besoins et votre budget.</p> <p>En choisissant de produire votre propre électricité grâce à l’énergie solaire, vous faites un geste pour l’environnement tout en réduisant vos factures d’électricité.</p> <p>Notre équipe est dédiée à vous accompagner tout au long de votre projet solaire, de l'étude initiale à l'installation et à l'optimisation de votre système.</p> <p>&nbsp;</p>"
  },
  "contents": [
    {
      "title": "Comment fonctionnent les panneaux photovoltaïques?",
      "text": "<p>Les <a href=\"https://www.gd-energies.fr/equipements/panneaux-photovoltaiques\" title=\"Panneaux photovoltaïques à Nîmes\">panneaux solaires photovoltaïques</a> convertissent la lumière du soleil en électricité. Équipés de cellules en silicium, ces panneaux captent la lumière ambiante, même par temps nuageux, et la transforment en courant continu. Ce courant est ensuite converti en courant alternatif par des micro-onduleurs, rendant l'énergie utilisable pour vos appareils domestiques. Le surplus de production peut être injecté dans le réseau électrique général.</p> <a href=\"https://www.gd-energies.fr/equipements/panneaux-photovoltaiques\" title=\"Panneaux photovoltaïques à Nîmes\">panneaux solaires photovoltaïques</a>"
    },
    {
      "title": "Pourquoi choisir le photovoltaïque à Nîmes?",
      "text": "<p>Nîmes bénéficie d'un ensoleillement annuel idéal pour rentabiliser l'installation de panneaux solaires. La région Occitanie est la plus dotée en d'installations photovoltaïques en autoconsommation individuelle en france (106&nbsp;712 installaitons au 1er juillet 2024). Elle est deuxième en puissance installée : 3&nbsp;881 MW à mi-2024.&nbsp;</p> <p>En produisant votre propre électricité, vous réduisez vos factures d'énergie et faites un geste pour l'environnement. De plus, une installation photovoltaïque bien conçue peut être rentabilisée en 10 à 15 ans et continuer à produire de l'électricité pendant 40 à 50 ans si elle est bien entretenue. Une fois en fin de vie, vos panneaux pourront être recyclés juqu'à 95%.</p> <p>En plus du facteur écologique, installer des panneaux photovoltaïques, c'est aussi <a href=\"../../conseils-et-actualites/panneaux-solaires-nimes-avantages\" title=\"Avantages panneaux solaires à Nîmes\">valoriser son bien immobilier</a>. Une maison équipée de panneaux solaires se vend généralement à un tarif plus élevée qu'une maison non équipée.</p> <a href=\"../../conseils-et-actualites/panneaux-solaires-nimes-avantages\" title=\"Avantages panneaux solaires à Nîmes\">valoriser son bien immobilier</a>"
    },
    {
      "title": "Les 5 grandes étapes de votre installation photovoltaïque",
      "text": "<h3>Étude solaire personnalisée</h3> <p>Nous réalisons une étude personnalisée pour déterminer vos besoins en électricité et évaluer le potentiel solaire de votre toiture. Cette étape est essentielle pour choisir la technologie la plus adaptée et optimiser le rendement de votre installation.</p> <h3>Démarches administratives</h3> <p>GD Energies vous accompagne dans les démarches administratives nécessaires, y compris les demandes de financement et l’obtention des aides de l’État comme la prime à l’autoconsommation. Nous nous occupons également des autorisations d'urbanisme en mairie et des demandes de raccordement au réseau électrique.</p> <h3>Installation par des professionnels certifiés</h3> <p>Nos experts certifiés RGE installent vos panneaux solaires avec soin, assurant une mise en place conforme aux normes en vigueur. Nous nous chargeons de la pose des panneaux, des micro-onduleurs et de l’intégralité du kit photovoltaïque.</p> <h3>Certification Consuel</h3> <p>Avant la mise en service de votre installation, nous vous aidons à obtenir la certification Consuel, garantissant la sécurité de votre système. Ce certificat est nécessaire pour finaliser le raccordement au réseau.</p> <h3>Optimisation de la production et de la consommation</h3> <p>Une fois l’installation en service, nous vous aidons à maximiser votre autoconsommation. Nous fournissons des conseils personnalisés et utilisons des applications de suivi de production solaire pour améliorer votre part d'autoconsommation et rentabiliser au plus tôt votre investissement.</p>"
    },
    {
      "title": "Les aides financières",
      "text": "<ul><li><strong>Prime à l'autoconsommation</strong> : cette prime à l'investissement est disponible pour les installations en autoconsommation avec revente de surplus à EDF. Son montant varie en fonction de la puissance de votre installation et est déduit de votre devis.</li><li><strong>TVA réduite</strong> : pour les installations de 3 kWc ou moins, connectées au réseau, vous pouvez bénéficier d’un taux de TVA réduit à 10%.</li><li><strong>Obligation d'Achat</strong> : EDF est tenu de racheter votre surplus d’électricité à un tarif réglementé, que vous pouvez choisir de vendre en totalité ou en surplus.</li></ul> <li><strong>Prime à l'autoconsommation</strong> : cette prime à l'investissement est disponible pour les installations en autoconsommation avec revente de surplus à EDF. Son montant varie en fonction de la puissance de votre installation et est déduit de votre devis.</li> <strong>Prime à l'autoconsommation</strong> <li><strong>TVA réduite</strong> : pour les installations de 3 kWc ou moins, connectées au réseau, vous pouvez bénéficier d’un taux de TVA réduit à 10%.</li> <strong>TVA réduite</strong> <li><strong>Obligation d'Achat</strong> : EDF est tenu de racheter votre surplus d’électricité à un tarif réglementé, que vous pouvez choisir de vendre en totalité ou en surplus.</li> <strong>Obligation d'Achat</strong>"
    },
    {
      "title": "Les offres de kits solaires GD Energies",
      "text": "<p>Pour répondre aux différents besoins et au budget de nos clients, GD Energies propose <strong>trois offres de kits solaires, à partir de 6990€ TTC</strong> :</p> <strong>trois offres de kits solaires, à partir de 6990€ TTC</strong> <ul><li><strong>Sol&amp;Go</strong> :&nbsp;idéale pour ceux qui recherchent une solution économique.&nbsp;</li><li><strong>Sol&amp;Zen</strong> : pour ceux qui souhaitent un accompagnement plus poussé, un suivi personnalisé pour maximiser la production et la gestion de leur consommation solaire.</li><li><strong>Sol&amp;Plus</strong> : pour une autoconsommation maximale avec une technologie de stockage virtuel, permettant d'utiliser l'électricité non consommée hors période de production.</li></ul> <li><strong>Sol&amp;Go</strong> :&nbsp;idéale pour ceux qui recherchent une solution économique.&nbsp;</li> <strong>Sol&amp;Go</strong> <li><strong>Sol&amp;Zen</strong> : pour ceux qui souhaitent un accompagnement plus poussé, un suivi personnalisé pour maximiser la production et la gestion de leur consommation solaire.</li> <strong>Sol&amp;Zen</strong> <li><strong>Sol&amp;Plus</strong> : pour une autoconsommation maximale avec une technologie de stockage virtuel, permettant d'utiliser l'électricité non consommée hors période de production.</li> <strong>Sol&amp;Plus</strong>"
    },
    {
      "title": "Pourquoi choisir GD Energies?",
      "text": "<p>Implantée à Nîmes, notre entreprise bénéficie d'une expertise locale et d'<a href=\"/qui-sommes-nous\" title=\"GD Energies, vote installateur photovoltaïque local\">un ancrage fort dans le Gard</a>. Nos équipes certifiées <strong>RGE QualiPV</strong> vous assurent une installation conforme aux normes en vigueur et un accompagnement personnalisé tout au long de votre projet. GD Energies, c'est donc votre <strong>installateur de panneaux solaires à Nîmes</strong> avec une prestation et un suivi complet de votre installation photovoltaïque.</p> <a href=\"/qui-sommes-nous\" title=\"GD Energies, vote installateur photovoltaïque local\">un ancrage fort dans le Gard</a> <strong>RGE QualiPV</strong> <strong>installateur de panneaux solaires à Nîmes</strong> <p>Pour une énergie verte et des économies durables, faites confiance à GD Energies. Contactez-nous dès aujourd'hui pour démarrer votre projet photovoltaïque !</p>"
    }
  ],
  "related": {
    "title": "",
    "links": []
  },
  "url": "https://www.gd-energies.fr/installation/panneaux-photovoltaiques"
}