{
  "breadcrumb": "Pompes a chaleur",
  "seo": {
    "title": "Installation de Pompe à Chaleur à Nîmes - Experts RGE | GD Energies",
    "description": "GD Energies, spécialiste RGE de la pompe à chaleur : installation et remplacement à Nîmes et dans le Gard. Devis gratuit ! Anciennement Gaz Dépannage Nîmes.",
    "opengraph": {
      "site_name": "GD Energies",
      "type": "website",
      "locale": "fr_FR",
      "title": "Installation de Pompe à Chaleur à Nîmes - Experts RGE | GD Energies",
      "description": "GD Energies, spécialiste RGE de la pompe à chaleur : installation et remplacement à Nîmes et dans le Gard. Devis gratuit ! Anciennement Gaz Dépannage Nîmes.",
      "image": {
        "src": "https://www.gd-energies.fr/build/images/gd-energies-installation-pompe-a-chaleur-456x334.8006a37c.jpg",
        "alt": "Installation de pompe à chaleur air-eau et hybride dans le Gard"
      }
    }
  },
  "hero": {
    "title": "Faites installer votre pompe à chaleur à Nîmes avec GD Energies",
    "subtitle": "Votre PAC installée chez vous par nos experts RGE QualiPAC dans le Gard : boostez votre confort et réduisez vos factures"
  },
  "intro": {
    "image": {
      "src": "https://www.gd-energies.fr/build/images/gd-energies-installation-pompe-a-chaleur-456x334.8006a37c.jpg",
      "alt": "Installation de pompe à chaleur air-eau et hybride dans le Gard"
    },
    "text": "<p>En quête d'une solution de chauffage et d'eau chaude sanitaire à la fois écologique, performante et économique ? Les pompes à chaleur (PAC) s'imposent comme un choix incontournable pour répondre à vos besoins, dans le Gard comme dans le reste de la France.</p> <p>Ces systèmes innovants exploitent les énergies renouvelables présentes dans l'air ambiant pour vous offrir un confort thermique optimal tout au long de l'année, tout en réduisant considérablement votre facture énergétique et votre impact environnemental.</p> <p>Faites appel à GD Energies (anciennement Gaz Dépannage <a href=\"https://www.gd-energies.fr/chauffage-nimes\" title=\"Chauffage Nimes\">Nîmes</a>) pour l'installation de votre nouvelle pompe à chaleur autour de Nîmes, <a href=\"https://www.gd-energies.fr/chauffage-vauvert\" title=\"Chauffage Vauvert\">Vauvert</a>, <a href=\"https://www.gd-energies.fr/chauffage-beaucaire\" title=\"Chauffage Beaucaire\">Beaucaire</a>, <a href=\"https://www.gd-energies.fr/chauffage-aramon\" title=\"Chauffage Aramon\">Aramon</a>, <a href=\"https://www.gd-energies.fr/chauffage-les-angles\" title=\"Chauffage Les Angles\">Les Angles</a> ou près du <a href=\"https://www.gd-energies.fr/chauffage-grau-du-roi\" title=\"Chauffage Grau Du Roi\">Grau-du-Roi</a> !</p>"
  },
  "contents": [
    {
      "title": "Qu'est-ce qu'une pompe à chaleur ?",
      "text": "<p>Les pompes à chaleur utilisent comme ressource principale l'air extérieur ou le sol pour produire de l'énergie calorifique. Elles utilisent également de l'électricité pour faire tourner leur système.</p> <p>Dans le cas des pompes à chaleur aérothermiques, les PAC captent la chaleur présente dans l'air grâce à leur unité extérieure et leur fluide caloporteur, même à basse température. Une fois mis sous pression par le compresseur, le fluide caloporteur va changer d'état (liquide à gazeux) et générer encore plus de chaleur. Cette dernière pourra alors être utilisée pour le chauffage de la maison.</p> <h3>Les pompes à chaleur air-eau et les PAC hybrides</h3> <p>Il existe <a href=\"https://www.gd-energies.fr/equipements/pompes-a-chaleur\" title=\"Equipements - Pompes à Chaleur dans le Gard\">différents types de pompes à chaleur</a> aérothermiques. Les <strong>PAC air-eau</strong> utilisent les calories de l'air pour chauffer de l'eau. L'eau chaude produite pourra circuler dans le circuit hydraulique de la maison et alimenter des radiateurs ou un plancher chauffant. Elles peuvent venir <a href=\"../../conseils-et-actualites/remplacer-chaudiere-par-pompe-a-chaleur-hybride-gard\" title=\"Remplacer une chaudière par une PAC hybride\">remplacer d'autres systèmes de chauffage</a> à énergie fossile, comme une chaudière gaz ou fioul.</p> <a href=\"https://www.gd-energies.fr/equipements/pompes-a-chaleur\" title=\"Equipements - Pompes à Chaleur dans le Gard\">différents types de pompes à chaleur</a> <strong>PAC air-eau</strong> <a href=\"../../conseils-et-actualites/remplacer-chaudiere-par-pompe-a-chaleur-hybride-gard\" title=\"Remplacer une chaudière par une PAC hybride\">remplacer d'autres systèmes de chauffage</a> <p>Selon le type d'appareil, les pompes à chaleur air-eau peuvent aussi alimenter le circuit d'eau chaude sanitaire de la maison.</p> <p>Les <strong>pompes à chaleur hybrides</strong> embarquent deux technologies complémentaires :</p> <strong>pompes à chaleur hybrides</strong> <ul><li>une pompe à chaleur air-eau, qui va permettre de chauffer la maison, voire de produire aussi l'eau chaude sanitaire ;</li><li>une chaudière haute performance capable de prendre le relais lorsque l'efficacité de la PAC diminue légèrement par très grand froid.</li></ul> <li>une pompe à chaleur air-eau, qui va permettre de chauffer la maison, voire de produire aussi l'eau chaude sanitaire ;</li> <li>une chaudière haute performance capable de prendre le relais lorsque l'efficacité de la PAC diminue légèrement par très grand froid.</li> <h3>Une PAC reste-t-elle efficace lorsqu'il fait froid ?</h3> <p>Même lorsque la température descend en dessous de 0°C à l'extérieur, les pompes à chaleur restent efficaces. Les constructeurs embarquent dans leur système des technologies qui peuvent permettre de continuer à chauffer une maison malgré des températures négatives à l'extérieur. D'ailleurs, si la consommation en énergie des PAC augmente lorsqu'il fait froid, les pompes à chaleur restent plus performantes que d'autres systèmes de chauffage dans les mêmes conditions.</p> <p>Dans le Gard, votre PAC air-eau ou hybride peut couvrir vos besoins en chauffage sans problème. Notre climat doux, même en hiver, fait de la PAC un système de chauffage ultra-performant à Nîmes et ses environs.</p>"
    },
    {
      "title": "Les avantages des PAC air-eau et hybrides",
      "text": "<p>Les pompes à chaleur air-eau et hybrides présentent de nombreux avantages. Elles affichent <strong>des performances énergétiques remarquables</strong>. Le coefficient de performance saisonnier (SCOP) est un indicateur qui permet de le mesurer. Une SCOP de 4, par exemple, signifie que votre PAC produit jusqu'à 4 kWh de chaleur pour 1 kWh d'électricité consommé, réduisant ainsi considérablement vos factures d'énergie.</p> <strong>des performances énergétiques remarquables</strong> <p>Les pompes à chaleur offrent aussi une chaleur uniforme dans les pièces de la maison, pour un confort thermique optimal.</p> <p>Aussi, l'État encourage l'installation de PAC en proposant des aides financières telles que MaPrimeRénov' et l'éco prêt à taux zéro. Selon votre situation, ces aides peuvent couvrir une grande partie du coût d'installation de votre PAC.</p> <p>Enfin, une pompe à chaleur permet également de diminuer vos émissions de GES. En comparaison d'une chaudière fioul ou gaz, les PAC air-eau et hybrides permettent de réduire considérablement vos émissions de gaz à effet de serre à l'usage, participant ainsi à un avenir plus durable.</p>"
    },
    {
      "title": "Les étapes de l'installation d'une PAC air-eau ou hybride",
      "text": "<h3>1. Étude de faisabilité et choix de la PAC</h3> <p>Notre expert GD Energies se déplace chez vous afin d'évaluer vos besoins en chauffage et en eau chaude sanitaire. Les caractéristiques de votre logement, vos habitudes de consommation ou encore la composition de votre foyer déterminent la puissance adéquate pour votre PAC. Notre expert vous propose alors le modèle le plus adapté à votre situation et votre budget.</p> <h3>2. Demandes d'aides</h3> <p>Après avoir choisi la PAC qui vous convient, il est important de demander les aides auxquelles vous avez droit, notamment MaPrimeRenov' et les <a href=\"https://www.ecologie.gouv.fr/sites/default/files/Fiche%20BAT-TH-113%20%C2%AB%20Pompe%20%C3%A0%20chaleur%20de%20type%20air-eau%20ou%20eau-eau%20%C2%BB.pdf\" title=\"Primes CEE\" target=\"_blank\" rel=\"noopener\">CEE</a> (certificats d'économies d'énergie). Nos experts pourront vous proposer une estimation du montant de ces aides et le déduire directement de votre devis.</p> <a href=\"https://www.ecologie.gouv.fr/sites/default/files/Fiche%20BAT-TH-113%20%C2%AB%20Pompe%20%C3%A0%20chaleur%20de%20type%20air-eau%20ou%20eau-eau%20%C2%BB.pdf\" title=\"Primes CEE\" target=\"_blank\" rel=\"noopener\">CEE</a> <h3>3. Installation de la PAC et mise en service</h3> <p>Nos <strong>techniciens qualifiés</strong> installent votre pompe à chaleur. Ils posent les unités extérieure et intérieure et effectuent les raccordements aux réseaux électrique, frigorifique et hydraulique. Nos équipes <strong>certifiées RGE QualiPAC</strong> mettent ensuite en service votre pompe à chaleur. Ils vérifient le bon fonctionnement du système et effectuent tous les réglages.</p> <strong>techniciens qualifiés</strong> <strong>certifiées RGE QualiPAC</strong> <h3>4. Maintenance de votre PAC</h3> <p>Votre pompe à chaleur, comme d'autres systèmes de chauffage, est soumise à un <strong>entretien obligatoire régulier</strong>. Celui-ci doit être effectué par des techniciens RGE (reconnu garant de l'environnement). Pour y procéder, GD Energies vous propose <a href=\"https://www.gd-energies.fr/entretien/pompes-a-chaleur\" title=\"Entretien pompe à chaleur\">des contrats d'entretien</a> afin de vous garantir une qualité de service optimale. Ils vous permettent notamment de bénéficier de la prise en charge de la main d’œuvre et du déplacement gratuits tout au long de l’année.</p> <strong>entretien obligatoire régulier</strong> <a href=\"https://www.gd-energies.fr/entretien/pompes-a-chaleur\" title=\"Entretien pompe à chaleur\">des contrats d'entretien</a>"
    },
    {
      "title": "Remplacer une ancienne pompe à chaleur dans le Gard",
      "text": "<p>Même si elle présente une <strong>durée de vie de 15 à 20 ans</strong>, comme tout appareil, une pompe à chaleur peut vieillir et moins bien fonctionner avec le temps.</p> <strong>durée de vie de 15 à 20 ans</strong> <p>Une pompe à chaleur âgée c’est :</p> <ul><li>Plus de consommation d’énergie et plus d’émission de CO2</li><li>Plus de risques de pannes</li><li>Un approvisionnement en pièces de rechange plus dépendant du constructeur et de son engagement à les fournir</li></ul> <li>Plus de consommation d’énergie et plus d’émission de CO2</li> <li>Plus de risques de pannes</li> <li>Un approvisionnement en pièces de rechange plus dépendant du constructeur et de son engagement à les fournir</li> <p>Si vous souhaitez remplacer votre ancienne PAC, vous pouvez aussi faire appel aux équipes GD Energies. Nous installons des équipements peformants et durables grâce à nos partenariats avec les grands constructeurs : Atlantic, Mitsubishi Electric et bien d'autres.</p>"
    }
  ],
  "related": {
    "title": "GD Energies, votre installateur de pompe à chaleur à Nîmes",
    "links": [
      {
        "text": "anciennement Gaz Dépannage Nîmes Plomberie",
        "href": "https://www.gd-energies.fr/gaz-depannage",
        "title": "Gaz Dépannage Nîmes"
      },
      {
        "text": "au plus proche des besoins des Gardois",
        "href": "/qui-sommes-nous",
        "title": "Qui sommes-nous - GD Energies"
      },
      {
        "text": "anciennement Gaz Dépannage Nîmes Plomberie",
        "href": "https://www.gd-energies.fr/gaz-depannage",
        "title": "Gaz Dépannage Nîmes"
      },
      {
        "text": "certifiée RGE et QualiPAC",
        "href": "/qui-sommes-nous/certifications-et-marques",
        "title": "GD Energies est certifiée RGE QualiPAC"
      }
    ]
  },
  "url": "https://www.gd-energies.fr/installation/pompes-a-chaleur"
}