{
  "breadcrumb": "Chauffe eau gaz",
  "seo": {
    "title": "Entretien chauffe-eau gaz à Nice et dans les Alpes-Maritimes",
    "description": "Maintenance et entretien de votre chauffe-eau gaz. Entretien ponctuel ou contrat de maintenance, nous intervenons sur Nice et dans les Alpes-Maritimes",
    "opengraph": {
      "site_name": "EGS Energies",
      "type": "website",
      "locale": "fr_FR",
      "title": "Entretien chauffe-eau gaz à Nice et dans les Alpes-Maritimes",
      "description": "Maintenance et entretien de votre chauffe-eau gaz. Entretien ponctuel ou contrat de maintenance, nous intervenons sur Nice et dans les Alpes-Maritimes",
      "image": {
        "src": "https://www.egs-energies.fr/build/images/egs-energies-entretien-chauffe-bain.456x334.ec93fe29.jpg",
        "alt": "Entretien de votre chauffe-eau gaz par EGS Energies (anciennement Electrogaz)"
      }
    }
  },
  "hero": {
    "title": "Nous réalisons l'entretien de chauffe-eaux gaz à Nice, Cannes, Antibes ...",
    "subtitle": "Avec EGS Energies vous avez l'assurance d'un appareil bien entretenu et en règle"
  },
  "intro": {
    "image": {
      "src": "https://www.egs-energies.fr/build/images/egs-energies-entretien-chauffe-bain.456x334.ec93fe29.jpg",
      "alt": "Entretien de votre chauffe-eau gaz par EGS Energies (anciennement Electrogaz)"
    },
    "text": "<p>L'entretien annuel de votre chauffe-eau gaz est une obligation (<a href=\"https://www.legifrance.gouv.fr/jorf/id/JORFTEXT000020723245/\" title=\"Legifrance : décret relatif à l'entretien annuel des chauffe-eaux gaz\" target=\"_blank\" rel=\"noopener\">décret N° 2009-649 du 9 juin 2009</a>) car cet équipement utilise le gaz comme combustible pour fournir de l'eau chaude sanitaire. Il doit donc être vérifié et monitoré une fois par an, par un professionnel.</p> <p>Depuis plus de 60 ans, <span style=\"white-space: nowrap;\">17 000</span> clients, dans les Alpes-Maritimes, font confiance à la société EGS Energies (ex-Electrogaz) pour l'entretien de leur chauffe-eau gaz dans les Alpes-Maritimes comme à Colomars, Châteauneuf-<a href=\"https://www.egs-energies.fr/chauffage-grasse\" title=\"Chauffage Grasse\">Grasse</a> ou encore Le Tignet.</p> <p>Nos 25 techniciens connaissent les spécificités de ces équipements et savent les maintenir et déceler les potentielles pannes. Cette expertise est un gage de confiance et assure la sécurité de votre logement.<br>&nbsp;</p>"
  },
  "contents": [
    {
      "title": "Entretenir son chauffe-eau gaz, en quoi cela consiste ?",
      "text": "<p>L'entretien d'un chauffe-eau gaz à <a href=\"https://www.egs-energies.fr/chauffage-nice\" title=\"Chauffage Nice\">Nice</a>, <a href=\"https://www.egs-energies.fr/chauffage-monaco\" title=\"Chauffage Monaco\">Monaco</a> ou <a href=\"https://www.egs-energies.fr/chauffage-le-cannet\" title=\"Chauffage Le Cannet\">Le Cannet</a> se concrétise par la visite annuelle d'un professionnel, expert de cet équipement comme EGS Energies. Pendant ce rendez-vous, il inspecte votre matériel, son fonctionnement. Il le démonte, le nettoie et mesure les taux d'émission afin d'éviter les risques d'intoxication.</p> <a href=\"https://www.egs-energies.fr/chauffage-nice\" title=\"Chauffage Nice\">Nice</a> <a href=\"https://www.egs-energies.fr/chauffage-monaco\" title=\"Chauffage Monaco\">Monaco</a> <a href=\"https://www.egs-energies.fr/chauffage-le-cannet\" title=\"Chauffage Le Cannet\">Le Cannet</a> <p>Il remet en route votre chauffe-eau et s'assure que l'eau chaude sanitaire propose une température confortable.</p> <p>Après sa visite, vous recevez une attestation d'entretien. Il s'agit d'un document important à conserver. Il confirme le bon fonctionnement de votre chauffe-bain et est destiné à votre compagnie d'assurance et/ou votre propriétaire si vous êtes locataire. Cette attestation confirme que votre installation respecte les normes en vigueur. Vous êtes ainsi couvert en cas de sinistre.</p> <p><i class=\"fa fa-angle-double-right\" style=\"color: #337ab7;\"></i> <span class=\"obflink obflink-text\" data-o=\"L25vdXMtY29udGFjdGVyP3R5cGU9MiZjYXRlZ29yaWU9Ym9pbGVycw==\">Prendre RDV pour l'entretien de votre chauffe-bain ou chauffe-eau gaz</span></p> <i class=\"fa fa-angle-double-right\" style=\"color: #337ab7;\"></i> <span class=\"obflink obflink-text\" data-o=\"L25vdXMtY29udGFjdGVyP3R5cGU9MiZjYXRlZ29yaWU9Ym9pbGVycw==\">Prendre RDV pour l'entretien de votre chauffe-bain ou chauffe-eau gaz</span>"
    },
    {
      "title": "Des formules d'entretien pensées pour votre chauffe-eau gaz",
      "text": "<p>Difficile de penser à tout. Dans le lot des démarches quotidiennes, l'entretien peut passer à la trappe. Oublier d'entretenir son chauffe-eau n'est pas répréhensible, mais votre propriétaire pourrait déduire le coût d'entretien de votre caution lors de votre départ. Ou pire, en cas d'accident ou de sinistre, l'assurance pourrait refuser de prendre en charge les dommages.</p> <p>Pour vous éviter cet oubli, EGS Energies vous propose trois formules d'entretien, pensées en fonction de la spécificité de votre matériel et de vos besoins. Dans chaque cas de figure, ce sont les équipes d'EGS Energies qui vous contactent pour fixer le rendez-vous. En fonction des formules, le contrat peut comprendre les dépannages, la main-d'oeuvre et le remplacement des pièces en cours d'année.</p>"
    },
    {
      "title": "Toutes nos offres d'entretien pour votre Chauffe-eau gaz",
      "text": "<h3>Entretien Chauffe-eau gaz : \"Formule Acces\"</h3> <p style=\"padding-left: 12px;\">• Programmation de la visite annuelle de votre chauffe-eau gaz<br>• Entretien annuel de la chaudière, mesure des polluants atmosphériques et contrôle sécurité de l'installation<br>• Intervention garantie sous 24h en cas de panne totale du chauffe-eau</p> <br> <br> <p><i class=\"fa fa-angle-double-right\" style=\"color: #337ab7;\"></i> <span class=\"obflink obflink-text\" data-o=\"L25vdXMtY29udGFjdGVyP3R5cGU9MiZjYXRlZ29yaWU9Ym9pbGVycw==\">Souscrire à cette offre d'entretien</span></p> <i class=\"fa fa-angle-double-right\" style=\"color: #337ab7;\"></i> <span class=\"obflink obflink-text\" data-o=\"L25vdXMtY29udGFjdGVyP3R5cGU9MiZjYXRlZ29yaWU9Ym9pbGVycw==\">Souscrire à cette offre d'entretien</span> <h3>Entretien Chauffe-eau gaz : \"Formule Avantage\"</h3> <p style=\"padding-left: 12px;\">• Programmation de la visite annuelle du chauffe-eau gaz<br>• Entretien annuel de la chaudière, mesure des polluants atmosphériques et contrôle sécurité de l'installation<br>• Intervention garantie sous 24h en cas de panne totale<br>+ Dépannages illimités du chauffe-eau<br>+ Déplacement et main-d'oeuvre compris</p> <br> <br> <br> <br> <p><i class=\"fa fa-angle-double-right\" style=\"color: #337ab7;\"></i> <span class=\"obflink obflink-text\" data-o=\"L25vdXMtY29udGFjdGVyP3R5cGU9MiZjYXRlZ29yaWU9Ym9pbGVycw==\">Souscrire à cette offre d'entretien</span></p> <i class=\"fa fa-angle-double-right\" style=\"color: #337ab7;\"></i> <span class=\"obflink obflink-text\" data-o=\"L25vdXMtY29udGFjdGVyP3R5cGU9MiZjYXRlZ29yaWU9Ym9pbGVycw==\">Souscrire à cette offre d'entretien</span> <h3>Entretien Chauffe-eau gaz : \"Formule Absolu\"</h3> <p style=\"padding-left: 12px;\">• Programmation de la visite annuelle du chauffe-eau<br>• Entretien annuel de la chaudière, mesure des polluants atmosphériques et contrôle sécurité de l'installation<br>• Intervention garantie sous 24h en cas de panne totale<br>+ Dépannages illimités du chauffe-eau<br>+ Déplacement et main-d'oeuvre compris<br>+ Pièces incluses<br>+ Contrôle et purge des radiateurs</p> <br> <br> <br> <br> <br> <br> <p><i class=\"fa fa-angle-double-right\" style=\"color: #337ab7;\"></i> <span class=\"obflink obflink-text\" data-o=\"L25vdXMtY29udGFjdGVyP3R5cGU9MiZjYXRlZ29yaWU9Ym9pbGVycw==\">Souscrire à cette offre d'entretien</span></p> <i class=\"fa fa-angle-double-right\" style=\"color: #337ab7;\"></i> <span class=\"obflink obflink-text\" data-o=\"L25vdXMtY29udGFjdGVyP3R5cGU9MiZjYXRlZ29yaWU9Ym9pbGVycw==\">Souscrire à cette offre d'entretien</span> <p>Nos prestations d'entretien sur les chauffe-eaux gaz sont également disponibles en dehors des formules d'abonnement.</p> <p>Pour plus d'informations, nous vous invitions à consulter les Conditions Générales de nos contrats de maintenance sur les chauffe-eaux fonctionnant au gaz : <a href=\"/asset/EGS/cg/cg-entretien-chauffe-eaux-gaz-electrogaz-01-2018.pdf\" title=\"conditions générales contrat maintenance chauffe-eaux gaz\">Conditions Générales contrat de maintenance chauffe-eaux gaz</a></p> <a href=\"/asset/EGS/cg/cg-entretien-chauffe-eaux-gaz-electrogaz-01-2018.pdf\" title=\"conditions générales contrat maintenance chauffe-eaux gaz\">Conditions Générales contrat de maintenance chauffe-eaux gaz</a>"
    }
  ],
  "related": {
    "title": "",
    "links": []
  },
  "url": "https://www.egs-energies.fr/entretien/chauffe-eau-gaz"
}