{
  "breadcrumb": "Chaudiere gaz",
  "seo": {
    "title": "Entretien chaudière gaz à Nice et dans les Alpes-Maritimes",
    "description": "Faites réaliser l'entretien de votre chaudière gaz par un chauffagiste professionnel certifié RGE sur Nice, Cannes, Vallauris et dans les Alpes-Maritimes",
    "opengraph": {
      "site_name": "EGS Energies",
      "type": "website",
      "locale": "fr_FR",
      "title": "Entretien chaudière gaz à Nice et dans les Alpes-Maritimes",
      "description": "Faites réaliser l'entretien de votre chaudière gaz par un chauffagiste professionnel certifié RGE sur Nice, Cannes, Vallauris et dans les Alpes-Maritimes",
      "image": {
        "src": "https://www.egs-energies.fr/build/images/egs-energies-entretien-chaudiere.456x334.c7a4a47f.jpg",
        "alt": "EGS Energies (ex-Electrogaz), votre chauffagiste spécialisé dans l'entretien de votre chaudière gaz"
      }
    }
  },
  "hero": {
    "title": "EGS Energies entretient votre chaudière gaz à Nice, Cannes, Antibes, ...",
    "subtitle": "Chauffagiste expert des solutions de chauffage au gaz dans toutes les Alpes-Maritimes"
  },
  "intro": {
    "image": {
      "src": "https://www.egs-energies.fr/build/images/egs-energies-entretien-chaudiere.456x334.c7a4a47f.jpg",
      "alt": "EGS Energies (ex-Electrogaz), votre chauffagiste spécialisé dans l'entretien de votre chaudière gaz"
    },
    "text": "<p>L'entretien de votre chaudière gaz est une obligation, d'après le <a href=\"https://www.legifrance.gouv.fr/affichTexte.do?cidTexte=JORFTEXT000020723245&amp;categorieLien=id\" title=\"Legifrance : décret relatif à l'entretien annuel des chaudières\" target=\"_blank\" rel=\"noopener\">décret N° 2009-649 du 9 juin 2009</a>. Chaque année, votre matériel doit faire l'objet d'une visite annuelle afin de vérifier son bon fonctionnement, ses réglages et procéder à son nettoyage. Cette formalité est un gage de sécurité et de pérennité. Une chaudière gaz bien entretenue dure plus longtemps et consomme moins d'énergie.</p> <p>L'entretien de votre chaudière gaz doit être réalisé par un professionnel. Depuis plus de 60 ans, EGS Energies (anciennement Electrogaz) a développé une expertise reconnue, sur toutes les marques et tous les modèles de chaudières gaz. Chaque année, ce sont près de 17 000 clients qui nous font confiance, dans les Alpes-Maritimes, pour maintenir leur chaudière et prévenir les pannes.<br>&nbsp;</p>"
  },
  "contents": [
    {
      "title": "L'entretien de votre chaudière assure votre sécurité",
      "text": "<p>L'entretien annuel est une source d'économies : bien entretenue, votre chaudière gaz consomme moins et dure plus longtemps. En moyenne, grâce à l'entretien, votre consommation énergétique diminue de 12% (source : <a href=\"https://www.ademe.fr\" title=\"Ademe: économie énergie entretien chaudière\" target=\"_blank\" rel=\"noopener\">Ademe</a>). Vous évitez également les pannes plus importantes puisque les risques de défaillance sont identifiés pendant la visite du technicien. Il mesure également les émissions de fumées de votre équipement et écarte ainsi tout danger d'intoxication.</p> <a href=\"https://www.ademe.fr\" title=\"Ademe: économie énergie entretien chaudière\" target=\"_blank\" rel=\"noopener\">Ademe</a> <p>À l'issue de notre visite à <a href=\"https://www.egs-energies.fr/chauffage-cannes\" title=\"Chauffage Cannes\">Cannes</a>, <a href=\"https://www.egs-energies.fr/chauffage-menton\" title=\"Chauffage Menton\">Menton</a> ou <a href=\"https://www.egs-energies.fr/chauffage-cagnes-sur-mer\" title=\"Chauffage Cagnes Sur Mer\">Cagnes-sur-Mer</a>, nous vous remettons une attestation d'entretien, à transmettre à votre assureur et/ou votre propriétaire. Ce document atteste le bon fonctionnement et suivi de votre équipement et vous couvre en cas de sinistre.</p> <a href=\"https://www.egs-energies.fr/chauffage-cannes\" title=\"Chauffage Cannes\">Cannes</a> <a href=\"https://www.egs-energies.fr/chauffage-menton\" title=\"Chauffage Menton\">Menton</a> <a href=\"https://www.egs-energies.fr/chauffage-cagnes-sur-mer\" title=\"Chauffage Cagnes Sur Mer\">Cagnes-sur-Mer</a>"
    },
    {
      "title": "Des formules d'entretien pensées en fonction de vos besoins",
      "text": "<p>Pour entretenir votre chaudière à <a href=\"https://www.egs-energies.fr/chauffage-nice\" title=\"Chauffage Nice\">Nice</a>, <a href=\"https://www.egs-energies.fr/chauffage-saint-laurent-du-var\" title=\"Chauffage Saint Laurent Du Var\">Saint-Laurent-du-Var</a> ou <a href=\"https://www.egs-energies.fr/chauffage-vallauris\" title=\"Chauffage Vallauris\">Vallauris</a>, vous pouvez prendre un rendez-vous ponctuel d'entretien auprès des équipes EGS Energies (ex-Electrogaz). Il suffit de nous contacter par téléphone, au 04 92 00 00 10, ou via notre <span class=\"obflink obflink-text\" data-o=\"L25vdXMtY29udGFjdGVyP3R5cGU9MiZjYXRlZ29yaWU9Ym9pbGVycw==\">formulaire de contact</span>. Un technicien se rendra disponible, aux horaires qui vous conviennent, pour effectuer l'entretien de votre chaudière gaz.</p> <a href=\"https://www.egs-energies.fr/chauffage-nice\" title=\"Chauffage Nice\">Nice</a> <a href=\"https://www.egs-energies.fr/chauffage-saint-laurent-du-var\" title=\"Chauffage Saint Laurent Du Var\">Saint-Laurent-du-Var</a> <a href=\"https://www.egs-energies.fr/chauffage-vallauris\" title=\"Chauffage Vallauris\">Vallauris</a> <span class=\"obflink obflink-text\" data-o=\"L25vdXMtY29udGFjdGVyP3R5cGU9MiZjYXRlZ29yaWU9Ym9pbGVycw==\">formulaire de contact</span> <p>Vous pouvez également souscrire un contrat d'entretien annuel. Avec cette solution, ce sont les équipes d'EGS Energies qui vous contactent chaque année pour prendre rendez-vous. Cette démarche évite les oublis et vous permet d'être systématiquement en règle avec les normes en vigueur.</p> <p>Notre déplacement, la main-d'oeuvre et les pièces sont pris en charge, en fonction de la formule sélectionnée. Le prix comprend également les dépannages de vos installations en cours d'année.</p>"
    },
    {
      "title": "Nos formules d'entretien pour votre chaudière gaz",
      "text": "<h3>\"Formule Acces\" recommandée pour les locataires</h3> <p style=\"padding-left: 12px;\">• Programmation de la visite annuelle de votre chaudière gaz à condensation<br>• Entretien annuel de la chaudière, mesure des polluants atmosphériques et contrôle sécurité de l'installation<br>• Intervention garantie sous 24h en cas de panne totale de la chaudière</p> <br> <br> <p><i class=\"fa fa-angle-double-right\" style=\"color: #337ab7;\"></i> <span class=\"obflink obflink-text\" data-o=\"L25vdXMtY29udGFjdGVyP3R5cGU9MiZjYXRlZ29yaWU9Ym9pbGVycw==\">Souscrire à cette offre d'entretien</span></p> <i class=\"fa fa-angle-double-right\" style=\"color: #337ab7;\"></i> <span class=\"obflink obflink-text\" data-o=\"L25vdXMtY29udGFjdGVyP3R5cGU9MiZjYXRlZ29yaWU9Ym9pbGVycw==\">Souscrire à cette offre d'entretien</span> <h3>\"Formule Avantage\" pour un entretien serein de votre chaudière gaz à condensation</h3> <p style=\"padding-left: 12px;\">• Programmation de la visite annuelle<br>• Entretien annuel de la chaudière, mesure des polluants atmosphériques et contrôle sécurité de l'installation<br>• Intervention garantie sous 24h en cas de panne totale<br>+ Dépannages illimités<br>+ Déplacement et main-d'oeuvre compris</p> <br> <br> <br> <br> <p><i class=\"fa fa-angle-double-right\" style=\"color: #337ab7;\"></i> <span class=\"obflink obflink-text\" data-o=\"L25vdXMtY29udGFjdGVyP3R5cGU9MiZjYXRlZ29yaWU9Ym9pbGVycw==\">Souscrire à cette offre d'entretien</span></p> <i class=\"fa fa-angle-double-right\" style=\"color: #337ab7;\"></i> <span class=\"obflink obflink-text\" data-o=\"L25vdXMtY29udGFjdGVyP3R5cGU9MiZjYXRlZ29yaWU9Ym9pbGVycw==\">Souscrire à cette offre d'entretien</span> <h3>\"Formule Absolu\" pour un entretien tout inclus de votre chaudière gaz à condensation</h3> <p style=\"padding-left: 12px;\">• Programmation de la visite annuelle<br>• Entretien annuel de la chaudière, mesure des polluants atmosphériques et contrôle sécurité de l'installation<br>• Intervention garantie sous 24h en cas de panne totale<br>+ Dépannages illimités<br>+ Déplacement et main-d'oeuvre compris<br>+ Pièces incluses<br>+ Contrôle et purge des radiateurs</p> <br> <br> <br> <br> <br> <br> <p><i class=\"fa fa-angle-double-right\" style=\"color: #337ab7;\"></i> <span class=\"obflink obflink-text\" data-o=\"L25vdXMtY29udGFjdGVyP3R5cGU9MiZjYXRlZ29yaWU9Ym9pbGVycw==\">Souscrire à cette offre d'entretien</span></p> <i class=\"fa fa-angle-double-right\" style=\"color: #337ab7;\"></i> <span class=\"obflink obflink-text\" data-o=\"L25vdXMtY29udGFjdGVyP3R5cGU9MiZjYXRlZ29yaWU9Ym9pbGVycw==\">Souscrire à cette offre d'entretien</span> <p>Nos prestations d'entretien sur les chaudières gaz sont également disponibles en dehors des formules d'abonnement.</p> <p>Pour plus d'informations, nous vous invitions à consulter les Conditions Générales de nos contrats de maintenance sur les chaudières fonctionnant au gaz : <a href=\"/asset/EGS/cg/cg-entretien-chaudieres-gaz-electrogaz-01-2018.pdf\" title=\"conditions générales contrat maintenance chaudière gaz\">Conditions Générales contrat de maintenance chaudière gaz</a></p> <a href=\"/asset/EGS/cg/cg-entretien-chaudieres-gaz-electrogaz-01-2018.pdf\" title=\"conditions générales contrat maintenance chaudière gaz\">Conditions Générales contrat de maintenance chaudière gaz</a>"
    }
  ],
  "related": {
    "title": "",
    "links": []
  },
  "url": "https://www.egs-energies.fr/entretien/chaudiere-gaz"
}