{
  "breadcrumb": "Chaudiere fioul",
  "seo": {
    "title": "Entretien chaudière fioul à Saint-Laurent-du-Var, Nice, Grasse, Menton",
    "description": "Entretien et maintenance de votre chaudière fioul. EGS Energies (ex-Electrogaz), votre chauffagiste certifié RGE sur Nice, Cannes, Grasse et les Alpes-Maritimes",
    "opengraph": {
      "site_name": "EGS Energies",
      "type": "website",
      "locale": "fr_FR",
      "title": "Entretien chaudière fioul à Saint-Laurent-du-Var, Nice, Grasse, Menton",
      "description": "Entretien et maintenance de votre chaudière fioul. EGS Energies (ex-Electrogaz), votre chauffagiste certifié RGE sur Nice, Cannes, Grasse et les Alpes-Maritimes",
      "image": {
        "src": "https://www.egs-energies.fr/build/images/egs-energies-entretien-chaudiere-fioul.456x334.3162981b.jpg",
        "alt": "Entretien de votre chaudière fioul par un technicien chauffagiste EGS Energies (anciennement Electrogaz)"
      }
    }
  },
  "hero": {
    "title": "Entretien de votre chaudière fioul par EGS Energies à Nice, Cannes, Antibes, ...",
    "subtitle": "EGS Energies intervient dans toutes les Alpes-Maritimes pour entretenir votre chaudière au fioul"
  },
  "intro": {
    "image": {
      "src": "https://www.egs-energies.fr/build/images/egs-energies-entretien-chaudiere-fioul.456x334.3162981b.jpg",
      "alt": "Entretien de votre chaudière fioul par un technicien chauffagiste EGS Energies (anciennement Electrogaz)"
    },
    "text": "<p>Entretenir votre chaudière fioul est une obligation, énoncée dans le <a href=\"https://www.legifrance.gouv.fr/affichTexte.do?cidTexte=JORFTEXT000020723245&amp;categorieLien=id\" title=\"Legifrance : décret relatif à l'entretien annuel des chaudières\" target=\"_blank\" rel=\"noopener\">décret N° 2009-649 du 9 juin 2009</a>. L'objectif est de maintenir en état votre équipement, mais aussi de limiter les émissions polluantes liées à son fonctionnement.</p> <p>La sécurité de votre logement et votre confort de chauffe sont également au coeur des préoccupations des professionnels EGS Energies, en charge de votre chaudière fioul.</p> <p>Pour entretenir votre chaudière fioul, il faut prévoir une visite annuelle de contrôle. Un technicien EGS Energies (ex-Electrogaz) se rend à votre domicile à <a href=\"https://www.egs-energies.fr/chauffage-antibes\" title=\"Chauffage Antibes\">Antibes</a>, <a href=\"https://www.egs-energies.fr/chauffage-cannes\" title=\"Chauffage Cannes\">Cannes</a>, <a href=\"https://www.egs-energies.fr/chauffage-grasse\" title=\"Chauffage Grasse\">Grasse</a> ou encore <a href=\"https://www.egs-energies.fr/chauffage-cagnes-sur-mer\" title=\"Chauffage Cagnes Sur Mer\">Cagnes-sur-Mer</a> pour inspecter votre installation, nettoyer votre chaudière fioul, vérifier ses réglages et son fonctionnement, mesurer les taux d'émissions...</p>"
  },
  "contents": [
    {
      "title": "L'entretien de votre chaudière fioul assure votre sécurité et évite les pannes",
      "text": "<p>L'entretien permet d'identifier les potentielles pannes ou défaillances afin d'intervenir rapidement et de remplacer les pièces. Cette démarche permet d'augmenter la durée de vie de votre chaudière fioul. Vous réduisez également votre consommation de fioul.</p> <p>À l'issue de la visite d'entretien, EGS Energies vous envoie une attestation d'entretien. Ce document confirme le bon suivi de votre chaudière fioul et le respect des normes en vigueur. Ce document est à transmettre à votre assureur et/ou votre propriétaire, si vous êtes locataire.</p>"
    },
    {
      "title": "EGS Energies vous propose des formules d'entretien ou des RDV à la carte",
      "text": "<p>EGS Energies vous offre de la souplesse dans l'entretien de votre chaudière fioul. Vous pouvez ainsi demander un rendez-vous annuel, sans engagement, pendant lequel un technicien se rend à votre domicile pour assurer l'entretien de votre chaudière fioul.</p> <p><i class=\"fa fa-angle-double-right\" style=\"color: #337ab7;\"></i> <span class=\"obflink obflink-text\" data-o=\"L25vdXMtY29udGFjdGVyP3R5cGU9MiZjYXRlZ29yaWU9Ym9pbGVycw==\">Prendre RDV pour l'entretien de votre chaudière fioul</span></p> <i class=\"fa fa-angle-double-right\" style=\"color: #337ab7;\"></i> <span class=\"obflink obflink-text\" data-o=\"L25vdXMtY29udGFjdGVyP3R5cGU9MiZjYXRlZ29yaWU9Ym9pbGVycw==\">Prendre RDV pour l'entretien de votre chaudière fioul</span> <p>Vous pouvez aussi souscrire à une formule d'abonnement annuel qui comprend l'entretien de votre installation ainsi que les interventions nécessaires pendant l'année. Cette solution est plus économique et vous évite d'avoir à penser à l'entretien de votre chaudière : nous nous occupons de tout.</p>"
    },
    {
      "title": "Nos formules d'entretien pour votre chaudière au fioul",
      "text": "<h3>\"Formule Acces\" pour un entretien serein de votre chaudière fioul</h3> <p style=\"padding-left: 12px;\">• Programmation de la visite annuelle de votre chaudière fioul<br>• Entretien annuel de la chaudière, mesure des polluants atmosphériques et contrôle sécurité de l'installation<br>• Intervention garantie sous 24h en cas de panne totale de la chaudière</p> <br> <br> <p><i class=\"fa fa-angle-double-right\" style=\"color: #337ab7;\"></i> <span class=\"obflink obflink-text\" data-o=\"L25vdXMtY29udGFjdGVyP3R5cGU9MiZjYXRlZ29yaWU9Ym9pbGVycw==\">Souscrire à cette offre d'entretien</span></p> <i class=\"fa fa-angle-double-right\" style=\"color: #337ab7;\"></i> <span class=\"obflink obflink-text\" data-o=\"L25vdXMtY29udGFjdGVyP3R5cGU9MiZjYXRlZ29yaWU9Ym9pbGVycw==\">Souscrire à cette offre d'entretien</span> <h3>\"Formule Avantage\" pour un entretien tout inclus de votre chaudière fioul</h3> <p style=\"padding-left: 12px;\">• Programmation de la visite annuelle<br>• Entretien annuel de la chaudière, mesure des polluants atmosphériques et contrôle sécurité de l'installation<br>• Intervention garantie sous 24h en cas de panne totale<br>+ Dépannages illimités<br>+ Déplacement et main-d'oeuvre compris</p> <br> <br> <br> <br> <p><i class=\"fa fa-angle-double-right\" style=\"color: #337ab7;\"></i> <span class=\"obflink obflink-text\" data-o=\"L25vdXMtY29udGFjdGVyP3R5cGU9MiZjYXRlZ29yaWU9Ym9pbGVycw==\">Souscrire à cette offre d'entretien</span></p> <i class=\"fa fa-angle-double-right\" style=\"color: #337ab7;\"></i> <span class=\"obflink obflink-text\" data-o=\"L25vdXMtY29udGFjdGVyP3R5cGU9MiZjYXRlZ29yaWU9Ym9pbGVycw==\">Souscrire à cette offre d'entretien</span> <p>Pour plus d'informations, nous vous invitions à consulter les Conditions Générales de nos contrats de maintenance sur les chaudières fonctionnant au fioul : <a href=\"/asset/EGS/cg/cg-entretien-chaudieres-fioul-electrogaz-01-2018.pdf\" title=\"conditions générales contrat maintenance chaudière fioul\">Conditions Générales contrat de maintenance chaudière fioul</a></p> <a href=\"/asset/EGS/cg/cg-entretien-chaudieres-fioul-electrogaz-01-2018.pdf\" title=\"conditions générales contrat maintenance chaudière fioul\">Conditions Générales contrat de maintenance chaudière fioul</a>"
    }
  ],
  "related": {
    "title": "",
    "links": []
  },
  "url": "https://www.egs-energies.fr/entretien/chaudiere-fioul"
}