{
  "breadcrumb": "Climatisation pompe a chaleur",
  "seo": {
    "title": "Entretien pompe à chaleur (PAC) à Vallauris, Nice, Antibes",
    "description": "Entretien et maintenance de votre pompe à chaleur (PAC). Avec EGS Energies c'est la garantie d'une pompe à chaleur entretenue, performante et durable",
    "opengraph": {
      "site_name": "EGS Energies",
      "type": "website",
      "locale": "fr_FR",
      "title": "Entretien pompe à chaleur (PAC) à Vallauris, Nice, Antibes",
      "description": "Entretien et maintenance de votre pompe à chaleur (PAC). Avec EGS Energies c'est la garantie d'une pompe à chaleur entretenue, performante et durable",
      "image": {
        "src": "https://www.egs-energies.fr/build/images/egs-energies-entretien-climatisation-456x334.1fd35e8c.jpg",
        "alt": "Expert chauffagiste, nous entretenons climatisations et pompes à chaleur"
      }
    }
  },
  "hero": {
    "title": "Entretenir votre climatisation et PAC dans toutes les Alpes-Maritimes",
    "subtitle": "Frigoriste expert dans l'entretien des climatisations et pompes à chaleur sur Nice, Cannes, Antibes ..."
  },
  "intro": {
    "image": {
      "src": "https://www.egs-energies.fr/build/images/egs-energies-entretien-climatisation-456x334.1fd35e8c.jpg",
      "alt": "Expert chauffagiste, nous entretenons climatisations et pompes à chaleur"
    },
    "text": "<p>L'entretien de votre climatisation ou de votre pompe à chaleur (PAC) à <a href=\"https://www.egs-energies.fr/chauffage-menton\" title=\"Chauffage Menton\">Menton</a>, <a href=\"https://www.egs-energies.fr/chauffage-cannes\" title=\"Chauffage Cannes\">Cannes</a> et <a href=\"https://www.egs-energies.fr/chauffage-antibes\" title=\"Chauffage Antibes\">Antibes</a> est un gage de pérennité et de performance pour vos équipements. EGS Energies, spécialiste du chauffage et de la climatisation depuis plus de 60 ans dans les Alpes Maritimes, s'occupe de la maintenance de vos installations, quels que soient le modèle et la marque.</p> <p>Nos équipes sont certifiées et agréées pour oeuvrer sur ces équipements (attestation de capacité n°202689-R1 de manipulation des fluides frigorigènes et Certificat QUALIPAC).</p> <p>Nos techniciens EGS Energies interviennent à la fois sur les climatisations et les pompes à chaleur pour répondre aux mieux à vos besoins.<br><br>&nbsp;</p>"
  },
  "contents": [
    {
      "title": "Les spécificités de l'entretien d'une climatisation",
      "text": "<p>Si la puissance de votre dispositif de climatisation dépasse les 12 kW, et/ou si la charge de fluide est supérieure à 2 kg, un entretien quinquennal est obligatoire. Tous les 5 ans, vous devez faire contrôler l'étanchéité de votre installation. Cette vérification doit être faite par un professionnel, capable de manipuler les fluides toxiques contenus dans la climatisation. EGS Energies (ex-Electrogaz) vous accompagne dans cette démarche avec des techniciens formés à tous les matériels et certifiés.</p> <p><i class=\"fa fa-angle-double-right\" style=\"color: #337ab7;\"></i> <span class=\"obflink obflink-text\" data-o=\"L25vdXMtY29udGFjdGVyP3R5cGU9MiZjYXRlZ29yaWU9YWlyX2NvbmRpdGlvbmVy\">Prendre rendez-vous pour l'entretien de ma climatisation</span></p> <i class=\"fa fa-angle-double-right\" style=\"color: #337ab7;\"></i> <span class=\"obflink obflink-text\" data-o=\"L25vdXMtY29udGFjdGVyP3R5cGU9MiZjYXRlZ29yaWU9YWlyX2NvbmRpdGlvbmVy\">Prendre rendez-vous pour l'entretien de ma climatisation</span>"
    },
    {
      "title": "Une vérification annuelle pour la climatisation",
      "text": "<p>Mais n'attendez pas tous les 5 ans pour faire entretenir votre climatisation. Une vérification et un nettoyage annuel sont vivement recommandés pour maintenir en état votre installation et être assuré de bénéficier d'un air de qualité. En effet, la climatisation est composée d'une unité extérieure qui peut rapidement s'abîmer, au contact du vent et des intempéries. Les filtres de l'unité intérieure peuvent également s'encrasser et l'air brassé perd en qualité.</p> <p><i class=\"fa fa-angle-double-right\" style=\"color: #337ab7;\"></i> <span class=\"obflink obflink-text\" data-o=\"L25vdXMtY29udGFjdGVyP3R5cGU9MiZjYXRlZ29yaWU9YWlyX2NvbmRpdGlvbmVy\">Demander des renseignements</span></p> <i class=\"fa fa-angle-double-right\" style=\"color: #337ab7;\"></i> <span class=\"obflink obflink-text\" data-o=\"L25vdXMtY29udGFjdGVyP3R5cGU9MiZjYXRlZ29yaWU9YWlyX2NvbmRpdGlvbmVy\">Demander des renseignements</span>"
    },
    {
      "title": "En quoi consiste l'entretien de la pompe à chaleur ?",
      "text": "<p>L'entretien de votre pompe à chaleur est obligatoire si la charge en fluide frigorigène dépasse les deux kilogrammes (puissance d'environ 12 kW). Un professionnel doit alors vérifier, chaque année, le bon fonctionnement et l'étanchéité de votre PAC.</p> <p>EGS Energies vous accompagne, dans les Alpes-Maritimes, grâce à une équipe compétente et certifiée. Nous nous assurons du bon fonctionnement de votre PAC en vérifiant : le compresseur, le circuit frigorifique et les connexions électriques. Ce contrôle annuel est aussi l'occasion de nettoyer la borne extérieure et les bouches d'insufflation pour vous assurer un air de qualité et une chaleur confortable. Attention, tous les cinq ans, il faut prévoir un changement de fluide afin de maintenir l'efficacité de votre pompe à chaleur.</p> <p><i class=\"fa fa-angle-double-right\" style=\"color: #337ab7;\"></i> <span class=\"obflink obflink-text\" data-o=\"L25vdXMtY29udGFjdGVyP3R5cGU9MiZjYXRlZ29yaWU9YWlyX2NvbmRpdGlvbmVy\">Prenez RDV avec les équipes EGS Energies pour entretenir votre PAC</span></p> <i class=\"fa fa-angle-double-right\" style=\"color: #337ab7;\"></i> <span class=\"obflink obflink-text\" data-o=\"L25vdXMtY29udGFjdGVyP3R5cGU9MiZjYXRlZ29yaWU9YWlyX2NvbmRpdGlvbmVy\">Prenez RDV avec les équipes EGS Energies pour entretenir votre PAC</span>"
    },
    {
      "title": "Nos formules d'entretien pour votre pompe à chaleur air/air ou climatisation",
      "text": "<p>À <a href=\"https://www.egs-energies.fr/chauffage-nice\" title=\"Chauffage Nice\">Nice</a>, <a href=\"https://www.egs-energies.fr/chauffage-saint-laurent-du-var\" title=\"Chauffage Saint Laurent Du Var\">Saint-Laurent-du-Var</a> et <a href=\"https://www.egs-energies.fr/chauffage-vallauris\" title=\"Chauffage Vallauris\">Vallauris</a>, choisir un contrat d'entretien vous permet d'éviter les mauvaises surprises car à une vérification régulière et experte de votre installation. Pour votre pompe à chaleur ou votre climatisation, EGS Energies (anciennement Electrogaz)vous propose deux formules.</p> <a href=\"https://www.egs-energies.fr/chauffage-nice\" title=\"Chauffage Nice\">Nice</a> <a href=\"https://www.egs-energies.fr/chauffage-saint-laurent-du-var\" title=\"Chauffage Saint Laurent Du Var\">Saint-Laurent-du-Var</a> <a href=\"https://www.egs-energies.fr/chauffage-vallauris\" title=\"Chauffage Vallauris\">Vallauris</a> <h3>\"Formule Acces\" pour un entretien serein de votre climatisation / PAC</h3> <p style=\"padding-left: 12px;\">• Programmation de la visite annuelle<br>• Entretien annuel du climatiseur ou PAC air/air avec réalisation des 10 points de contrôle (voir ci-dessous)<br>• Intervention garantie sous 24h en cas de panne totale</p> <br> <br> <p><i class=\"fa fa-angle-double-right\" style=\"color: #337ab7;\"></i> <span class=\"obflink obflink-text\" data-o=\"L25vdXMtY29udGFjdGVyP3R5cGU9MiZjYXRlZ29yaWU9YWlyX2NvbmRpdGlvbmVy\">Souscrire à cette formule d'entretien</span></p> <i class=\"fa fa-angle-double-right\" style=\"color: #337ab7;\"></i> <span class=\"obflink obflink-text\" data-o=\"L25vdXMtY29udGFjdGVyP3R5cGU9MiZjYXRlZ29yaWU9YWlyX2NvbmRpdGlvbmVy\">Souscrire à cette formule d'entretien</span> <h3>\"Formule Avantage\" pour un entretien tout inclus de votre climatisation / PAC</h3> <p style=\"padding-left: 12px;\">• Programmation de la visite annuelle<br>• Entretien annuel du climatiseur ou PAC air/air avec réalisation des 10 points de contrôle (voir ci-dessous)<br>• Intervention garantie sous 24h en cas de panne totale<br>+ Dépannages illimités<br>+ Déplacement et main-d'oeuvre compris</p> <br> <br> <br> <br> <p><i class=\"fa fa-angle-double-right\" style=\"color: #337ab7;\"></i> <span class=\"obflink obflink-text\" data-o=\"L25vdXMtY29udGFjdGVyP3R5cGU9MiZjYXRlZ29yaWU9YWlyX2NvbmRpdGlvbmVy\">Souscrire à cette formule d'entretien</span></p> <i class=\"fa fa-angle-double-right\" style=\"color: #337ab7;\"></i> <span class=\"obflink obflink-text\" data-o=\"L25vdXMtY29udGFjdGVyP3R5cGU9MiZjYXRlZ29yaWU9YWlyX2NvbmRpdGlvbmVy\">Souscrire à cette formule d'entretien</span>"
    },
    {
      "title": "Entretien PAC Air/Air ou Climatiseur en 10 points de contrôle",
      "text": "<ul style=\"padding-left: 1.7em; padding-top: 7px;\"><li>Contrôle visuel et auditif de l'ensemble (bruit anormal, panneaux détachés, calorifuge, trace de fuite d'eau, fixation et support ...)</li><li>Vérification du bon fonctionnement général (contrôle températures)</li><li>Contrôle du bon fonctionnement du dispositif toutes saisons, si existant</li><li>Contrôle alimentation électrique, isolement, intensités, resserrage des connexions</li><li>Vérification du bon fonctionnement des sécurités et automatismes internes à l'appareil</li><li>Dépoussiérage et nettoyage de l'unité extérieure</li><li>Nettoyage du bac à condensats, du/des filtres des unités intérieures, dépoussiérage et nettoyage des unités intérieures</li><li>Vérification de l'écoulement des eaux de condensats et pompe de relevage si existante</li><li>Mesure du pH et du taux de glycol du circuit hydraulique</li><li>Contrôle des signalisations de défauts et des sécurités frigorifiques, de la fonction dégivrage</li><li>Nettoyage du/des filtres hydrauliques et contrôle du fonctionnement des circulateurs</li><li>Contrôle du fonctionnement de la pompe de captage et de l'étanchéité des circuits frigorifiques, détection de fuites éventuelles</li><li>Délivrance d'un certificat d'étanchéité pour les installations concernées par la loi en vigueur des équipements sous pression</li></ul> <li>Contrôle visuel et auditif de l'ensemble (bruit anormal, panneaux détachés, calorifuge, trace de fuite d'eau, fixation et support ...)</li> <li>Vérification du bon fonctionnement général (contrôle températures)</li> <li>Contrôle du bon fonctionnement du dispositif toutes saisons, si existant</li> <li>Contrôle alimentation électrique, isolement, intensités, resserrage des connexions</li> <li>Vérification du bon fonctionnement des sécurités et automatismes internes à l'appareil</li> <li>Dépoussiérage et nettoyage de l'unité extérieure</li> <li>Nettoyage du bac à condensats, du/des filtres des unités intérieures, dépoussiérage et nettoyage des unités intérieures</li> <li>Vérification de l'écoulement des eaux de condensats et pompe de relevage si existante</li> <li>Mesure du pH et du taux de glycol du circuit hydraulique</li> <li>Contrôle des signalisations de défauts et des sécurités frigorifiques, de la fonction dégivrage</li> <li>Nettoyage du/des filtres hydrauliques et contrôle du fonctionnement des circulateurs</li> <li>Contrôle du fonctionnement de la pompe de captage et de l'étanchéité des circuits frigorifiques, détection de fuites éventuelles</li> <li>Délivrance d'un certificat d'étanchéité pour les installations concernées par la loi en vigueur des équipements sous pression</li> <p>Nos prestations d'entretien sur les climatisations ou PAC air/air sont également disponibles en dehors des formules d'abonnement.</p> <p>Pour plus d'informations, nous vous invitions à consulter les Conditions Générales de nos contrats de maintenance sur les climatisations et pompes à chaleur air/air : <a href=\"/asset/EGS/cg/cg-entretien-climatisation-pac-electrogaz-01-2018.pdf\" title=\"conditions générales contrat maintenance clim et PAC\">Conditions Générales contrat de maintenance climatisation et pompe à chaleur air/air</a></p> <a href=\"/asset/EGS/cg/cg-entretien-climatisation-pac-electrogaz-01-2018.pdf\" title=\"conditions générales contrat maintenance clim et PAC\">Conditions Générales contrat de maintenance climatisation et pompe à chaleur air/air</a>"
    },
    {
      "title": "Entretien des PAC air/eau",
      "text": "<p>Vous avez installé une pompe à chaleur air/eau et vous cherchez un professionnel pour l'entretenir ? Faites confiance à EGS Energies. Nos 25 techniciens sont formés et certifiés pour intervenir sur ces installations.</p> <p>Contactez-nous afin de mettre en place une formule d'entretien sur-mesure, qui sera adaptée à vos besoins et aux spécificités de votre installation.</p> <p><i class=\"fa fa-angle-double-right\" style=\"color: #337ab7;\"></i> <span class=\"obflink obflink-text\" data-o=\"L25vdXMtY29udGFjdGVyP3R5cGU9MiZjYXRlZ29yaWU9YWlyX2NvbmRpdGlvbmVy\">Prendre RDV avec EGS Energies pour une PAC air/eau</span></p> <i class=\"fa fa-angle-double-right\" style=\"color: #337ab7;\"></i> <span class=\"obflink obflink-text\" data-o=\"L25vdXMtY29udGFjdGVyP3R5cGU9MiZjYXRlZ29yaWU9YWlyX2NvbmRpdGlvbmVy\">Prendre RDV avec EGS Energies pour une PAC air/eau</span> <p>Nos prestations d'entretien sur les climatisations ou PAC air/eau sont également disponibles en dehors des formules d'abonnement.</p>"
    }
  ],
  "related": {
    "title": "",
    "links": []
  },
  "url": "https://www.egs-energies.fr/entretien/climatisation-pompe-a-chaleur"
}