{
  "breadcrumb": "Certifications et marques",
  "seo": {
    "title": "Certifications et marques - GD Energies",
    "description": "GD Energies, expert chauffage et climatisation depuis 1975. Entreprise RGE Qualibat, QualiPAC, Chauffage+, QualiSAV, Partenaire GRDF.",
    "opengraph": {
      "site_name": "GD Energies",
      "type": "website",
      "locale": "fr_FR",
      "title": "Certifications et marques - GD Energies",
      "description": "GD Energies, expert chauffage et climatisation depuis 1975. Entreprise RGE Qualibat, QualiPAC, Chauffage+, QualiSAV, Partenaire GRDF.",
      "image": {
        "src": "https://www.gd-energies.fr/build/images/gd-energies-certifications-et-marques-456x334.9e87b32d.jpg",
        "alt": "Nos certifications et marques de chauffage et climatisation - GD Energies"
      }
    }
  },
  "hero": {
    "title": "GD Energies, une entreprise qualifiée pour des services de qualité",
    "subtitle": "Des experts certifiés au service de votre confort thermique"
  },
  "intro": {
    "image": {
      "src": "/build/images/gd-energies-certifications-et-marques-456x334.9e87b32d.jpg",
      "alt": "Nos certifications et marques de chauffage et climatisation - GD Energies"
    },
    "text": "<p>Choisir un professionnel pour ses travaux de rénovation énergétique, l'entretien ou la réparation de ses appareils n'est pas forcément évident. Depuis déjà 50 ans, les équipes GD Energies ont à cœur de vous offrir des services performants et efficaces pour les équipements thermiques de votre maison. C'est pourquoi nous disposons de nombreuses certifications et travaillons avec de grandes marques du marché.</p>"
  },
  "contents": [
    {
      "title": "Des marques reconnues pour un confort thermique optimal",
      "text": "<p>Afin de proposer des appareils de qualité à nos clients, nous travaillons avec des marques reconnues dans le <a href=\"https://www.gd-energies.fr/equipements\" title=\"Découvrir nos équipements de chauffage et climatisation\">domaine du chauffage</a>.</p> <p>Nos marques partenaires :</p> <ul> <li>Saunier-Duval ;</li> <li>ELM-Leblanc ;</li> <li>Frisquet ;</li> <li>Chaffoteaux ;</li> <li>Atlantic.</li> </ul> <p>Nos activités se scindent en deux pôles :</p> <ul> <li>La pose de vos matériels énergétiques pour votre chauffage, votre climatisation et votre eau chaude sanitaire, et les dépannages de plomberie au quotidien.</li> <li>Le SAV avec l'entretien et le dépannage de vos appareils énergétiques (chaudière et chauffe bain gaz, chauffe-eau électrique).</li> </ul> <p>Nos différents partenariats font notamment de GD Energies un installateur et réparateur local agréé pour les marques Saunier-Duval, ELM-Leblanc ou encore Frisquet, mais aussi Ariston et Chappée.</p>"
    },
    {
      "title": "La reconnaissance de notre savoir-faire : nos certifications et nos labels",
      "text": "<p>Avec <a href=\"/qui-sommes-nous\" title=\"Nous découvrir - GD Energies\">plus de 50 ans d'expérience</a> dans les systèmes de chauffage et de climatisation auprès des particuliers comme des professionnels, GD Energies bénéficie d'un grand savoir-faire.</p> <p>Nous disposons ainsi de nombreuses certifications et labels :</p> <ul> <li><strong>RGE QualiPAC</strong> : elle garantit notre expertise et la conformité de nos prestations pour l'installation de pompes à chaleur performantes et respectueuses de l'environnement ;</li> <li><strong>Partenaire GRDF, mention PAC Hybride</strong> qui vient certifier notre maîtrise des systèmes de pompes à chaleur hybrides ;</li> <li>Nos techniciens disposent chacun de leur <strong>attestation de manipulation des fluides</strong> ;</li> <li><strong>RGE Chauffage+</strong> qui reconnaît notre savoir-faire dans l'installation et la maintenance de chaudières à haute performance énergétique (condensation et micro-génération) ;</li> <li>Nous sommes également <strong>Partenaire EDF</strong> qui permet à nos clients de bénéficier des primes CEE (certificats d'économies d'énergie) pour leurs installations ;</li> <li><strong>QualiSAV</strong> : notre équipe qualifiée assure la maintenance et le dépannage de vos chaudières gaz pour vous garantir un confort durable ;</li> <li>Enfin, en tant que partenaire Domofinance, nous vous offrons des conditions de paiement facilitées.</li> </ul>"
    },
    {
      "title": "Nos garanties de service",
      "text": "<h3>Des techniciens professionnels</h3> <p>Nos techniciens sont formés annuellement à la Réglementation Gaz. Afin de vous garantir un niveau d'expertise toujours à jour et renouveler leurs connaissances, ils effectuent chaque année des stages auprès de nos partenaires fabricants de chaudières.</p> <h3>Des équipes qualifiées</h3> <p>Nous possédons l’ensemble des qualifications, certifications et appellations des principaux organismes régissant notre profession.</p> <h3>Garantie pièce et main d’œuvre</h3> <p><a href=\"https://www.gd-energies.fr/depannage\" title=\"Prestations de dépannage GD Energies\">Nos interventions</a> bénéficient d’une garantie d’un an pour les pièces détachées que nous fournissons et de trois mois pour la main d’œuvre et les déplacements. Nos locaux abritent sur 1200m² le plus grand stock de pièces détachées du Gard !</p> <h3>Garantie d’accueil</h3> <p>Nous vous accueillons du lundi au vendredi de 8h00 à 18h00 dans nos locaux et par téléphone. Vous avez également la possibilité de nous laisser un message par répondeur durant les horaires de fermeture. En saison hivernale, de septembre à avril, nous intervenons également les samedis.</p> <h3>Garantie de communication transparente</h3> <p>Nous avons mis en place un processus rigoureux pour vous accompagner dans vos travaux et interventions, en assurant un suivi complet de l'information. Parmi les documents et notifications auxquels vous avez accès en tant que client GD Energies :</p> <ul> <li>Historique informatique de nos interventions depuis plus de 20 ans</li> <li>Notice technique de votre appareil gratuite sur demande</li> <li>Rappel SMS de la visite d’entretien</li> <li>Rapport d’intervention</li> <li>Prix communiqué à l’avance</li> <li>Devis personnalisé et gratuit pour nos clients sous contrat</li> </ul> <p>Ainsi, chaque installation, dépannage ou entretien fait l'objet d'un suivi administratif précis et transparent, pour des prestations soignées et à des tarifs compétitifs.</p> <p><i></i> <span class=\"obflink obflink-text\" data-o=\"L25vdXMtY29udGFjdGVy\">Contactez-nous pour plus de renseignements</span></p> <hr>"
    },
    {
      "title": "GD Energies, un nouveau nom pour une expertise inchangée",
      "text": "<p>Depuis 2023, <a href\"https:=\"\" www.gd-energies.fr=\"\" gaz-depannage\"=\"\" title\"changement=\"\" de=\"\" nom=\"\" gaz=\"\" dépannage=\"\" nîmes\"=\"\">Gaz Dépannage Nîmes est devenu GD Energies</a>, un nom qui reflète mieux l’étendue de nos services et notre engagement envers les solutions énergétiques d’aujourd’hui. Toujours locaux, toujours proches de vous, nous continuons d’accompagner les Nîmois avec professionnalisme et réactivité.</p> <p>Pour un dépannage gaz, une installation de chauffage ou un besoin en climatisation, contactez GD Energies dès aujourd’hui !</p>"
    }
  ]
}