{
  "breadcrumb": "Qui sommes nous",
  "seo": {
    "title": "Qui sommes-nous - GD Energies - Gaz Dépannage Nîmes",
    "description": "GD Energies est chauffagiste et spécialiste des pompes à chaleur, chaudières, chauffe-eaux & climatisations à Nîmes. Anciennement Gaz Dépannage Nîmes Plomberie.",
    "opengraph": {
      "site_name": "GD Energies",
      "type": "website",
      "locale": "fr_FR",
      "title": "Qui sommes-nous - GD Energies - Gaz Dépannage Nîmes",
      "description": "GD Energies est chauffagiste et spécialiste des pompes à chaleur, chaudières, chauffe-eaux & climatisations à Nîmes. Anciennement Gaz Dépannage Nîmes Plomberie.",
      "image": {
        "src": "https://www.gd-energies.fr/build/images/gd-energies-qui-sommes-nous-456x334.94b14ec0.jpg",
        "alt": "GD Energies - votre expert chauffagiste et frigoriste à Nîmes et au Grau-du-Roi"
      }
    }
  },
  "hero": {
    "title": "GD Energies, l'expert local des solutions énergétiques à Nîmes : chauffage, climatisation, chauffe-eau",
    "subtitle": "Plus de 50 ans d'expérience au service du confort thermique de votre maison"
  },
  "intro": {
    "image": {
      "src": "/build/images/gd-energies-qui-sommes-nous-456x334.94b14ec0.jpg",
      "alt": "GD Energies - votre expert chauffagiste et frigoriste à Nîmes et au Grau-du-Roi"
    },
    "text": "<p>GD Energies est l'expert du confort thermique pour votre maison à <a href=\"https://www.gd-energies.fr/chauffage-nimes\" title=\"Chauffage Nimes\">Nîmes</a> et ses environs. Depuis 1975, nous installons, entretenons et dépannons vos équipements thermiques : chaudières, radiateurs et chauffe-bains gaz, pompes à chaleur, climatisations réversibles, chauffe-eaux et adoucisseurs. Nos équipes réalisent aussi les dépannages de plomberie du quotidien.</p> <p>Basés à Nîmes, nos experts chauffagistes, plombiers et climaticiens réalisent chaque année <strong>plus de 1 500 interventions</strong> chez des particuliers et des professionnels.</p>"
  },
  "contents": [
    {
      "title": "Des services rapides et de qualité",
      "text": "<p>Vous nous avez sans doute connu sous le nom de <a href=\"https://www.gd-energies.fr/gaz-depannage\" title\"gaz=\"\" dépannage=\"\" est=\"\" gd=\"\" energies\"=\"\">Gaz Dépannage Nîmes Plomberie</a> ! Depuis 1975, nos chauffagistes sont à vos côtés dans le Gard.</p> <p> </p> <p>Avec plus de 50 ans d'expérience, GD Energies est reconnue dans le département pour son savoir-faire en matière de système de chauffage et de climatisation. Nos techniciens installateurs et réparateurs assurent la pose, la maintenance et le dépannage de vos équipements de confort thermique, le tout à des tarifs compétitifs et transparents.</p> <p>Que vous ayez ou non un contrat d'entretien, nos experts interviennent rapidement sur Nîmes et ses environs, ainsi qu'au <a href=\"https://www.gd-energies.fr/chauffage-grau-du-roi\" title=\"Chauffage Grau Du Roi\">Grau-du-Roi</a> et alentour. Nos techniciens expérimentés sont notamment spécialisés dans le dépannage d’urgence avec une garantie de service en 24 à 48 heures jours ouvrés ainsi que des interventions 6 jours sur 7 en période hivernale.</p> <p>Nos locaux de 1&nbsp;200m² représentent le plus grand stock de pièces détachées du Gard, la garantie d'un <a href=\"https://www.gd-energies.fr/depannage\" title=\"Dépannage chauffage et clim Nîmes\">dépannage rapide pour nos plus de 8&nbsp;000 clients. Enfin, pour rendre vos projets encore plus accessibles, nous déduisons les aides de l’État de nos devis, vous n’avez pas à faire l’avance !</a></p> <a href=\"https://www.gd-energies.fr/depannage\" title=\"Dépannage chauffage et clim Nîmes\"> <h2>GD Energies, chauffagiste à Nîmes, s'engage pour le renouvelable</h2> <p>GD Energies, anciennement Gaz Dépannage, a su élargir son champ de compétences avec les années afin de proposer de nouveaux produits et services en phase avec les demandes de nos clients du Gard. En tant que spécialiste énergétique local, nous avons donc fait le choix fort de placer les <strong>énergies renouvelables</strong> au cœur de notre stratégie depuis plusieurs années déjà : installation et maintenance de pompes à chaleur air-eau, air-air et hybrides, installation de panneaux solaires photovoltaïques.</p> <h2>Un appui solide du groupe HomeServe</h2> <p>En 2023, GD Energies a rejoint la division Energies Services du groupe HomeServe, spécialiste des réparations et de l'efficacité énergétique de la maison. Ce beau partenariat témoigne tant du dynamisme de notre entreprise que de notre volonté d'offrir des services toujours plus performants à nos clients. Que vous soyez dans Gard, l'Hérault ou dans les Bouches-du-Rhône, nous restons vos spécialistes de proximité du confort, de la sobriété et de la performance énergétique de votre maison.</p> </a> <p><a href=\"https://www.gd-energies.fr/depannage\" title=\"Dépannage chauffage et clim Nîmes\">N'hésitez pas à faire appel à nos équipes ! Vous pouvez compter sur nos installateurs et dépanneurs à Uzès, Nîmes, Sommières, Milhaud, Beaucaire, </a><a href=\"https://www.gd-energies.fr/chauffage-bellegarde\" title=\"Chauffage Bellegarde\">Bellegarde</a>, <a href=\"https://www.gd-energies.fr/chauffage-vauvert\" title=\"Chauffage Vauvert\">Vauvert</a>, Le Grau-du-Roi ou encore Aigues-Mortes.</p> <p><strong><em>Vous avez une question ? Faites vous rappeler gratuitement !</em></strong></p> <p><i></i> <span class=\"obflink obflink-text\" data-o=\"L25vdXMtY29udGFjdGVy\">Contactez-nous pour tout renseignement</span></p>"
    },
    {
      "title": "GD Energies, chauffagiste à Nîmes, s'engage pour le renouvelable",
      "text": "<p>GD Energies, anciennement Gaz Dépannage, a su élargir son champ de compétences avec les années afin de proposer de nouveaux produits et services en phase avec les demandes de nos clients du Gard. En tant que spécialiste énergétique local, nous avons donc fait le choix fort de placer les <strong>énergies renouvelables</strong> au cœur de notre stratégie depuis plusieurs années déjà : installation et maintenance de pompes à chaleur air-eau, air-air et hybrides, installation de panneaux solaires photovoltaïques.</p>"
    },
    {
      "title": "Un appui solide du groupe HomeServe",
      "text": "<p>En 2023, GD Energies a rejoint la division Energies Services du groupe HomeServe, spécialiste des réparations et de l'efficacité énergétique de la maison. Ce beau partenariat témoigne tant du dynamisme de notre entreprise que de notre volonté d'offrir des services toujours plus performants à nos clients. Que vous soyez dans Gard, l'Hérault ou dans les Bouches-du-Rhône, nous restons vos spécialistes de proximité du confort, de la sobriété et de la performance énergétique de votre maison.</p>"
    }
  ]
}