{
  "breadcrumb": "Zones intervention",
  "seo": {
    "title": "Nos zones d'intervention | GD Energies",
    "description": "GD Energies, expert chauffage rt climatisation à Nîmes. Intervention rapide autour de Nîmes et au Grau-du-Roi. Installation, entretien, et dépannage d'urgence.",
    "opengraph": {
      "site_name": "GD Energies",
      "type": "website",
      "locale": "fr_FR",
      "title": "Nos zones d'intervention | GD Energies",
      "description": "GD Energies, expert chauffage rt climatisation à Nîmes. Intervention rapide autour de Nîmes et au Grau-du-Roi. Installation, entretien, et dépannage d'urgence.",
      "image": {
        "src": "https://www.gd-energies.fr/build/images/gd-energies-zone-intervention-456x334.40af1693.jpg",
        "alt": "Zone d'intervention dans le Gard - GD Energies"
      }
    }
  },
  "hero": {
    "title": "Zones d'intervention GD Energies dans le Gard et les Bouches-du-Rhône",
    "subtitle": "Nous intervenons dans un rayon de 35km autour de Nîmes et au Grau-du-Roi et ses alentours"
  },
  "intro": {
    "image": {
      "src": "/build/images/gd-energies-zone-intervention-456x334.40af1693.jpg",
      "alt": "Zone d'intervention dans le Gard - GD Energies"
    },
    "text": "<p>Basées à <a href=\"https://www.gd-energies.fr/chauffage-nimes\" title=\"Chauffage Nimes\">Nîmes</a>, nos équipes se déplacent dans un rayon de 35km autour de Nîmes ainsi que la zone du <a href=\"https://www.gd-energies.fr/chauffage-grau-du-roi\" title=\"Chauffage Grau Du Roi\">Grau-du-Roi</a> et ses environs. À travers cette zone d’intervention, nous souhaitons avant tout proposer des services de proximité et de qualité à nos clients. Notre siège est situé au <a href=\"https://www.google.com/maps/dir//gd+energies+nimes/@43.8376422,4.3421216,12z/data=!3m1!4b1!4m9!4m8!1m1!4e2!1m5!1m1!1s0x12b42d68611e06cd:0xe1e0e1e66fc99a6c!2m2!1d4.4245223!2d43.8376718?entry=ttu\" target=\"_blank\">215 rue Nicolas Appert</a>, dans la ZI Grézan à Nîmes.</p> <p>Choisir GD Energies, c’est opter pour un expert local des systèmes de chauffage et de climatisation. <a href=\"/qui-sommes-nous\" title=\"GD Energies, qui sommes-nous\">Depuis 1975</a>, nous installons, remplaçons, entretenons et réparons vos appareils dans le Gard et les Bouches-du-Rhône : <a href=\"https://www.gd-energies.fr/equipements/chaudieres-gaz\" title=\"En savoir plus sur les chaudières gaz\">chaudières gaz</a>, radiateurs, <a href=\"https://www.gd-energies.fr/equipements/pompes-a-chaleur\" title=\"Choisir une pompe à chaleur\">pompes à chaleur</a>, <a href=\"https://www.gd-energies.fr/equipements/chauffe-eaux-chauffe-bains\" title=\"Solutions d'eau chaude sanitaire\">chauffe-eaux</a>, chauffe-bains, <a title=\"Nos adoucisseurs d'eau\" href=\"https://www.gd-energies.fr/equipements/adoucisseurs-eau\">adoucisseurs</a> ou encore <a title=\"Nos climatisations dans le Gard\" href=\"https://www.gd-energies.fr/equipements/climatisations\">climatiseurs</a>.</p>"
  },
  "contents": [
    {
      "title": "GD Energies, le spécialiste du dépannage d’urgence en 24/48h dans le Gard",
      "text": "<p>GD Energies est spécialisée dans le dépannage d’urgence avec une <strong>garantie de service en 24/48 heures</strong> (jours ouvrés) ainsi que des <strong>interventions 6 jours sur 7 en période hivernale</strong>. Nos locaux nîmois abritent le plus grand stock de pièces détachées du Gard. Ce dernier nous permet de vous fournir des <a href=\"https://www.gd-energies.fr/depannage\" title=\"Nos services de dépannage dans le Gard\">services de réparation</a> ultra-rapides pour la plupart des <a href=\"/qui-sommes-nous/certifications-et-marques\" title=\"Nos marques d'appareils chauffage et climatisation\">marques d’appareils</a> de chauffage et de climatisation du marché.</p>"
    },
    {
      "title": "Une garantie de service optimale",
      "text": "<ul> <li>Devis personnalisé et gratuit pour nos clients sous contrat</li> <li>Rappel et rendez-vous programmé en moins de 30 minutes</li> <li>Intervention d'urgence</li> <li>Prix communiqués d'avance et tarifs transparents</li> <li>Interlocuteurs et <a href=\"/qui-sommes-nous/certifications-et-marques\" title=\"Nos certifications\">techniciens expérimentés</a>, conseils avisés</li> </ul>"
    },
    {
      "title": "Dans quelles villes nos techniciens interviennent-ils ?",
      "text": "<p>En intervenant sur une zone de 35 kilomètres autour de Nîmes ainsi qu’autour du Grau-du-Roi, nos plombiers chauffagistes et climaticiens couvrent une large partie du Gard et une partie des Bouches-du-Rhône. Nos techniciens interviennent par exemple dans les villes suivantes : Aigues-Mortes, Aimargues, <a href=\"https://www.gd-energies.fr/chauffage-aramon\" title=\"Chauffage Aramon\">Aramon</a>, <a href=\"https://www.gd-energies.fr/chauffage-beaucaire\" title=\"Chauffage Beaucaire\">Beaucaire</a>, <a href=\"https://www.gd-energies.fr/chauffage-bellegarde\" title=\"Chauffage Bellegarde\">Bellegarde</a>, Bouillargues, Caissargues, Calvisson, Gallargues, Le Grau-du-Roi, Manduel, Marguerittes, <a href=\"https://www.gd-energies.fr/chauffage-milhaud\" title=\"Chauffage Milhaud\">Milhaud</a>, Nîmes, <a href=\"https://www.gd-energies.fr/chauffage-poulx\" title=\"Chauffage Poulx\">Poulx</a>, Remoulins, Saint-Chaptes, <a href=\"https://www.gd-energies.fr/chauffage-saint-dionisy\" title=\"Chauffage Saint Dionisy\">Saint-Dionisy</a>, <a href=\"https://www.gd-energies.fr/chauffage-saint-gilles\" title=\"Chauffage Saint Gilles\">Saint-Gilles</a>, Saint-Mamert-du-Gard, Sommières, Tarascon, <a href=\"https://www.gd-energies.fr/chauffage-uzes\" title=\"Chauffage Uzes\">Uzès</a>, <a href=\"https://www.gd-energies.fr/chauffage-vauvert\" title=\"Chauffage Vauvert\">Vauvert</a>, Vergèze, Vézénobres.</p> <p>Cette liste n’est évidemment pas exhaustive. N’hésitez pas à faire appel à nos équipes pour toute demande !</p> <p id=\"map\" style=\"height:500px; margin-top:30px; margin-bottom:30px;\"></p> <p><i></i> <span class=\"obflink obflink-text\" data-o=\"L25vdXMtY29udGFjdGVy\">Contactez-nous pour plus de renseignements</span></p>"
    }
  ]
}