{
  "breadcrumb": "Certification mitsubishi electric",
  "seo": {
    "title": "Chauffagiste agrée Mitsubishi Electric Pro | SBF Energies",
    "description": "Faites appel à des professionnels agrée Mitsubishi Electric Pro pour l'achat, l'installation ou l'entretien de votre équipement Mitsubishi ! SBF Energies - Chambery & Savoie.",
    "opengraph": {
      "site_name": "SBF Energies",
      "type": "website",
      "locale": "fr_FR",
      "title": "Chauffagiste agrée Mitsubishi Electric Pro | SBF Energies",
      "description": "Faites appel à des professionnels agrée Mitsubishi Electric Pro pour l'achat, l'installation ou l'entretien de votre équipement Mitsubishi ! SBF Energies - Chambery & Savoie.",
      "image": {
        "src": "https://www.sbf-energies.com/build/images/sbf-energies-certification-mitsubishi-456x334.8e7479c8.jpg",
        "alt": "Distributeur agréé Mitsubishi Electric"
      }
    }
  },
  "hero": {
    "title": "SBF Énergies : distributeur et installateur agréé Mitsubishi Electric",
    "subtitle": "Faîtes appel à des experts certifiés pour votre équipement Mitsubishi"
  },
  "intro": {
    "image": {
      "src": "/build/images/sbf-energies-certification-mitsubishi-456x334.8e7479c8.jpg",
      "alt": "Distributeur agréé Mitsubishi Electric"
    },
    "text": "<p>Vous envisagez d'installer une <a href=\"/equipements/pompe-a-chaleur\">pompe à chaleur</a>, une climatisation ou tout autre produit de chauffage Mitsubishi Electric ? Vous recherchez un professionnel agréé pour l'entretien et la maintenance de votre installation ? N'hésitez-pas à nous contacter !</p> <p>En effet, SBF Énergies est un professionnel distributeur Mitsubishi Electric agréé en Savoie et en Isère. Nous sommes donc en mesure de réaliser la mise en place et l'entretien de votre équipement fabriqué par la marque nippone.</p> <hr>"
  },
  "contents": [
    {
      "title": "Le professionnalisme de SBF Énergies, distributeur Mitsubishi Electric",
      "text": "<p>SBF Énergies intervient dans un large secteur, allant de la Savoie à l'Isère (<a href=\"https://www.sbf-energies.com/chauffagiste-frigoriste-chambery\" title=\"Chauffagiste Frigoriste Chambery\">Chambéry</a>, <a href=\"https://www.sbf-energies.com/chauffagiste-frigoriste-aix-les-bains\" title=\"Chauffagiste Frigoriste Aix Les Bains\">Aix-les-Bains</a>, <a href=\"https://www.sbf-energies.com/chauffagiste-frigoriste-rumilly\" title=\"Chauffagiste Frigoriste Rumilly\">Rumilly</a>, <a href=\"https://www.sbf-energies.com/chauffagiste-frigoriste-la-motte-servolex\" title=\"Chauffagiste Frigoriste La Motte Servolex\">La Motte-Servolex</a>, <a href=\"https://www.sbf-energies.com/chauffagiste-frigoriste-la-ravoire\" title=\"Chauffagiste Frigoriste La Ravoire\">La Ravoire</a> ainsi que leurs villes alentours). Nous sommes à votre service pour l'installation, l'entretien et la maintenance de votre pompe à chaleur, <a href=\"/equipements/climatisation/climatisation-reversible\">climatisation réversible</a>, et autres appareils de chauffages commercialisés par la marque japonaise.</p> <p>En tant que distributeur Mitsubishi Electric pro nous vous conseillerons au mieux pour votre installation et nous vous ferons bénéficier des nouvelles technologies conçues. SBF Énergies est votre installateur agréé Mitsubishi Electric à Chambéry et sa région ; nous tenons à vous proposer des prestations et des services à haute valeur ajoutée. C'est ainsi que nous sommes entièrement à votre disposition en intervenant rapidement et nous déplaçant directement chez vous pour assurer un travail de qualité professionnel.</p> <p>Notre professionnalisme va même au delà du travail bien fait et d'une connaissance précise des produits que nous installons et entretenons. En effet, nous travaillons dans un souci constant de transparence : obtenez rapidement un devis gratuit où rien ne vous ait caché, bénéficiez des conseils avisés de nos experts pour trouver les équipements adaptés à vos besoins et votre habitat.</p> <hr>"
    },
    {
      "title": "Les conseils et l'expertise SBF Énergies",
      "text": "<p>Faîtes confiance à SBF Énergies, installateur agréé Mitsubishi Electric intervenant en Isère et en Savoie, pour la mise en place de votre <a href=\"/equipements/climatisation\">climatisation</a> ou de pompe à chaleur, vous ne serez pas déçu ! Nous avons noué des partenariats solides avec les plus grandes marques du marché et disposons de nombreux labels et certifications attestant de notre savoir-faire et de nos compétences.</p> <p>En tant qu'installateur de climatisation sur Aix-les-Bains et Annecy, nous étudierons avec attention votre besoin ; ainsi chaque projet fait l'objet d'une étude sérieuse garantissant ainsi la meilleure correspondance entre votre mode de vie et la solution technique apportée par Mitsubishi Electric : dimensionnement du matériel, faisabilité de la pose, confort acoustique, sans oublier sa rentabilité en prenant en compte la réduction de votre facture énergétique… tout est pris en compte pour que les services proposés par notre entreprise vous apportent la plus grande satisfaction.</p> <hr>"
    },
    {
      "title": "Pourquoi faire appel à un professionnel partenaire Mitsubishi Electric Pro ?",
      "text": "<p>Ce partenariat atteste d'un savoir-faire spécifique ; en effet, nos collaborateurs techniciens maîtrisent l'ensemble des produits fabriqués par la marque. Ainsi, nous sommes certains de vous apporter la meilleure expérience dans l'installation, la maintenance ou l'entretien de votre équipement. En outre, cette certification Mitsubishi Electric Pro signifie également que nous réaliserons un travail à la qualité irréprochable qui respecte une charte très stricte. Vous désirez en savoir davantage sur nos prestations ? Vous souhaitez obtenir un devis ? Prenez contact avec nous ! Nous nous engageons à vous répondre précisément dans les plus brefs délais.</p>"
    },
    {
      "title": "Nos autres certifications :",
      "text": "<p><i class=\"fa fa-angle-double-right\" style=\"color: #337ab7;\"></i> <a href=\"/qui-sommes-nous/certification-rge-qualipac\">Certification RGE Qualipac</a></p> <p><i class=\"fa fa-angle-double-right\" style=\"color: #337ab7;\"></i> <a href=\"/qui-sommes-nous/certification-qualiclimafroid\">Certification Qualiclimafroid</a></p>"
    }
  ]
}