[
  {
    "text": " SBF Energies",
    "href": "https://www.sbf-energies.com/qui-sommes-nous",
    "title": "SBF Energies - La Motte Servolex"
  },
  {
    "text": " Marques Partenaires",
    "href": "https://www.sbf-energies.com/qui-sommes-nous/marques",
    "title": "Marques Partenaires"
  },
  {
    "text": " Zones d'intervention",
    "href": "https://www.sbf-energies.com/qui-sommes-nous/zones-intervention",
    "title": "Zones d'intervention"
  },
  {
    "text": " Recrutement",
    "href": "https://www.sbf-energies.com/qui-sommes-nous/recrutement",
    "title": "SBF Energies recrute des frigoristes en CDI"
  },
  {
    "text": " Mitsubishi",
    "href": "https://www.sbf-energies.com/qui-sommes-nous/certification-mitsubishi-electric",
    "title": "Certification Mitsubishi Electric"
  },
  {
    "text": " QualiPAC",
    "href": "https://www.sbf-energies.com/qui-sommes-nous/certification-rge-qualipac",
    "title": "Certification QualiPAC"
  }
]