{
  "breadcrumb": "Chaudieres gaz",
  "seo": {
    "title": "Chaudière Gaz Dépannage Nîmes, Le Grau-du-Roi | GD Energies",
    "description": "Votre chaudière gaz est en panne ? Intervention sous 24 à 48h, dépannage d'urgence autour de Nîmes. Entreprise RGE QualiSAV. Anciennement Gaz Dépannage Nîmes.",
    "opengraph": {
      "site_name": "GD Energies",
      "type": "website",
      "locale": "fr_FR",
      "title": "Chaudière Gaz Dépannage Nîmes, Le Grau-du-Roi | GD Energies",
      "description": "Votre chaudière gaz est en panne ? Intervention sous 24 à 48h, dépannage d'urgence autour de Nîmes. Entreprise RGE QualiSAV. Anciennement Gaz Dépannage Nîmes.",
      "image": {
        "src": "https://www.gd-energies.fr/build/images/gd-energies-depannage-chaudiere-456x334.9a75ee05.jpg",
        "alt": "GD Energies, experts en dépannage de chaudières gaz à Nîmes. Intervention rapide, diagnostic précis, et réparation durable."
      }
    }
  },
  "hero": {
    "title": "Dépannage et réparation de chaudières gaz autour de Nîmes",
    "subtitle": "GD Energies, l'expert de l’intervention d'urgence pour votre chauffage au gaz dans le Gard"
  },
  "intro": {
    "image": {
      "src": "https://www.gd-energies.fr/build/images/gd-energies-depannage-chaudiere-456x334.9a75ee05.jpg",
      "alt": "GD Energies, experts en dépannage de chaudières gaz à Nîmes. Intervention rapide, diagnostic précis, et réparation durable."
    },
    "text": "<p><strong>Votre chauffage au gaz est en panne ?</strong> La température dégringole et vous n'avez plus d'eau chaude sanitaire ? Pas de panique, nos experts GD Energies sont là pour vous guider !</p> <p>Que vous soyez à la recherche d'un <strong>dépannage urgent</strong> ou d'une <strong>réparation simple</strong>, nos experts qualifiés de GD Energies sont à votre disposition pour remettre votre chaudière gaz en état de marche en un minimum de temps.</p> <p><strong>Spécialistes du dépannage et de la réparation de chaudières gaz</strong>, nous intervenons sur tous les types d'appareils, quelle que soit leur marque ou leur modèle. Notre équipe expérimentée est formée pour identifier rapidement la source du problème et vous proposer une solution efficace et durable.</p>"
  },
  "contents": [
    {
      "title": "Réagir et intervenir rapidement en cas de panne",
      "text": "<p><a href=\"https://www.gd-energies.fr/equipements/chaudieres-gaz\" title=\"Chaudières gaz autour de Nîmes\">Votre chaudière gaz</a> est un élément essentiel de votre système de chauffage. Elle procure chaleur et confort pendant les longues journées d'hiver, et assure la production d'eau chaude sanitaire pour vos besoins quotidiens. Cependant, comme tout appareil électroménager, une chaudière peut tomber en panne. En plus d'impacter votre confort thermique, une chaudière gaz en panne ou défectueuse peut présenter des risques de sécurité, comme des fuites de gaz ou des intoxications au monoxyde de carbone..</p> <a href=\"https://www.gd-energies.fr/equipements/chaudieres-gaz\" title=\"Chaudières gaz autour de Nîmes\">Votre chaudière gaz</a> <p>C'est pourquoi il est crucial de <strong>réagir rapidement</strong> dès les premiers signes de défaillance de votre chaudière gaz. Face à une chaudière en panne, il est essentiel de <strong>faire appel à un professionnel qualifié</strong> pour le dépannage et la réparation. Les dépanneurs expérimentés GD Energies sauront identifier la source du problème, proposer une solution adéquate et effectuer les réparations nécessaires en toute sécurité.</p> <strong>réagir rapidement</strong> <strong>faire appel à un professionnel qualifié</strong> <p><i></i> <a href=\"/nous-contacter?type=1&amp;categorie=boilers\" title=\"Demander une intervention de dépannage de chaudière\">Chaudière gaz en panne : demander une intervention rapide</a></p> <i></i> <a href=\"/nous-contacter?type=1&amp;categorie=boilers\" title=\"Demander une intervention de dépannage de chaudière\">Chaudière gaz en panne : demander une intervention rapide</a>"
    },
    {
      "title": "Les signes d'une chaudière défaillante",
      "text": "<ul><li>Une baisse de la température ambiante ou d'eau chaude sanitaire.</li><li>Des bruits anormaux.</li><li>Des fuites d'eau ou de gaz.</li><li>Une odeur de gaz.</li><li>Une augmentation de la consommation de gaz.</li></ul> <li>Une baisse de la température ambiante ou d'eau chaude sanitaire.</li> <li>Des bruits anormaux.</li> <li>Des fuites d'eau ou de gaz.</li> <li>Une odeur de gaz.</li> <li>Une augmentation de la consommation de gaz.</li>"
    },
    {
      "title": "Les réparations courantes",
      "text": "<p>Les chaudières gaz peuvent rencontrer un large éventail de pannes, mais certaines réparations sont plus courantes que d'autres :</p> <ul><li>Le remplacement d'un thermostat, qui régule la température de la chaudière. S'il est défectueux, il peut entraîner une surchauffe ou une sous-chauffe de l'eau.</li><li>Le remplacement d'une ou plusieurs sondes de température, qui mesurent la température de l'eau à différents endroits de la chaudière. Une sonde défectueuse peut envoyer des informations erronées à la carte électronique.</li><li>Le brûleur est chargé de la combustion du gaz. S'il est encrassé, il peut entraîner une combustion incomplète, une perte d'efficacité et une production accrue de polluants.</li><li>La purge de la chaudière consiste à éliminer l'air présent dans le circuit de chauffage. Un excès d'air peut empêcher la circulation correcte de l'eau et nuire à l'efficacité de la chaudière.</li></ul> <li>Le remplacement d'un thermostat, qui régule la température de la chaudière. S'il est défectueux, il peut entraîner une surchauffe ou une sous-chauffe de l'eau.</li> <li>Le remplacement d'une ou plusieurs sondes de température, qui mesurent la température de l'eau à différents endroits de la chaudière. Une sonde défectueuse peut envoyer des informations erronées à la carte électronique.</li> <li>Le brûleur est chargé de la combustion du gaz. S'il est encrassé, il peut entraîner une combustion incomplète, une perte d'efficacité et une production accrue de polluants.</li> <li>La purge de la chaudière consiste à éliminer l'air présent dans le circuit de chauffage. Un excès d'air peut empêcher la circulation correcte de l'eau et nuire à l'efficacité de la chaudière.</li> <p>En fonction de la panne, il peut aussi être nécessaire de remplacer une pièce défectueuse de la chaudière, telle que la pompe à circulation d'eau, la vanne gaz, l'échangeur thermique, ou la carte électronique.</p> <p><strong>Ces réparations doivent être effectuées par un professionnel qualifié</strong>, le gaz étant un combustible potentiellement dangereux. Une intervention non professionnelle peut aggraver la panne et présenter des risques de sécurité pour les occupants du logement.</p> <strong>Ces réparations doivent être effectuées par un professionnel qualifié</strong> <p>Chez GD Energies, nos professionnels qualifiés disposent des connaissances, des outils et des pièces détachées nécessaires pour effectuer les réparations correctement, rapidement et en toute sécurité.</p>"
    },
    {
      "title": "GD Energies : l'expert du dépannage de chaudière gaz à Nîmes et au Grau-du-Roi !",
      "text": "<p>GD Energies est le spécialiste depuis plus de 50 ans du dépannage d'urgence sur les chaudières gaz. Depuis 1975, nous veillons à la sécurité et au confort thermique des Gardois. Nos plombiers chauffagistes experts du gaz interviennent chez vous sous 24h à 48h. Nous nous engageons à vous proposer un service de qualité irréprochable, à des prix compétitifs.</p> <p>En plus de notre service de dépannage, GD Energies vous propose également :</p> <ul><li>Des contrats d'entretien annuels pour assurer le bon fonctionnement de votre chaudière et prévenir les pannes</li><li>L'installation de chaudières neuves</li><li>Des conseils personnalisés pour optimiser votre consommation d'énergie</li></ul> <li>Des contrats d'entretien annuels pour assurer le bon fonctionnement de votre chaudière et prévenir les pannes</li> <li>L'installation de chaudières neuves</li> <li>Des conseils personnalisés pour optimiser votre consommation d'énergie</li> <p><i></i> <a href=\"/nous-contacter?type=1&amp;categorie=boilers\" title=\"Demander un dépannage de chaudière\">N'hésitez pas à nous contacter dès aujourd'hui pour un devis gratuit ou pour prendre rendez-vous pour un dépannage.</a></p> <i></i> <a href=\"/nous-contacter?type=1&amp;categorie=boilers\" title=\"Demander un dépannage de chaudière\">N'hésitez pas à nous contacter dès aujourd'hui pour un devis gratuit ou pour prendre rendez-vous pour un dépannage.</a>"
    },
    {
      "title": "L'entretien régulier des chaudières gaz",
      "text": "<p>Un entretien régulier de votre chaudière gaz permet de garantir son bon fonctionnement, optimiser ses performances, réduire votre consommation d'énergie et prolonger sa durée de vie.</p> <p>L'accumulation de saletés, de tartre et de corrosion dans les différents composants de la chaudière peut entraîner une perte d'efficacité, une augmentation de vos factures de gaz et, dans certains cas, des pannes graves.</p> <p>Lors de la <a href=\"https://www.gd-energies.fr/entretien/chaudieres-gaz\" title=\"Entretien de chaudière gaz autour de Nîmes\">visite d'entretien annuel obligatoire</a>, nos experts GD Energies vérifient :</p> <a href=\"https://www.gd-energies.fr/entretien/chaudieres-gaz\" title=\"Entretien de chaudière gaz autour de Nîmes\">visite d'entretien annuel obligatoire</a> <ul><li>L'état de la chaudière et de ses différents composants.</li><li>Le bon fonctionnement du système de combustion.</li><li>Le taux de monoxyde de carbone.</li><li>Les réglages de la chaudière.</li><li>Recommander de faire réaliser l'entretien annuel de sa chaudière gaz par un professionnel qualifié.</li><li>professionnels du chauffage.</li><li>Mettre à disposition un formulaire de contact pour permettre aux lecteurs de demander un devis ou de poser une question.</li></ul> <li>L'état de la chaudière et de ses différents composants.</li> <li>Le bon fonctionnement du système de combustion.</li> <li>Le taux de monoxyde de carbone.</li> <li>Les réglages de la chaudière.</li> <li>Recommander de faire réaliser l'entretien annuel de sa chaudière gaz par un professionnel qualifié.</li> <li>professionnels du chauffage.</li> <li>Mettre à disposition un formulaire de contact pour permettre aux lecteurs de demander un devis ou de poser une question.</li>"
    }
  ],
  "related": {
    "title": "",
    "links": []
  },
  "url": "https://www.gd-energies.fr/depannage/chaudieres-gaz"
}