{
  "breadcrumb": "Chauffe eaux chauffe bains",
  "seo": {
    "title": "Dépannage Chauffe-Eau et Chauffe-Bain dans le Gard | GD Energies",
    "description": "Votre chauffe-eau est en panne autour de Nîmes ? Faites appel à votre chauffagiste GD Energies. Diagnostic précis, réparation rapide, et pièces de rechange de qualité. Demandez un devis pour votre réparation !",
    "opengraph": {
      "site_name": "GD Energies",
      "type": "website",
      "locale": "fr_FR",
      "title": "Dépannage Chauffe-Eau et Chauffe-Bain dans le Gard | GD Energies",
      "description": "Votre chauffe-eau est en panne autour de Nîmes ? Faites appel à votre chauffagiste GD Energies. Diagnostic précis, réparation rapide, et pièces de rechange de qualité. Demandez un devis pour votre réparation !",
      "image": {
        "src": "https://www.gd-energies.fr/build/images/gd-energies-depannage-chauffe-eau-456x334.044841ff.jpg",
        "alt": "GD Energies, experts en dépannage de chauffe-eaux et chauffe-bains à Nîmes."
      }
    }
  },
  "hero": {
    "title": "Dépannage de chauffe-bains et cumulus autour de Nîmes",
    "subtitle": "GD Energies dépanne et répare votre chauffe-eau électrique ou votre chauffe-bain gaz dans le Gard"
  },
  "intro": {
    "image": {
      "src": "https://www.gd-energies.fr/build/images/gd-energies-depannage-chauffe-eau-456x334.044841ff.jpg",
      "alt": "GD Energies, experts en dépannage de chauffe-eaux et chauffe-bains à Nîmes."
    },
    "text": "<p>Imaginez une douche matinale revigorante ou un bain relaxant après une longue journée... Mais que se passe-t-il si votre cumulus ou chauffe-bain vous lâche soudainement ?</p> <p>Pas de panique ! Chez GD Energies, nous intervenons rapidement en cas de panne de votre chauffe-eau électrique ou de votre chauffe-bain gaz.</p> <p>Nos plombiers chauffagistes dépannent vos équipements d'eau chaude sanitaire autour de <a href=\"https://www.gd-energies.fr/chauffage-nimes\" title=\"Chauffage Nimes\">Nîmes</a> et du <a href=\"https://www.gd-energies.fr/chauffage-grau-du-roi\" title=\"Chauffage Grau Du Roi\">Grau-du-Roi</a>.</p> <p>Avec plus de 50 ans d'expérience dans le domaine, GD Energies est un interlocuteur et prestataire de choix pour les Gardois. Faites appel à nos techniciens autour de <a href=\"https://www.gd-energies.fr/chauffage-beaucaire\" title=\"Chauffage Beaucaire\">Beaucaire</a>, <a href=\"https://www.gd-energies.fr/chauffage-aramon\" title=\"Chauffage Aramon\">Aramon</a>, <a href=\"https://www.gd-energies.fr/chauffage-vauvert\" title=\"Chauffage Vauvert\">Vauvert</a>, <a href=\"https://www.gd-energies.fr/chauffage-uzes\" title=\"Chauffage Uzes\">Uzès</a>, <a href=\"https://www.gd-energies.fr/chauffage-milhaud\" title=\"Chauffage Milhaud\">Milhaud</a>.</p>"
  },
  "contents": [
    {
      "title": "Identifier les pannes courante de chauffe-eaux gaz ou électriques",
      "text": "<p>Un cumulus ou un chauffe-bain en panne peut se manifester de différentes façons : absence d'eau chaude, fuites, bruits inhabituels. Des problèmes liés à l'arrivée ou la sortie d'eau, au thermostat,&nbsp; ou encore à la résistance des cumulus ou aux brûleurs des chauffe-bains gaz peuvent survenir. Pour vous aider à y voir plus clair, passons en revue les symptômes les plus courants.</p> <p>N'oubliez pas : si vous n'êtes pas à l'aise avec les manipulations ou si vous suspectez une panne complexe, n'hésitez pas à faire appel à un professionnel qualifié. Votre sécurité est primordiale ! Les chauffe-bains gaz, notamment, utilisent un combustible potentiellement dangereux. Leur dépannage et leur réparation doivent être effectués par des professionnels qualifiés.</p> <h3>1. Mon chauffe-eau ne produit plus d'eau chaude</h3> <ul><li>Le thermostat est-il en mode veille ? Un simple coup de pouce peut parfois suffire à relancer votre appareil.</li><li>Le disjoncteur a-t-il sauté ? Un regard sur votre tableau électrique peut vous éclairer.</li><li>Les fusibles sont-ils hors service ? N'hésitez pas à les vérifier et à les remplacer si nécessaire.</li><li>Pression d'eau insuffisante ? Ouvrez grand les robinets et vérifiez si l'eau coule correctement. La pression d'eau est insuffisante pour activer le chauffe-eau.</li><li>La résistance de votre chauffe-eau électrique est hors service ? Si la résistance, élément chauffant principal, ne fonctionne plus, il faut la faire remplacer.</li><li>Votre chauffe-bain est-il alimenté en gaz ? Assurez-vous que la vanne d'arrivée de gaz est ouverte. Il peut aussi s'agir d'un problème au niveau des brûleurs. Ils peuvent être obstrués par des dépôts.</li></ul> <li>Le thermostat est-il en mode veille ? Un simple coup de pouce peut parfois suffire à relancer votre appareil.</li> <li>Le disjoncteur a-t-il sauté ? Un regard sur votre tableau électrique peut vous éclairer.</li> <li>Les fusibles sont-ils hors service ? N'hésitez pas à les vérifier et à les remplacer si nécessaire.</li> <li>Pression d'eau insuffisante ? Ouvrez grand les robinets et vérifiez si l'eau coule correctement. La pression d'eau est insuffisante pour activer le chauffe-eau.</li> <li>La résistance de votre chauffe-eau électrique est hors service ? Si la résistance, élément chauffant principal, ne fonctionne plus, il faut la faire remplacer.</li> <li>Votre chauffe-bain est-il alimenté en gaz ? Assurez-vous que la vanne d'arrivée de gaz est ouverte. Il peut aussi s'agir d'un problème au niveau des brûleurs. Ils peuvent être obstrués par des dépôts.</li> <h3>2. Mon chauffe-eau ou mon chauffe-bain a une fuite d'eau</h3> <ul><li>Inspectez votre cumulus : le ballon présente-t-il des traces d'humidité, de corrosion ou une fissure ?</li><li>Vérifiez les raccordements : des fuites peuvent se produire au niveau des tuyaux d'arrivée d'eau froide et d'eau chaude.</li><li>Passez en revue les robinets : un joint usé ou un robinet défectueux peut être la source d'une fuite goutte à goutte.</li></ul> <li>Inspectez votre cumulus : le ballon présente-t-il des traces d'humidité, de corrosion ou une fissure ?</li> <li>Vérifiez les raccordements : des fuites peuvent se produire au niveau des tuyaux d'arrivée d'eau froide et d'eau chaude.</li> <li>Passez en revue les robinets : un joint usé ou un robinet défectueux peut être la source d'une fuite goutte à goutte.</li> <h3>3. Bruits inhabituels : mon chauffe-eau émet des grincements ou des bourdonnements ?</h3> <p>Localisez la source du bruit : la résistance, le thermostat ou un autre composant peut être en cause.</p> <p>Les grincements peuvent provenir de l' entartrage du chauffe-bain. Si votre chauffe-eau électrique bourdonne, en revanche, cela peut être le signe que sa résistance est usée ou entartrée. Le bourdonnement dans un chauffe-bain peut être le symptôme d'une combustion incomplète du gaz. Faites appel à nos techniciens.</p> <h3>4. Un voyant lumineux inhabituel s'allume</h3> <p>Consultez la notice de votre appareil pour en connaître la signification et n'hésitez pas à faire appel à nos experts GD Energies pour tous vos problèmes de chauffe-eau ou de chauffe-bain autour de Nîmes, Aramon, Beaucaire ou encore <a href=\"https://www.gd-energies.fr/chauffage-bellegarde\" title=\"Chauffage Bellegarde\">Bellegarde</a> !</p> <a href=\"https://www.gd-energies.fr/chauffage-bellegarde\" title=\"Chauffage Bellegarde\">Bellegarde</a>"
    },
    {
      "title": "Pourquoi faire appel à GD Energies dans le Gard ?",
      "text": "<p>Votre chauffe-eau est en panne ? Nos experts GD Energies réalisent le dépannage de votre chauffe-eau gaz ou électrique dans <a href=\"/qui-sommes-nous/zones-intervention\" title=\"Notre zone d'intervention\">un rayon de 35km autour de Nîmes</a> et dans la zone du Grau-du-Roi. Nos dépanneurs et réparateurs sont certifiés QualiSAV, le gage pour vous d'une intervention dans les règles de l'art et d'une réparation durable et de qualité.</p> <a href=\"/qui-sommes-nous/zones-intervention\" title=\"Notre zone d'intervention\">un rayon de 35km autour de Nîmes</a> <p>Spécialiste des interventions rapides dans le Gard, GD Energies dépanne, répare et remplace les appareils d'eau chaude sanitaires des gardois depuis 1975. Fortes de plus de 50 ans d'expérience, nos équipes qualifiées vous garantissent un rappel sous 30 minutes et des devis transparents et personnalisés.</p> <p><i></i> <a href=\"/nous-contacter?type=1&amp;categorie=water_heater\" title=\"Dépannage chauffe-eau\">Demander un dépannage rapide pour votre chauffe-eau</a></p> <i></i> <a href=\"/nous-contacter?type=1&amp;categorie=water_heater\" title=\"Dépannage chauffe-eau\">Demander un dépannage rapide pour votre chauffe-eau</a>"
    },
    {
      "title": "Nos services de dépannage de chauffe-eau autour de Nîmes et du Grau-du-Roi",
      "text": "<p>Notre équipe d'experts est là pour vous aider à retrouver un confort optimal en eau chaude. Nous réalisons un diagnostic complet de votre appareil pour identifier la source du problème et vous proposer une solution adaptée.</p> <p>Nous commençons par une inspection minutieuse de votre cumulus ou chauffe-bain pour identifier la cause du problème. Nos techniciens utilisent des techniques avancées pour garantir un diagnostic précis et complet.</p> <p>Nos plombiers chauffagistes procèdent à un diagnostic détaillé pour identifier et résoudre les problèmes de votre cumulus ou de votre chauffe-eau :</p> <ul><li>Détection de corrosion et de dépôts de calcaire dans la cuve du ballon d'eau chaude.</li><li>Vérification du bon fonctionnement des composants essentiels : résistance électrique, groupe de sécurité et thermostat.</li><li>Contrôle de l'alimentation électrique de votre chauffe-eau.</li><li>Inspection du raccordement à votre chaudière.</li><li>Remise en état de fonctionnement de votre appareil.</li></ul> <li>Détection de corrosion et de dépôts de calcaire dans la cuve du ballon d'eau chaude.</li> <li>Vérification du bon fonctionnement des composants essentiels : résistance électrique, groupe de sécurité et thermostat.</li> <li>Contrôle de l'alimentation électrique de votre chauffe-eau.</li> <li>Inspection du raccordement à votre chaudière.</li> <li>Remise en état de fonctionnement de votre appareil.</li> <h3>Dépannage de cumulus autour de Uzès et du Beaucaire</h3> <p>Que ce soit pour une fuite, une panne électrique ou un problème de pression, GD Energies propose des solutions adaptées à chaque type de problème rencontré. Nous utilisons uniquement des pièces de rechange de haute qualité pour assurer la durabilité de nos réparations.</p> <h3>Réparation de chauffe-bain près de <a href=\"https://www.gd-energies.fr/chauffage-saint-gilles\" title=\"Chauffage Saint Gilles\">Saint-Gilles</a> et Vauvert</h3> <a href=\"https://www.gd-energies.fr/chauffage-saint-gilles\" title=\"Chauffage Saint Gilles\">Saint-Gilles</a> <p>Nos services incluent la réparation ou le remplacement de thermostats défectueux, de brûleurs inefficaces et d'autres composants spécifiques aux chauffe-bains gaz. Chaque intervention est réalisée avec soin pour restaurer rapidement le fonctionnement de votre appareil.</p>"
    }
  ],
  "related": {
    "title": "Prévenir les pannes de chauffe-eau",
    "links": [
      {
        "text": "contrats d'entretien",
        "href": "https://www.gd-energies.fr/entretien/chauffe-eaux-chauffe-bains",
        "title": "Entretien de chauffe-eau"
      },
      {
        "text": "Demander un contrat d'entretien pour un chauffe-eau gaz ou thermodynamique",
        "href": "/nous-contacter?type=2&categorie=water_heater",
        "title": "Entretien chauffe-eau"
      }
    ]
  },
  "url": "https://www.gd-energies.fr/depannage/chauffe-eaux-chauffe-bains"
}