{
  "breadcrumb": "Chauffage Grasse",
  "hero": {
    "title": "EGS Energies, votre chauffagiste à Grasse",
    "subtitle": ""
  },
  "intro": {
    "image": {
      "src": "/build/images/egs-energies-qui-sommes-nous-456x334.eb233da0.jpg",
      "alt": "EGS Energies, votre chauffagiste à Grasse"
    },
    "text": "<p>Vous avez un projet de climatisation ou de chauffage à Grasse ? EGS Energies se déplace dans les Alpes-Maritimes pour installer, entretenir et dépanner vos différents appareils.</p> <p>Nos équipes sont formées pour intervenir sur :</p> <ul><li><a title=\"Equipement pompe à chaleur\" href=\"/equipements/energie-renouvelable/pompe-a-chaleur\">des pompes à chaleur</a></li><li><a title=\"Equipement chaudière\" href=\"/equipements/chaudieres\">des chaudières</a></li><li><a title=\"Equipement climatisation\" href=\"/equipements/climatisation\">des climatisations</a></li><li><a title=\"Equipement chauffe-eau\" href=\"/equipements/chauffe-eau\">des chauffe-eaux et chauffe-bains</a></li></ul> <p>Pour bénéficier d'un devis gratuit, téléphonez nous au 04 92 00 00 10 ou venez nous rencontrer dans l'une de nos cinq agences à <a href=\"https://www.egs-energies.fr/chauffage-menton\" title=\"Chauffage Menton\">Menton</a>, <a href=\"https://www.egs-energies.fr/chauffage-le-cannet\" title=\"Chauffage Le Cannet\">Le Cannet</a>, <a href=\"https://www.egs-energies.fr/chauffage-nice\" title=\"Chauffage Nice\">Nice</a>, <a href=\"https://www.egs-energies.fr/chauffage-vallauris\" title=\"Chauffage Vallauris\">Vallauris</a> ou encore Vence.</p> <hr>"
  },
  "contents": [
    {
      "title": "EGS Energies intervient à Grasse pour prendre en charge votre pompe à chaleur",
      "text": "<p>La demande de pompe à chaleur ne cesse d'augmenter depuis plusieurs années, notamment grâce à son aspect réversible. Vous pouvez ainsi bénéficier d'un air frais en été, mais aussi d'une source de chaleur quand les températures baissent en hiver.</p> <p>Pour savoir si votre logement peut être équipé d'une pompe à chaleur, n'hésitez pas à contacter les équipes EGS Energies (ex-Electrogaz). Nos experts vous proposeront un devis gratuit et personnalisé en fonction de vos besoins et des spécificités de votre logement. De plus, nous nous occupons également de l'entretien et du <a title=\"Dépannage de pompe à chaleur\" href=\"/depannage/pompe-a-chaleur\">dépannage de vos pompes à chaleur</a>.</p> <hr>"
    },
    {
      "title": "Profitez de sa climatisation en toute sérénité à Grasse",
      "text": "<p>En souscrivant à l'un de nos <a title=\"Entretien climatisation à Grasse\" href=\"/entretien/climatisation-pompe-a-chaleur\">contrats entretien climatisation</a>, vous bénéficiez d'une visite annuelle de maintenance réalisée par l'un de nos techniciens. Faire vérifier son système de climatisation est nécessaire pour optimiser ses performances, anticiper d'éventuelles pannes et ainsi augmenter la durée de vie de ses appareils.</p> <p>EGS Energies (anciennement Electrogaz) s'occupe également des nouveaux clients qui souhaiteraient faire installer une nouvelle climatisation dans leur logement. Nos collaborateurs vous guideront pour faire le meilleur choix de modèle pour votre situation parmi nos nombreuses marques partenaires.</p> <hr>"
    },
    {
      "title": "Chauffe-eaux et chauffe-bains à Grasse",
      "text": "<p>Grâce à leur polyvalence et leur savoir faire, les techniciens chauffagiste et techniciens plombiers EGS Energies sont formés pour installer, dépanner et <a title=\"Entretien chauffe-eaux\" href=\"/entretien/chauffe-eau-gaz\">entretenir vos chauffe-eaux et chauffe-bains</a>. Vous pourrez ainsi bénéficier d'un système de production d'eau chaude sanitaire, indépendamment de votre chauffage.</p> <p>Les différentes certifications que nous possédons vous rendent éligibles aux aides financières et aux réductions fiscales proposées par l'Etat. C'est donc l'occasion parfaite si vous souhaitez renouveler vos installations avec équipement plus économiques en terme d'énergie mais aussi plus respectueux de l'environnement. Pour davantage d'informations sur les aides auxquelles vous pouvez avoir accès, n'hésitez pas à nous contacter.</p> <hr>"
    },
    {
      "title": "Installation de chaudière à gaz et à fioul dans la ville de Grasse",
      "text": "<p>Malgré sa localisation idéale sur la Côte d'Azur, il peut aussi faire assez froid l'hiver à Grasse. EGS Energies, anciennement Electrogaz, vous propose alors d'<a title=\"Installation chaudière à Grasse\" href=\"/installation/chaudiere\">installer une chaudière à gaz ou à fioul</a>. Vous pourrez ainsi bénéficier d'une chaleur réconfortante quand les températures baissent.</p> <p>La chaudière à gaz est l'une des plus répandues France. Nos collaborateurs pourront guider votre choix en fonction de vos préférences : chaudière au sol ou mural, puissance plus ou moins importante, utilisation exclusivement pour le chauffage ou aussi pour chauffer l'eau...</p> <p>Les chaudières fioul restent encore bien présent dans de nombreux foyers. Que ce soit pour un chauffage individuel ou collectif, les techniciens d'EGS Energies sauront vous accompagner dans chacun de vos projets.</p>"
    }
  ],
  "related": {
    "title": "",
    "links": []
  }
}