{
  "breadcrumb": "Chauffage Nice",
  "hero": {
    "title": "Electrogaz intervient à Nice pour vos équipements de chauffage",
    "subtitle": ""
  },
  "intro": {
    "image": {
      "src": "/build/images/egs-energies-qui-sommes-nous-456x334.eb233da0.jpg",
      "alt": "Electrogaz intervient à Nice pour vos équipements de chauffage"
    },
    "text": "<p>Depuis 1958, EGS Energies (anciennement Electrogaz) se déplace dans les Alpes-Maritimes au service de ses clients. L'entreprise possède aujourd'hui quatre agences basées à <a href=\"https://www.egs-energies.fr/chauffage-saint-laurent-du-var\" title=\"Chauffage Saint Laurent Du Var\">Saint-Laurent-du-Var</a>, <a href=\"https://www.egs-energies.fr/chauffage-vallauris\" title=\"Chauffage Vallauris\">Vallauris</a>, <a href=\"https://www.egs-energies.fr/chauffage-menton\" title=\"Chauffage Menton\">Menton</a> et Nice.</p> <p>Nos collaborateurs sont formés pour prendre en charge vos différents équipements :</p> <ul><li><a title=\"Equipement pompe à chaleur\" href=\"/equipements/energie-renouvelable/pompe-a-chaleur\">pompes à chaleur</a></li><li><a title=\"Equipement chaudière\" href=\"/equipements/chaudieres\">chaudières</a></li><li><a title=\"Equipement climatisation\" href=\"/equipements/climatisation\">climatisations</a></li><li><a title=\"Equipement chauffe-eau\" href=\"/equipements/chauffe-eau\">chauffe-eaux</a></li><li><a href=\"https://www.egs-energies.fr/equipements/panneaux-photovoltaiques\" title=\"Panneaux photovoltaïques Alpes-Maritimes\">panneaux solaires</a></li></ul> <p>Vous avez un projet d'installation, d'entretien ou de dépannage de ces différents appareils à Nice ou ses alentours ? Contactez EGS Energies au 04 92 00 00 10.</p> <hr>"
  },
  "contents": [
    {
      "title": "Où trouver EGS Energies à Nice ?",
      "text": "<p>En plus d'être disponible par téléphone et via notre <a title=\"Contact Electrogaz\" href=\"/nous-contacter\">formulaire de contact</a>, nos experts vous accueillent également dans <a title=\"Agence Electrogaz\" href=\"/qui-sommes-nous/egs-energies-nice\">notre agence&nbsp;</a><u>EGS Energies</u> située au<strong> 15 Rue Bavastro, 06300 Nice</strong>.</p> <p>N'hésitez pas à venir nous rencontrer directement du lundi au vendredi de 8h à 12h et de 13h30 à 17h30 et le samedi de 8h à 12h.</p> <hr>"
    },
    {
      "title": "Chauffe-eau gaz ou chauffe-eau électrique dans la ville de Nice",
      "text": "<p>Vous souhaitez bénéficier d'un système de production d'eau chaude sanitaire à Nice ?</p> <p>EGS Energies (anciennement Electrogaz) se charge de l'installation et de l'<a title=\"Entretien de chauffe-eau à Nice\" href=\"/entretien/chauffe-eau-gaz\">entretien de chauffe-eau à Nice</a> et ses alentours. En effet, nos collaborateurs sont aptes à répondre à l'ensemble de vos besoins en matière de chauffe-eaux à gaz ou électrique. N'hésitez pas à nous contacter pour plus d'informations.</p> <p>Et si votre chauffe-eau ou votre chauffe-bain est en panne, faites appel à EGS Energies. Nos collaborateurs se déplaceront chez vous, en 24h ouvrés pour les clients sous contrat, afin d'intervenir sur votre appareil.</p> <hr>"
    },
    {
      "title": "Faire le choix d'une chaudière à gaz ou chaudière à fioul à Nice",
      "text": "<p>Si vous hésitez encore à changer votre moyen de chauffage, n'hésitez pas à contacter EGS Energies (ex-Electrogaz). Des experts qualifiés vous accompagneront dans le choix du modèle de chaudière qui correspondra le mieux à vos besoins et à votre logement. Un rendez-vous sera ensuite fixé selon vos disponibilités afin que nos collaborateurs puissent procéder à l'installation de votre nouvel équipement.</p> <p>Vous possédez déjà une chaudière à gaz ou à fioul ? Nous vous proposons des contrats d'entretien pour chaudière grâce auxquels nos collaborateurs vous rendront visite tous les ans pour vérifier l'état de votre chaudière. EGS Energies se déplace également dans toute l'agglomération niçoise pour <a title=\"Réparation chaudière\" href=\"/depannage/chaudiere\">dépanner votre chaudière</a> en cas de panne ou de fuite.</p> <hr>"
    },
    {
      "title": "Installation, entretien et dépannage de climatisations à Nice",
      "text": "<p>Les températures augmentent rapidement l'été dans les Alpes-Maritimes, et le besoin d'air frais peut rapidement se faire ressentir. Pour votre confort, n'attendez plus et faites <a title=\"Installation de Climatisation Nice\" href=\"/installation/climatisation\">installer une climatisation</a> par nos experts EGS Energies (anciennement Electrogaz).</p> <p>Par ailleurs, nos différents labels tels que l'attestation de capacité n°202689-R1 de manipulation des fluides frigorigènes et le certificat Qualipac nous rendent totalement apte à entretenir vos appareils. Faire réviser sa climatisation de façon régulière permet en effet d'optimiser ses performances et ainsi de rentabiliser votre investissement.</p> <hr>"
    },
    {
      "title": "À Nice, EGS Energies se charge de l'installation de votre pompe à chaleur",
      "text": "<p>Vous souhaitez bénéficier des avantages d'une pompe à chaleur dans votre habitat, faites appel à l'expérience de nos techniciens. Pour rappel, la pompe à chaleur permet de capter l'énergie du sol, de l'eau ou de l'air pour la réinjecter à l'intérieur de votre logement. Vous pouvez opter pour une pompe à chaleur aérothermique ou géothermique, selon vos besoins.</p> <p>En plus de l'installation de votre appareil, nous nous occupons également de l'entretien et du <a title=\"Dépannage PAC à Nice\" href=\"/depannage/pompe-a-chaleur\">dépannage de vos pompes à chaleur</a> dans toute l'agglomération niçoise.</p>"
    }
  ],
  "related": {
    "title": "",
    "links": []
  }
}