{
  "breadcrumb": "Chauffage Cannes",
  "hero": {
    "title": "Une solution clé en main pour chauffage et climatisation à Cannes",
    "subtitle": ""
  },
  "intro": {
    "image": {
      "src": "/build/images/egs-energies-qui-sommes-nous-456x334.eb233da0.jpg",
      "alt": "Une solution clé en main pour chauffage et climatisation à Cannes"
    },
    "text": "<p>EGS Energies est un acteur historique du chauffage et de la climatisation dans les Alpes-Maritimes. Présent depuis 1958 dans la région, l'entreprise (anciennement connue sous le nom d'Electrogaz)&nbsp; possède aujourd'hui quatre agences situées à <a href=\"https://www.egs-energies.fr/chauffage-saint-laurent-du-var\" title=\"Chauffage Saint Laurent Du Var\">Saint-Laurent-du-Var</a>, <a href=\"https://www.egs-energies.fr/chauffage-vallauris\" title=\"Chauffage Vallauris\">Vallauris</a>, <a href=\"https://www.egs-energies.fr/chauffage-menton\" title=\"Chauffage Menton\">Menton</a> et <a href=\"https://www.egs-energies.fr/chauffage-nice\" title=\"Chauffage Nice\">Nice</a>.</p> <p>Nos techniciens se déplacent à votre domicile pour l'installation, le dépannage et l'entretien de vos différents appareils :&nbsp;</p> <ul><li><a title=\"Equipement chaudière\" href=\"/equipements/chaudieres\">chaudières</a></li><li><a title=\"Equipement pompe à chaleur\" href=\"/equipements/energie-renouvelable/pompe-a-chaleur\">pompes à chaleur</a></li><li><a title=\"Equipement climatisation\" href=\"/equipements/climatisation\">climatisations</a></li><li><a title=\"Equipement chauffe-eau\" href=\"/equipements/chauffe-eau\">chauffe-eaux</a></li></ul> <p>Vous avez un projet de chauffage ou de climatisation ? Faites appel à EGS Energies, nos experts vous proposeront un devis détaillé et gratuit.</p> <hr>"
  },
  "contents": [
    {
      "title": "Notre savoir-faire au service de votre climatisation à Cannes",
      "text": "<p>Vous souhaitez <a title=\"Installation climatisation dans le 06\" href=\"/installation/climatisation\">installer une nouvelle climatisation à Cannes</a> ? Votre appareil est en panne et vous avez besoin de l'intervention d'un professionnel ? Vous climatisation commence à vieillir et vous souhaitez réaliser un entretien pour rallonger sa durée de vie ?</p> <p>Nos techniciens sont à votre service pour répondre à chacun de vos besoins en matière de climatisation. Pour bénéficier de tous les avantages de votre climatisation en toute sérénité, souscrivez à l'un de nos contrats d'entretien. En faisant réviser régulièrement votre appareil, vous éviterez qu'ils tombent en panne au moment où vous en aurez le plus besoin.</p> <hr>"
    },
    {
      "title": "EGS Energies, les experts des chaudières gaz et fioul à Cannes",
      "text": "<p>Vous ne savez pas à qui confier l'<a title=\"Installation chaudière\" href=\"/installation/chaudiere\">installation de votre nouvelle chaudière à gaz ou à fioul</a> ? Faites confiance aux techniciens d'EGS Energies. Depuis 1958, notre entreprise, anciennement Electrogaz, est se déplace dans toutes les Alpes-Maritimes pour répondre à vos besoins.</p> <p>Nous possédons aujourd'hui quatre agences : Nice, Menton, Vallauris et Vence. Tous nos collaborateurs sont formés à installer, dépanner et entretenir vos chaudières à gaz et fioul. Vous pouvez également nous contacter si vous souhaitez avoir des renseignements particuliers en fonction de votre situation.</p> <hr>"
    },
    {
      "title": "Pompes à chaleur et chauffe-bains à Cannes",
      "text": "<p>Les activités d'EGS Energies sont assez variées. En plus des climatisations et des chaudières, nous pouvons également nous occuper de vos projets de pompes à chaleur et chauffe-bain dans la ville de Cannes et ses alentours. Que vous souhaitiez un professionnel pour <a title=\"Installation de pompe à chaleur\" href=\"/installation/pompe-a-chaleur\">installer votre nouvel pompe à chaleur</a>, pour entretenir régulièrement votre chauffe-bain ou encore pour dépanner votre chauffe-eau en panne, EGS Energies (ex-Electrogaz) intervient à votre domicile.</p> <p>Vous êtes intéressé par nos services ? Contactez-nous au 04 92 00 00 10 pour établir ensemble un devis gratuit.</p> <hr>"
    },
    {
      "title": "De nombreuses certifications comme gage de qualité",
      "text": "<p><a title=\"Nos certifications\" href=\"/qui-sommes-nous/certifications-et-marques\">Les certifications et labels</a> que nous avons obtenus depuis de nombreuses années attestent de notre volonté de vous proposer la meilleure prestation possible.</p> <p>Les certifications telles que QualiSAV, QualiPAC, QualiBAt et QualiSOL atteste de notre expertise et du respect des normes en vigueur, en matière d'installation des différents types d'appareils que nous proposons à nos clients. Le statut RGE (Reconnu Garant de l'Environnement) est aussi directement avantageux pour vous puisqu'elle vous permet de bénéficier des différentes aides financières et déductions fiscales mise en place par le gouvernement pour les travaux de rénovation énergétique.</p>"
    }
  ],
  "related": {
    "title": "",
    "links": []
  }
}