{
  "breadcrumb": "Chauffage Antibes",
  "hero": {
    "title": "Installation, entretien et dépannage de système de chauffage à Antibes",
    "subtitle": ""
  },
  "intro": {
    "image": {
      "src": "/build/images/egs-energies-qui-sommes-nous-456x334.eb233da0.jpg",
      "alt": "Installation, entretien et dépannage de système de chauffage à Antibes"
    },
    "text": "<p>EGS Energies intervient à Antibes pour installer, dépanner et entretenir vos systèmes de climatisation et de chauffage. Nos techniciens peuvent intervenir sur différents appareils tels que :</p> <ul><li><a title=\"Equipement pompe à chaleur\" href=\"/equipements/energie-renouvelable/pompe-a-chaleur\">les pompes à chaleur</a></li><li><a title=\"Equipement chaudière\" href=\"/equipements/chaudieres\">les chaudières</a></li><li><a title=\"Equipement climatisation\" href=\"/equipements/climatisation\">les climatisations</a></li><li><a title=\"Equipement chauffe-eau\" href=\"/equipements/chauffe-eau\">les chauffe-eaux et chauffe-bains</a></li></ul> <p>Votre logement se trouve dans les Alpes-Maritimes ? N'attendez plus et faites appel à nos techniciens pour prendre en charge vos équipements. Nous sommes joignables par téléphone au 04 92 00 00 10. Vous pouvez également venir nous rencontrer directement dans nos agences situées à Vence, <a href=\"https://www.egs-energies.fr/chauffage-menton\" title=\"Chauffage Menton\">Menton</a>, <a href=\"https://www.egs-energies.fr/chauffage-vallauris\" title=\"Chauffage Vallauris\">Vallauris</a> et <a href=\"https://www.egs-energies.fr/chauffage-nice\" title=\"Chauffage Nice\">Nice</a>.</p> <hr>"
  },
  "contents": [
    {
      "title": "Nos experts chauffagistes installent vos chaudières à Antibes",
      "text": "<p>Vous souhaitez faire <a title=\"Installation de chaudière à Antibes\" href=\"/installation/chaudiere\">installer une nouvelle chaudière à gaz ou à fioul</a> ? Faites appel à EGS Energies (ex-Electrogaz), certifié RGE - Reconnu Garant de l'Environnement. Sur les conseils de nos collaborateurs, vous pourrez bénéficier d'aides financières ou de crédit d'impôt en fonction de votre profil.</p> <p>Faire réviser votre chaudière à gaz est également obligatoire selon le décret n°2009-649 du 9 juin 2009. C'est pour cette raison que nous vous proposons des contrats d'entretien. Une fois souscris, nous nous occupons chaque année de vous contacter pour prendre rendez-vous pour procéder à la révision de votre appareil.</p> <hr>"
    },
    {
      "title": "Qualipac : un gage d'expertise pour l'installation et l'entretien de vos pompes à chaleur à Antibes",
      "text": "<p>Les pompes à chaleur réversibles sont très appréciées dans le sud de la France. Elles permettent de chauffer son logement en hiver, et de produire de l'air frais en été. Vous pouvez opter pour une pompe à chaleur géothermique, qui puise son énergie de l'eau ou du sol, ou pour une pompe à chaleur aérothermique, qui tire de l'énergie de l'air extérieur.</p> <p>Notre certification Qualipac atteste de notre savoir-faire en matière de pompe à chaleur. En faisant appel à EGS Energies, vous faites le choix de l'expertise et de l'exigence de nos collaborateurs. Seul des professionnel certifié sont aptes à <a title=\"Entretien de pompes à chaleur\" href=\"/entretien/climatisation-pompe-a-chaleur\">entretenir votre pompe à chaleur</a>, en fonction de son modèle et de sa puissance.</p> <hr>"
    },
    {
      "title": "À Antibes, EGS Energies intervient pour dépanner votre climatisation",
      "text": "<p><a title=\"Dépannage climatisation\" href=\"/depannage/climatisation\">Une panne de climatisation</a> peut rapidement s'avérer problématique dans une ville comme Antibes où il fait souvent très chaud l'été. En cas de bruit anormal, de climatisation qui souffle de l'air chaud ou de tout autre problème avec votre appareil, faite appel à EGS Energies (anciennement Electrogaz).</p> <p>Et pour anticiper ces pannes éventuelles, un entretien régulier de ses installations peut s'avérer indispensable. Nos équipes possèdent l'attestation de capacité n°202689-R1 de manipulation des fluides frigorigènes. Nous pouvons ainsi nos occuper de la maintenance régulière de votre climatisation, afin d'améliorer sa durée de vie.</p> <hr>"
    },
    {
      "title": "Chauffe-eaux et chauffe-bains à Antibes",
      "text": "<p>Vous remarquez que votre chauffe-eau ne fonctionne plus aussi bien qu'avant ? Ou encore qu'ils tombent en panne trop régulièrement. N'attendez plus et investissez dans un tout nouveau modèle parmi nos nombreuses marques partenaires telles qu'Atlantic ou encore De Dietrich. Pour cela rien de plus simple, contactez nous afin de nous présenter votre besoin. Une fois votre choix de modèle réalisé, nous conviendrons ensemble d'un rendez-vous pendant lequel nos collaborateurs viendront <a title=\"Installation chauffe-eau\" href=\"/installation/chauffe-eau-electrique-et-thermodynamique\">installer votre chauffe-eau</a>.</p>"
    }
  ],
  "related": {
    "title": "",
    "links": []
  }
}