{
  "breadcrumb": "Chauffage Menton",
  "hero": {
    "title": "EGS Energies installe, entretient et dépanne vos systèmes de chauffage",
    "subtitle": ""
  },
  "intro": {
    "image": {
      "src": "/build/images/egs-energies-qui-sommes-nous-456x334.eb233da0.jpg",
      "alt": "EGS Energies installe, entretient et dépanne vos systèmes de chauffage"
    },
    "text": "<p>Vous souhaitez installer un système de climatisation ou de chauffage à Menton ? Grâce à leurs différentes certifications, les techniciens EGS Energies (anciennement Electrogaz) sont habilités à prendre en charge vos différents équipements :</p> <ul><li><a title=\"Equipement pompe à chaleur\" href=\"/equipements/energie-renouvelable/pompe-a-chaleur\">pompes à chaleur</a></li><li><a title=\"Equipement chaudière\" href=\"/equipements/chaudieres\">chaudières</a></li><li><a title=\"Equipement climatisation\" href=\"/equipements/climatisation\">climatisations</a></li><li><a title=\"Equipement chauffe-eau\" href=\"/equipements/chauffe-eau\">chauffe-eaux</a></li></ul> <p>Et car nous souhaitons simplifier vos démarches, vous pouvez également faire appel à nos équipes pour l'entretien et le dépannage de vos appareils.</p> <p>Notre objectif est ainsi de vous accompagner dans chacun de vos projets de chauffage et de climatisation.</p> <hr>"
  },
  "contents": [
    {
      "title": "Où trouver EGS Energies à Menton ?",
      "text": "<p>En plus d'être disponible par téléphone et via <a title=\"Contact Electrogaz\" href=\"/nous-contacter\">notre formulaire de contact</a>, nos experts vous accueillent également dans <a title=\"Agence Depan'Gaz\" href=\"/qui-sommes-nous/egs-energies-menton\">notre agence EGS Energies (ex-Depan'Gaz)</a> située au <strong>121 Avenue de Sospel - le Rhodes, 06500 Menton</strong>.</p> <p>N'hésitez pas à venir nous rencontrer directement du lundi au vendredi de 8h à 12h et de 14h à 18h et le samedi de 8h à 12h.</p> <hr>"
    },
    {
      "title": "Profiter de sa climatisation en toute détente à Menton",
      "text": "<p>La climatisation est un équipement fréquent dans les logements à Menton et dans les Alpes-Maritimes. Si vous aussi souhaitez profiter de tous les avantages d'un air frais dans votre domicile en été, contactez nos équipes pour qu'ils viennent <a title=\"Installation climatisation\" href=\"/installation/climatisation\">installer une climatisation à votre domicile dans les Alpes-Maritimes</a>.</p> <p>Et pour éviter que votre installation actuelle ne tombe en panne en plein mois d'août, pensez à faire régulièrement réviser votre climatisation par nos équipes.</p> <hr>"
    },
    {
      "title": "À Menton, nos techniciens prennent en charge votre chaudière de l'installation au dépannage",
      "text": "<p>Les techniciens EGS Energiesvous accompagnent dans votre <a title=\"Installation chaudières\" href=\"/installation/chaudiere\">installation de chaudière à gaz ou à fioul</a>. Contactez le 04 92 00 00 10 si vous souhaitez davantage d'informations sur le modèle de chaudière qui pourrait vous correspondre. Parmi nos marques partenaires, vous pouvez retrouver Ariston, Saunier Duval, ELM Blanc et bien d'autres.</p> <p>Une fois votre chaudière installée, nous vous proposons des contrats d'entretien annuel. Pour rappel, faire réviser sa chaudière à gaz ou à fioul est une obligation légale. En adhérant à ce contrat, vous bénéficiez d'une visite annuelle de nos techniciens pour faire la maintenance de vos appareils. Ce rendez-vous régulier est également l'occasion de recevoir quelques conseils et recommandations de nos experts.</p> <hr>"
    },
    {
      "title": "Chauffe-eaux et chauffe-bains dans la ville de Menton",
      "text": "<p>Vous souhaitez différencier votre production de chauffage et d'eau chaude au sein de votre logement, faites installer un nouveau chauffe-eau. Deux choix s'offrent à vous : <a title=\"Installation chauffe-eau à gaz\" href=\"/installation/chauffe-eau-gaz\">le chauffe-eau à gaz</a>, pour lequel vous devez être alimenté en gaz de ville et <a title=\"Installation chauffe-eau électrique\" href=\"/installation/chauffe-eau-electrique-et-thermodynamique\">le chauffe-eau électrique</a> qui quant à lui s'adapte à tous les logements connectés à l'électricité.</p> <p>Vous hésitez encore pour prendre une décision ? N'hésitez pas à nous contacter. Nous prendrons le temps d'échanger avec pour connaître votre situation et vos besoins afin de vous accompagner dans le choix du modèle qui vous correspondra le mieux.</p> <hr>"
    },
    {
      "title": "Faire le choix d'une pompe à chaleur à Menton",
      "text": "<p>Chez EGS Energies (anciennement Depan'Gaz Menton), nos équipes sont polyvalentes. C'est pourquoi en plus de vos projets de climatisation, chaudière et chauffe-eau, nous pouvons également prendre en charge l'installation de votre pompe à chaleur géothermique ou aérothermique.</p> <p>Et pour que votre pompe à chaleur reste performante plus longtemps, n'hésitez pas à faire appel à nos techniciens pour effectuer une révision annuelle de vos appareils. En faisant régulièrement <a title=\"Entretien pompe à chaleur\" href=\"/entretien/climatisation-pompe-a-chaleur\">entretenir votre pompe à chaleur</a>, vous éviterez ainsi qu'elle ne s'use trop vite ou qu'elle tombe en panne prématurément.</p>"
    }
  ],
  "related": {
    "title": "",
    "links": []
  }
}