{
  "breadcrumb": "Chauffage Cagnes Sur Mer",
  "hero": {
    "title": "EGS Energies, votre expert chauffagiste intervient à Cagnes-sur-Mer",
    "subtitle": ""
  },
  "intro": {
    "image": {
      "src": "/build/images/egs-energies-qui-sommes-nous-456x334.eb233da0.jpg",
      "alt": "EGS Energies, votre expert chauffagiste intervient à Cagnes-sur-Mer"
    },
    "text": "<p>EGS Energies intervient à Cagnes-sur-Mer et dans les Alpes-Maritimes depuis 1958 grâce à ses différentes agences situées à Vence, <a href=\"https://www.egs-energies.fr/chauffage-vallauris\" title=\"Chauffage Vallauris\">Vallauris</a>, <a href=\"https://www.egs-energies.fr/chauffage-le-cannet\" title=\"Chauffage Le Cannet\">Le Cannet</a>, <a href=\"https://www.egs-energies.fr/chauffage-menton\" title=\"Chauffage Menton\">Menton</a> et <a href=\"https://www.egs-energies.fr/chauffage-nice\" title=\"Chauffage Nice\">Nice</a>.</p> <p>Nos équipes sont formées pour installer, entretenir et réparer vos différents appareils :</p> <ul><li><a title=\"Equipement pompe à chaleur\" href=\"/equipements/energie-renouvelable/pompe-a-chaleur\">pompes à chaleur</a></li><li><a title=\"Equipement chaudière\" href=\"/equipements/chaudieres\">chaudières</a></li><li><a title=\"Equipement climatisation\" href=\"/equipements/climatisation\">climatisations</a></li><li><a title=\"Equipement chauffe-eau\" href=\"/equipements/chauffe-eau\">chauffe-eaux</a></li></ul> <p>Alors contactez-nous au 04 92 00 00 10 pour vous conseiller et vous accompagner dans tous vos projets de chauffage et climatisation.</p> <hr>"
  },
  "contents": [
    {
      "title": "EGS Energies vous accompagne dans le choix de votre pompe à chaleur à Cagnes-sur-Mer",
      "text": "<p>Vous êtes à la recherche d'une solution qui permet à la fois de produire un air frais l'été et d'être une source de chaleur quand les températures baissent en hiver ? EGS Energies (anciennement Electrogaz) a trouvé la solution parfaite pour vous : <a title=\"Installation pompe à chaleur\" href=\"/installation/pompe-a-chaleur\">installer une pompe à chaleur réversible</a>.</p> <p>Pour savoir si votre logement peut être équipé d'une pompe à chaleur, contactez nous au 04 92 00 00 10. Nous enverrons nos techniciens directement chez vous pour étudier les spécificités de votre habitat. Une fois cette analyse réalisée, ils vous proposeront un devis gratuit et détaillé.</p> <hr>"
    },
    {
      "title": "À Cagnes-sur-Mer : installation, entretien et dépannage de climatisations",
      "text": "<p>Les températures augmentent rapidement l'été dans les Alpes-Maritimes. Afin de ne plus subir les désagréments d'une chaleur étouffante dans votre domicile, n'attendez plus et faites <a title=\"Installation climatisation\" href=\"/installation/climatisation\">installer une climatisation</a> par nos techniciens. Vous pourrez ainsi profiter d'une fraîcheur au sein de votre logement, que vous pourrez régler selon vos préférences.</p> <p>Une fois l'installation réalisée, il est nécessaire de faire entretenir régulièrement sa climatisation afin de prolonger sa durée de vie. EGS Energies vous propose des services de maintenance sous forme d'abonnement ou d'intervention ponctuelle selon vos besoins. Et si c'est trop tard pour votre climatisation qui est déjà tombée en panne, nous nous occupons également de réparer vos appareils.</p> <hr>"
    },
    {
      "title": "Chauffe-eau et chaudière à Cagnes-sur-Mer",
      "text": "<p>Vous êtes à la recherche de source de chaleur pour votre logement ou votre eau sanitaire ? EGS Energies (ex-Electrogaz) vous propose un large choix de modèles parmi nos nombreuses marques partenaires telles que Chappee, Ariston ou encore Saunier Duval.</p> <p>Une fois que vous avez choisi l'équipement qui vous intéresse, nos équipes fixent un rendez-vous pour procéder à l'installation de votre nouvelle chaudière ou au remplacement de votre chauffe-eau. Par la suite, nous vous recommandons de souscrire à l'un de <a title=\"Entretien\" href=\"/entretien\">nos contrats d'entretien</a> pour profiter de votre nouvel appareil en toute sérénité.</p> <hr>"
    },
    {
      "title": "Obtenir des aides financières pour les travaux énergétiques à Cagnes-sur-Mer",
      "text": "<p>Vous l'ignorez peut-être, mais en réalisant des travaux de rénovation énergétiques dans votre logement, vous pouvez bénéficier d'aides financières et de réductions fiscales. Pour bénéficier de ces avantages, vous devez faire appel à un technicien possédant certaines certifications dont notamment le label RGE - Reconnu Garant de l'Etat.</p> <p>Nous sommes heureux de vous apprendre que EGS Energies (anciennement Electrogaz) possède toutes ces <a title=\"Nos certifications\" href=\"/qui-sommes-nous/certifications-et-marques\">certifications</a> nécessaires. Lors de votre projet de travaux, nous prendrons le temps de voir avec vous à quelles aides vous pouvez être éligibles, et nous vous accompagnerons dans les démarches à faire.</p>"
    }
  ],
  "related": {
    "title": "",
    "links": []
  }
}