{
  "breadcrumb": "Chauffage Le Cannet",
  "hero": {
    "title": "Installation, entretien et dépannage de votre chauffage au Cannet",
    "subtitle": ""
  },
  "intro": {
    "image": {
      "src": "/build/images/egs-energies-qui-sommes-nous-456x334.eb233da0.jpg",
      "alt": "Installation, entretien et dépannage de votre chauffage au Cannet"
    },
    "text": "<p><a title=\"Qui sommes-nous ?\" href=\"#AGENCE_ELECTROGAZ_LE_CANNET#\">Chez EGS Energies</a> (ex-Electrogaz), nous avons plus de 60 ans d'expérience dans les Alpes-Maritimes. Et notre objectif est toujours le même : nous améliorer sans cesse pour proposer le meilleur service à nos clients.</p> <p>Vous pouvez faire appel à nous pour l'installation, le dépannage et l'entretien de vos différents appareils :</p> <ul><li><a title=\"Equipement pompe à chaleur\" href=\"/equipements/energie-renouvelable/pompe-a-chaleur\">pompes à chaleur</a></li><li><a title=\"Equipement climatisation\" href=\"/equipements/climatisation\">climatisations</a></li><li><a title=\"Equipement chaudière\" href=\"/equipements/chaudieres\">chaudières</a></li><li><a title=\"Equipement chauffe-eau\" href=\"/equipements/chauffe-eau\">chauffe-eaux</a></li></ul> <p>Nous sommes joignables par téléphone au 04 92 00 00 10 ou directement au sein de nos cinq agences situées à <a href=\"https://www.egs-energies.fr/chauffage-nice\" title=\"Chauffage Nice\">Nice</a>, <a href=\"https://www.egs-energies.fr/chauffage-menton\" title=\"Chauffage Menton\">Menton</a>, Le Cannet, <a href=\"https://www.egs-energies.fr/chauffage-vallauris\" title=\"Chauffage Vallauris\">Vallauris</a> et Vence.</p> <hr>"
  },
  "contents": [
    {
      "title": "Où trouver EGS Energies au Cannet ?",
      "text": "<p>En plus d'être disponible par téléphone et via <a title=\"Contact EGS Energies\" href=\"/nous-contacter\">notre formulaire de contact</a>, nos experts vous accueillent également dans notre agence EGS Energies (anciennement Electrogaz et Michel Vial Services) située au <b>2040 Chemin St Bernard - Porte 12</b><strong>, à Vallauris</strong>.</p> <p>N'hésitez pas à venir nous rencontrer directement du lundi au vendredi de 8h à 12h et de 13h30 à 17h30.</p> <hr>"
    },
    {
      "title": "EGS Energies assure l'entretien annuel obligatoire de votre chaudière au Cannet",
      "text": "<p>Si vous possédez une <a title=\"Equipement chaudière\" href=\"/equipements/chaudieres\">chaudière à gaz ou fioul</a> dont la puissance est comprise entre 4 et 400 kilowatts, vous devez déjà savoir que l'entretien annuel de votre appareil est obligatoire d'après le site <a title=\"Service Public\" href=\"https://www.service-public.fr/particuliers/vosdroits/F20760#:~:text=Une%20chaudi%C3%A8re%20au%20fioul%2C%20gaz,%C3%AAtre%20fait%20par%20un%20chauffagiste.\">Service-Public.fr</a>.</p> <p>EGS Energies a alors imaginé un système qui vous permettrait d'obtenir cette révision annuelle obligatoire sans avoir à y penser. Nous vous proposons de souscrire à l'un de nos contrats entretien qui vous permettra de bénéficier d'une visite annuelle réalisée par l'un de nos techniciens. Ce sont nos équipes qui vous contactent chaque année pour fixer ce rendez-vous selon vos disponibilités.</p> <hr>"
    },
    {
      "title": "Installation, entretien et dépannage de pompe à chaleur et de chauffe-eau",
      "text": "<p>Vous avez un projet d'<a title=\"Installation PAC Le Cannet\" href=\"/installation/pompe-a-chaleur\">installation de pompe à chaleur</a> ? Votre chauffe-eau est tombé en panne ? Vous souhaitez un contrat d'entretien pour vos équipements ?</p> <p>Faites appel à EGS Energies (<a href=\"#LINK_QUISOMMESNOUS#\" title=\"EGS Energies, chauffagiste à Vallauris\">anciennement Electrogaz et AD Services Gaz</a>). Nos techniciens sont formés pour s'occuper de vos installations de chauffage et de climatisation de l'installation jusqu'à l'intervention en cas de panne. Nos équipes prennent le temps de répondre à vos questions et vous accompagnent dans chacun de vos projets. Alors si vous êtes intéressés par les prestations que nous proposons, contactez-nous au 04 92 00 00 10.</p> <hr>"
    },
    {
      "title": "La climatisation, un équipement indispensable dans la ville du Cannet",
      "text": "<p>Les climatisations sont très fréquentes dans les logements situés dans les Alpes-Maritimes. Si vous n'en possédez pas encore mais que vous souhaitez sauter le pas et acheter votre première climatisation, faites confiance à EGS Energies. Nous intervenons également pour remplacer votre ancienne installation de climatisation.</p> <p>Et car nous voulons vous accompagner tout au long du cycle de vie de votre appareil, nous vous proposons également des services d'entretien et de <a title=\"Dépannage climatisation\" href=\"/depannage/climatisation\">dépannage de climatisation</a>.</p>"
    }
  ],
  "related": {
    "title": "",
    "links": []
  }
}