{
  "breadcrumb": "Chauffage Monaco",
  "hero": {
    "title": "EGS Energies, votre expert chauffage et climatisation à Monaco",
    "subtitle": ""
  },
  "intro": {
    "image": {
      "src": "/build/images/egs-energies-qui-sommes-nous-456x334.eb233da0.jpg",
      "alt": "EGS Energies, votre expert chauffage et climatisation à Monaco"
    },
    "text": "<p>EGS Energies est présent dans les Alpes-Maritimes depuis 1958 (ex-Electrogaz). Avec nos quatre agences situées à <a href=\"https://www.egs-energies.fr/chauffage-saint-laurent-du-var\" title=\"Chauffage Saint Laurent Du Var\">Saint-Laurent-du-Var</a>, <a href=\"https://www.egs-energies.fr/chauffage-nice\" title=\"Chauffage Nice\">Nice</a>, <a href=\"https://www.egs-energies.fr/chauffage-vallauris\" title=\"Chauffage Vallauris\">Vallauris</a> et <a href=\"https://www.egs-energies.fr/chauffage-menton\" title=\"Chauffage Menton\">Menton</a>, nous nous occupons de l'installation, du dépannage et de l'entretien de vos systèmes de climatisation et de chauffage.</p> <p>Nos techniciens sont formés pour prendre en charge :</p> <ul><li><a title=\"Equipement pompe à chaleur\" href=\"/equipements/energie-renouvelable/pompe-a-chaleur\">les pompes à chaleur</a></li><li><a title=\"Equipement chaudière\" href=\"/equipements/chaudieres\">les chaudières</a></li><li><a title=\"Equipement climatisation\" href=\"/equipements/climatisation\">les climatisations</a></li><li><a title=\"Equipement chauffe-eau\" href=\"/equipements/chauffe-eau\">les chauffe-eaux</a></li></ul> <p>Vous souhaitez faire appel à nos services ? Contactez-nous directement au 04 92 00 00 10.</p> <hr>"
  },
  "contents": [
    {
      "title": "Pompe à chaleur dans les Alpes-Maritimes",
      "text": "<p>Si vous habitez à Monaco, faire le choix d'<a title=\"Installation pompe à chaleur\" href=\"/installation/pompe-a-chaleur\">installer une pompe à chaleur</a> pour être la solution parfaite pour bénéficier d'un air frais en été et d'une source de chaleur en hiver.</p> <p>EGS Energies vous propose deux types d'appareil : les pompes à chaleur aérothermique et géothermique. Elles captent l'énergie naturellement présente à l'extérieur, respectivement dans l'air et dans le sol.</p> <p>L'installation d'une pompe à chaleur nécessite une analyse préalable. Les techniciens EGS Energies (ex-Electrogaz) se déplacent à votre domicile pour étudier les spécificités de votre logement mais aussi de vos besoins afin de vous proposer la pompe à chaleur qui vous correspondra le mieux.</p> <hr>"
    },
    {
      "title": "EGS Energies au service de votre chaudière à Monaco",
      "text": "<p>Vous hésitez encore à changer de système de chauffage ? Nos équipes interviennent dans les Alpes-Maritimes pour analyser votre logement et vous conseiller au mieux dans le choix de l'équipement qui correspondrait au mieux à votre logement et à vos envies.</p> <p>Les chaudières récentes étant plus performantes, vous pourrez opter pour un modèle plus compact qui, par ailleurs, consomme moins d'énergie. Vous ferez ainsi un geste pour l'environnement, mais aussi pour votre portefeuille en réduisant vos factures.</p> <p>Et pour que vous puissiez profiter de votre <a title=\"Installation chaudière\" href=\"/installation/chaudiere\">installation de chaudière</a> en toute sérénité, EGS Energies vous propose également des contrats d'entretien.</p> <hr>"
    },
    {
      "title": "A Monaco, nos collaborateurs s'occupent de vos chauffe-eaux et chauffe-bains",
      "text": "<p>EGS Energies (acniennement connu sous le nom Electrogaz) intervient à Monaco et dans les Alpes-Maritimes pour installer, entretenir mais aussi <a title=\"Dépannage chauffe-eau électrique\" href=\"/depannage/chauffe-eau-electrique-et-thermodynamique\">dépanner votre chauffe-eau électrique</a> ou votre <a title=\"Dépannage chauffe-eau gaz\" href=\"/depannage/chauffe-eau-gaz\">chauffe-eau gaz</a>. En proposant ces trois types de prestations, nous souhaitons simplifier vos démarches en vous permettant de faire appel à nos services pour chacun de vos besoins.</p> <p>Cette polyvalence est très importante pour nos équipes. Notre objectif est de pouvoir accompagner chaque foyer dans ses projets de chauffe-eau et chauffe-bain. Enfin, afin de vous proposer l'expérience client la plus complète, nous sommes joignables par téléphone au 04 92 00 00 10 ou dans nos agences situées à Nice, Vallauris, Vence et Menton pour répondre à vos questions et vous prodiguer tous nos conseils</p> <hr>"
    },
    {
      "title": "Envie d'une climatisation à Monaco ?",
      "text": "<p>Si vous souhaitez <a title=\"Installation climatisation\" href=\"/installation/climatisation\">installer un système de climatisation</a> dans votre habitation, deux options s'offrent à vous. D'un côté les climatiseurs monobloc qui permettent de rafraîchir les pièces de moins de 30m². De l'autre côté les climatiseurs split qui possèdent une unité extérieure située en dehors de votre logement et de plusieurs unités intérieures dans les différentes pièces de votre domicile.</p> <p>Et pour que votre installation reste opérationnelle plus longtemps, il est nécessaire de faire réviser votre climatisation régulièrement. Les collaborateurs EGS Energies possèdent toutes les certifications nécessaires, telles que l'attestation de manipulation des fluides et le Certificat QUALIPAC, pour procéder à cette maintenance.</p>"
    }
  ],
  "related": {
    "title": "",
    "links": []
  }
}