{
  "breadcrumb": "Chauffage Vallauris",
  "hero": {
    "title": "EGS Energies, votre chauffagiste et frigoriste à Vallauris",
    "subtitle": ""
  },
  "intro": {
    "image": {
      "src": "/build/images/egs-energies-qui-sommes-nous-456x334.eb233da0.jpg",
      "alt": "EGS Energies, votre chauffagiste et frigoriste à Vallauris"
    },
    "text": "<p>Les techniciens EGS Energies installent, entretiennent et dépannent vos équipements : <a title=\"Equipement chaudière\" href=\"/equipements/chaudieres\">chaudières</a>, <a title=\"Equipement climatisation\" href=\"/equipements/climatisation\">climatisations</a>, <a title=\"Equipement pompe à chaleur\" href=\"/equipements/energie-renouvelable/pompe-a-chaleur\">pompes à chaleur</a> ou encore <a title=\"Equipement chauffe-eau\" href=\"/equipements/chauffe-eau\">chauffe-eaux</a><a>.</a></p> <p>Si vous habitez à Vallauris depuis plusieurs années, vous connaissez peut-être quelqu'un qui a fait appel à nos service.</p> <p>Depuis 1958, nous avons pris le temps de développer notre savoir-faire et notre expertise afin de vous proposer le meilleur service possible.</p> <p>Et dans cet objectif d'amélioration continue, nous avons décidé de rejoindre en 2018 <a title=\"HomeServe\" href=\"https://www.homeserve.fr/\">le groupe HomeServe</a>, au service des foyers français depuis une vingtaine d'année. Au total, ce sont plus d'un million de clients qui font confiance à HomeServe un peu partout en France.</p> <p>Depuis 2024, AD Services Gaz et Electrogaz ont changé de nom : <a href=\"#LINK_QUISOMMESNOUS#\" title=\"AD Services Gaz et Electrogaz deviennent EGS Energies\">nous sommes désormais EGS Energies</a> !</p> <hr>"
  },
  "contents": [
    {
      "title": "Où trouver EGS Energies à Vallauris ?",
      "text": "<p>En plus d'être disponible par téléphone et via <a title=\"Contact Electrogaz\" href=\"/nous-contacter\">notre formulaire de contact</a>, nos experts vous accueillent également dans <a title=\"Agence Adservices Gaz\" href=\"/qui-sommes-nous/egs-energies-vallauris\">notre agence EGS Energies (anciennement ADServices Gaz)</a> située au <strong>2040 Chemin Saint Bernard - Porte 12, 06220 Vallauris</strong>.</p> <p>N'hésitez pas à venir nous rencontrer directement du lundi au vendredi de 8h à 12h et de 14h à 18h et le samedi de 8h à 12h.</p> <hr>"
    },
    {
      "title": "Chauffe-eau et chauffe-bain dans la ville de Vallauris",
      "text": "<p>Vous souhaitez <a title=\"Installation chauffe-eau\" href=\"/installation/chauffe-eau-gaz\">un nouveau système de chauffage de l'eau sanitaire</a> à votre domicile ? Faites appel à EGS Energies. Nos équipes s'occupent de vous conseiller dans le choix d'appareil qui correspondra le mieux à votre logement et à vos envies. Une fois votre décision prise, nous programmons ensemble une date pour l'installation de votre appareil.&nbsp;</p> <p>Une fois la pose de votre chauffe-eau réalisée, nous vous recommandons de faire appel à nous pour l'entretien de votre équipement. Vous aurez ainsi accès à une visite annuelle de maintenance de votre chauffe-eau et d'une intervention prioritaire en cas de défaillance de votre installation.</p> <hr>"
    },
    {
      "title": "Installation, dépannage et entretien de votre climatisation à Vallauris",
      "text": "<p>Nos collaborateurs EGS Energies (ex-Electrogaz) interviennent chez vous pour l'<a title=\"Installation climatisation\" href=\"/installation/climatisation\">installation d'une climatisation</a> en remplacement de votre ancien équipement ou pour votre logement neuf. Vous bénéficierez ainsi d'un air frais au sein de votre logement. Et pour encore plus de confort, vous pouvez décider de programmer votre équipement en fonction de vos préférences, afin de ne jamais avoir à y penser.</p> <p>Et pour que votre installation de climatisation dure plus longtemps, nous vous proposons des contrats d'entretien de vos appareils. En faisant appel à ce service, vous bénéficierez d'une visite annuelle de nos techniciens, afin de faire la maintenance de vos appareils et d'anticiper des pannes ou des défaillances futures.</p> <hr>"
    },
    {
      "title": "A Vallauris, EGS Energies s'occupent de votre pompe à chaleur et chaudière",
      "text": "<p>Afin de répondre toujours plus aux besoins de nos clients, nous souhaitons proposons une large choix de produits. C'est pourquoi vous pouvez également faire appel à nos services pour tous <a title=\"Installation\" href=\"/installation\">vos projets d'installation</a>, d'entretien ou encore de dépannage de vos pompes à chaleur et de votre chaudière.</p> <p>La satisfaction de nos clients est notre principale motivation. Si vous avez besoin d'un conseil, d'une recommandation ou d'un accompagnement dans vos demandes d'aides financières pour l'installation d'un nouvel appareil, contactez nous au 04 92 00 00 10.</p>"
    }
  ],
  "related": {
    "title": "",
    "links": []
  }
}