{
  "breadcrumb": "Chauffage Saint Laurent Du Var",
  "hero": {
    "title": "Votre expert chauffage et climatisation à Saint-Laurent-du-Var",
    "subtitle": ""
  },
  "intro": {
    "image": {
      "src": "/build/images/egs-energies-qui-sommes-nous-456x334.eb233da0.jpg",
      "alt": "Votre expert chauffage et climatisation à Saint-Laurent-du-Var"
    },
    "text": "<p>Les techniciens d'EGS Energies installent, entretiennent et dépannent des systèmes de chauffage et de climatisation depuis 1958 dans les Alpes-Maritimes.</p> <p>N'hésitez pas à faire appel à nos équipes pour vos différents équipements :</p> <ul><li><a title=\"Equipement pompe à chaleur\" href=\"/equipements/energie-renouvelable/pompe-a-chaleur\">pompes à chaleur</a></li><li><a title=\"Equipement climatisation\" href=\"/equipements/climatisation\">climatisations</a></li><li><a title=\"Equipement chaudière\" href=\"/equipements/chaudieres\">chaudières</a></li><li><a title=\"Equipement chauffe-eau\" href=\"/equipements/chauffe-eau\">chauffe-eaux</a></li><li><a href=\"https://www.egs-energies.fr/equipements/panneaux-photovoltaiques\" title=\"Panneaux solaires photovoltaïques Nice\">panneaux solaires</a></li></ul> <p>Pour nous joindre, téléphonez au 04 92 00 00 10 ou venez directement nous voir dans nos agences basées à <a href=\"https://www.egs-energies.fr/chauffage-nice\" title=\"Chauffage Nice\">Nice</a>, <a href=\"https://www.egs-energies.fr/chauffage-menton\" title=\"Chauffage Menton\">Menton</a>, <a href=\"https://www.egs-energies.fr/chauffage-le-cannet\" title=\"Chauffage Le Cannet\">Le Cannet</a>, <a href=\"https://www.egs-energies.fr/chauffage-vallauris\" title=\"Chauffage Vallauris\">Vallauris</a> et Vence. Vous pourrez bénéficier des conseils de nos experts, pour répondre à vos envies et vos besoins.</p> <hr>"
  },
  "contents": [
    {
      "title": "Envie d'un nouveau chauffe-eau à Saint-Laurent-du-Var ?",
      "text": "<p>Vous souhaitez différencier votre système de chauffage d'intérieur et de l'eau sanitaire ? Faites le choix d'un chauffe-eau. Chez EGS Energies, nous vous proposons d'<a title=\"Installation chauffe-eau gaz\" href=\"/installation/chauffe-eau-gaz\">installer des chauffe-eaux gaz</a> qui nécessitent un raccordement au gaz de ville ou des <a title=\"Installation chauffe-eau électrique\" href=\"/installation/chauffe-eau-electrique-et-thermodynamique\">chauffe-eaux électriques</a> accessible à tous les logements.</p> <p>Et pour que votre équipement reste performant plus longtemps, il est nécessaire de faire réaliser une maintenance de façon régulière. Les techniciens EGS Energies sont formés à l'entretien de vos différents appareils afin d'anticiper des pannes éventuelles et d'augmenter leur durée de vie.</p> <hr>"
    },
    {
      "title": "À Saint-Laurent-du-Var, installation, entretien et dépannage de chaudière à gaz et à fioul",
      "text": "<p>EGS Energies (anciennement Descamps Vence) se déplace à Saint-Laurent-du-Var et dans les Alpes-Maritimes pour procéder à l'installation de votre chaudière. Que ce soit pour poser un nouvel équipement dans votre logement ou pour remplacer un ancien appareil, nos techniciens mettent leur savoir-faire à votre service.</p> <p>Vous possédez déjà une chaudière à gaz ou à fioul ? Vous devez déjà savoir que l'entretien annuel de votre équipement est obligatoire. EGS Energies vous propose de faire appel à nos techniciens certifiés pour la maintenance de votre appareil. En souscrivant à l'un de <a title=\"Entretien chaudière\" href=\"/entretien/chaudiere-fioul\">nos contrats entretien chaudière</a>, vous n'aurez plus à vous soucier de rien. Ce sont nos équipes qui prennent contact avec vous pour fixer un rendez-vous.</p> <hr>"
    },
    {
      "title": "Profitez de tous les avantages d'une climatisation à Saint-Laurent-du-Var",
      "text": "<p>Vous souhaitez faire installer une climatisation pour profiter d'une température agréable au sein de votre logement l'été ? Faites appel à EGS Energies (ex-Descamps à Vence). Nos équipes vous accompagnent dans votre projet de A à Z.</p> <p>Tout d'abord, nous prenons le temps de voir avec vous quels sont vos besoins et vos envies, afin de vous proposer le modèle qui vous correspond le mieux. Nous fixons ensuite avec vous une date pour que nos techniciens puissent effectuer l'<a title=\"Installation climatisation\" href=\"/installation/climatisation\">installation de votre climatisation</a>. Enfin, nous vous proposons également des services d'entretien et de dépannage de vos appareils. Ainsi quel que soit votre besoin, vous savez que vous pouvez faire appel à EGS Energies.</p> <hr>"
    },
    {
      "title": "Votre pompe à chaleur est en panne à Saint-Laurent-du-Var ?",
      "text": "<p>Plus les années passent et plus les équipements de chauffage et climatisation sont susceptibles de tomber en panne. Si vous êtes dans cette situation, contactez EGS Energies au 04 92 00 00 10. Des techniciens se rendront alors à votre domicile pour dépanner et réparer votre appareil.</p> <p>Et pour éviter que cela ne se produise trop souvent, pensez à faire régulièrement entretenir vos appareils afin d'anticiper ce genre d'événements. En effet, en plus de l'installation et du dépannage, nous nous occupons également de la <a title=\"Entretien pompe à chaleur\" href=\"/entretien/climatisation-pompe-a-chaleur\">maintenance annuelle de votre pompe à chaleur</a> à Saint-Laurent-du-Var.</p> <hr>"
    },
    {
      "title": "Descamps Vence est devenu EGS Energies à Saint-Laurent-du-Var",
      "text": "<p>En 2024 notre entreprise a évolué. Nos locaux de Vence ont fermé et notre siège a ouvert ses protes à Saint-Laurent-du-Var. Nouveaux locaux, nouveau showroom. Nos marques Descamps et Electrogaz ont aussi laissé leur place à EGS Energies. Cependant, nous restons votre chauffagiste de proximité autour de Saint-Laurent-du-Var et votre expert en solutions pour la maison. EGS Energies, c'est la réunion de nos différentes enseignes, dont Electrogaz Nice et Descamps Vence, pour mieux vous servir dans les Alpes-Maritimes !</p>"
    }
  ],
  "related": {
    "title": "",
    "links": []
  }
}