{
  "breadcrumb": "Nos 7 astuces pour faire des économies de chauffage cet hiver !",
  "seo": {
    "title": "7 astuces pour faire des économies de chauffage cet hiver",
    "description": "Découvrez 7 astuces pour réduire vos factures de chauffage cet hiver : programmation, entretien, isolation, systèmes performants, aides financières, chasse aux courants d'air, faites des économies avec GD Energies !",
    "opengraph": {
      "site_name": "",
      "type": "",
      "locale": "",
      "title": "",
      "description": "",
      "image": {
        "src": "",
        "alt": ""
      }
    }
  },
  "title": " Nos 7 astuces pour faire des économies de chauffage cet hiver ! ",
  "chapo": "Réduisez vos factures de chauffage cet hiver avec GD Energies : programmation, entretien, chasse aux courants d'air, retrouvez tous nos conseils.",
  "image": {
    "src": "/upload/files/gd-energies-article-economies-chauffage-456x334-8802a1e6cc.jpg",
    "alt": "Nos 7 astuces pour faire des économies de chauffage cet hiver !"
  },
  "intro": "<p>L'hiver s'installe, et avec lui, le retour des soirées frisquettes et des factures de chauffage qui donnent des sueurs froides ! Pas de panique, il existe quelques gestes pour réduire la facture et faire des économies sans</p> <p>Tous les corps ne sont pas égaux devant la sensation de froid. Les morphologies, les pathologies, les hormones, autant de facteurs qui nous rendent plus ou moins sensibles dès lors que le mercure commence à baisser. Alors parfois, quand les températures baissent, la facture grimpe, sans que l’on puisse se résoudre à prendre des mesures drastiques, confort oblige.</p> <p>Cet article vous propose <strong>7 astuces efficaces</strong> pour réduire votre consommation d'énergie et affronter l'hiver en mode cocooning économique.</p>",
  "paragraphs": [
    {
      "title": "Astuce 1 : programmez votre chauffage, adieu le gaspillage !",
      "text": "<p>Le chauffage qui tourne à plein régime même lorsque vous n’êtes pas là ou que vous dormez, c’est fini ! <strong>Programmez votre chauffage</strong> pour qu'il s'allume uniquement lorsque vous en avez besoin et faites des économies considérables.</p> <p><strong>Comment faire ?</strong></p> <ul>\n<li><strong>Investissez dans un thermostat programmable</strong> ou utilisez la fonction programmation de votre chaudière. Ils vous permettront de régler finement la température à l’intérieur de votre logement.</li>\n<li><strong>Définissez des plages horaires</strong> de chauffage en fonction de votre mode de vie : matin avant de partir, soir à votre retour, etc.</li>\n<li><strong>N'oubliez pas</strong> de programmer une température de consigne réduite en votre absence ou pendant la nuit.</li>\n<li><strong>Pensez à anticiper</strong> les baisses de température et à augmenter légèrement la consigne à distance quelques heures avant votre retour.</li>\n</ul>"
    },
    {
      "title": "Astuce 2 : faites entretenir votre système de chauffage",
      "text": "<p>Votre système de chauffage est comme un athlète : plus il est en forme, plus il est performant et moins il consomme d'énergie. <strong>Un entretien régulier</strong> vous permettra de <a title=\"Hiver : comment préparer son chauffage ?\" href=\"../../conseils-et-actualites/preparer-chauffage-hiver-conseils\">maintenir votre installation</a> au top de sa forme et de réaliser des économies précieuses.</p> <p><strong>Comment faire ?</strong></p> <ul>\n<li><strong>Faites réaliser </strong><a title=\"Entretien Chaudière Gaz près de Nîmes\" href=\"https://www.gd-energies.fr/entretien/chaudieres-gaz\"><strong>un entretien annuel</strong></a> par un professionnel qualifié, comme GD Energies. Votre professionnel pourra alors ajuster les réglages, vérifier que le fonctionnement est correct, effectuer les réparations nécessaires et remplacer les filtres de votre chaudière si nécessaire.</li>\n<li><strong>Dépoussiérez régulièrement</strong> vos radiateurs et convecteurs.</li>\n<li><strong>Purgez vos radiateurs</strong> au moins une fois par an pour éliminer l'air dans le circuit et optimiser la diffusion de la chaleur.</li>\n<li>Si nécessaire, demandez un diagnostic et faites réaliser un <a title=\"Désembouage chauffage à Nîmes\" href=\"../../conseils-et-actualites/desembouage-radiateurs-chauffage\">désembouage de votre circuit de chauffage</a>.</li>\n<li><strong>Vérifiez la pression</strong> de votre chaudière et ajustez-la au besoin.</li>\n<li>Si vous avez une pompe à chaleur, il vous faudra aussi la faire entretenir : économies, durée de vie, écologie, <a title=\"5 raisons de faire entretenir sa pompe à chaleur\" href=\"../../conseils-et-actualites/pourquoi-entretenir-pompe-a-chaleur\">les raisons de faire entretenir votre PAC</a> ne manquent pas !</li>\n</ul>"
    },
    {
      "title": "Astuce 3 : isolez les ouvertures",
      "text": "<p>Saviez-vous que <strong>jusqu'à 30% de la chaleur</strong> peut s'échapper par les fenêtres et les portes de votre maison ? <strong>Isoler vos ouvertures</strong> est donc un geste crucial pour réduire vos factures de chauffage et améliorer votre confort thermique.</p> <p><strong>Comment faire ?</strong></p> <ul>\n<li><strong>Faites installer du double vitrage</strong> si vos fenêtres sont encore simples.</li>\n<li><strong>Remplacez les joints d'étanchéité</strong> usés de vos portes et fenêtres.</li>\n<li><strong>Optez pour des rideaux thermiques</strong> épais pour empêcher la chaleur de s'échapper par les fenêtres.</li>\n<li><strong>N'oubliez pas</strong> d'isoler les bas de porte et les encadrements de fenêtres.</li>\n<li><strong>Pensez à fermer les volets</strong> la nuit pour éviter les déperditions de chaleur.</li>\n<li><strong>Faites réaliser l’isolation</strong> des combles voire une isolation par l’extérieur si nécessaire.</li>\n</ul> <p>Dans le cadre des projets de rénovation globale, vous pouvez bénéficier d’aides de l’Etat, notamment Ma Prime Renov’, Parcours Accompagné, avec GD Energies.</p>"
    },
    {
      "title": "Astuce 4 : investissez dans un système de chauffage performant et écologique",
      "text": "<p>Si votre chaudière a plus de 15 ans, il est peut-être temps d'envisager de la remplacer par <a title=\"Chaudières gaz - GD Energies\" href=\"https://www.gd-energies.fr/equipements/chaudieres-gaz\">un modèle plus performant</a>.</p> <p>Les chaudières modernes, telles que les chaudières à condensation ou les pompes à chaleur, permettent de réaliser des <strong>économies d'énergie considérables</strong>, tout en <strong>réduisant votre impact environnemental</strong>.</p> <p>Comment faire ?</p> <ul>\n<li><strong>Faites réaliser un bilan énergétique</strong> de votre logement pour identifier vos besoins et choisir le système de chauffage le plus adapté. Nos experts pourront vous aider à comparer les différents modèles de chaudières et pompes à chaleur disponibles sur le marché pour choisir l’appareil le plus adapté à vos besoins.</li>\n<li><strong>Faites appel à un professionnel qualifié</strong> RGE comme GD Energies pour l'installation de votre nouveau système de chauffage, afin de bénéficier des aides de l’Etat et d’une installation conforme aux règles de l’art.</li>\n</ul> <p>Vous pourrez aussi coupler votre nouvelle chaudière à un <strong>thermostat intelligent</strong> pour une gestion encore plus précise de votre chauffage.</p>"
    },
    {
      "title": "Astuce 5 : profitez des aides financières",
      "text": "<p>L’Etat propose de nombreuses aides financières pour vous aider à réaliser des travaux de rénovation énergétique dans votre logement.</p> <p><strong>Quelles aides sont disponibles ?</strong></p> <ul>\n<li><strong>MaPrimeRenov'</strong> : cette une aide s’adresse notamment aux ménages les plus modestes et fragiles afin de financer leurs travaux d'isolation, de changement de chaudière, etc. MaPrimeRenov’ intègre également un volet sur la rénovation d’ampleur avec une prise en charge jusqu’à 80% des dépenses. Le montant de l’aide dépend des revenus du foyer et du nombre de classes énergétiques gagnées grâce à la rénovation (au moins 2).</li>\n<li><strong>Les CEE (Certificats d'Économie d'Énergie)</strong> : ces aides sont versées par les fournisseurs d'énergie aux particuliers qui réalisent des travaux d'efficacité énergétique. Pour tout devis signé our l'installation d'une pompe à chaleur jusqu'au 31 décembre 2024, <a title=\"CEE : augmentation 2024 pour les PAC\" href=\"../../conseils-et-actualites/pompe-a-chaleur-2024-augmentation-coup-de-pouce\">les primes CEE sont augmentées</a> !</li>\n<li><strong>L’Éco-prêt à taux zéro</strong>, un prêt sans intérêt pour financer des travaux d'économie d'énergie dans votre logement.</li>\n</ul> <p>Des aides complémentaires peuvent être proposées par la Région, le Département ou votre commune, n’hésitez pas à nous contacter !</p>"
    },
    {
      "title": "Astuce 6 : chassez les courants d'air, vos ennemis jurés !",
      "text": "<p>Ces courants d'air sournois qui s'engouffrent dans votre maison sont de véritables ennemis jurés pour votre confort et votre portefeuille. Identifiez-les et éliminez-les pour faire des économies de chauffage.</p> <p><strong>Comment faire ?</strong></p> <ul>\n<li><strong>Repérez les courants d'air</strong> en passant une main devant vos fenêtres, portes, cheminées et autres points sensibles.</li>\n<li><strong>Utilisez des boudins de porte</strong> et bas de porte pour bloquer les courants d'air sous les portes. Vous pouvez même les fabriquer vous-même avec des chutes de tissus !</li>\n<li><strong>Installez des joints d'isolation</strong> autour de vos fenêtres et portes.</li>\n<li><strong>Fermez les portes intérieures</strong> pour compartimenter et conserver au maximum la chaleur dans les pièces occupées.</li>\n<li>Si vous en avez une, <strong>n'oubliez pas</strong> de fermer votre cheminée lorsque vous ne l'utilisez pas.</li>\n</ul>"
    },
    {
      "title": "Astuce 7 : réduire la température du chauffage d’1°C",
      "text": "<p>Eh oui, baisser le thermostat d'un seul petit degré peut vous faire réaliser <strong>jusqu'à 5% d'économies</strong> sur votre facture de chauffage !</p> <p>Cela peut sembler peu, mais imaginez l'impact sur toute la saison hivernale. Et croyez-nous, vous ne sentirez presque pas la différence !</p> <p><strong>Comment faire ?</strong></p> <ul>\n<li><strong>Réglez votre thermostat sur 20°C</strong> lorsque vous êtes chez vous et <strong>17°C</strong> en votre absence ou pendant la nuit.</li>\n<li><strong>Habillez-vous un peu plus chaudement</strong>, optez pour des pulls douillets et des chaussettes en pilou pour compenser la légère baisse de température. Chez GD Energies, on nous dit dans l’oreillette que les charentaises reviennent à la mode, alors gardez vos orteils au chaud, osez les charentaises !</li>\n<li><strong>Utilisez des couvertures</strong> : le plaid qui sent bon et frais, la couverture toute douce, à paillettes ou plus sobre, en plus de vous apporter de la chaleur ces véritables accessoires de mode sauront vous apporter du réconfort lorsque la luminosité baisse. Osez les couleurs et égayez votre hiver. Vous pouvez aussi opter pour les bouillottes. À remplir d’eau ou avec des noyaux de cerise, achetée ou DIY, la bouillotte est le petit accessoire hyper satisfaisant pour cocooner sur votre canapé ou dans votre lit.</li>\n</ul> <p>N'oubliez pas que <strong>chaque degré compte</strong> ! Même de petits changements dans votre comportement quotidien peuvent avoir un impact significatif sur votre consommation d'énergie, mais aussi sur votre impact environnemental. À terme, cependant, le remplacement de vos équipements anciens par des solutions plus performantes en énergie, voire une rénovation d’ampleur pourront être des solutions pour assurer votre confort et votre sérénité sur le long terme.</p> <p>Vous voici désormais prêt, prête à <a title=\"Chauffage : astuces pour un hiver au chaud\" href=\"../../conseils-et-actualites/preparer-chauffage-hiver-conseils\">affronter l'hiver bien au chaud</a> !</p>"
    }
  ]
}