{
  "breadcrumb": "PAC & CEE : ce qui change pour vous dans le Gard (zone H3)",
  "seo": {
    "title": "Zone H3 et CEE pour les PAC air-eau : ce qui change au 01/10",
    "description": "Quelle prime CEE pour l'installation de votre pompe à chaleur air-eau dans le Gard ? Zone H3, calcul des CEE, cumul MaPrimeRénov' : jusqu'à 10800€ d'aides !",
    "opengraph": {
      "site_name": "",
      "type": "",
      "locale": "",
      "title": "",
      "description": "",
      "image": {
        "src": "",
        "alt": ""
      }
    }
  },
  "title": " PAC & CEE : ce qui change pour vous dans le Gard (zone H3) ",
  "chapo": "Zone H3, calcul des CEE, cumul MaPrimeRénov' : jusqu'à 10800€ d'aides !",
  "image": {
    "src": "/upload/files/aide-cee-pac-air-eau-changements-2-1c1a26040b.jpg",
    "alt": "PAC & CEE : ce qui change pour vous dans le Gard (zone H3)"
  },
  "intro": "<p>Depuis le <strong>1ᵉʳ octobre 2025</strong>, le fonctionnement de la <strong>prime CEE</strong> a changé : le forfait « Coup de pouce » a disparu en tant que tel au profit d’une <strong>prime calculée</strong> sur des fiches standardisées PAC, avec <strong>bonification par coefficient</strong> lorsqu’on <strong>remplace une chaudière fioul, gaz ou charbon</strong> dans une <strong>résidence principale</strong>, le tout <strong>selon des zones climatiques</strong> définies.</p> <h3>CEE et PAC air-eau : le Gard en zone H3, pourquoi c’est important ici</h3> <p>Le climat méditerranéen de la zone climatique <strong>H3</strong> (<a href=\"https://www.gd-energies.fr/chauffage-nimes\" title=\"Chauffage Nimes\">Nîmes</a>, littoral gardois) demande <strong>moins de chauffage</strong> qu’en H1/H2. Résultat : la base CEE est <strong>mécaniquement plus basse</strong> qu’au nord, mais <strong>reste intéressante</strong> si :</p> <ul>\n<li>la <a title=\"PAC air-eau\" href=\"https://www.gd-energies.fr/equipements/pompes-a-chaleur\">pompe à chaleur air-eau</a> affiche un <strong>ETAS élevé</strong> (éligible dès <strong>≥ 111&nbsp;%</strong> en moyenne/haute T ou <strong>≥ 126&nbsp;%</strong> en basse T, <strong>valorisation renforcée dès 140&nbsp;%</strong>),</li>\n<li>l’installation couvre <strong>chauffage + eau chaude sanitaire (ECS)</strong>,</li>\n<li>la <strong>surface réellement chauffée</strong> est significative.</li>\n</ul> <p>À titre d'exemple, à Nîmes, pour une maison principale <strong>≥ 130&nbsp;m²</strong>, la CEE démarre à <strong>4 223,86 € </strong>¹ (montant indicatif). En cumul avec <strong>MaPrimeRénov’</strong>, le <strong>montant versé après écrêtement</strong> peut atteindre <strong>10&nbsp;800&nbsp;€</strong> ² pour un <strong>foyer très modeste</strong>.</p> <h3>Les règles à avoir en tête pour le nouveau calcul CEE pour les PAC air-eau</h3> <ul>\n<li><strong>Bonification</strong> uniquement en <strong>résidence principale</strong> et en <strong>remplacement</strong> d’une chaudière fioul/gaz/charbon.</li>\n<li>La PAC air-eau doit <strong>couvrir 100&nbsp;% des besoins</strong> de chauffage (pas un simple appoint).</li>\n<li>Dossier à préparer : <strong>facture détaillée</strong>, <strong>note de dimensionnement</strong> (preuve que la puissance couvre vos déperditions), <strong>photo de la plaque signalétique</strong> de la PAC, <strong>RGE</strong>.</li>\n</ul> <h3>Comment GD Energies vous facilite la vie</h3> <p>Chez&nbsp;GD Energies, nous accompagnons au quotidien des foyers du Gard dans l’<a title=\"Installation de PAC air-eau\" href=\"https://www.gd-energies.fr/installation/pompes-a-chaleur\"><strong>installation de pompes à chaleur air-eau</strong></a>. Nos équipes se déplacent <a title=\"Zone d'intervention\" href=\"/qui-sommes-nous/zones-intervention\"><strong>autour de Nîmes et jusqu’au littoral</strong></a> (<a href=\"https://www.gd-energies.fr/chauffage-grau-du-roi\" title=\"Chauffage Grau Du Roi\">Grau-du-Roi</a> et environs) pour :&gt;</p> <ol>\n<li><strong>Vérifier l’éligibilité</strong> (ancien système, résidence principale, ETAS…)</li>\n<li><strong>Optimiser votre configuration</strong> (PAC performante, option ECS) pour <strong>maximiser la prime</strong></li>\n<li><strong>Monter le dossier</strong> CEE puis <strong>MaPrimeRénov’</strong> dans le bon ordre</li>\n<li><strong>Déduire les aides du devis</strong> : vous ne payez que le <strong>reste à charge</strong></li>\n</ol> <p>Vous voulez des exemples chiffrés par zones (H1/H2/H3), des cas de cumul et toutes les subtilités de la réforme d’octobre 2025&nbsp;?</p> <p><strong>Consulter le guide complet sur HomeServe.fr</strong></p> <hr> <p><em><strong>Mentions légales</strong></em></p> <p>¹ <em>Montant d'aides CEE disponibles jusqu'au 31/12/2025, sans conditions de revenus, pour l'installation d'une pompe à chaleur avec eau chaude sanitaire dont l'ETAS (efficacité énergétique saisonnière) est comprise entre 111% et 140%, dans une résidence d'au moins 130m2 et construite il y a plus de 2 ans en zone climatique 3.</em></p> <p>² <em>Montant d'aides cumulées CEE (6227,48€) et MaPrimeRénov' (5 000€) disponibles jusqu'au 31/12/2025 pour l'installation d'une pompe à chaleur avec eau chaude sanitaire dont l'ETAS (efficacité énergétique saisonnière) est comprise entre 111% et 140%, dans une résidence d'au moins 130m2 et construite il y a plus de 15 ans en zone climatique 2. Ces montants sont écrêtés à 10 800€ maximum et s'appliquent pour un foyer aux revenus très modestes.</em></p>",
  "paragraphs": []
}