{
  "breadcrumb": "Chaudière gaz : comment éviter les pannes ?",
  "seo": {
    "title": "Chaudière gaz : les pannes fréquentes et comment les éviter",
    "description": "Votre chaudière gaz est en panne ? Chaudière qui fuit ? Chaudière qui fait du bruit ? GD Energies, votre expert des chaudières gaz à Nîmes, vous guide dans l'entretien et le dépannage de votre chaudière dans le Gard.",
    "opengraph": {
      "site_name": "",
      "type": "",
      "locale": "",
      "title": "",
      "description": "",
      "image": {
        "src": "",
        "alt": ""
      }
    }
  },
  "title": " Chaudière gaz : comment éviter les pannes ? ",
  "chapo": "Dépannage chaudière gaz : évitez les pannes avec GD Energies, 50 ans d’expertise",
  "image": {
    "src": "/upload/files/gd-energies-article-chaudiere-gaz-panne-solution-5ded17e216.jpg",
    "alt": "Chaudière gaz : comment éviter les pannes ?"
  },
  "intro": "<p>Une panne de chaudière en hiver, c’est souvent un vrai casse-tête. Votre confort en prend un coup, et les solutions semblent compliquées. Mais rassurez-vous, il existe des gestes simples pour éviter ces soucis et garder votre chauffage fonctionnel et fiable.</p> <p>Depuis sa fondation en 1975, GD Energies accompagne les habitants de <a href=\"https://www.gd-energies.fr/chauffage-nimes\" title=\"Chauffage Nimes\">Nîmes</a> et sa région dans l’entretien et le dépannage de leur chaudière gaz. Forts de 50 ans d’expérience, nous pouvons vous certifier qu’un entretien adapté et des gestes préventifs sont la clé pour garantir la fiabilité de votre chaudière.</p> <p>Suivez les recommandations de GD Energies, anciennement Gaz Dépannage Nîmes, pour anticiper les pannes et profiter de votre chauffage pendant toute la saison froide !</p>",
  "paragraphs": [
    {
      "title": "Comment fonctionne une chaudière gaz ?",
      "text": "<p>Pour bien <a title=\"Entretien chaudière gaz à Nîmes et alentour\" href=\"https://www.gd-energies.fr/entretien/chaudieres-gaz\">entretenir votre chaudière</a>, il peut être bien utile de comprendre son fonctionnement.</p> <a title=\"Entretien chaudière gaz à Nîmes et alentour\" href=\"https://www.gd-energies.fr/entretien/chaudieres-gaz\">entretenir votre chaudière</a> <p>Une chaudière utilise du gaz qui arrive via une conduite. Ce gaz est brûlé dans une chambre de combustion via le \"brûleur\". La chaleur générée par le brûleur est transmise à l'eau qui circule dans un composant appelé échangeur thermique (corps de chauffe). L'eau chauffe rapidement pour atteindre la température réglée par la régulation. Une fois chauffée, l'eau est envoyée dans vos radiateurs ou votre plancher chauffant. C'est ainsi que la chaleur se diffuse dans toute votre maison.</p> <p>Les gaz issus de la combustion (comme le dioxyde de carbone) sont éliminés par un conduit d'évacuation. Ce processus garantit votre sécurité en évitant toute accumulation de gaz nocifs à l'intérieur du logement.</p>"
    },
    {
      "title": "Comprendre les causes fréquentes des pannes",
      "text": "<p>Pour éviter les pannes, il faut connaître ce qui cause le plus souvent des problèmes sur une chaudière gaz :</p> <p>&nbsp;Avec le temps, les filtres, brûleurs et échangeurs se salissent. La <strong>poussière </strong>et <strong>l’encrassement </strong>causent alors une baisse de performance de votre chaudière.</p> <strong>poussière </strong> <strong>l’encrassement </strong> <p>Certaines pièces, comme la pompe ou les électrodes, s’usent naturellement avec l’âge de l’appareil. Une <strong>pièce défectueuse</strong>, c’est parfois un arrêt complet pour votre chaudière : elle se met en sécurité.</p> <strong>pièce défectueuse</strong> <p>Enfin, une <strong>pression d’eau trop basse</strong> ou des <strong>capteurs mal calibrés</strong> peuvent perturber le fonctionnement global de votre chaudière.</p> <strong>pression d’eau trop basse</strong> <strong>capteurs mal calibrés</strong>"
    },
    {
      "title": "Adopter les bons gestes au quotidien",
      "text": "<p>Quelques gestes simples suffisent souvent à limiter les risques de panne :</p> <h3>Surveiller la pression de la chaudière</h3> <p>Idéalement, elle doit se situer entre 1 et 2 bars. Vous pouvez consulter la notice de votre chaudière pour avoir plus de précisions. Si elle descend en dessous, cela peut indiquer une fuite ou un problème dans le circuit de chauffage. Sur une installation ancienne, ces fluctuations sont fréquentes en raison de l’usure des composants. Vérifiez la pression une fois par mois, surtout en hiver, et utilisez le robinet de remplissage pour l’ajuster si nécessaire. En cas de doute, faites appel à un technicien.</p> <h3>Purger les radiateurs</h3> <p>La purge des radiateurs est une opération permet d’éliminer l’air dans le circuit et d’assurer une chaleur homogène. Il est conseillé de le faire au moins une fois par an, idéalement avant l’hiver. Si vous entendez des bruits d’écoulement dans vos radiateurs ou si certaines zones restent froides, une purge est nécessaire.</p> <p>Si vos radiateurs hydrauliques ont du mal à vous réchauffer et qu'ils ont des zones froides, un <a title=\"Désembouage radiateur\" href=\"../../conseils-et-actualites/desembouage-radiateurs-chauffage\">désembouage</a> peut s'avérer nécessaire.</p> <a title=\"Désembouage radiateur\" href=\"../../conseils-et-actualites/desembouage-radiateurs-chauffage\">désembouage</a> <h3>Adapter les réglages saisonniers</h3> <p>Votre chaudière doit s’adapter aux besoins de chaque saison. En hiver, augmentez légèrement la température de vos radiateurs pour faire face au froid. En été ou pendant les périodes moins fraîches, abaissez les réglages pour <a title=\"Chauffage : comment économiser\" href=\"../../conseils-et-actualites/7-astuces-economies-chauffage\">économiser du gaz</a> et éviter une surchauffe inutile. Si vous n’êtes pas à l’aise pour ajuster ces paramètres, un technicien peut vous aider lors d’une visite d’entretien.</p> <a title=\"Chauffage : comment économiser\" href=\"../../conseils-et-actualites/7-astuces-economies-chauffage\">économiser du gaz</a> <h3>Entretenir les conduits d’évacuation</h3> <p>Ils permettent de rejeter en toute sécurité les gaz issus de la combustion. Dans une région comme Nîmes, l’air sec peut favoriser l’accumulation de poussière et de suie, ce qui peut obstruer le conduit. Il est conseillé de les faire vérifier et nettoyer une fois par an par un professionnel. Une bonne évacuation garantit le fonctionnement optimal de votre chaudière et prévient les risques de monoxyde de carbone.</p>"
    },
    {
      "title": "L’entretien annuel de votre chaudière : une étape indispensable",
      "text": "<p>Le climat nîmois, bien que tempéré, nécessite <a title=\"Vérifier son chauffage avant l'hiver\" href=\"../../conseils-et-actualites/preparer-chauffage-hiver-conseils\">un système de chauffage fiable</a>, notamment pendant les périodes froides. Chez GD Energies, nous insistons sur l’importance d’un entretien annuel de votre chaudière gaz. Cette opération, obligatoire, doit être réalisée par un chauffagiste qualifié.</p> <a title=\"Vérifier son chauffage avant l'hiver\" href=\"../../conseils-et-actualites/preparer-chauffage-hiver-conseils\">un système de chauffage fiable</a> <p>Cet entretien n’est pas une simple formalité : il joue un rôle essentiel pour garantir la sécurité de votre foyer, optimiser les performances de votre appareil et prolonger sa durée de vie. Lors de l’intervention, nos experts vérifient les points suivants :</p> <ul>\n<li>Nettoyage des composants (brûleur, échangeur)</li>\n<li>Réglages pour optimiser la combustion, réduire la consommation de gaz et limiter les émissions polluantes.</li>\n<li>Détection des pièces usées ou défaillantes</li>\n<li>Vérification des dispositifs de sécurité : les soupapes, capteurs et conduits d’évacuation sont testés pour écarter tout risque de fuite de gaz ou de monoxyde de carbone.</li>\n</ul> <li>Nettoyage des composants (brûleur, échangeur)</li> <li>Réglages pour optimiser la combustion, réduire la consommation de gaz et limiter les émissions polluantes.</li> <li>Détection des pièces usées ou défaillantes</li> <li>Vérification des dispositifs de sécurité : les soupapes, capteurs et conduits d’évacuation sont testés pour écarter tout risque de fuite de gaz ou de monoxyde de carbone.</li> <p>En faisant entretenir votre chaudière chaque année, vous bénéficiez d’un appareil plus sûr, plus efficace et plus économique. Cette visite préventive permet d’anticiper les pannes et vous évite ainsi des réparations coûteuses.</p> <p>Pour ce faire, GD Energies (<a title=\"GD Energies - Gaz Dépannage Nîmes\" href=\"https://www.gd-energies.fr/gaz-depannage\">anciennement Gaz Dépannage Nîmes</a>) vous propose deux solutions : réaliser une visite d'entretien forfaitaire ou bien souscrire un contrat d’entretien pour votre chaudière.</p> <a title=\"GD Energies - Gaz Dépannage Nîmes\" href=\"https://www.gd-energies.fr/gaz-depannage\">anciennement Gaz Dépannage Nîmes</a>"
    },
    {
      "title": "Panne imminente : reconnaître les signaux d’alerte de votre chaudière",
      "text": "<p>Avant une panne, certains signes peuvent apparaître :</p> <ul>\n<li>Une eau moins chaude ou des radiateurs tièdes.</li>\n<li>Fuite d’eau</li>\n<li>Une augmentation soudaine de la consommation de gaz.</li>\n<li>Des bruits inhabituels, comme des sifflements ou des cliquetis.</li>\n</ul> <li>Une eau moins chaude ou des radiateurs tièdes.</li> <li>Fuite d’eau</li> <li>Une augmentation soudaine de la consommation de gaz.</li> <li>Des bruits inhabituels, comme des sifflements ou des cliquetis.</li> <p>Si vous observez ces symptômes, n’attendez pas ! GD Energies intervient rapidement pour tout<a title=\"Dépannage rapide de chaudière à Nîmes\" href=\"https://www.gd-energies.fr/depannage/chaudieres-gaz\"> dépannage de chaudière gaz à Nîmes</a> !</p> <a title=\"Dépannage rapide de chaudière à Nîmes\" href=\"https://www.gd-energies.fr/depannage/chaudieres-gaz\"> dépannage de chaudière gaz à Nîmes</a>"
    },
    {
      "title": "Chaudière en panne : les bons réflexes",
      "text": "<p>Que faire en cas de panne de votre chaudière ?</p> <ul>\n<li>Assurez-vous que l’alimentation électrique et l’arrivée de gaz sont actives.</li>\n<li>Vérifiez que la pression d’eau est entre 1 et 2 bars.</li>\n<li>Consultez le manuel pour décrypter les éventuels codes d’erreur.</li>\n</ul> <li>Assurez-vous que l’alimentation électrique et l’arrivée de gaz sont actives.</li> <li>Vérifiez que la pression d’eau est entre 1 et 2 bars.</li> <li>Consultez le manuel pour décrypter les éventuels codes d’erreur.</li> <p>Si la panne persiste, contactez nos équipes. Chez GD Energies, nous proposons un service de dépannage gaz réactif et fiable pour les habitants de Nîmes.</p> <p><a title=\"Dépannage rapide Chaudière Gaz\" href=\"/nous-contacter?type=1&amp;categorie=boilers\">Contactez-nous pour un dépannage d’urgence de chaudière dans le Gard</a></p> <a title=\"Dépannage rapide Chaudière Gaz\" href=\"/nous-contacter?type=1&amp;categorie=boilers\">Contactez-nous pour un dépannage d’urgence de chaudière dans le Gard</a>"
    },
    {
      "title": "Optez pour un contrat d’entretien chaudière gaz",
      "text": "<p>Pour plus de tranquillité, GD Energies vous propose des contrats d’entretien de chaudière autour de Nîmes et du <a href=\"https://www.gd-energies.fr/chauffage-grau-du-roi\" title=\"Chauffage Grau Du Roi\">Grau-du-Roi</a>.. Ils incluent :</p> <a href=\"https://www.gd-energies.fr/chauffage-grau-du-roi\" title=\"Chauffage Grau Du Roi\">Grau-du-Roi</a> <ul>\n<li>Une visite annuelle obligatoire.</li>\n<li>Une prise en charge rapide en cas de panne.</li>\n<li>Des conseils personnalisés pour optimiser l’utilisation de votre chaudière.</li>\n<li>Selon votre formule, les déplacements et la main d'œuvre sont inclus.</li>\n</ul> <li>Une visite annuelle obligatoire.</li> <li>Une prise en charge rapide en cas de panne.</li> <li>Des conseils personnalisés pour optimiser l’utilisation de votre chaudière.</li> <li>Selon votre formule, les déplacements et la main d'œuvre sont inclus.</li> <p>Pour obtenir un devis de dépannage ou d’entretien de votre chaudière gaz, appelez-nous ou écrivez-nous directement via notre formulaire de contact !</p>"
    }
  ]
}