{
  "breadcrumb": "Climatisation dans une chambre : le guide complet",
  "seo": {
    "title": "Climatisation chambre : choix, réglages, placement, conseils",
    "description": "Comment bien climatiser une chambre ? Enfants, adultes, seniors : trouvez la climatisation idéale. Guide complet signé GD Energies, expert clim à Nîmes.",
    "opengraph": {
      "site_name": "",
      "type": "",
      "locale": "",
      "title": "",
      "description": "",
      "image": {
        "src": "",
        "alt": ""
      }
    }
  },
  "title": " Climatisation dans une chambre : le guide complet ",
  "chapo": "Quelle climatisation choisir pour une chambre ? Comment la régler ? Quelles précautions d’emploi ?",
  "image": {
    "src": "/upload/files/gd-energies-article-climatisation-chambre-797c0d1a3f.jpg",
    "alt": "Climatisation dans une chambre : le guide complet"
  },
  "intro": "<p>L'été à <a href=\"https://www.gd-energies.fr/chauffage-nimes\" title=\"Chauffage Nimes\">Nîmes</a> et dans le Gard est souvent synonyme de journées ensoleillées, mais aussi de nuits qui peinent à rafraîchir. La chaleur peut rendre le sommeil difficile et peser sur le bien-être de toute la famille. Comment alors transformer sa chambre en un véritable havre de fraîcheur, propice à un repos réparateur ?</p> <p>La climatisation est souvent la réponse, mais il ne s'agit pas de n'importe quelle installation. En effet, les besoins varient considérablement selon l'âge des occupants et la taille de la pièce. Chaque membre de la famille, du bébé à l'aîné, a des besoins spécifiques en matière de fraîcheur.</p> <p>Vous cherchez comment rendre vos nuits plus fraîches à Nîmes ? La chaleur vous empêche de bien dormir et vous souhaitez climatiser votre chambre ? Vous voulez savoir quel système choisir, comment l’installer et garantir le confort de toute la famille ?</p> <p>Suivez le guide GD Energies, votre spécialiste de la climatisation à Nîmes !</p> <p>&nbsp;</p>",
  "paragraphs": [
    {
      "title": "Climatisation pour une chambre d’enfant",
      "text": "<h3>Quelle température pour une chambre de bébé ?</h3> <p>La capacité du corps des bébés à réguler leur propre température n'est pas encore pleinement développée. C’est pourquoi, pour les tout-petits, en particulier les bébés, une température entre&nbsp;<strong>18 et 20 °C</strong>&nbsp;est préconisée. Il est aussi important de maintenir cette fourchette et d’assurer une température stable. Des variations importantes les exposent à des risques d'hypothermie (trop froid) ou d'hyperthermie (trop chaud).</p> <strong>18 et 20 °C</strong> <p>En parallèle, il vous faut aussi maintenir un taux d’humidité stable autour de 50% dans la chambre e votre enfant.</p> <p>Un climatiseur bien réglé et adapté permet justement de créer cet équilibre parfait, été comme hiver, pour que votre enfant puisse grandir et se reposer dans les meilleures conditions. Si vous recherchez une&nbsp;<strong>climatisation pour chambre bébé</strong>, considérez avant tout la stabilité et la douceur de la diffusion d'air.</p> <strong>climatisation pour chambre bébé</strong> <h3>Bébé et fortes chaleur : comment ajuster sa climatisation et ses habitudes</h3> <p>En période de canicule, il est souvent&nbsp;<strong>impossible d’atteindre une températures de 18-20°C,</strong> surtout si la température extérieure dépasse largement 25 °C, voire 30 °C dès le matin.</p> <strong>impossible d’atteindre une températures de 18-20°C,</strong> <ul>\n<li><strong>Faire au mieux pour limiter la hausse de température</strong>&nbsp;dans la chambre (fermer volets et rideaux la journée, aérer tôt le matin ou tard le soir, privilégier la pièce la plus fraîche de la maison, etc.)</li>\n<li><strong>Proposez-leur de l'eau régulièrement</strong> dès qu’ils sont en âge d’en consommer, même s'ils ne la réclament pas.</li>\n<li><strong>Adaptez les vêtements</strong> : s’il fait plus de 26–28 °C dans la chambre, il ne faut pas surcouvrir l’enfant ; un simple body en coton ou une couche peut suffire. Les bébés peuvent aussi rester en couche la nuit pour favoriser la régulation thermique, notamment en l’absence d’une climatisation. Consultez les <a title=\"Recommandations assurance maladie\" href=\"https://www.ameli.fr/assure/actualites/les-conseils-essentiels-pour-proteger-les-plus-jeunes-en-periode-de-fortes-chaleurs\">recommandations des autorités sanitaires</a>.</li>\n</ul> <li><strong>Faire au mieux pour limiter la hausse de température</strong>&nbsp;dans la chambre (fermer volets et rideaux la journée, aérer tôt le matin ou tard le soir, privilégier la pièce la plus fraîche de la maison, etc.)</li> <strong>Faire au mieux pour limiter la hausse de température</strong> <li><strong>Proposez-leur de l'eau régulièrement</strong> dès qu’ils sont en âge d’en consommer, même s'ils ne la réclament pas.</li> <strong>Proposez-leur de l'eau régulièrement</strong> <li><strong>Adaptez les vêtements</strong> : s’il fait plus de 26–28 °C dans la chambre, il ne faut pas surcouvrir l’enfant ; un simple body en coton ou une couche peut suffire. Les bébés peuvent aussi rester en couche la nuit pour favoriser la régulation thermique, notamment en l’absence d’une climatisation. Consultez les <a title=\"Recommandations assurance maladie\" href=\"https://www.ameli.fr/assure/actualites/les-conseils-essentiels-pour-proteger-les-plus-jeunes-en-periode-de-fortes-chaleurs\">recommandations des autorités sanitaires</a>.</li> <strong>Adaptez les vêtements</strong> <a title=\"Recommandations assurance maladie\" href=\"https://www.ameli.fr/assure/actualites/les-conseils-essentiels-pour-proteger-les-plus-jeunes-en-periode-de-fortes-chaleurs\">recommandations des autorités sanitaires</a> <p>Un système de climatisation moderne peut également être équipé de filtres purificateurs d'air, un atout certain pour la santé de vos enfants. Ces filtres aident à réduire la présence d'allergènes et de poussières, assurant ainsi un air intérieur plus sain pour leurs poumons encore fragiles.</p> <h3>GD Energies : quelle climatisation choisir pour une chambre d'enfant ?</h3> <p>Choisir la climatisation pour une chambre d'enfant ne se limite pas à rafraîchir l'air. Il s'agit avant tout de garantir un environnement serein et sûr. Chez GD Energies à Nîmes, nous recommandons des solutions qui privilégient :</p> <ul>\n<li>Le silence de fonctionnement : un appareil discret est préférable pour ne pas perturber le sommeil de l'enfant ;</li>\n<li>Une diffusion d'air douce : pour éviter les courants d'air directs et trop forts est bénéfique pour le confort et la santé ;</li>\n<li>La précision de la régulation : un système capable de maintenir une température constante au degré près, comme un <a title=\"Climatisation réversible à Nîmes\" href=\"https://www.gd-energies.fr/equipements/climatisations\">monosplit réversible</a>, est idéal. Ce type d'équipement (pompe à chaleur air-air) permet non seulement de climatiser en été, mais aussi de chauffer en hiver.</li>\n</ul> <li>Le silence de fonctionnement : un appareil discret est préférable pour ne pas perturber le sommeil de l'enfant ;</li> <li>Une diffusion d'air douce : pour éviter les courants d'air directs et trop forts est bénéfique pour le confort et la santé ;</li> <li>La précision de la régulation : un système capable de maintenir une température constante au degré près, comme un <a title=\"Climatisation réversible à Nîmes\" href=\"https://www.gd-energies.fr/equipements/climatisations\">monosplit réversible</a>, est idéal. Ce type d'équipement (pompe à chaleur air-air) permet non seulement de climatiser en été, mais aussi de chauffer en hiver.</li> <a title=\"Climatisation réversible à Nîmes\" href=\"https://www.gd-energies.fr/equipements/climatisations\">monosplit réversible</a> <p>Idéalement, choisissez un appareil dont <strong>le niveau sonore ne dépasse pas 20 dB(A)</strong> en mode nuit. Ce seuil correspond à un bruit à peine perceptible, comparable au bruissement des feuilles, et ne perturbe donc pas le sommeil des plus petits. Au-delà de 25 dB(A), le bruit devient sensible et peut gêner le repos, surtout chez le bébé ou le jeune enfant.</p> <strong>le niveau sonore ne dépasse pas 20 dB(A)</strong> <p>Le positionnement de l’unité intérieure est également essentiel. Elle doit être installée de façon à éviter que le flux d’air ne souffle directement sur le lit de l’enfant. Chez GD Energies, nous recommandons une <strong>pose en hauteur</strong>, généralement sur un mur opposé ou perpendiculaire au lit, afin de permettre une diffusion douce et uniforme de l’air dans toute la pièce. L’accès pour l’entretien et la sécurité électrique sont aussi pris en compte lors de l’installation.</p> <strong>pose en hauteur</strong> <p>Que vous cherchiez une&nbsp;<strong>mini climatisation chambre</strong>&nbsp;ou une solution pour une&nbsp;<strong>chambre de 15m2</strong>&nbsp;ou&nbsp;<strong>20m2</strong>, l'<a title=\"Installation de climatisation à Nîmes\" href=\"https://www.gd-energies.fr/installation/climatisations\">installation par des professionnels qualifiés de GD Energies</a> à Nîmes garantit non seulement la performance de votre système, mais aussi sa discrétion et sa sécurité, pour des nuits paisibles et fraîches pour vos petits Gardois.</p> <strong>mini climatisation chambre</strong> <strong>chambre de 15m2</strong> <strong>20m2</strong> <a title=\"Installation de climatisation à Nîmes\" href=\"https://www.gd-energies.fr/installation/climatisations\">installation par des professionnels qualifiés de GD Energies</a> <h4>Éviter les courants d’air et ajuster la puissance</h4> <p>En plus du positionnement de l’unité intérieure, quelques gestes rendront la climatisation encore plus agréable dans la chambre de votre enfant. Pour éviter qu’elle ne souffle directement sur son lit, il est important de régler à la fois la puissance et l’orientation du soufflage :</p> <ul>\n<li><strong>Orientation du flux d’air</strong>&nbsp;: orientez les ailettes (volets) de la climatisation vers le haut ou sur les côtés, jamais en direction du lit ou de l’endroit où dort l’enfant. Sur la plupart des modèles, vous pouvez régler manuellement ou avec la télécommande la direction du flux d’air. En dirigeant l’air vers le plafond, vous favorisez une diffusion plus douce et homogène dans la pièce, qui finit par redescendre naturellement sans créer de courant d’air direct.</li>\n<li><strong>Réglage de la puissance</strong>&nbsp;: évitez les modes de fonctionnement trop puissants qui créent un flux d’air fort et ciblé. Privilégiez le mode « nuit » ou « silencieux », adapté pour fonctionner à faible vitesse. Cela limite l'intensité du soufflage et réduit le risque d’air froid sur l’enfant.</li>\n<li><strong>Oscillation automatique</strong>&nbsp;: activez la fonction d’oscillation horizontale et/ou verticale si votre appareil en dispose. Cela permet une meilleure répartition de l’air dans la pièce et évite qu’il se concentre sur une seule zone.</li>\n</ul> <li><strong>Orientation du flux d’air</strong>&nbsp;: orientez les ailettes (volets) de la climatisation vers le haut ou sur les côtés, jamais en direction du lit ou de l’endroit où dort l’enfant. Sur la plupart des modèles, vous pouvez régler manuellement ou avec la télécommande la direction du flux d’air. En dirigeant l’air vers le plafond, vous favorisez une diffusion plus douce et homogène dans la pièce, qui finit par redescendre naturellement sans créer de courant d’air direct.</li> <strong>Orientation du flux d’air</strong> <li><strong>Réglage de la puissance</strong>&nbsp;: évitez les modes de fonctionnement trop puissants qui créent un flux d’air fort et ciblé. Privilégiez le mode « nuit » ou « silencieux », adapté pour fonctionner à faible vitesse. Cela limite l'intensité du soufflage et réduit le risque d’air froid sur l’enfant.</li> <strong>Réglage de la puissance</strong> <li><strong>Oscillation automatique</strong>&nbsp;: activez la fonction d’oscillation horizontale et/ou verticale si votre appareil en dispose. Cela permet une meilleure répartition de l’air dans la pièce et évite qu’il se concentre sur une seule zone.</li> <strong>Oscillation automatique</strong>"
    },
    {
      "title": "Climatisation : comment rafraîchir votre chambre cet été",
      "text": "<h3>Performance et silence : ne les négligez pas pour bien climatiser votre chambre</h3> <p>Pour les adultes, la chambre est aussi un sanctuaire dédié au repos. Une bonne climatisation y devient un facteur clé pour un sommeil réparateur,&nbsp;même&nbsp;en pleine canicule nîmoise. La performance de l'appareil est attendue, mais le silence de fonctionnement est tout aussi important pour ne pas perturber les nuits. Personne ne souhaite être réveillé par un ronronnement intempestif ! De plus, la capacité de l'appareil doit être en adéquation avec la taille de la pièce. Que votre&nbsp;<strong>chambre à coucher</strong>&nbsp;fasse 15m2 ou 20m2, un dimensionnement précis est gage d'efficacité et de confort.</p> <strong>chambre à coucher</strong> <h3>Climatisation éco-responsable : comment faire des économies à Nîmes</h3> <p>Investir dans une&nbsp;<strong>climatisation pour chambre</strong>&nbsp;représente un coût, mais choisir un appareil économe en énergie peut vous faire réaliser des économies significatives sur le long terme. Les <strong>systèmes Inverter</strong>, par exemple, ajustent leur puissance de manière continue, évitant ainsi les pics de consommation et réduisant l'usure de l'appareil.</p> <strong>climatisation pour chambre</strong> <strong>systèmes Inverter</strong> <p>Pour optimiser votre consommation, quelques astuces :</p> <ul>\n<li><strong>Le bon réglage :</strong>&nbsp;une différence de 5 à 7 °C avec l'extérieur est souvent suffisante pour un confort optimal sans surconsommer.</li>\n<li><strong>L'entretien régulier :</strong>&nbsp;des filtres propres et <a title=\"Entretien de climatisation à Nîmes\" href=\"https://www.gd-energies.fr/entretien/climatisations\">un système vérifié par un professionnel</a> assurent une meilleure efficacité énergétique et prolongent la durée de vie de l'appareil.</li>\n<li><strong>L'isolation :</strong>&nbsp;complétez votre installation par une bonne isolation et des protections solaires (volets fermés la journée) pour maintenir la fraîcheur.</li>\n</ul> <li><strong>Le bon réglage :</strong>&nbsp;une différence de 5 à 7 °C avec l'extérieur est souvent suffisante pour un confort optimal sans surconsommer.</li> <strong>Le bon réglage :</strong> <li><strong>L'entretien régulier :</strong>&nbsp;des filtres propres et <a title=\"Entretien de climatisation à Nîmes\" href=\"https://www.gd-energies.fr/entretien/climatisations\">un système vérifié par un professionnel</a> assurent une meilleure efficacité énergétique et prolongent la durée de vie de l'appareil.</li> <strong>L'entretien régulier :</strong> <a title=\"Entretien de climatisation à Nîmes\" href=\"https://www.gd-energies.fr/entretien/climatisations\">un système vérifié par un professionnel</a> <li><strong>L'isolation :</strong>&nbsp;complétez votre installation par une bonne isolation et des protections solaires (volets fermés la journée) pour maintenir la fraîcheur.</li> <strong>L'isolation :</strong> <p>GD Energies peut vous conseiller sur <a title=\"Offre climatisation 2025\" href=\"../../conseils-et-actualites/offre-climatisation-2025\">les modèles offrant le meilleur rapport qualité/prix</a> pour votre<strong> climatisation de chambre</strong> à Nîmes. Nous proposons aussi l'installation de <a title=\"Panneaux solaires et consommation d'une climatisation\" href=\"../../conseils-et-actualites/tout-savoir-sur-la-climatisation-et-panneaux-solaires\">panneaux solaires photovoltaïques avec votre climatisation</a>, pour alimenter votre maison en électricité : de quoi faire des économies sur le long terme !</p> <a title=\"Offre climatisation 2025\" href=\"../../conseils-et-actualites/offre-climatisation-2025\">les modèles offrant le meilleur rapport qualité/prix</a> <strong> climatisation de chambre</strong> <a title=\"Panneaux solaires et consommation d'une climatisation\" href=\"../../conseils-et-actualites/tout-savoir-sur-la-climatisation-et-panneaux-solaires\">panneaux solaires photovoltaïques avec votre climatisation</a> <h3>Les solutions GD Energies à Nîmes pour climatiser une chambre parentale</h3> <p>Au-delà des performances, la&nbsp;<strong>climatisation de la chambre</strong>&nbsp;doit s'intégrer harmonieusement à votre intérieur. GD Energies vous propose un large éventail de solutions, allant du classique climatiseur mural, discret et efficace, aux systèmes gainables, totalement invisibles, car dissimulés dans les faux plafonds.</p> <strong>climatisation de la chambre</strong> <p>Nos solutions intègrent des fonctionnalités pensées pour votre confort :</p> <ul>\n<li><strong>Programmation intelligente :</strong>&nbsp;pour régler la température souhaitée pour votre retour ou pour la nuit.</li>\n<li><strong>Mode nuit :</strong>&nbsp;un fonctionnement encore plus silencieux et des ajustements de température progressifs.</li>\n<li><strong>Purification de l'air :</strong>&nbsp;des filtres avancés pour un air débarrassé des allergènes et des particules fines.</li>\n</ul> <li><strong>Programmation intelligente :</strong>&nbsp;pour régler la température souhaitée pour votre retour ou pour la nuit.</li> <strong>Programmation intelligente :</strong> <li><strong>Mode nuit :</strong>&nbsp;un fonctionnement encore plus silencieux et des ajustements de température progressifs.</li> <strong>Mode nuit :</strong> <li><strong>Purification de l'air :</strong>&nbsp;des filtres avancés pour un air débarrassé des allergènes et des particules fines.</li> <strong>Purification de l'air :</strong> <p>L'<a title=\"GD Energies est certifiée RGE QualiPAC\" href=\"/qui-sommes-nous/certifications-et-marques\">expertise de GD Energies à Nîmes</a> garantit une&nbsp;<strong><a title=\"Durée d'une installation de climatisation\" href=\"../../conseils-et-actualites/duree-installation-climatisation\">installation de votre climatisation pour chambre&nbsp;rapide</a></strong>, propre et conforme à vos attentes, pour des nuits sereines et rafraîchies dans le Gard.</p> <a title=\"GD Energies est certifiée RGE QualiPAC\" href=\"/qui-sommes-nous/certifications-et-marques\">expertise de GD Energies à Nîmes</a> <strong><a title=\"Durée d'une installation de climatisation\" href=\"../../conseils-et-actualites/duree-installation-climatisation\">installation de votre climatisation pour chambre&nbsp;rapide</a></strong> <a title=\"Durée d'une installation de climatisation\" href=\"../../conseils-et-actualites/duree-installation-climatisation\">installation de votre climatisation pour chambre&nbsp;rapide</a>"
    },
    {
      "title": "Climatisation chambre personnes âgées : ce qu’il faut savoir",
      "text": "<h3>Canicule et seniors : climatiser la chambre, un geste parfois vital</h3> <p>Les personnes âgées sont particulièrement vulnérables face aux fortes chaleurs estivales. Leur corps régule moins bien la température, ce qui les expose davantage aux risques de déshydratation, de coup de chaleur, voire de complications médicales.</p> <p>Dans le Gard, où les étés sont souvent très chauds, disposer d'un climatiseur dans une chambre devient bien plus qu'un confort : c'est un geste vital pour leur santé et leur sécurité. Une période de rafraîchissement quotidien, même courte (2-3 heures), peut faire une réelle différence.</p> <h3>Une climatisation sûre et efficace : nos recommandations pour les seniors à Nîmes</h3> <p>Pour les chambres occupées par des seniors, l'attention doit être portée sur la sécurité et le bien-être. Quelques recommandations sont à suivre :</p> <ul>\n<li><strong>Température et humidité</strong> Maintenez une température autour de 25-26 °C&nbsp;et une hygrométrie entre 30 et 60 %&nbsp;. Évitez les écarts trop importants avec l'extérieur (pas plus de 5 °C de différence) pour prévenir les chocs thermiques.</li>\n<li><strong>Qualité de l'air</strong> Privilégiez les modèles équipés de filtres antibactériens et anti-allergènes&nbsp;. La circulation de l'air doit être douce et indirecte pour éviter les courants d'air désagréables&nbsp;.</li>\n<li><strong>Entretien régulier</strong> Un nettoyage fréquent des filtres et un contrôle professionnel sont indispensables pour éviter la prolifération de bactéries (comme la légionellose dans les systèmes mal entretenus) et assurer un air sain.</li>\n</ul> <li><strong>Température et humidité</strong> Maintenez une température autour de 25-26 °C&nbsp;et une hygrométrie entre 30 et 60 %&nbsp;. Évitez les écarts trop importants avec l'extérieur (pas plus de 5 °C de différence) pour prévenir les chocs thermiques.</li> <strong>Température et humidité</strong> <li><strong>Qualité de l'air</strong> Privilégiez les modèles équipés de filtres antibactériens et anti-allergènes&nbsp;. La circulation de l'air doit être douce et indirecte pour éviter les courants d'air désagréables&nbsp;.</li> <strong>Qualité de l'air</strong> <li><strong>Entretien régulier</strong> Un nettoyage fréquent des filtres et un contrôle professionnel sont indispensables pour éviter la prolifération de bactéries (comme la légionellose dans les systèmes mal entretenus) et assurer un air sain.</li> <strong>Entretien régulier</strong> <p>Si la personne est moins autonome, une&nbsp;<strong>climatisation pour chambre</strong>&nbsp;facile à manipuler est un atout.</p> <strong>climatisation pour chambre</strong> <h3>GD Energies : l’installation et l'entretien adaptés aux besoins des séniors</h3> <p>Chez GD Energies à Nîmes, nous comprenons les spécificités des installations pour les personnes âgées. Nous privilégions des systèmes :</p> <ul>\n<li><strong>Simples d'utilisation :</strong>&nbsp;avec des commandes claires et accessibles.</li>\n<li><strong>Silencieux et doux :</strong>&nbsp;pour ne pas perturber le repos.</li>\n<li><strong>Fiables et entretenus :</strong>&nbsp;nous proposons des contrats d'entretien pour garantir un fonctionnement optimal et un air pur tout au long de l'année.</li>\n</ul> <li><strong>Simples d'utilisation :</strong>&nbsp;avec des commandes claires et accessibles.</li> <strong>Simples d'utilisation :</strong> <li><strong>Silencieux et doux :</strong>&nbsp;pour ne pas perturber le repos.</li> <strong>Silencieux et doux :</strong> <li><strong>Fiables et entretenus :</strong>&nbsp;nous proposons des contrats d'entretien pour garantir un fonctionnement optimal et un air pur tout au long de l'année.</li> <strong>Fiables et entretenus :</strong> <p>Notre équipe accompagne les familles nîmoises pour un projet de&nbsp;<strong>climatisation chambre</strong>&nbsp;sécurisé et adapté, contribuant ainsi au confort et à la tranquillité d'esprit de nos aînés face aux chaleurs du Gard.</p> <strong>climatisation chambre</strong> <p>Que ce soit pour assurer le sommeil réparateur de vos enfants, votre propre confort ou la sécurité de vos aînés, <strong>climatiser une chambre</strong>&nbsp;est un investissement dans le bien-être de votre foyer. Un système bien choisi et correctement installé permet de transformer vos nuits estivales à Nîmes.</p> <strong>climatiser une chambre</strong> <p>Chez GD Energies, notre<a title=\"Zone d'intervention dans le Gard\" href=\"/qui-sommes-nous/zones-intervention\"> expertise locale dans le Gard</a> vous assure un conseil personnalisé et une installation professionnelle. N'hésitez pas à nous contacter pour une étude de votre projet et un devis gratuit. Offrez à chaque chambre de votre maison le confort qu'elle mérite.</p> <a title=\"Zone d'intervention dans le Gard\" href=\"/qui-sommes-nous/zones-intervention\"> expertise locale dans le Gard</a>"
    }
  ]
}