{
  "breadcrumb": "Chauffe-bain gaz : comment l’entretenir ?",
  "seo": {
    "title": "Chauffe-eau gaz : comment l'entretenir ? Guide pratique",
    "description": "Évitez les pannes de chauffe-bain gaz à Nîmes ! Suivez les conseils des eexperts GD Energies - Gaz Dépannage à Nîmes : entretien, détartrage et remplacement de chauffe-eau gaz.",
    "opengraph": {
      "site_name": "",
      "type": "",
      "locale": "",
      "title": "",
      "description": "",
      "image": {
        "src": "",
        "alt": ""
      }
    }
  },
  "title": " Chauffe-bain gaz : comment l’entretenir ? ",
  "chapo": "Les astuces pour prolonger la durée de vie de votre chauffe-bain gaz\n",
  "image": {
    "src": "/upload/files/gd-energies-article-comment-entretenir-chauffe-eau-gaz-d3225609da.jpg",
    "alt": "Chauffe-bain gaz : comment l’entretenir ?"
  },
  "intro": "<p>Saviez-vous que de simples gestes d’entretien peuvent prolonger la durée de vie de votre chauffe-bain gaz tout en évitant les pannes ?</p> <p>Souvent négligé, cet appareil joue pourtant un rôle important dans votre quotidien. Pour optimiser son fonctionnement et réaliser des économies, il suffit d’adopter quelques petites habitudes préventives.</p> <p>Notre équipe vous dévoile quelques astuces pour garantir des années de performance à votre chauffe-bain !</p>",
  "paragraphs": [
    {
      "title": "Comprendre le fonctionnement de votre chauffe-bain gaz",
      "text": "<p>Pour mieux appréhender l’<a title=\"Entretien chauffe-eau gaz\" href=\"https://www.gd-energies.fr/entretien/chauffe-eaux-chauffe-bains\">entretien de votre chauffe-eau gaz</a> et mieux visualiser sa structure, il est utile de savoir comment il fonctionne :</p> <a title=\"Entretien chauffe-eau gaz\" href=\"https://www.gd-energies.fr/entretien/chauffe-eaux-chauffe-bains\">entretien de votre chauffe-eau gaz</a> <ol>\n<li>Le gaz est acheminé jusqu’à un brûleur qui s’allume pour chauffer l’eau.</li>\n<li>L’eau froide passe dans un échangeur thermique où elle est alors réchauffée.</li>\n<li>L’eau chaude est ensuite envoyée directement à vos robinets.</li>\n</ol> <li>Le gaz est acheminé jusqu’à un brûleur qui s’allume pour chauffer l’eau.</li> <li>L’eau froide passe dans un échangeur thermique où elle est alors réchauffée.</li> <li>L’eau chaude est ensuite envoyée directement à vos robinets.</li>"
    },
    {
      "title": "Checklist : les gestes d’entretien pour préserver votre chauffe-eau gaz",
      "text": "<h3>Nettoyer ou faire nettoyer régulièrement les composants :</h3> <p><strong>Dépoussiérez le brûleur</strong> et les grilles d’aération pour éviter l’encrassement.</p> <strong>Dépoussiérez le brûleur</strong> <p>Vous pouvez le faire si ces éléments sont accessibles sans démonter l’appareil. Il est important de couper l'alimentation en gaz et en électricité avant toute intervention. Utilisez un pinceau ou un chiffon doux pour éliminer la poussière. Si les composants ne sont pas facilement accessibles ou nécessitent des outils spécifiques, il vaut mieux éviter de tenter une intervention.</p> <p><strong>Faites aussi inspecter les conduits</strong> pour repérer toute obstruction.</p> <strong>Faites aussi inspecter les conduits</strong> <h3>Prévenir le tartre</h3> <p><strong>Faites <a title=\"Pose d'adoucisseur d'eau\" href=\"https://www.gd-energies.fr/installation/adoucisseurs-eau\">installer un adoucisseur d’eau</a></strong>, la région nîmoise étant sujette par endroit à une eau très calcaire. Le <a title=\"Adoucisseur d'eau à Nîmes\" href=\"https://www.gd-energies.fr/equipements/adoucisseurs-eau\">tartre</a> peut s’accumuler rapidement et affecter l’efficacité de votre chauffe-bain.</p> <strong>Faites <a title=\"Pose d'adoucisseur d'eau\" href=\"https://www.gd-energies.fr/installation/adoucisseurs-eau\">installer un adoucisseur d’eau</a></strong> <a title=\"Pose d'adoucisseur d'eau\" href=\"https://www.gd-energies.fr/installation/adoucisseurs-eau\">installer un adoucisseur d’eau</a> <a title=\"Adoucisseur d'eau à Nîmes\" href=\"https://www.gd-energies.fr/equipements/adoucisseurs-eau\">tartre</a> <p><strong>Faites faire un détartrage</strong> de façon régulière pour préserver l’efficacité du système. Nos techniciens contrôlent également les dépôts dans l’échangeur thermique lors de la visite d’entretien.</p> <strong>Faites faire un détartrage</strong>"
    },
    {
      "title": "L’importance de l’entretien professionnel pour votre chauffe-bain gaz",
      "text": "<p>Faire durer votre chauffe-bain gaz, c’est aussi préserver votre confort au quotidien. Chez GD Energies, anciennement <a title=\"Gaz Dépannage\" href=\"https://www.gd-energies.fr/gaz-depannage\">Gaz Dépannage Nîmes</a>, nous avons à cœur de vous accompagner avec des solutions d’entretien adaptées. Chaque intervention de nos techniciens certifiés est l’occasion de redonner à votre appareil son plein potentiel. Pour ce faire, nos professionnels réalisent plusieurs opérations :</p> <a title=\"Gaz Dépannage\" href=\"https://www.gd-energies.fr/gaz-depannage\">Gaz Dépannage Nîmes</a> <ul>\n<li>Le nettoyage approfondi des pièces internes, pour éviter l’encrassement.</li>\n<li>La vérification des éléments de sécurité, comme les dispositifs de coupure automatique.</li>\n<li>Le réglage précis du brûleur, garantissant une consommation de gaz optimisée.</li>\n<li>Le remplacement des pièces usées ou défectueuses (sous réserve de l’acceptation d’un devis).</li>\n</ul> <li>Le nettoyage approfondi des pièces internes, pour éviter l’encrassement.</li> <li>La vérification des éléments de sécurité, comme les dispositifs de coupure automatique.</li> <li>Le réglage précis du brûleur, garantissant une consommation de gaz optimisée.</li> <li>Le remplacement des pièces usées ou défectueuses (sous réserve de l’acceptation d’un devis).</li> <p>Nos experts peuvent également détecter des signes d’usure ou des anomalies avant qu’elles ne provoquent une panne, vous offrant ainsi une tranquillité d’esprit et un appareil toujours performant.</p> <p><em>Votre chauffe-eau est en panne ? <a title=\"Dépannage de chauffe-eau à Nîmes\" href=\"https://www.gd-energies.fr/depannage/chauffe-eaux-chauffe-bains\">En savoir plus sur nos prestations de dépannage et de réparation</a></em></p> <em>Votre chauffe-eau est en panne ? <a title=\"Dépannage de chauffe-eau à Nîmes\" href=\"https://www.gd-energies.fr/depannage/chauffe-eaux-chauffe-bains\">En savoir plus sur nos prestations de dépannage et de réparation</a></em> <a title=\"Dépannage de chauffe-eau à Nîmes\" href=\"https://www.gd-energies.fr/depannage/chauffe-eaux-chauffe-bains\">En savoir plus sur nos prestations de dépannage et de réparation</a>"
    },
    {
      "title": "Quand faut-il remplacer votre chauffe-eau gaz ?",
      "text": "<p>Malgré un bon entretien, <a title=\"Chauffe-eau gaz, chauffe-bain\" href=\"https://www.gd-energies.fr/equipements/chauffe-eaux-chauffe-bains\">un chauffe-bain</a> a une durée de vie moyenne de 10 à 15 ans en moyenne. Comme tout équipement, il vieillit et peut rencontrer à la longue des dysfonctionnements. Quelques signes pourront vous indiquer qu’il est peut-être temps de remplacer votre chauffe-eau gaz :</p> <a title=\"Chauffe-eau gaz, chauffe-bain\" href=\"https://www.gd-energies.fr/equipements/chauffe-eaux-chauffe-bains\">un chauffe-bain</a> <ul>\n<li>Une baisse régulière de la température de l’eau.</li>\n<li>Une consommation de gaz plus élevée sans raison apparente.</li>\n<li>Des pannes fréquentes malgré l’entretien.</li>\n</ul> <li>Une baisse régulière de la température de l’eau.</li> <li>Une consommation de gaz plus élevée sans raison apparente.</li> <li>Des pannes fréquentes malgré l’entretien.</li> <p>Un chauffe-bain ancien peut être remplacé par un modèle plus moderne et économique. N’hésitez pas à demander conseil à nos équipes ! GD Energies est votre expert du chauffage au gaz à <a href=\"https://www.gd-energies.fr/chauffage-nimes\" title=\"Chauffage Nimes\">Nîmes</a>. Nous intervenons dans un rayon de 30 kilomètres autour de Nîmes, ainsi qu’autour du <a href=\"https://www.gd-energies.fr/chauffage-grau-du-roi\" title=\"Chauffage Grau Du Roi\">Grau-du-Roi</a>.</p> <a href=\"https://www.gd-energies.fr/chauffage-nimes\" title=\"Chauffage Nimes\">Nîmes</a> <a href=\"https://www.gd-energies.fr/chauffage-grau-du-roi\" title=\"Chauffage Grau Du Roi\">Grau-du-Roi</a>"
    }
  ]
}