{
  "breadcrumb": "Mes radiateurs ne chauffent pas bien : avez-vous fait un désembouage ?",
  "seo": {
    "title": "Radiateurs qui ne chauffent pas bien : quid du désembouage ?",
    "description": "Vos radiateurs ont des zones froides ? Non homogènes ? Ils chauffent moins bien qu'avant ? Ils se sont sûrement emboués avec le temps. On vous explique tout : n'ayez plus froid et faites des économies !",
    "opengraph": {
      "site_name": "",
      "type": "",
      "locale": "",
      "title": "",
      "description": "",
      "image": {
        "src": "",
        "alt": ""
      }
    }
  },
  "title": " Mes radiateurs ne chauffent pas bien : avez-vous fait un désembouage ? ",
  "chapo": "Vos radiateurs ont des zones froides ? Ils chauffent moins bien qu'avant ? Ils sont peut-être emboués !",
  "image": {
    "src": "/upload/files/gd-energies-article-desembouage-radiateurs-456x334-fda808d653.jpg",
    "alt": "Mes radiateurs ne chauffent pas bien : avez-vous fait un désembouage ?"
  },
  "intro": "<p>L'approche de l'hiver nécessite une préparation minutieuse de notre système de chauffage domestique, notamment en ce qui concerne l'entretien des radiateurs. Le désembouage, souvent négligé, joue un rôle crucial dans l'efficacité énergétique et la longévité de notre installation. Dans cet article, nous explorerons en détail ce processus souvent méconnu, en mettant l'accent sur son importance, les méthodes recommandées, et les avantages pour les propriétaires.</p>",
  "paragraphs": [
    {
      "title": "Qu'est-ce que le désembouage des radiateurs ?",
      "text": "<p>Avant d'entrer dans les détails techniques, il est essentiel de comprendre ce que signifie exactement le désembouage des radiateurs. Avec le temps, les radiateurs peuvent accumuler des dépôts de boue, de corrosion et de particules métalliques qui réduisent leur efficacité.</p> <p>Le désembouage consiste à purger les conduites et radiateurs d'une installation de chauffage central pour éliminer les dépôts, boues et poches d'air qui s'y accumulent au fil du temps. Ces résidus entravent la bonne circulation de l'eau chaude, ce qui nuit au rendement du système. Les principaux signaux d'alerte : des radiateurs partiellement chauds, froids en bas, des bruits de gargouillis, une chaudière bruyante ou une consommation énergétique accrue.</p>"
    },
    {
      "title": "Pourquoi est-ce important ?",
      "text": "<p>Une installation embouée connaîtra inévitablement des dysfonctionnements : circulation d'eau perturbée, chauffe irrégulière et lente des radiateurs, usure prématurée des composants... Résultat : votre confort est amoindri et votre consommation énergétique explose ! Un bon désembouage permettra de retrouver un chauffage optimal et de réaliser jusqu'à 15% d'économies selon certaines études.</p>"
    },
    {
      "title": "Comment procéder ?",
      "text": "<p>Il existe plusieurs méthodes pour nettoyer et désembouer efficacement les radiateurs. Les approches les plus courantes incluent le désembouage chimique, mécanique ou une combinaison des deux.</p> <p>Le désembouage complet nécessite de purger tous les radiateurs, mais aussi de rincer les canalisations à l'aide d'un produit désincrustant. Si vous optez pour l'auto-désembouage, procurez-vous l'équipement adéquat (pompe, raccords, produits) et suivez scrupuleusement le mode d'emploi. En cas de doute, faites plutôt appel à un professionnel qui disposera du matériel et des compétences requises.</p>"
    },
    {
      "title": "Pourquoi faire appel à un professionnel pour le désembouage ?",
      "text": "<p>Bien que certains propriétaires puissent envisager de désembouer leurs radiateurs par eux-mêmes, faire appel à un professionnel expérimenté peut garantir que le travail est effectué correctement et en toute sécurité.</p> <p>Chez GD Energies, nos plombiers chauffagistes possèdent une expertise approfondie dans le nettoyage des systèmes de chauffage. Ils sont formés pour évaluer l'état de vos radiateurs et choisir la méthode de désembouage la plus adaptée à votre système spécifique.</p> <p>Ils disposent aussi d'équipements spécialisés tels que des <strong>pompes de désembouage</strong>, des produits professionnels et d'autres outils nécessaires pour effectuer un nettoyage complet et efficace. Manipuler des produits chimiques ou travailler avec de l'eau sous pression peut présenter des risques. C’est pourquoi nous vous recommandons de faire appel à nos équipes dans le Gard pour réaliser le désembouage de votre circuit de chauffage. Nos plombiers chauffagistes sont formés pour prendre toutes les précautions nécessaires afin d'assurer votre sécurité et l'intégrité de votre système de chauffage.</p>"
    },
    {
      "title": "Entretien et prévention",
      "text": "<p>Pour retarder l'encrassement de votre installation, quelques gestes simples sont recommandés : purgez régulièrement vos radiateurs, faites régler la pression et le débit de la chaudière, et envisagez l'installation d'un filtre à boue. Un désembouage complet tous les 5 à 10 ans est cependant indispensable pour un fonctionnement optimal sur le long terme.</p>"
    }
  ]
}