{
  "breadcrumb": "Combien de temps faut-il pour installer une climatisation chez moi ?",
  "seo": {
    "title": "Combien de temps pour installer une climatisation à Nîmes ?",
    "description": "Vous hésitez à faire poser une clim ? Chez GD Energies à Nîmes, l’installation est rapide, propre et réalisée par des techniciens certifiés RGE QualiPAC.",
    "opengraph": {
      "site_name": "",
      "type": "",
      "locale": "",
      "title": "",
      "description": "",
      "image": {
        "src": "",
        "alt": ""
      }
    }
  },
  "title": " Combien de temps faut-il pour installer une climatisation chez moi ? ",
  "chapo": "Vous pensez qu’installer une clim prend des jours et des jours ? Détrompez-vous.",
  "image": {
    "src": "/upload/files/gd-energies-article-duree-installation-climatisation-9f99883bef.jpg",
    "alt": "Combien de temps faut-il pour installer une climatisation chez moi ?"
  },
  "intro": "<p>Chez GD Energies, nous rencontrons souvent des clients qui hésitent à sauter le pas par peur d’un chantier long, bruyant, ou contraignant. C’est une inquiétude compréhensible : personne n’a envie de transformer son salon en chantier pendant plusieurs jours. Pourtant, la réalité est souvent bien différente.</p> <p>Bonne nouvelle : avec les bons équipements et une équipe expérimentée, l’installation d’une climatisation peut être rapide, propre et efficace… même dans un logement occupé.</p> <p>Basés à <a href=\"https://www.gd-energies.fr/chauffage-nimes\" title=\"Chauffage Nimes\">Nîmes</a>, nous intervenons dans tout le Gard pour poser des climatisations <strong>murales mono-split ou multi-split</strong>, sans travaux lourds ni délais interminables.</p>",
  "paragraphs": [
    {
      "title": "Mono-split ou multi-split : combien de temps de pose prévoir selon votre projet ?",
      "text": "<p>Le temps nécessaire pour <a title=\"Pose de climatisation à Nîmes\" href=\"https://www.gd-energies.fr/installation/climatisations\">installer une climatisation</a> dépend principalement du <strong>nombre de pièces à équiper</strong> et de la <strong>configuration de votre logement</strong>. Mais dans tous les cas, nous privilégions des interventions efficaces, sans compromis sur la qualité.</p> <h3>Si vous souhaitez équiper une seule pièce</h3> <p>Vous optez pour un <a title=\"Climatisation réversible split à Nîmes\" href=\"https://www.gd-energies.fr/equipements/climatisations\">système mono-split</a> ? C’est-à-dire une unité intérieure (dans le salon, <a title=\"Climatisation pour chambre\" href=\"../../conseils-et-actualites/climatisation-chambre\">la chambre</a> ou un bureau) reliée à un groupe extérieur.</p> <p>Ce type d’installation est <strong>le plus rapide à mettre en place</strong>. Dans la plupart des cas, <strong>une demi-journée à une journée suffit</strong> pour tout installer, raccorder, tester et vous expliquer le fonctionnement.</p> <p>C’est la solution idéale pour un premier équipement ou pour améliorer le confort d’une pièce stratégique :</p> <ul>\n<li>Salon</li>\n<li>Bureau</li>\n<li>Chambre</li>\n</ul> <h3>Si vous souhaitez climatiser plusieurs pièces</h3> <p>Vous envisagez d’installer un système <strong>multi-split</strong>, avec deux, trois ou même quatre unités intérieures ? Là encore, l’installation reste rapide et maîtrisée. Comptez <strong>entre une et trois journées de travail</strong>, selon l’accessibilité, la configuration du logement et le nombre de percements à réaliser.</p> <p>Pas d’inquiétude : nous nous organisons pour limiter l’impact sur votre quotidien. Nos techniciens travaillent avec soin et discrétion, en veillant à <strong>laisser un intérieur propre et fonctionnel à chaque étape</strong>.</p>"
    },
    {
      "title": "Une intervention rapide… et bien faite",
      "text": "<p>Chez GD Energies, nous croyons qu’une installation de climatisation ne doit pas être stressante ni compliquée. C’est pourquoi nous avons mis en place une organisation précise et transparente :</p> <ul>\n<li>Une <strong>visite technique gratuite</strong>, pour évaluer vos besoins et vérifier la faisabilité,</li>\n<li>Un <strong>devis détaillé</strong>, sans surprise,</li>\n<li>La possibilité de <strong>payer en plusieurs fois</strong>,</li>\n<li>Un <strong>accompagnement dans le choix des emplacements</strong>, pour concilier efficacité et discrétion,</li>\n<li>Une <strong>pose soignée</strong>, réalisée dans les règles de l’art par <a title=\"GD Energies est certifiée RGE QualiPAC\" href=\"/qui-sommes-nous/certifications-et-marques\">nos techniciens certifiés <strong>RGE QualiPAC</strong></a>,</li>\n<li>Une <strong>mise en service complète</strong>, avec tests, réglages et explications personnalisées.</li>\n</ul> <p>En clair : tout est fait pour que votre climatisation&nbsp;soit <strong>prête à l’emploi dès notre départ</strong>, sans attente ni tracas.</p>"
    },
    {
      "title": "Une installation rapide, mais pas bâclée",
      "text": "<p>Installer une climatisation, ce n’est pas seulement fixer un appareil au mur. C’est penser le bon emplacement, assurer l'étanchéité du circuit, garantir la sécurité électrique, et surtout <strong>vous offrir un confort durable</strong>.</p> <p>C’est pourquoi nous prenons le temps de bien faire, tout en respectant vos délais. Grâce à notre expérience et à notre équipe locale, nous pouvons intervenir <strong>rapidement dans toute la région de Nîmes</strong>, sans délai d’attente démesuré.</p>"
    },
    {
      "title": "Où intervenons-nous ?",
      "text": "<p>GD Energies est basé à Nîmes, mais nous nous déplaçons dans un large rayon autour de la ville. Nous intervenons régulièrement à Marguerittes, <a href=\"https://www.gd-energies.fr/chauffage-milhaud\" title=\"Chauffage Milhaud\">Milhaud</a>, Garons, Bouillargues, Manduel, Redessan, Caissargues, et <a title=\"GD Energies : zone d'intervention\" href=\"/qui-sommes-nous/zones-intervention\">dans bien d'autres communes du Gard</a>.</p> <p>Ne laissez pas la peur d’un chantier vous empêcher de gagner en confort cet été.</p> <ul>\n<li>Une clim mono-split s’installe souvent <strong>en moins d’un jour</strong>,</li>\n<li>Une multi-split prend <strong>2 à 3 jours au maximum</strong>,</li>\n<li>Et chez GD Energies, vous êtes <strong>accompagné à chaque étape</strong>, du devis à <a title=\"Entretien climatisation Nîmes\" href=\"https://www.gd-energies.fr/entretien/climatisations\">l’entretien de votre PAC air-air</a>.</li>\n</ul> <p>Vous avez un doute sur la faisabilité, les délais ou le modèle à choisir ?<br><strong>Contactez-nous dès aujourd’hui</strong> : nous venons chez vous, on discute de votre projet, et vous repartez avec <strong>un devis clair et gratuit</strong>, sans engagement.</p> <p>Et si cet été, votre confort ne dépendait que d’un simple appel ?</p>"
    }
  ]
}