{
  "breadcrumb": "GD Energies : 50 ans d’évolution et un nouvel élan vers l’avenir",
  "seo": {
    "title": "GD Energies Nîmes : 50 ans d’évolution - Gaz Dépannage",
    "description": "GD Energies Nîmes fête ses 50 ans ! De Gaz Dépannage aux énergies renouvelables, découvrez son évolution et son ancrage local à Nîmes et dans le Gard.",
    "opengraph": {
      "site_name": "",
      "type": "",
      "locale": "",
      "title": "",
      "description": "",
      "image": {
        "src": "",
        "alt": ""
      }
    }
  },
  "title": " GD Energies : 50 ans d’évolution et un nouvel élan vers l’avenir ",
  "chapo": "De Gaz Dépannage à GD Energies : chauffagiste nîmois depuis déjà un demi-siècle !\n",
  "image": {
    "src": "/upload/files/gd-energies-article-50-ans-gaz-depannage-456x334-c649a172d2.jpg",
    "alt": "GD Energies : 50 ans d’évolution et un nouvel élan vers l’avenir"
  },
  "intro": "<p>En 2025, GD Energies célèbre un demi-siècle d’existence. Fondée en 1975 sous le nom de Gaz Dépannage, l’entreprise s’est imposée comme un acteur incontournable du confort thermique à <a href=\"https://www.gd-energies.fr/chauffage-nimes\" title=\"Chauffage Nimes\">Nîmes</a> et dans le Gard. Depuis ses débuts, elle a su évoluer, innover et s’adapter aux nouveaux enjeux énergétiques.</p> <p>Depuis 50 ans, <a title=\"GD Energies est Gaz Dépannage\" href=\"../../gaz-depannage\">Gaz Dépannage</a>, devenu <strong>GD Energies</strong>, accompagne les habitants de Nîmes et du Gard dans l’installation, l’entretien et le dépannage de leurs équipements de chauffage, climatisation et plomberie. Aujourd’hui, avec une offre élargie et un engagement fort en faveur des énergies renouvelables, <strong>GD Energies Nîmes</strong> continue d’innover pour garantir confort thermique et efficacité énergétique à ses clients.</p>",
  "paragraphs": [
    {
      "title": "Une transformation guidée par la diversification des services",
      "text": "<p>En 2023, Gaz Dépannage devient GD Energies, un changement de nom qui reflète une transformation stratégique. L’entreprise élargit alors son champ d’action au-delà du dépannage gaz et de la plomberie pour intégrer des solutions énergétiques plus diversifiées :</p> <ul>\n<li>Installation et entretien de <a title=\"Spécialiste des chaudières gaz à Nîmes\" href=\"https://www.gd-energies.fr/equipements/chaudieres-gaz\">chaudières gaz</a> et <a title=\"Spécialiste pompe à chaleur à Nîmes\" href=\"https://www.gd-energies.fr/equipements/pompes-a-chaleur\">pompes à chaleur</a></li>\n<li>Dépannage et maintenance de <a title=\"Spécialiste climatisation à Nîmes\" href=\"https://www.gd-energies.fr/equipements/climatisations\">systèmes de climatisation</a></li>\n<li>Services de plomberie dédiés aux clients sous contrat</li>\n<li>Développement de solutions en énergies renouvelables, avec un <a title=\"Installation photovoltaïque Nîmes\" href=\"https://www.gd-energies.fr/installation/panneaux-photovoltaiques\">accent particulier sur le photovoltaïque</a> dès 2025</li>\n</ul> <p>D’après Hana Safi, présidente de GD Energies Nîmes depuis 2025, cette évolution marque un tournant décisif : <em>« De Gaz Dépannage à GD Energies, il n’y avait qu’un pas… mais quel pas ! Celui des énergies renouvelables ! Désormais, notre filiale porte un nom qui fait écho à notre bouquet de solutions pour une maison plus durable. »</em></p>"
    },
    {
      "title": "Un ancrage local fort à Nîmes et dans le Gard",
      "text": "<p>Depuis 50 ans, <a title=\"Nous connaître\" href=\"/qui-sommes-nous\">GD Energies Nîmes</a> s’appuie sur son implantation locale pour assurer un service réactif et de proximité. Basée dans la zone industrielle de Grézan, l’entreprise intervient dans toute l’agglomération nîmoise et les communes voisines : <a href=\"https://www.gd-energies.fr/chauffage-uzes\" title=\"Chauffage Uzes\">Uzès</a>, Marguerittes, Manduel, <a href=\"https://www.gd-energies.fr/chauffage-beaucaire\" title=\"Chauffage Beaucaire\">Beaucaire</a>, Aigues-Mortes, Le <a href=\"https://www.gd-energies.fr/chauffage-grau-du-roi\" title=\"Chauffage Grau Du Roi\">Grau-du-Roi</a>.</p> <p>D’après Hana Safi, cette longévité repose avant tout sur l’implication des équipes : “<em>Cette réussite n’est possible que grâce à des femmes et des hommes dont la détermination et l’engagement sont contagieux</em>.”</p>"
    },
    {
      "title": "Un nouvel élan avec le développement des énergies renouvelables",
      "text": "<p>Avec l’arrivée d’<strong>Hana Safi</strong> à la présidence, <a title=\"50 ans GD Energies\" href=\"https://www.homeserve.fr/actualites/gd-energies-une-societe-homeserve-50-ans-dinnovation-et-un-engagement-renforce-vers-la-transition-energetique\" target=\"_blank\" rel=\"noopener\">GD Energies</a> affiche de nouvelles ambitions, notamment avec le lancement d’une activité dédiée au photovoltaïque en 2025. L’entreprise souhaite accompagner la transition énergétique en proposant des solutions performantes et adaptées aux besoins des particuliers.</p> <p>Arrivée chez GD Energies en 2018, Hana Safi s’est imposée comme un modèle de réussite et de rigueur : <em>\"Cette nouvelle fonction est un défi excitant et avec mes équipes nous sommes prêts à faire évoluer l’entreprise, notamment avec le lancement du photovoltaïque cette année.\"</em></p>"
    }
  ]
}