{
  "breadcrumb": "Journées Portes Ouvertes : rendez-vous les 22 et 23 novembre 2024",
  "seo": {
    "title": "Portes ouvertes chez GD Energies Nîmes : jusqu'à 1 500€ de remise",
    "description": "Découvrez nos offres JPO à Nîmes les 22-23 novembre : remises jusqu'à 1 500€, conseils experts, aides financières et buffet local chez GD Energies.",
    "opengraph": {
      "site_name": "",
      "type": "",
      "locale": "",
      "title": "",
      "description": "",
      "image": {
        "src": "",
        "alt": ""
      }
    }
  },
  "title": " Journées Portes Ouvertes : rendez-vous les 22 et 23 novembre 2024 ",
  "chapo": "Offres spéciales JPO : chaudières, pompes à chaleur, climatisations, photovoltaïque : jusqu'à 1500 € de remise !",
  "image": {
    "src": "/upload/files/gd-energies-article-journees-portes-ouvertes-novembre-2024-9d733842f7.jpg",
    "alt": "Journées Portes Ouvertes : rendez-vous les 22 et 23 novembre 2024"
  },
  "intro": "<p>Le 22 et 23 novembre, <strong>GD Energies</strong> vous invite à <a href=\"https://www.gd-energies.fr/chauffage-nimes\" title=\"Chauffage Nimes\">Nîmes</a> pour découvrir une gamme d’installations énergétiques adaptées à votre confort et à la performance de votre habitation. Avec des remises jusqu'à <strong>1 500 €</strong> sur divers équipements de chauffage, climatisation et solaire, c’est l’occasion idéale pour concrétiser vos projets tout en bénéficiant de l’expertise de nos équipes. Pour un accueil convivial, un buffet composé de spécialités locales vous sera proposé tout au long de l’événement.</p> <p>Nos spécialistes vous accueilleront pour échanger sur vos besoins et vous guider dans le choix de solutions énergétiques adaptées à votre logement, avec des conseils précis pour optimiser les économies d’énergie. En prime, une évaluation des aides financières disponibles, comme le <strong>Coup de Pouce Chauffage</strong> ou les <strong>Certificats d’Économies d’Énergie (CEE)</strong>, vous sera proposée pour alléger votre investissement.</p>",
  "paragraphs": [
    {
      "title": "Des remises imbattables sur vos solutions de chauffage et de solaire",
      "text": "<p>Profitez de nos Journées Portes Ouvertes pour découvrir des réductions exclusives sur nos équipements :</p> <ul>\n<li><strong>250 € de remise</strong> sur nos chaudières, et climatisations réversibles (PAC air-air).</li>\n<li><strong>500 € à 1 500 €</strong> de réduction pour les installations de pompes à chaleur air/eau.</li>\n<li><strong>1 000 € de réduction</strong> pour toute installation de panneaux solaires de puissance égale ou supérieure à 3 kWc (non cumulable).</li>\n</ul> <p>Grâce aux <strong>Mois de la Réno</strong> avec notre partenaire <strong>Atlantic</strong>, vous bénéficiez également d’offres de remboursement<sup><a title=\"Conditions JPO novembre 2024\" href=\"#conditions-jpo-2024\">(1)</a></sup> exceptionnelles :</p> <ul>\n<li><strong>300 € ou 600 € remboursés</strong> sur les pompes à chaleur air/eau Atlantic.</li>\n<li><strong>150 € de remise</strong> sur les unités intérieures de climatisation Takao, Kazendo et Zenkeo.</li>\n<li><strong>50 € à 100 €</strong> pour les radiateurs et sèche-serviettes, selon les modèles.</li>\n<li><strong>Options de connectivité</strong> Navilink ou Cozytouch à 1 € pour certaines gammes de PAC Atlantic<sup><a title=\"Conditions JPO novembre 2024\" href=\"#conditions-jpo-2024\">(2)</a></sup>.</li>\n</ul> <p>Ces offres, renforcées par les <a title=\"Hausse Coup de Pouce PAC\" href=\"../../conseils-et-actualites/pompe-a-chaleur-2024-augmentation-coup-de-pouce\"><strong>Certificats d'Économies d'Énergie (CEE)</strong> jusqu'au 31 décembre</a>, vous aident à maximiser vos économies sur les installations les plus performantes du marché.</p> <h3>Tentez de remporter une installation solaire complète</h3> <p>GD Energies vous propose également de participer à un jeu concours<sup><a title=\"Conditions JPO novembre 2024\" href=\"#conditions-jpo-2024\">(3)</a></sup> exceptionnel avec, à la clé, une installation mylight150 de 3 kWc à remporter, équipée d'une batterie virtuelle. Pour tenter votre chance, il vous suffit de déposer un bulletin de participation dans l’urne disponible lors des portes ouvertes. Ce tirage au sort, soumis à règlement, aura lieu à l’issue de l’événement.</p> <p>Ces Journées Portes Ouvertes sont aussi l’occasion de partager un moment agréable autour de spécialités locales, pour prolonger votre visite dans une atmosphère chaleureuse et détendue.</p>"
    },
    {
      "title": "Informations Pratiques et Inscriptions",
      "text": "<p>Venez nombreux les <strong>22 et 23 novembre</strong> à notre agence <strong>GD Energies</strong> à Nîmes, pour bénéficier de nos offres et conseils :</p> <ul>\n<li><strong>Vendredi</strong> : 9h - 17h</li>\n<li><strong>Samedi</strong> : 8h - 12h</li>\n<li>GD Energies (<a title=\"Gaz Dépannage s'appelle désormais GD Energies à Nîmes\" href=\"../../gaz-depannage\">anciennement Gaz Dépannage Nîmes Plomberie</a>)<br>215 Rue Nicolas Appert, 30000 Nîmes</li>\n</ul> <hr> <div id=\"conditions-jpo-2024\">\n<p style=\"color: #777; font-size: 0.9em;\"><em>(1) Conditions et modalités sur <a title=\"Mois de la réno Atlantic\" href=\"https://www.atlantic.fr/Les-mois-de-la-reno\">https://www.atlantic.fr/Les-mois-de-la-reno</a><br>(2) Pompes à chaleur : offre promo Navilink à 1€ et bridge Cozytouch à 1€ pour les gammes Atlantic Excellia AI, Excellia AI HP, Extensa AI.</em><br><em>(3) Tirage au sort organisé uniquement pendant les journées portes ouvertes les 22 et 23 novembre soumis à règlement.</em></p>\n</div>"
    }
  ]
}