{
  "breadcrumb": "Portes Ouvertes GD Energies à Nîmes les 16 & 17 Mai",
  "seo": {
    "title": "JPO GD Energies à Nîmes - 16 & 17 mai 2025 : conseils et offres",
    "description": "Participez aux Portes Ouvertes GD Energies à Nîmes les 16 & 17 mai 2025 : conseils personnalisés, ateliers gratuits et offres spéciales en chauffage, clim et solaire pour votre projet énergétique !",
    "opengraph": {
      "site_name": "",
      "type": "",
      "locale": "",
      "title": "",
      "description": "",
      "image": {
        "src": "",
        "alt": ""
      }
    }
  },
  "title": " Portes Ouvertes GD Energies à Nîmes les 16 & 17 Mai ",
  "chapo": "Conseils, ateliers et offres spéciales pour votre confort et vos économies d'énergie",
  "image": {
    "src": "/upload/files/journees-portes-ouvertes-mai-2025-1e364ac440.jpg",
    "alt": "Portes Ouvertes GD Energies à Nîmes les 16 & 17 Mai"
  },
  "intro": "<p>Vous réfléchissez à optimiser votre confort thermique ou à réduire vos dépenses en énergie ? Vous envisagez d'installer un nouveau système de chauffage, de climatisation ou des panneaux solaires ? GD Energies, votre partenaire local dans le Gard, vous invite à ses Journées Portes Ouvertes.</p> <p>Pour célébrer nos 50 ans d'activité, nous sommes heureux de vous accueillir les <strong>vendredi 16 et samedi 17 mai 2025</strong> dans nos locaux au <strong>215 rue Nicolas Appert, à <a href=\"https://www.gd-energies.fr/chauffage-nimes\" title=\"Chauffage Nimes\">Nîmes</a></strong>.</p>",
  "paragraphs": []
}