{
  "breadcrumb": "Votre climatisation réversible installée dès 1 800 € autour de Nîmes",
  "seo": {
    "title": "Climatisation réversible fournie & posée à Nîmes dès 1 800 €",
    "description": "Offre clim réversible dès 1 800 € TTC* ou 50€/mois* à Nîmes. GD Energies vous équipe dans le Gard avec des modèles connectés, économiques et silencieux.",
    "opengraph": {
      "site_name": "",
      "type": "",
      "locale": "",
      "title": "",
      "description": "",
      "image": {
        "src": "",
        "alt": ""
      }
    }
  },
  "title": " Votre climatisation réversible installée dès 1 800 € autour de Nîmes ",
  "chapo": "Frais en été, chaud en hiver une solution 2-en-1 performante dans le Gard, dès 50€/mois*",
  "image": {
    "src": "/upload/files/gd-energies-article-offre-climatisation-2025-456x334-b3fa0871cd.jpg",
    "alt": "Votre climatisation réversible installée dès 1 800 € autour de Nîmes"
  },
  "intro": "<p>Avec l’arrivée des premières chaleurs dans le Gard, le besoin d’un système de climatisation efficace devient central. Basée à <a href=\"https://www.gd-energies.fr/chauffage-nimes\" title=\"Chauffage Nimes\">Nîmes</a>, GD Energies propose une <strong>offre climatisation réversible</strong> accessible dès <strong>1&nbsp;800 € TTC</strong><sup><a title=\"Voir les conditions de l'offre climatisation\" href=\"#condition-clim-1\">(1)</a>,</sup>, incluant la fourniture et l’installation.</p>",
  "paragraphs": []
}