{
  "breadcrumb": "Panneaux solaires : 7 avantages pour votre maison autour de Nîmes",
  "seo": {
    "title": "Panneaux solaires : 7 avantages pour votre maison et votre budget",
    "description": "Découvrez les 7 avantages d'installer des panneaux photovoltaïques à Nîmes : économies, valorisation immobilière, autonomie énergétique et aides financières.\n",
    "opengraph": {
      "site_name": "",
      "type": "",
      "locale": "",
      "title": "",
      "description": "",
      "image": {
        "src": "",
        "alt": ""
      }
    }
  },
  "title": " Panneaux solaires : 7 avantages pour votre maison autour de Nîmes ",
  "chapo": "Passez au photovoltaïque à Nîmes : rentabilité, écologie et autonomie énergétique",
  "image": {
    "src": "/upload/files/gd-energies-article-avantages-photovoltaique-gard-456x334-0c6a4bddf1.jpg",
    "alt": "Panneaux solaires : 7 avantages pour votre maison autour de Nîmes"
  },
  "intro": "<p>Dans le Gard, le potentiel solaire est indéniable. Avec 2&nbsp;805 heures d'ensoleillement en 2023, ce département bénéficie de conditions optimales pour l'installation de panneaux photovoltaïques. Les habitants de <a href=\"https://www.gd-energies.fr/chauffage-nimes\" title=\"Chauffage Nimes\">Nîmes</a> et des environs, notamment jusqu'au <a href=\"https://www.gd-energies.fr/chauffage-grau-du-roi\" title=\"Chauffage Grau Du Roi\">Grau-du-Roi</a>, peuvent tirer parti de cette ressource naturelle pour réduire leur facture énergétique et contribuer à la transition écologique en toute saison.&nbsp;</p>",
  "paragraphs": [
    {
      "title": "Faire un investissement durable et rentable",
      "text": "<p>Installer des panneaux photovoltaïques sur le toit de votre maison autour de Nîmes représente un investissement stratégique. La puissance installée en autoconsommation individuelle atteint <strong>76 MW dans le Gard</strong>, un chiffre en constante progression. Avec une <strong>évolution de 71%</strong> des installations en France au premier semestre 2024, il est évident que les particuliers saisissent l'opportunité offerte par le photovoltaïque. Cette tendance s'explique par un retour sur investissement généralement observé en dix ans, grâce à la réduction des coûts énergétiques et aux aides financières disponibles.</p>"
    },
    {
      "title": "Valoriser votre patrimoine immobilier",
      "text": "<p>Outre les économies réalisées, les panneaux photovoltaïques augmentent la valeur de votre maison. Les acheteurs potentiels apprécient les biens immobiliers équipés de solutions énergétiques modernes et respectueuses de l'environnement. Dans une région où le soleil est une ressource abondante, disposer d'une installation photovoltaïque sur votre maison constitue un atout majeur pour vous lors de la revente.</p>"
    },
    {
      "title": "Accroître votre autonomie énergétique et votre sécurité d'approvisionnement",
      "text": "<p>La possibilité de produire votre propre électricité vous offre une certaine indépendance face aux fluctuations du marché énergétique. Avec 15&nbsp;731 installations en autoconsommation individuelle dans le Gard à la fin du premier semestre 2024, de plus en plus de foyers choisissent <strong>la voie de l’autonomie</strong>. En choisissant une installation de qualité, vous assurez une production stable et pérenne sur plusieurs décennies, renforçant ainsi votre sécurité énergétique.</p>"
    },
    {
      "title": "Réduire votre empreinte carbone",
      "text": "<p>En installant des panneaux solaires, vous participez aussi activement à la lutte contre le réchauffement climatique. Le photovoltaïque permet de produire une énergie propre, sans émissions de gaz à effet de serre. Ce geste écologique est particulièrement pertinent dans le contexte actuel, où chaque action compte pour réduire notre impact environnemental.</p> <p>Une fois vos panneaux arrivés en fin de vie, ils sont d’ailleurs <strong>recyclables jusqu’à 95%</strong>, de quoi offrir à la très grande majorité de leurs composants une seconde vie bien méritée !</p>"
    },
    {
      "title": "Faire un geste pour la communauté locale  ",
      "text": "<p>L'essor du photovoltaïque dans la région Occitanie contribue également au développement économique local. Les entreprises spécialisées dans l'installation de ces systèmes, comme GD Energies, créent des emplois et participent à <strong>dynamiser le tissu économique</strong>. En choisissant de travailler avec un acteur local, vous soutenez une entreprise de votre région, tout en bénéficiant d'une expertise de proximité.</p>"
    },
    {
      "title": "Facilité d'installation et entretien minimal",
      "text": "<p>L'installation de <a title=\"Panneaux photovoltaïques à Nîmes\" href=\"https://www.gd-energies.fr/equipements/panneaux-photovoltaiques\">panneaux photovoltaïques</a> sur le toit d'une maison à Nîmes ou ses alentours est un processus bien rodé. Nos installateurs qualifiés procèdent à une évaluation minutieuse de votre toiture, afin de maximiser la performance de votre système photovoltaïque. De plus, les panneaux solaires requièrent peu d'entretien. Un simple nettoyage une à deux fois par an suffit à maintenir leur efficacité pour une production d'énergie optimale sur le long terme.</p>"
    },
    {
      "title": "Bénéficier d’avantages fiscaux et d’aides financières",
      "text": "<p>Les bénéfices du photovoltaïque n’ont pas échappé à l’Etat. Dans une perspective de transition énergétique, plusieurs dispositifs existent aujourd’hui pour encourager les particuliers à s'équiper. Ces aides peuvent prendre la forme d'une réduction de la TVA sur votre facture d'instalaltion, d'une prime à l'autoconsommation ou de la garantie de rachat du surplus de production photovoltaïque par EDF OA.</p> <p>Ces avantages, combinés à la baisse des coûts des équipements des dernières années, rendent le photovoltaïque accessible à un plus grand nombre de foyers. Dans la région Occitanie, avec ses 106&nbsp;712 installations d'autoconsommation, les particuliers ont largement profité de ces dispositifs pour réduire leur investissement initial.</p> <p>En somme, <a title=\"Installation de panneaux photovoltaïques à Nîmes\" href=\"https://www.gd-energies.fr/installation/panneaux-photovoltaiques\">faire installer des panneaux photovoltaïques</a> est une décision judicieuse pour les résidents de Nîmes et de ses environs. Entre économies d'énergie, valorisation immobilière et engagement écologique, les avantages sont multiples. Profitez de l'ensoleillement exceptionnel de la région pour faire un geste en faveur de l'environnement tout en renforçant votre indépendance énergétique.</p>"
    }
  ]
}