{
  "breadcrumb": "Augmentation du Coup de Pouce pour les pompes à chaleur fin 2024",
  "seo": {
    "title": "Aide Pompe à chaleur 2024 : augmentation du Coup de Pouce !",
    "description": "Les primes CEE pour l'installation d'une pompe à chaleur dans le Gard augmentent jusqu'au 31 décembre 2024. Comment en bénéficier ? Quels sont les nouveaux montants ?",
    "opengraph": {
      "site_name": "",
      "type": "",
      "locale": "",
      "title": "",
      "description": "",
      "image": {
        "src": "",
        "alt": ""
      }
    }
  },
  "title": " Augmentation du Coup de Pouce pour les pompes à chaleur fin 2024 ",
  "chapo": "Une transition énergétique facilitée avec le Coup de Pouce Chauffage pour pompes à chaleur",
  "image": {
    "src": "/upload/files/gd-energies-article-coup-de-pouce-pac-2024-87d2ea063f.jpg",
    "alt": "Augmentation du Coup de Pouce pour les pompes à chaleur fin 2024"
  },
  "intro": "<p>Le Coup de Pouce Chauffage est une aide dédiée à encourager les ménages à adopter des solutions de chauffage plus efficaces et écologiques.</p> <p>En remplaçant une ancienne chaudière par une pompe à chaleur, vous choisissez un équipement qui consomme peu d’énergie et offre un excellent rendement. Cette prime, intégrée aux <strong>Certificats d’Économies d’Énergie</strong> (CEE), vise à réduire les émissions de gaz à effet de serre et à alléger les factures d’énergie.</p>",
  "paragraphs": [
    {
      "title": "Quelles aides pour quelles pompes à chaleur ?",
      "text": "<p>En septembre 2024, les montants du Coup de Pouce Chauffage ont été revus à la hausse, pour rendre ces installations encore plus accessibles pour tous les foyers :</p> <ul>\n<li><strong>Pompe à chaleur air-eau ou hybride :</strong> 3 500 € pour les foyers classiques, 5 000 € pour les foyers modestes, et 5 100 € pour les très modestes.</li>\n<li><strong>Pompe à chaleur eau-eau ou sol-eau :</strong> aide de 6 000 € pour les foyers classiques et modestes, et 6 350 € pour les foyers très modestes.</li>\n</ul> <li><strong>Pompe à chaleur air-eau ou hybride :</strong> 3 500 € pour les foyers classiques, 5 000 € pour les foyers modestes, et 5 100 € pour les très modestes.</li> <strong>Pompe à chaleur air-eau ou hybride :</strong> <li><strong>Pompe à chaleur eau-eau ou sol-eau :</strong> aide de 6 000 € pour les foyers classiques et modestes, et 6 350 € pour les foyers très modestes.</li> <strong>Pompe à chaleur eau-eau ou sol-eau :</strong> <p>Ces montants varient en fonction de votre catégorie de revenus, définie par les <strong>seuils de l’ANAH</strong>. L'augmentation prononcée est <strong>valable jusqu'au 31 décembre 2024</strong> (date de signature de devis).</p> <strong>seuils de l’ANAH</strong> <strong>valable jusqu'au 31 décembre 2024</strong>"
    },
    {
      "title": "Les conditions pour accéder au Coup de Pouce Chauffage Pompe à chaleur",
      "text": "<p>Pour bénéficier de cette aide, votre logement doit être une résidence principale construite depuis plus de deux ans. Les travaux doivent être réalisés par un <a title=\"GD Energies anciennement Gaz Dépannage est certifié RGE\" href=\"/qui-sommes-nous/certifications-et-marques\">professionnel certifié RGE, comme GD Energies</a> (anciennement Gaz Dépannage <a href=\"https://www.gd-energies.fr/chauffage-nimes\" title=\"Chauffage Nimes\">Nîmes</a> Plomberie). L'installation d'<a title=\"Pompe à chaleur autour de Nîmes\" href=\"https://www.gd-energies.fr/equipements/pompes-a-chaleur\">une pompe à chaleur</a> doit remplacer un chauffage fonctionnant au fioul, gaz ou charbon. L’éligibilité aux montants majorés dépend des ressources de votre foyer.</p> <a title=\"GD Energies anciennement Gaz Dépannage est certifié RGE\" href=\"/qui-sommes-nous/certifications-et-marques\">professionnel certifié RGE, comme GD Energies</a> <a href=\"https://www.gd-energies.fr/chauffage-nimes\" title=\"Chauffage Nimes\">Nîmes</a> <a title=\"Pompe à chaleur autour de Nîmes\" href=\"https://www.gd-energies.fr/equipements/pompes-a-chaleur\">une pompe à chaleur</a>"
    },
    {
      "title": "GD Energies, votre expert en pompes à chaleur de A à Z",
      "text": "<p>GD Energies vous accompagne à chaque étape de votre projet. Nous vous conseillons sur le choix de la pompe à chaleur la plus adaptée à vos besoins et à votre budget. Notre équipe de techniciens qualifiés assure une installation dans les règles de l’art de <a title=\"Installation pompe à chaleur autour de Nîmes\" href=\"https://www.gd-energies.fr/installation/pompes-a-chaleur\">votre pompe à chaleur</a>, garantissant efficacité et sécurité. Nous vous aidons également à naviguer dans les démarches administratives pour bénéficier de toutes les aides disponibles et en déduisons le montant de votre facture.</p> <a title=\"Installation pompe à chaleur autour de Nîmes\" href=\"https://www.gd-energies.fr/installation/pompes-a-chaleur\">votre pompe à chaleur</a> <p>Faites confiance à GD Energies pour une installation sereine, performante et durable de votre pompe à chaleur !</p>"
    }
  ]
}