{
  "breadcrumb": "5 bonnes raisons de faire entretenir sa pompe à chaleur à Nîmes",
  "seo": {
    "title": "Entretenir sa pompe à chaleur : 5 bonnes raisons de le faire",
    "description": "Pourquoi faire entretenir sa pompe à chaleur ? Pour faire des économies, protéger l'environnement, rallonger la durée de vie de sa PAC, rester bien au chaud tout l'hiver et respecter la loi. Voici 5 bonnes raisons !",
    "opengraph": {
      "site_name": "",
      "type": "",
      "locale": "",
      "title": "",
      "description": "",
      "image": {
        "src": "",
        "alt": ""
      }
    }
  },
  "title": " 5 bonnes raisons de faire entretenir sa pompe à chaleur à Nîmes ",
  "chapo": "Pourquoi faire entretenir sa pompe à chaleur ? GD Energies vous donnes 5 arguments pour !",
  "image": {
    "src": "/upload/files/gd-energies-article-pourquoi-entretien-pac-456x334-c74cba39b1.jpg",
    "alt": "5 bonnes raisons de faire entretenir sa pompe à chaleur à Nîmes"
  },
  "intro": "<p>La pompe à chaleur (PAC) est une solution de chauffage et de climatisation de plus en plus prisée pour ses performances énergétiques et son impact environnemental réduit. Pour garantir son efficacité et sa durabilité, un entretien régulier est essentiel. GD Energies vous donne cinq raisons pour lesquelles vous devriez faire entretenir votre pompe à chaleur, en particulier si vous êtes dans la région nîmoise, où nos professionnels qualifiés sont à votre disposition.</p>",
  "paragraphs": [
    {
      "title": "1. Faire des économies",
      "text": "<p>Un manque d'entretien nuit au bon fonctionnement de votre pompe à chaleur et entraîne une hausse de votre consommation d'électricité et donc de votre facture ! En nettoyant les filtres, vérifiant les circuits et assurant le bon fonctionnement des composants, un professionnel peut vous aider à réduire les coûts énergétiques. Une PAC bien entretenue fonctionne plus efficacement, utilise moins d'énergie et réduit vos dépenses à long terme.</p>"
    },
    {
      "title": "2. Maintenir un confort thermique optimal",
      "text": "<p>L’entretien annuel de votre <a title=\"Pompe à chaleur dans le Gard\" href=\"https://www.gd-energies.fr/equipements/pompes-a-chaleur\">pompe à chaleur</a> assure son bon fonctionnement : moins de risques de panne, de privation de chauffage et d’eau chaude, et donc plus de confort au quotidien. Un appareil bien entretenu garantit une température stable et agréable tout au long de l’année, quelle que soit la température extérieur, et assure également une longévité accrue de votre équipement.</p>"
    },
    {
      "title": "3. Prolonger la durée de vie de ses appareils",
      "text": "<p>Faire entretenir sa pompe à chaleur, c'est confier la sécurité de son installation à un professionnel qualifié, capable de détecter et de corriger une éventuelle anomalie avant qu'elle ne devienne un problème majeur. Un entretien régulier prévient les défaillances coûteuses et prolonge significativement la durée de vie de votre PAC, vous offrant ainsi un retour sur investissement optimal.</p>"
    },
    {
      "title": "4. Protéger l’environnement",
      "text": "<p><a title=\"Entretien de pompe à chaleur à Nîmes\" href=\"https://www.gd-energies.fr/entretien/pompes-a-chaleur\">L'entretien régulier</a> de votre pompe à chaleur par un professionnel nîmois de GD Energies contribue à la préservation de l'environnement et à la lutte contre le réchauffement climatique. En effet, une PAC bien entretenue minimise les risques de fuite de fluide frigorigène, un gaz à effet de serre particulièrement nocif pour l'environnement. Ainsi, en faisant entretenir votre pompe à chaleur, vous participez à votre niveau à la protection de la planète.</p>"
    },
    {
      "title": "5. Respecter l'obligation réglementaire",
      "text": "<p>L’entretien de votre pompe à chaleur par un professionnel qualifié est obligatoire et doit être effectué chaque année, conformément au décret n°2020-912 du 28 juillet 2020. En confiant l'entretien de votre PAC à GD Energies, vous vous assurez de respecter la législation en vigueur, et bénéficiez d'une attestation d'entretien à conserver précieusement.</p>"
    },
    {
      "title": "Pourquoi faire appel à GD Energies pour l'entretien de votre PAC ?",
      "text": "<p>Faire appel à un professionnel local garantit <a title=\"En savoir plus sur GD Energies\" href=\"#PAGE-QSN#\">une intervention rapide et efficace</a>, ainsi qu’un service de proximité fiable. En choisissant GD Energies, vous soutenez également l’économie locale tout en bénéficiant d’un service personnalisé et adapté à vos besoins spécifiques.</p> <p>En choisissant GD Energies, vous bénéficiez de :</p> <ul>\n<li>Notre expertise locale et connaissance approfondie des pompes à chaleur dans le Gard.</li>\n<li>Une intervention rapide et efficace pour un minimum de perturbation de votre confort.</li>\n<li>Le respect des normes de sécurité et des exigences réglementaires.</li>\n<li>Des conseils personnalisés pour une utilisation optimale de votre pompe à chaleur.</li>\n<li>Un contrat d'entretien annuel pour une tranquillité d'esprit totale.</li>\n</ul>"
    }
  ]
}