{
  "breadcrumb": "Préparez votre chauffage pour l'hiver : nos conseils",
  "seo": {
    "title": "Préparer son chauffage pour l'hiver : 6 points importants dans le Gard",
    "description": "Programmez votre thermostat, faites entretenir votre chaudière et votre chauffe-eau. Préparez votre système de chauffage pour l'hiver avec nos conseils pratiques.",
    "opengraph": {
      "site_name": "",
      "type": "",
      "locale": "",
      "title": "",
      "description": "",
      "image": {
        "src": "",
        "alt": ""
      }
    }
  },
  "title": " Préparez votre chauffage pour l'hiver : nos conseils ",
  "chapo": "Programmez votre thermostat, faites entretenir votre chaudière et votre chauffe-eau avec GD Energies.",
  "image": {
    "src": "/upload/files/gd-energies-article-preparation-chauffage-hiver-456x334-f96f521b5a.jpg",
    "alt": "Préparez votre chauffage pour l'hiver : nos conseils"
  },
  "intro": "<p>L'hiver approche à grands pas et il est temps de préparer votre système de chauffage pour assurer un confort optimal dans votre maison ou votre entreprise. Chez GD Energies, nous vous offrons des conseils pratiques pour vous aider à passer une saison froide sans soucis.</p> <p>Préparer son chauffage pour l'hiver ne se limite pas à allumer le thermostat. Cela nécessite une préparation et des actions préventives pour garantir un fonctionnement optimal de votre système de chauffage tout au long de la saison. Voici nos recommandations pour un hiver bien au chaud !</p>",
  "paragraphs": [
    {
      "title": "Vérifiez votre système de chauffage",
      "text": "<p>Avant que les températures ne chutent, planifiez une inspection complète de votre système de chauffage. Nos techniciens qualifiés peuvent <a title=\"Entretien annuel de votre chaudière\" href=\"https://www.gd-energies.fr/entretien/chaudieres-gaz\">vérifier l'état de votre chaudière</a>, de vos radiateurs, ou de votre système de chauffage central pour détecter toute anomalie. Assurez-vous que tous les composants sont en bon état de fonctionnement, que les filtres sont propres et que la pression est correctement réglée. Une maintenance préventive maintenant peut <a title=\"Eviter les pannes de chaudière\" href=\"../../conseils-et-actualites/chaudiere-gaz-pannes-solutions\">éviter des pannes coûteuses</a> et des désagréments pendant les mois les plus froids.</p>"
    },
    {
      "title": "Optimisez l'isolation de votre domicile",
      "text": "<p>Une bonne isolation est essentielle pour maximiser l'efficacité énergétique de votre maison et réduire vos factures de chauffage. Vérifiez les portes et les fenêtres pour détecter les courants d'air et envisagez d'installer un nouvel isolant si nécessaire. Des combles bien isolés et des murs étanches contribuent à maintenir la chaleur à l'intérieur, de quoi assurer un confort thermique constant tout en <a title=\"Faire des économies d'énergie\" href=\"../../conseils-et-actualites/7-astuces-economies-chauffage\">réduisant votre consommation d'énergie</a>.</p>"
    },
    {
      "title": "Programmez votre thermostat",
      "text": "<p>Utilisez un thermostat programmable pour réguler la température de votre maison en fonction de vos horaires. Cela permet non seulement de maintenir un confort thermique optimal, mais aussi de réaliser des économies d'énergie significatives en réduisant la température lorsque vous êtes absent ou pendant la nuit.</p> <p>Les thermostats intelligents offrent une flexibilité supplémentaire en vous permettant de contrôler votre chauffage à distance via une application mobile, mais aussi d’ajuster la température pièce par pièce.</p>"
    },
    {
      "title": "Entretenez votre chauffe-eau",
      "text": "<p>Assurez-vous que votre chauffe-eau fonctionne efficacement en le faisant <a title=\"Entretien de chauffe-eau dans le Gard\" href=\"https://www.gd-energies.fr/entretien/chauffe-eaux-chauffe-bains\">entretenir régulièrement par nos experts</a>. Un chauffe-eau bien entretenu assure une distribution constante d'eau chaude, essentielle pendant les mois d'hiver. Les vérifications régulières peuvent prolonger sa durée de vie et prévenir les pannes imprévues.</p> <p>Découvrez <a title=\"Entretenir chauffe-eau gaz\" href=\"../../conseils-et-actualites/comment-entretenir-chauffe-eau-gaz\">comment entretenir votre chauffe-eau gaz dans notre guide complet</a> !</p>"
    },
    {
      "title": "Explorez les solutions de chauffage alternatives",
      "text": "<p>Si votre système de chauffage actuel montre des signes de vieillissement ou ne répond pas à vos besoins en termes de confort et d'efficacité énergétique, envisagez de le <a title=\"Remplacement de chaudière gaz dans le Gard\" href=\"https://www.gd-energies.fr/installation/chaudieres-gaz\">remplacer par une solution plus moderne</a>. Les chaudières à condensation ou les pompes à chaleur sont des options efficaces qui peuvent non seulement réduire votre consommation d'énergie, mais aussi améliorer le confort thermique de votre espace.</p>"
    },
    {
      "title": "Contactez GD Energies",
      "text": "<p>Prêt à préparer votre chauffage pour l'hiver ? Contactez-nous dès aujourd'hui pour planifier une vérification de votre système de chauffage ou pour obtenir des conseils personnalisés sur les meilleures solutions de chauffage pour votre maison ou votre entreprise.</p> <p>Nous sommes là pour vous assurer un confort thermique optimal tout au long de la saison hivernale. Faites confiance à GD Energies, votre partenaire de confiance en matière de chauffage et de climatisation !</p>"
    }
  ]
}