{
  "breadcrumb": "Remplacer une ancienne chaudière par une pompe à chaleur hybride",
  "seo": {
    "title": "Pourquoi Remplacer une Chaudière par une PAC Hybride dans le Gard ?",
    "description": "Remplacez votre chaudière par une PAC hybride pour réduire vos factures et améliorer votre confort. Profitez des aides financières en 2024 avec GD Energies.",
    "opengraph": {
      "site_name": "",
      "type": "",
      "locale": "",
      "title": "",
      "description": "",
      "image": {
        "src": "",
        "alt": ""
      }
    }
  },
  "title": " Remplacer une ancienne chaudière par une pompe à chaleur hybride ",
  "chapo": "Pourquoi passer à la pompe à chaleur hybride pour son chauffage près de Nîmes ?",
  "image": {
    "src": "/upload/files/gd-energies-article-fonctionnement-pompe-a-chaleur-hybride-remplace-chaudiere-35a5642d0e.jpg",
    "alt": "Remplacer une ancienne chaudière par une pompe à chaleur hybride"
  },
  "intro": "<p>La transition énergétique et les nouvelles exigences en matière d'efficacité énergétique poussent de nombreux propriétaires à repenser leur système de chauffage dans le Gard. Remplacer une ancienne chaudière par une pompe à chaleur hybride est une solution de plus en plus prisée pour répondre à ces enjeux. Ce type de système associe les avantages d'une pompe à chaleur (PAC) et d'une chaudière traditionnelle pour optimiser à la fois les performances énergétiques et les économies sur le long terme.</p> <p>&nbsp;</p>",
  "paragraphs": [
    {
      "title": "Qu’est-ce qu’une pompe à chaleur hybride ?",
      "text": "<p>Une pompe à chaleur hybride combine deux technologies complémentaires pour chauffer un logement : une pompe à chaleur, généralement <strong>de type air-eau</strong>, et <strong>une chaudière</strong> fonctionnant au gaz ou au fioul en appoint.</p> <strong>de type air-eau</strong> <strong>une chaudière</strong> <p><a title=\"Nos pompes à chaleur autour de Nîmes\" href=\"https://www.gd-energies.fr/equipements/pompes-a-chaleur\">La pompe à chaleur</a> capte les calories présentes dans l'air extérieur et les transforme en chaleur pour chauffer l'eau du circuit de chauffage ou produire de l'eau chaude sanitaire. Lorsque les températures extérieures sont trop basses pour permettre à la pompe à chaleur de fonctionner efficacement, <strong>la chaudière prend le relais</strong> pour assurer un chauffage confortable et économique.</p> <a title=\"Nos pompes à chaleur autour de Nîmes\" href=\"https://www.gd-energies.fr/equipements/pompes-a-chaleur\">La pompe à chaleur</a> <strong>la chaudière prend le relais</strong> <h3>Différence entre une PAC hybride, une pompe à chaleur classique et une chaudière</h3> <p>Si le mercure descend rarement sous zéro, notre région Occitanie vit tout de même des vagues de froid chaque hiver. Contrairement à une pompe à chaleur classique qui peut montrer des limites en cas de températures basses, la pompe à chaleur hybride adapte son fonctionnement en fonction des conditions climatiques.</p> <p>Elle se distingue aussi d’une chaudière classique par le fait qu’<strong>elle réduit la consommation</strong> de combustibles fossiles, car elle utilise prioritairement la PAC, moins gourmande en énergie. Cette combinaison offre ainsi le meilleur des deux mondes : la pompe à chaleur est utilisée en priorité pour limiter l'usage de la chaudière, qui ne fonctionne que lorsque c’est nécessaire.</p> <strong>elle réduit la consommation</strong>"
    },
    {
      "title": "Les avantages d'une pompe à chaleur hybride",
      "text": "<p>L’un des principaux avantages d’une pompe à chaleur hybride est sa <strong>performance énergétique</strong>. Comme mentionné plus tôt, la pompe à chaleur couvre en effet la majorité des besoins de chauffage à des températures modérées, et peut chauffer la maison à elle seule, avec un rendement énergétique supérieur à celui d’une chaudière.</p> <strong>performance énergétique</strong> <p>En remplaçant une chaudière traditionnelle par une pompe à chaleur hybride, les propriétaires peuvent <strong>réaliser 30 % à 40%</strong> d’économies d’énergie par rapport à une ancienne chaudière <a title=\"Economies PAC hybride\" href=\"https://www.grdf.fr/installateurs/actualites/pac-hybride-4-arguments\">d’après GRDF</a>, selon la performance du système et l’isolation de la maison. La réduction de la consommation de gaz ou de fioul est particulièrement avantageuse, car ces énergies sont plus coûteuses que l’électricité utilisée par la PAC.</p> <strong>réaliser 30 % à 40%</strong> <a title=\"Economies PAC hybride\" href=\"https://www.grdf.fr/installateurs/actualites/pac-hybride-4-arguments\">d’après GRDF</a> <p>Enfin, l’usage prioritaire de la pompe à chaleur permet de limiter l’impact financier des variations de prix des énergies fossiles sur votre budget.</p>"
    },
    {
      "title": "Pourquoi remplacer une ancienne chaudière par une pompe à chaleur hybride ?",
      "text": "<p>Le remplacement d’une ancienne chaudière par une pompe à chaleur hybride présente plusieurs avantages significatifs, notamment en termes de performance énergétique et d’impact environnemental.</p> <p>Les chaudières vieillissantes, souvent peu efficaces, consomment beaucoup plus d’énergie qu’un système hybride moderne. Avec l’usure des composants et l’évolution des normes écologiques, les anciennes chaudières deviennent rapidement obsolètes et coûteuses à entretenir. Elles présentent plus de risques de <a title=\"Panne de chaudière\" href=\"../../conseils-et-actualites/chaudiere-gaz-pannes-solutions\">tomber en panne</a>.</p> <a title=\"Panne de chaudière\" href=\"../../conseils-et-actualites/chaudiere-gaz-pannes-solutions\">tomber en panne</a> <h3>Améliorer les performances énergétiques</h3> <p>Les pompes à chaleur permettent d’atteindre un coefficient de performance bien supérieur à celui des chaudières classiques (110 à 130% contre 92% en moyenne selon l’Ademe).</p> <p>Une PAC hybride peut atteindre un COP de 3 à 4, ce qui signifie qu’elle produit 3 à 4 kWh de chaleur pour chaque kWh d’électricité consommé, ce qui optimise les économies d’énergie et réduit la facture globale.</p> <p>À titre d’exemple, les <a title=\"PAC Hybride Hybea\" href=\"https://www.atlantic.fr/Chauffer-le-logement/Pompe-a-chaleur/Pompe-a-chaleur-hybride/Hybea\">pompes à chaleur hybrides <em>Hybea</em></a> et <a title=\"Pompe à chaleur hybride Alfea Atlantic\" href=\"https://www.atlantic.fr/Chauffer-le-logement/Pompe-a-chaleur/Aerothermie/Aerothermie-Air-Eau/Alfea-Hybrid-Duo-Gaz-Gaz-R\"><em>Alfea Hybrid Duo Ga</em>z</a> du constructeur Atlantic génèrent jusqu’à 4,37 kW d’énergie pour le chauffage pour 1 kW consommé.</p> <a title=\"PAC Hybride Hybea\" href=\"https://www.atlantic.fr/Chauffer-le-logement/Pompe-a-chaleur/Pompe-a-chaleur-hybride/Hybea\">pompes à chaleur hybrides <em>Hybea</em></a> <em>Hybea</em> <a title=\"Pompe à chaleur hybride Alfea Atlantic\" href=\"https://www.atlantic.fr/Chauffer-le-logement/Pompe-a-chaleur/Aerothermie/Aerothermie-Air-Eau/Alfea-Hybrid-Duo-Gaz-Gaz-R\"><em>Alfea Hybrid Duo Ga</em>z</a> <em>Alfea Hybrid Duo Ga</em> <p>La PAC hybride Atlantic <em>Hybea </em>intègre un appoint gaz à condensation et de l’eau chaude sanitaire en micro-accumulation. Le modèle <em>Alfea Hybrid Duo Gaz </em>ou <em>Fioul </em>dispose, quant à lui, d’un ballon d’eau chaude intégré.</p> <em>Hybea </em> <em>Alfea Hybrid Duo Gaz </em> <em>Fioul </em> <table style=\"border-collapse: collapse; width: 100%; background-color: #f9f9f9;\"><caption style=\"font-weight: bold; padding: 10px;\">Opération Mois de la Réno d’Atlantic</caption>\n<tbody>\n<tr>\n<td style=\"border: 1px solid #d3d3d3; padding: 8px;\">\n<p>Dans le cadre de ses <a title=\"Mois de la réno Atlantic\" href=\"https://www.atlantic.fr/Les-mois-de-la-reno\">Mois de la Réno</a>, notre partenaire Atlantic vous rembourse :</p>\n<ul>\n<li>600€ pour l’achat d’une pompe à chaleur hybride Alfea Hybrid Duo</li>\n<li>300€ pour l’achat d’une pompe à chaleur hybride Hybea ou air-eau</li>\n<li>100€ par unité intérieure de PAC air-air (climatisation réversible)</li>\n</ul>\n<p>Nombre de dossiers limité, offre valable du 15 octobre au 31 décembre 2024. Rapprochez-vous de nos équipes : contactez-nous par téléphone, via notre formulaire de contact ou rendez-vous dans notre agence à <a href=\"https://www.gd-energies.fr/chauffage-nimes\" title=\"Chauffage Nimes\">Nîmes</a> !</p>\n</td>\n</tr>\n</tbody>\n</table> <caption style=\"font-weight: bold; padding: 10px;\">Opération Mois de la Réno d’Atlantic</caption> <tbody>\n<tr>\n<td style=\"border: 1px solid #d3d3d3; padding: 8px;\">\n<p>Dans le cadre de ses <a title=\"Mois de la réno Atlantic\" href=\"https://www.atlantic.fr/Les-mois-de-la-reno\">Mois de la Réno</a>, notre partenaire Atlantic vous rembourse :</p>\n<ul>\n<li>600€ pour l’achat d’une pompe à chaleur hybride Alfea Hybrid Duo</li>\n<li>300€ pour l’achat d’une pompe à chaleur hybride Hybea ou air-eau</li>\n<li>100€ par unité intérieure de PAC air-air (climatisation réversible)</li>\n</ul>\n<p>Nombre de dossiers limité, offre valable du 15 octobre au 31 décembre 2024. Rapprochez-vous de nos équipes : contactez-nous par téléphone, via notre formulaire de contact ou rendez-vous dans notre agence à <a href=\"https://www.gd-energies.fr/chauffage-nimes\" title=\"Chauffage Nimes\">Nîmes</a> !</p>\n</td>\n</tr>\n</tbody> <tr>\n<td style=\"border: 1px solid #d3d3d3; padding: 8px;\">\n<p>Dans le cadre de ses <a title=\"Mois de la réno Atlantic\" href=\"https://www.atlantic.fr/Les-mois-de-la-reno\">Mois de la Réno</a>, notre partenaire Atlantic vous rembourse :</p>\n<ul>\n<li>600€ pour l’achat d’une pompe à chaleur hybride Alfea Hybrid Duo</li>\n<li>300€ pour l’achat d’une pompe à chaleur hybride Hybea ou air-eau</li>\n<li>100€ par unité intérieure de PAC air-air (climatisation réversible)</li>\n</ul>\n<p>Nombre de dossiers limité, offre valable du 15 octobre au 31 décembre 2024. Rapprochez-vous de nos équipes : contactez-nous par téléphone, via notre formulaire de contact ou rendez-vous dans notre agence à <a href=\"https://www.gd-energies.fr/chauffage-nimes\" title=\"Chauffage Nimes\">Nîmes</a> !</p>\n</td>\n</tr> <td style=\"border: 1px solid #d3d3d3; padding: 8px;\">\n<p>Dans le cadre de ses <a title=\"Mois de la réno Atlantic\" href=\"https://www.atlantic.fr/Les-mois-de-la-reno\">Mois de la Réno</a>, notre partenaire Atlantic vous rembourse :</p>\n<ul>\n<li>600€ pour l’achat d’une pompe à chaleur hybride Alfea Hybrid Duo</li>\n<li>300€ pour l’achat d’une pompe à chaleur hybride Hybea ou air-eau</li>\n<li>100€ par unité intérieure de PAC air-air (climatisation réversible)</li>\n</ul>\n<p>Nombre de dossiers limité, offre valable du 15 octobre au 31 décembre 2024. Rapprochez-vous de nos équipes : contactez-nous par téléphone, via notre formulaire de contact ou rendez-vous dans notre agence à <a href=\"https://www.gd-energies.fr/chauffage-nimes\" title=\"Chauffage Nimes\">Nîmes</a> !</p>\n</td> <p>Dans le cadre de ses <a title=\"Mois de la réno Atlantic\" href=\"https://www.atlantic.fr/Les-mois-de-la-reno\">Mois de la Réno</a>, notre partenaire Atlantic vous rembourse :</p> <a title=\"Mois de la réno Atlantic\" href=\"https://www.atlantic.fr/Les-mois-de-la-reno\">Mois de la Réno</a> <ul>\n<li>600€ pour l’achat d’une pompe à chaleur hybride Alfea Hybrid Duo</li>\n<li>300€ pour l’achat d’une pompe à chaleur hybride Hybea ou air-eau</li>\n<li>100€ par unité intérieure de PAC air-air (climatisation réversible)</li>\n</ul> <li>600€ pour l’achat d’une pompe à chaleur hybride Alfea Hybrid Duo</li> <li>300€ pour l’achat d’une pompe à chaleur hybride Hybea ou air-eau</li> <li>100€ par unité intérieure de PAC air-air (climatisation réversible)</li> <p>Nombre de dossiers limité, offre valable du 15 octobre au 31 décembre 2024. Rapprochez-vous de nos équipes : contactez-nous par téléphone, via notre formulaire de contact ou rendez-vous dans notre agence à <a href=\"https://www.gd-energies.fr/chauffage-nimes\" title=\"Chauffage Nimes\">Nîmes</a> !</p> <a href=\"https://www.gd-energies.fr/chauffage-nimes\" title=\"Chauffage Nimes\">Nîmes</a> <h3>Émettre moins de CO2 et améliorer l’impact carbone de votre maison</h3> <p>Remplacer une chaudière à gaz ou à fioul par une PAC hybride contribue également à la réduction des émissions de CO2. Toujours selon GRDF, c’est jusqu’à 70% de CO2 en moins !</p> <p>En utilisant principalement la pompe à chaleur, un équipement fonctionnant grâce aux énergies renouvelables, vous diminuez l’empreinte carbone de votre logement. Cette solution contribue donc directement à la transition énergétique et à l’atteinte des objectifs de réduction des émissions fixés par les pouvoirs publics.</p> <h3>Quand remplacer une chaudière ancienne ?</h3> <p>Nous vous recommandons de remplacer votre chaudière lorsqu’elle présente des signes d’usure, génère des coûts d’entretien élevés ou n’est plus conforme aux nouvelles normes écologiques.</p> <p>Les chaudières à gaz ou à fioul de plus de quinze ans sont particulièrement concernées. Ces appareils peuvent désormais être remplacés efficacement par des PAC hybrides qui offrent de meilleures performances tout en garantissant un confort similaire. À savoir, la durée de vie d'une pompe à chaleur hybride est en moyenne de <strong>15 à 20 ans</strong>, comme une chaudière moderne, mais elle permet de faire plus d’économies sur le long terme.</p> <strong>15 à 20 ans</strong>"
    },
    {
      "title": "Quel est le coût d’installation d’une pompe à chaleur hybride ?",
      "text": "<p>Le coût d'installation d'une pompe à chaleur hybride dépend de plusieurs facteurs : la taille de l’installation, la complexité des travaux, et l’équipement choisi. Si le coût d'achat et d'installation peut sembler élevé par rapport au remplacement d'une chaudière standard, il est toutefois largement compensé par les économies d’énergie et les nombreuses aides financières disponibles, telles que MaPrimeRénov', les Certificats d'Économies d'Énergie (CEE) et l'éco-prêt à taux zéro.</p> <h3>Aides financières et retour sur investissement</h3> <p>Ces dispositifs permettent de réduire considérablement l’investissement initial.</p> <p>Par exemple, en 2024, MaPrimeRénov’ peut offrir jusqu’à 5 000 € d’aide pour l’installation d’une PAC hybride. Avec les CEE, vous pouvez y ajouter jusqu’à 5 100 € selon vos revenus (<a title=\"Augmentaton Coup de pouce PAC 2024\" href=\"../../conseils-et-actualites/pompe-a-chaleur-2024-augmentation-coup-de-pouce\">montants jusqu’à fin 2024</a>).</p> <a title=\"Augmentaton Coup de pouce PAC 2024\" href=\"../../conseils-et-actualites/pompe-a-chaleur-2024-augmentation-coup-de-pouce\">montants jusqu’à fin 2024</a> <p>Pour la pose de votre PAC hybride, vous bénéficiez également d’un taux de TVA réduit à 5,5 %. Vous pouvez également profiter de l’éco-prêt à taux zéro pour financer votre reste à charge.</p> <p>Combinées aux économies d’énergie réalisées, ces aides financières permettent de rentabiliser l’installation en 5 à 10 ans, selon la configuration du logement et les habitudes de consommation.</p> <p><a title=\"Contacter les équipes GD Energies pour obtenir un devis\" href=\"/nous-contacter\">Contactez nos experts GD Energies pour obtenir une simulation des aides auxquelles vous pouvez prétendre</a></p> <a title=\"Contacter les équipes GD Energies pour obtenir un devis\" href=\"/nous-contacter\">Contactez nos experts GD Energies pour obtenir une simulation des aides auxquelles vous pouvez prétendre</a>"
    },
    {
      "title": "Les alternatives à la pompe à chaleur hybride",
      "text": "<p>D’autres solutions de chauffage peuvent être envisagées selon vos besoins et votre budget, comme la <a title=\"Chaudière gaz dernière génération à Nîmes\" href=\"https://www.gd-energies.fr/equipements/chaudieres-gaz\"><strong>chaudière à condensation</strong></a> ou la <strong>pompe à chaleur air-eau</strong>.</p> <a title=\"Chaudière gaz dernière génération à Nîmes\" href=\"https://www.gd-energies.fr/equipements/chaudieres-gaz\"><strong>chaudière à condensation</strong></a> <strong>chaudière à condensation</strong> <strong>pompe à chaleur air-eau</strong> <p>Toutefois, la PAC hybride se distingue par sa capacité à offrir un compromis idéal entre économies d’énergie, confort et coût d’installation. Elle est particulièrement adaptée aux foyers qui ne peuvent pas se passer totalement d’une chaudière mais qui souhaitent réduire leur consommation de combustibles fossiles.</p>"
    }
  ]
}