{
  "breadcrumb": "MaPrimeRénov’ suspendue pendant l’été 2025 : quelles démarches sont en",
  "seo": {
    "title": "MaPrimeRénov’ suspendue été 2025 : démarches et aides en attente",
    "description": "MaPrimeRénov’ suspendue à l’été 2025 : quelles démarches restent possibles ? Découvrez les aides actives comme le Coup de Pouce Chauffage avec GD Energies et Domofinance.\n\n",
    "opengraph": {
      "site_name": "",
      "type": "",
      "locale": "",
      "title": "",
      "description": "",
      "image": {
        "src": "",
        "alt": ""
      }
    }
  },
  "title": " MaPrimeRénov’ suspendue pendant l’été 2025 : quelles démarches sont en ",
  "chapo": "Face à la suspension annoncée de MaPrimeRénov’ pendant l’été 2025, quelles sont les aides encore actives et comment GD vous accompagne ?",
  "image": {
    "src": "/upload/files/gd-energies-article-suspension-maprimerenov-2025-6727e16d53.jpg",
    "alt": "MaPrimeRénov’ suspendue pendant l’été 2025 : quelles démarches sont en"
  },
  "intro": "<p>Confirmée le 4 juin par la ministre du logement, la <strong>suspension temporaire de MaPrimeRénov’</strong> interviendra dans le courant de l’été. Elle concerne <strong>l’instruction des nouveaux dossiers</strong>, et s’explique par :</p> <p>Le traitement des nouveaux dossiers reprendra <strong>fin septembre</strong>, selon un calendrier et un <strong>cadre actualisé</strong>.</p>",
  "paragraphs": [
    {
      "title": "Traitement des dossiers : ce qu’il faut savoir",
      "text": "<ul>\n<li><strong>Avant la suspension :</strong> les dossiers sont traités, s’ils sont complets et conformes.</li>\n<li><strong>Pendant la suspension :</strong> les nouvelles demandes ne pourront pas être traitées.</li>\n<li><strong>Après la reprise :</strong> les dossiers suivront un <strong>cadre renforcé</strong>, en cours de définition.</li>\n</ul> <li><strong>Avant la suspension :</strong> les dossiers sont traités, s’ils sont complets et conformes.</li> <strong>Avant la suspension :</strong> <li><strong>Pendant la suspension :</strong> les nouvelles demandes ne pourront pas être traitées.</li> <strong>Pendant la suspension :</strong> <li><strong>Après la reprise :</strong> les dossiers suivront un <strong>cadre renforcé</strong>, en cours de définition.</li> <strong>Après la reprise :</strong> <strong>cadre renforcé</strong>"
    },
    {
      "title": "Les aides encore actives",
      "text": "<p><strong>GD Energies</strong> vous oriente vers les dispositifs toujours accessibles, comme le <strong>Coup de Pouce Chauffage</strong>, selon vos revenus.</p> <strong>GD Energies</strong> <strong>Coup de Pouce Chauffage</strong> <p>En attendant la reprise de MaPrimeRénov’, le <strong>Coup de Pouce Chauffage</strong> constitue une <strong>aide financière toujours disponible</strong> pour <strong>remplacer un ancien système de chauffage</strong>.</p> <strong>Coup de Pouce Chauffage</strong> <strong>aide financière toujours disponible</strong> <strong>remplacer un ancien système de chauffage</strong> <p>Prenons deux cas concrets :</p> <ul>\n<li>Un <strong>foyer modeste</strong> qui remplace une <strong>chaudière gaz</strong> par une <strong>pompe à chaleur hybride</strong> peut bénéficier d’une prime d’au moins <strong>4 000 €</strong>.</li>\n<li>Un <strong>ménage non modeste</strong> faisant installer une <strong>PAC air/eau</strong> peut obtenir une aide de <strong>2 500 € minimum</strong>.</li>\n</ul> <li>Un <strong>foyer modeste</strong> qui remplace une <strong>chaudière gaz</strong> par une <strong>pompe à chaleur hybride</strong> peut bénéficier d’une prime d’au moins <strong>4 000 €</strong>.</li> <strong>foyer modeste</strong> <strong>chaudière gaz</strong> <strong>pompe à chaleur hybride</strong> <strong>4 000 €</strong> <li>Un <strong>ménage non modeste</strong> faisant installer une <strong>PAC air/eau</strong> peut obtenir une aide de <strong>2 500 € minimum</strong>.</li> <strong>ménage non modeste</strong> <strong>PAC air/eau</strong> <strong>2 500 € minimum</strong>"
    },
    {
      "title": "GD Energies, mandataire MaPrimeRénov’ : on vous accompagne",
      "text": "<p>En tant que <strong>mandataire MaPrimeRénov’ reconnu par l’État</strong>, <strong>GD Énergies</strong> prend en charge toutes les <strong>démarches administratives</strong> liées à votre dossier. Cela inclut :</p> <strong>mandataire MaPrimeRénov’ reconnu par l’État</strong> <strong>GD Énergies</strong> <strong>démarches administratives</strong> <ul>\n<li>la <strong>vérification d’éligibilité</strong>,</li>\n<li>le <strong>montage du dossier</strong> de demande d’aide,</li>\n<li>le <strong>suivi de l’instruction</strong>,</li>\n<li>la <strong>déduction directe des aides</strong> sur votre devis.</li>\n</ul> <li>la <strong>vérification d’éligibilité</strong>,</li> <strong>vérification d’éligibilité</strong> <li>le <strong>montage du dossier</strong> de demande d’aide,</li> <strong>montage du dossier</strong> <li>le <strong>suivi de l’instruction</strong>,</li> <strong>suivi de l’instruction</strong> <li>la <strong>déduction directe des aides</strong> sur votre devis.</li> <strong>déduction directe des aides</strong> <p>Nous restons mobilisés <strong>pendant toute la période</strong>, avant, pendant et après la suspension pour <strong>préparer votre projet</strong> et vous <strong>conseiller dans votre changement de chauffage</strong>.</p> <strong>pendant toute la période</strong> <strong>préparer votre projet</strong> <strong>conseiller dans votre changement de chauffage</strong> <p>En complément des aides, <strong>GD Energies</strong> propose, en partenariat avec <strong>Domofinance</strong>, des <strong>solutions de financement personnalisées</strong> pour <strong>lisser votre reste à charge</strong>.</p> <strong>GD Energies</strong> <strong>Domofinance</strong> <strong>solutions de financement personnalisées</strong> <strong>lisser votre reste à charge</strong> <p><em>Un crédit vous engage et doit être remboursé. Vérifiez vos capacités de remboursement avant de vous engager.</em></p> <em>Un crédit vous engage et doit être remboursé. Vérifiez vos capacités de remboursement avant de vous engager.</em>"
    }
  ]
}