{
  "breadcrumb": "Panneau solaire et climatisation : une bonne idée ?",
  "seo": {
    "title": "Combien de panneaux solaires pour alimenter sa climatisation ?",
    "description": "Alimenter sa climatisation avec des panneaux solaires ? GD Energies, à Nîmes, vous explique comment allier confort et autoconsommation énergétique.",
    "opengraph": {
      "site_name": "",
      "type": "",
      "locale": "",
      "title": "",
      "description": "",
      "image": {
        "src": "",
        "alt": ""
      }
    }
  },
  "title": " Panneau solaire et climatisation : une bonne idée ? ",
  "chapo": "Climatisation et panneaux solaires : un bon combo pour réduire sa facture d’électricité",
  "image": {
    "src": "/upload/files/gd-energies-article-climatisation-panneaux-solaires-feeebc8101.jpg",
    "alt": "Panneau solaire et climatisation : une bonne idée ?"
  },
  "intro": "<p><strong>Vous vous demandez s’il est possible d’alimenter votre climatisation grâce à des panneaux solaires ?</strong> Vous cherchez à réduire vos factures tout en conservant un logement confortable l’été ?</p> <p>Vous n’êtes pas seul.</p> <p>Avec l’augmentation des températures et des coûts de l’énergie, nombreux sont ceux qui cherchent une solution durable, confortable et économique. Dans les zones très ensoleillées comme le Gard, cette association offre des réponses concrètes à deux besoins essentiels : <strong>fraîcheur et autonomie énergétique</strong>.</p> <p>Mais est-ce vraiment efficace ? Combien de panneaux faut-il pour alimenter un climatiseur ? Est-ce rentable ? Faut-il une installation spéciale ? On vous explique tout, chiffres à l’appui.</p> <h3>Peut-on vraiment faire fonctionner un climatiseur avec des panneaux solaires ?</h3> <p>Oui, et c’est même l’une des associations les plus pertinentes aujourd’hui pour réduire sa facture d’énergie tout en conservant un confort optimal en été. Dans un département comme le Gard, où l’ensoleillement est très favorable, la combinaison <a title=\"Equipement climatisation réversible\" href=\"https://www.gd-energies.fr/equipements/climatisations\">climatisation réversible</a><strong>&nbsp;+ panneaux photovoltaïques</strong>&nbsp;permet d’utiliser l’énergie solaire au moment où on en a le plus besoin : en pleine journée, pendant les pics de chaleur.</p> <h3>Quels types de climatiseurs sont compatibles avec une alimentation solaire ?</h3> <p>La plupart des installations concernent des <a title=\"Installation climatisation\" href=\"../../conseils-et-actualites/duree-installation-climatisation\">climatiseurs muraux réversibles</a><strong>&nbsp;(pompes à chaleur air/air)</strong>, alimentés par le réseau, sur lequel sont raccordés les panneaux photovoltaïques en autoconsommation. Que votre climatisation soit <a title=\"Climatiser une chambre\" href=\"../../conseils-et-actualites/climatisation-chambre\">dans votre chambre</a>, dans votre salon ou votre bureau ne pose aucun prolème.</p> <p>Ce n’est donc pas une climatisation spéciale « énergie solaire directe », mais une <strong>clim classique électrique</strong> (pompe à chaleur air-air). Sa consommation est partiellement ou totalement compensée par votre production solaire en temps réel.</p> <h3>Combien de panneaux solaires faut-il pour alimenter une climatisation ?</h3> <p>Cela dépend de plusieurs facteurs :</p> <ul>\n<li>La <strong>puissance de votre climatiseur</strong> (exprimée en kW froid)</li>\n<li>Son <strong>SEER</strong> (rendement en mode froid, souvent &gt; 6 pour les bons modèles)</li>\n<li>Le <strong>nombre d’heures d’utilisation par jour</strong></li>\n<li>L’ensoleillement réel de votre toiture</li>\n</ul> <p>Exemple concret : vous utilisez une climatisation de 2,5 kW froid avec un SEER de 6 pendant 6 heures/jour.</p> <ul>\n<li><strong>Puissance électrique consommée =</strong> 2,5 / 6 = 0,42 kW. <strong>Consommation journalière =</strong> 0,42 × 6 h = <strong>2,5 kWh par jour</strong>.</li>\n</ul> <p>Avec des panneaux solaires de 400 Wc chacun produisant en moyenne 2 kWh/jour chacun dans le Gard, <strong>2 à 3 panneaux</strong> peuvent couvrir cette consommation.</p> <p>Attention toutefois : cette estimation ne prend pas en compte les pertes d’onduleur (5 à 10 %), les variations météo, ou encore la simultanéité de production et de consommation. Pour plus de sérénité, il est conseillé de prévoir <strong>une marge de sécurité</strong>.</p> <p>Pour des <strong>climatisations centrales</strong> ou multisplits de grande puissance, le nombre de panneaux nécessaires peut être bien supérieur. Nos équipes vous aident à réaliser un dimensionnement adapté à votre habitation et à votre confort attendu.</p> <h3>Panneaux solaires et climatisation réversible : double bénéfice</h3> <p>Si vous utilisez votre climatisation également en hiver pour chauffer en mode pompe à chaleur, l’intérêt est double :</p> <ul>\n<li>Autoconsommation étendue sur toute l’année</li>\n<li>Factures d’énergie réduites en été comme en hiver</li>\n</ul> <p>Dans ce cas, on peut envisager une installation de <strong>3 à 6 kWc</strong> selon la surface à chauffer et le niveau d’isolation du logement.</p>",
  "paragraphs": [
    {
      "title": "Panneaux solaires et climatisation : aller plus loin avec une batterie",
      "text": "<p>En complément des panneaux solaires, vous pouvez opter pour :&nbsp;</p> <ul>\n<li>une <strong>batterie physique</strong> (installée chez vous)</li>\n<li>une <strong>batterie virtuelle</strong> (stockage numérique proposé dans nos offres Sol&amp;moi)</li>\n</ul> <p>Ces deux solutions permettent d'étendre les avantages de votre installation solaire au-delà des seules heures d'ensoleillement.</p> <h3>Batterie physique : une autonomie locale</h3> <p>Une batterie lithium-ion installée chez vous permet de <strong>conserver l’électricité produite en journée</strong> (lorsque vous êtes absent) pour l’utiliser le soir ou au petit matin. C’est une bonne solution si :</p> <ul>\n<li>Vous consommez surtout en dehors des heures solaires</li>\n<li>Vous souhaitez améliorer votre <strong>taux d’autoconsommation</strong></li>\n<li>Vous prévoyez d’ajouter d’autres usages électriques (voiture, PAC...)</li>\n</ul> <p>Son coût reste élevé mais peut être amorti selon les usages et les évolutions tarifaires de l’électricité.</p> <h3>Batterie virtuelle : une solution souple et sans matériel</h3> <p>Certaines solutions comme le <strong>stockage virtuel</strong> MySmartBattery de mylight150 vous permettent de créditer chaque kilowattheure non consommé pendant la journée et de le récupérer plus tard dans l'année. Pas de batterie à installer : tout passe par le réseau et votre fournisseur.</p> <p>C’est une alternative plus accessible financièrement, qui peut convenir à de nombreux foyers souhaitant <strong>valoriser chaque kWh produit</strong>.</p> <h3>Tout pour votre climatisation et vos panneaux photovoltaïques dans le Gard</h3> <p>Nos équipes vous accompagnent pour comparer les deux solutions et choisir celle qui convient le mieux à vos habitudes, à votre matériel et à vos objectifs d'autonomie.</p> <ul>\n<li>Dimensionnement de votre climatisation et de vos panneaux solaires</li>\n<li>Devis clairs, personnalisés</li>\n<li>Installateurs <a title=\"Certifications GD Energies\" href=\"/qui-sommes-nous/certifications-et-marques\">certifiés RGE QualiPAC et QualiPV</a></li>\n<li>Intervention à <a href=\"https://www.gd-energies.fr/chauffage-nimes\" title=\"Chauffage Nimes\">Nîmes</a>, Bouillargues, Le-<a href=\"https://www.gd-energies.fr/chauffage-grau-du-roi\" title=\"Chauffage Grau Du Roi\">Grau-du-Roi</a>, Marguerittes, Manduel, Redessan, Caissargues, Garons...</li>\n</ul> <h3>Quelles sont les offres photovoltaïques proposées par GD Energies ?</h3> <p>Nous vous proposons trois formules, selon vos besoins, votre budget et vos habitudes :</p> <h4>Sol&amp;Go – En toute simplicité</h4> <ul>\n<li>Panneaux photovoltaïques 500Wc TopCon – Garantie 25 ans</li>\n<li>Micro-onduleurs AP systems</li>\n<li>Étude solaire personnalisée</li>\n<li>Accompagnement administratif (mairie, Enedis, Consuel)</li>\n<li>Pose par un professionnel RGE</li>\n<li>En option : <strong>Stockage virtuel mylight150</strong></li>\n</ul> <h4>Sol&amp;Zen – Pour un accompagnement personnalisé</h4> <ul>\n<li>Panneaux <strong>DualSun 500Wc TOP CON</strong> – Fabrication française – Garantie 30 ans</li>\n<li>Micro-onduleurs AP systems</li>\n<li>Suivi de production via application</li>\n<li>Accompagnement administratif complet</li>\n<li><strong>Suivi post-installation</strong> : analyse de production, conseils d’optimisation</li>\n<li>En option : <strong>Stockage virtuel mylight150&nbsp;</strong></li>\n</ul> <h4>Sol&amp;Plus – Pour consommer de jour comme de nuit</h4> <ul>\n<li>Panneaux <strong>mylight150 hétérojonction 500Wc</strong> – Garantie 30 ans</li>\n<li>Micro-onduleurs Enphase</li>\n<li>Application de suivi et gestion du stockage</li>\n<li>Optimisation de votre consommation</li>\n<li>Suivi post-installation 1ère année</li>\n<li><strong>Stockage virtuel intégré</strong> pour viser jusqu’à 100 % d’autoconsommation</li>\n</ul> <h3>GD Energies : votre installateur climatisation + solaire à Nîmes</h3> <p>Nous accompagnons les particuliers qui souhaitent réduire leurs factures tout en gagnant en confort :</p> <ul>\n<li>Dimensionnement de votre climatisation et de vos panneaux solaires</li>\n<li>Devis clairs, personnalisés</li>\n<li>Installateurs certifiés RGE QualiPAC et QualiPV</li>\n</ul> <p>Contactez <strong>GD Energies</strong> pour une étude gratuite de votre projet de climatisation solaire.</p>"
    }
  ]
}