{
  "breadcrumb": "TVA à 20% sur chaudières à gaz : quel impact pour Nîmes",
  "seo": {
    "title": "Hausse de TVA sur les chaudières gaz : quel impact à Nîmes ?",
    "description": "La TVA sur les chaudières à gaz est passée à 20% en 2025. Propriétaires à Nîmes, quels impacts et quelles sont les solutions alternatives ?",
    "opengraph": {
      "site_name": "",
      "type": "",
      "locale": "",
      "title": "",
      "description": "",
      "image": {
        "src": "",
        "alt": ""
      }
    }
  },
  "title": " TVA à 20% sur chaudières à gaz : quel impact pour Nîmes ",
  "chapo": "TVA sur les chaudières à gaz : de 5,5% à 20%, quels impacts pour les propriétaires de Nîmes ?",
  "image": {
    "src": "/upload/files/gd-energies-article-hausse-tva-chaudieres-gaz-d0dc9718ea.jpg",
    "alt": "TVA à 20% sur chaudières à gaz : quel impact pour Nîmes"
  },
  "intro": "<p>Pendant plusieurs mois, le gouvernement français a envisagé de revoir la TVA sur les chaudières à gaz dans le cadre d’une directive européenne. Fixée à 5,5 % jusqu'au 31/12/2024 pour encourager la rénovation énergétique, cette TVA a connu des évolutions récentes.</p> <p>Au 1er janvier 2025, elle est passée à 10%. Au 1er mars 2025, elle s'établit désormais à 20% pour l'installation des chaudières à gaz. Pour les propriétaires de maisons à <a href=\"https://www.gd-energies.fr/chauffage-nimes\" title=\"Chauffage Nimes\">Nîmes</a>, cette hausse a des conséquences financières importantes et peut freiner les projets de modernisation énergétique.</p> <p>Voyons ensemble les répercussions de cette augmentation et ce que cela signifie pour les foyers nîmois.</p>",
  "paragraphs": [
    {
      "title": "Une augmentation des coûts qui pourrait peser sur les budgets",
      "text": "<p>Avec une TVA sur les chaudières à gaz qui passe de 5,5 % à 10 %, les ménages ont déjà ressenti une hausse significative. Mais le passage à 20 % a entrainé un véritable <strong>bond des coûts</strong>. Par exemple, pour une installation de chaudière à gaz coûtant 3 500 € HT, <strong data-start=\"921\" data-end=\"986\">la TVA était de 192,50 € à 5,5 %, elle est désormais de 700 €</strong>, soit une augmentation de <strong data-start=\"1013\" data-end=\"1025\">507,50 €</strong> à la charge des ménages.</p> <strong>bond des coûts</strong> <strong data-start=\"921\" data-end=\"986\">la TVA était de 192,50 € à 5,5 %, elle est désormais de 700 €</strong> <strong data-start=\"1013\" data-end=\"1025\">507,50 €</strong> <p>Dans une ville comme Nîmes, où les besoins en chauffage sont réels en hiver malgré le climat méditerranéen, cette hausse pourrait dissuader de nombreux propriétaires d'investir dans un nouveau système de chauffage plus performant. Cette augmentation pourrait également inciter certains ménages à retarder, voire annuler, leurs projets de rénovation énergétique, ce qui peut les priver d’une meilleure efficacité énergétique et d’<a title=\"Chauffage : comment faire des économies\" href=\"../../conseils-et-actualites/7-astuces-economies-chauffage\">économies sur leurs factures de chauffage</a>.</p> <a title=\"Chauffage : comment faire des économies\" href=\"../../conseils-et-actualites/7-astuces-economies-chauffage\">économies sur leurs factures de chauffage</a>"
    },
    {
      "title": "Un coup de frein à la rénovation énergétique locale",
      "text": "<p>La hausse de la TVA à 10 % ou 20 % a un impact direct sur les efforts de transition énergétique dans la région nîmoise. Les <a title=\"Chaudières gaz à Nîmes\" href=\"https://www.gd-energies.fr/equipements/chaudieres-gaz\">chaudières à condensation</a>, actuellement encouragées pour leur efficacité énergétique, pourraient devenir moins accessibles pour de nombreux propriétaires.</p> <a title=\"Chaudières gaz à Nîmes\" href=\"https://www.gd-energies.fr/equipements/chaudieres-gaz\">chaudières à condensation</a> <p>Si les foyers nîmois sont <strong>dissuadés de moderniser leurs systèmes de chauffage</strong>, la région pourrait voir une stagnation des projets de rénovation. Cela irait à l’encontre des objectifs fixés par les autorités locales et nationales pour réduire la consommation d’énergie des bâtiments. Les systèmes de chauffage obsolètes, qui sont plus coûteux à l'usage et moins respectueux de l’environnement, resteraient en service plus longtemps. Résultat : encore plus de consommation de gaz au niveau local.</p> <strong>dissuadés de moderniser leurs systèmes de chauffage</strong>"
    },
    {
      "title": "Les ménages modestes en première ligne",
      "text": "<p>Une hausse de la TVA à 20 % peut aussi <strong>aggraver les inégalités entre les ménages</strong>. Les foyers les plus aisés seraient théoriquement capables de supporter l’augmentation des coûts d'installation, tandis que les ménages modestes, déjà contraints par leur budget, pourraient être amenés à renoncer à ces projets de rénovation. Le fossé entre les foyers pouvant se permettre d’investir dans des équipements modernes et ceux qui doivent conserver des systèmes vieillissants ne ferait que se creuser.</p> <strong>aggraver les inégalités entre les ménages</strong> <p>Chez GD Energies, nous voyons souvent des propriétaires hésiter à remplacer leur chaudière en raison des coûts d’investissement. Avec la TVA à 20 % désormais, cette hésitation pourrait se transformer en renoncement pour de nombreux foyers, ce qui prolongerait l’utilisation de systèmes énergivores et inefficaces.</p>"
    },
    {
      "title": "Des solutions alternatives à explorer : pompes à chaleur et systèmes hybrides",
      "text": "<p>Face à cette hausse de la TVA, les ménages nîmois peuvent se tourner vers des <a title=\"Remplacer une chaudière gaz par une PAC hybride\" href=\"../../conseils-et-actualites/remplacer-chaudiere-par-pompe-a-chaleur-hybride-gard\">solutions de chauffage alternatives</a>. Les <a title=\"Pompe à chaleur à Nîmes\" href=\"https://www.gd-energies.fr/equipements/pompes-a-chaleur\">pompes à chaleur</a>, par exemple, sont parfaitement adaptées au climat de la région et permettent de réaliser des économies d'énergie sur le long terme. De plus, ces équipements bénéficient encore d’aides financières comme <strong>MaPrimeRénov'</strong>, ce qui en fait <a title=\"CEE : augmentation des primes jusqu'à fin 2024 pour les PAC\" href=\"../../conseils-et-actualites/pompe-a-chaleur-2024-augmentation-coup-de-pouce\">une option financièrement intéressante</a>.</p> <a title=\"Remplacer une chaudière gaz par une PAC hybride\" href=\"../../conseils-et-actualites/remplacer-chaudiere-par-pompe-a-chaleur-hybride-gard\">solutions de chauffage alternatives</a> <a title=\"Pompe à chaleur à Nîmes\" href=\"https://www.gd-energies.fr/equipements/pompes-a-chaleur\">pompes à chaleur</a> <strong>MaPrimeRénov'</strong> <a title=\"CEE : augmentation des primes jusqu'à fin 2024 pour les PAC\" href=\"../../conseils-et-actualites/pompe-a-chaleur-2024-augmentation-coup-de-pouce\">une option financièrement intéressante</a> <p>GD Energies, spécialiste des solutions de chauffage dans la région de Nîmes, est à votre disposition pour vous conseiller et vous accompagner dans vos projets. N’hésitez pas à nous contacter pour obtenir un devis personnalisé ou pour en savoir plus sur les options qui s’offrent à vous. Nos équipes locales, basées à Nîmes, se tiennent prêtes à vous guider vers la meilleure solution énergétique pour votre maison.</p>"
    }
  ]
}