{
  "breadcrumb": "Bureau",
  "seo": {
    "title": "Chauffage et Climatisation pour bureaux à Chambéry et dans toute la Savoie",
    "description": "Besoin de chauffer ou climatiser vos bureaux ? Contactez SBF Energies pour un devis gratuit !",
    "opengraph": {
      "site_name": "",
      "type": "",
      "locale": "",
      "title": "",
      "description": "",
      "image": {
        "src": "",
        "alt": ""
      }
    }
  },
  "hero": {
    "title": "",
    "subtitle": ""
  },
  "intro": {
    "image": {
      "src": "",
      "alt": ""
    },
    "text": "<p>Avoir chaud ou froid au bureau ne permet pas de remplir ses tâches dans les meilleures conditions. La productivité baisse et des maladies peuvent faire leur apparition augmentant l'absentéisme.</p> <p>Pour le bien-être de tous, SBF Énergies s'occupe de l'installation de systèmes de climatisation pour bureau et de chauffage pour bureau ou autres locaux professionnels. Directement lié à la productivité de votre entreprise, le confort thermique reste une priorité.</p> <p>Nos techniciens interviennent dans la Savoie, à <a href=\"https://www.sbf-energies.com/chauffagiste-frigoriste-chambery\" title=\"Chauffagiste Frigoriste Chambery\">Chambéry</a>, à Pontcharras et aux alentours pour installer, réparer et entretenir vos équipements de chauffage ou climatisation pour vos locaux ou bureaux professionnels.<br><br>&nbsp;</p>"
  },
  "contents": [
    {
      "title": "Installation des appareils de chauffage et climatisation pour bureau - Chambéry et ses environs",
      "text": "<p>Une étude technique est nécessaire pour déterminer quel appareil convient le mieux aux locaux, selon leur superficie mais aussi leur agencement, le nombre de parties ouvertes ou fermées.</p> <p>Installer un climatiseur de bureau ne prend que très peu de temps et n'engendre que peu de dérangement. Nous intervenons aux horaires qui vous arrangent et restons les plus discrets possible. L'installation de climatisation pour bureau, de chauffage de bureau ou d'appareils réversibles, comme les pompes à chaleur air air ou climatiseurs de bureau Inverter est réalisée par des techniciens certifiés RGE, expérimentés et en formation continue. Suite à cette installation, le fonctionnement des appareils vous est divulgué et la mise en service est assurée. Si vous souhaitez passer aux énergies renouvelables, nous vous expliquerons quelles sont les solutions les plus avantageuses en milieu professionnel et vous accompagnerons dans vos démarches.</p>"
    },
    {
      "title": "Entretien et maintenance de vos installations de confort thermique dans toute la Savoie",
      "text": "<p>Nous sommes spécialistes de l'entretien des climatisations pour bureau et appareils de chauffage pour bureau à Chambéry. Nos contrats de maintenance à l'année vous permettent de bénéficier pleinement de la garantie fabricant et d'obtenir un suivi régulier pour maintenir chaque équipement en parfait état.</p> <p>Lors de notre intervention en Savoie, nous vérifions chaque élément, nettoyons ou remplaçons les filtres de votre climatiseur de bureau et effectuons les réglages sur vos systèmes de chauffage de bureau. Rien n'est laissé au hasard et de nombreux contrôles sont effectués au niveau du système électrique (tensions, intensité, organes de sécurité, etc.), du système frigorifique pour les pompes à chaleur et de chaque partie de l'appareil (carrosserie, bacs d'évacuation, etc.).</p>"
    },
    {
      "title": "Dépannage des pompes à chaleur et des climatiseurs dans vos bureaux à Chambéry",
      "text": "<p>Parce que nous savons que votre confort est essentiel, nous recherchons des solutions rapides pour vous dépanner. Notre intervention a lieu sous 24 à 48 heures. Faites confiance à l'expertise et au professionnalisme de nos collaborateurs.</p> <p>En choisissant SBF Énergies pour dépanner votre pompe à chaleur ou votre climatiseur de bureau, vous êtes certain de bénéficier du savoir-faire d'artisans qualifiés. Que vous soyez sur Chambéry, <a href=\"https://www.sbf-energies.com/chauffagiste-frigoriste-rumilly\" title=\"Chauffagiste Frigoriste Rumilly\">Rumilly</a> ou <a href=\"https://www.sbf-energies.com/chauffagiste-frigoriste-aix-les-bains\" title=\"Chauffagiste Frigoriste Aix Les Bains\">Aix-les-Bains</a>, n'hésitez pas à contacter le service client SBF Énergies pour une prise en charge immédiate et ciblée. Nous dépannons toutes marques d'appareils et disposons d'un matériel de pointe pour répondre aux urgences.</p> <a href=\"https://www.sbf-energies.com/chauffagiste-frigoriste-rumilly\" title=\"Chauffagiste Frigoriste Rumilly\">Rumilly</a> <a href=\"https://www.sbf-energies.com/chauffagiste-frigoriste-aix-les-bains\" title=\"Chauffagiste Frigoriste Aix Les Bains\">Aix-les-Bains</a>"
    },
    {
      "title": "En savoir plus sur nos services de chauffagistes pour professsionnels",
      "text": "<p><i class=\"fa fa-angle-double-right\" style=\"color: #337ab7;\"></i> <a href=\"/refrigeration/commerce\">Installation du chauffage pour les commerçants</a><br> <i class=\"fa fa-angle-double-right\" style=\"color: #337ab7;\"></i> <a href=\"/refrigeration\">Chauffage industriel</a></p> <i class=\"fa fa-angle-double-right\" style=\"color: #337ab7;\"></i> <a href=\"/refrigeration/commerce\">Installation du chauffage pour les commerçants</a> <br> <i class=\"fa fa-angle-double-right\" style=\"color: #337ab7;\"></i> <a href=\"/refrigeration\">Chauffage industriel</a>"
    }
  ],
  "related": {
    "title": "",
    "links": []
  },
  "url": "https://www.sbf-energies.com/refrigeration/bureau"
}