{
  "breadcrumb": "Commerce",
  "seo": {
    "title": "Chauffage et Climatisation pour locaux et commerces en Savoie",
    "description": "SBF Energies spécialiste du chauffage et de la climatisation pour les professionnels. Installation, contrat d'entretien et dépannage.",
    "opengraph": {
      "site_name": "",
      "type": "",
      "locale": "",
      "title": "",
      "description": "",
      "image": {
        "src": "",
        "alt": ""
      }
    }
  },
  "hero": {
    "title": "",
    "subtitle": ""
  },
  "intro": {
    "image": {
      "src": "",
      "alt": ""
    },
    "text": "<p>Le confort thermique contribue à une bonne fréquentation des lieux de commerce et garantit le respect de la marchandise et du fret dans les locaux d'entreposage. Bien adaptés au volume d'air et à l'agencement, le chauffage et la climatisation pour magasin et commerce ajoutent de la valeur à votre fonds de commerce.</p> <p> </p> <p>SBF Énergies conseille sur les appareils à privilégier en fonction du type de magasin et de ses caractéristiques.</p> <p>Nos techniciens qualifiés interviennent dans en Savoie, à <a href=\"https://www.sbf-energies.com/chauffagiste-frigoriste-rumilly\" title=\"Chauffagiste Frigoriste Rumilly\">Rumilly</a>, à <a href=\"https://www.sbf-energies.com/chauffagiste-frigoriste-la-motte-servolex\" title=\"Chauffagiste Frigoriste La Motte Servolex\">La Motte-Servolex</a> et aux alentours, dans le respect les normes très strictes de l'installation et de l'entretien de matériels frigorifiques.<br><br>&nbsp;</p>"
  },
  "contents": [
    {
      "title": "Installation d'un appareil de chauffage, de climatisation ou réversible à Chambéry et en Savoie",
      "text": "<a href=\"https://www.sbf-energies.com/chauffagiste-frigoriste-chambery\" title=\"Chauffagiste Frigoriste Chambery\">Chambéry</a> <p>L'étude technique réalisée par les techniciens SBF permet de mettre en avant chaque contrainte et de chiffrer l'acquisition du matériel et sa pose.</p> <p>Concernant la <strong>climatisation de magasin</strong>, une première distinction est faite entre les \"commerces simples\" et les commerces alimentaires et une seconde entre les petites et les grandes surfaces. La climatisation de magasin conseillée peut être monobloc réversible ou non, ou plutôt split (mono split ou multi splits) avec plusieurs unités intérieures pour couvrir parfaitement chaque zone. S'il s'agit de climatiser un grand centre commercial, la solution privilégiée sera certainement le climatiseur gainable, bien plus flexible. Le choix en matière de <strong>climatisation pour local commercial</strong> est en fait assez vaste et intègre également les énergies renouvelables.</p> <strong>climatisation de magasin</strong> <strong>climatisation pour local commercial</strong> <p>Concernant le chauffage pour les commerces, l'enjeu va être de garantir une bonne ambiance sans pour autant augmenter le coût de la facture énergétique. L'installation d'une pompe à chaleur bien dimensionnée peut résoudre ces deux problématiques. Parce que chaque prix doit être transparent, SBF Énergies réalise un devis détaillé pour tout projet de chauffage pour votre local.</p>"
    },
    {
      "title": "Entretien et maintenance des appareils de chauffage et climatisation professionnels à Chambéry",
      "text": "<p>L'entretien et la maintenance d'une climatisation pour magasin et commerce ou d'un chauffage pour local comprend le nettoyage des différents éléments, les vérifications des pièces indispensables au bon fonctionnement de l'appareil et les réglages pour des économies d'énergie toujours maîtrisées. Sur une pompe à chaleur, les techniciens vont notamment vérifier l'absence de fuite au niveau du compartiment renfermant le fluide frigorigène, aussi nocif pour la santé que pour l'environnement.</p> <p>L'entretien du chauffage dans les commerces et de la climatisation dans un local commercial permet en outre d'éviter les pannes. Chez SBF Energies, nous vous proposons des contrats d'entretien adaptés à la maintenance de vos appareils de réfrigération. Nous n'assurons pas seulement l'installation de vos chambres froides ou de vos machines à glaçons, mais nous veillons aussi à ce que vos équipements soient toujours en parfait état de marche.</p>"
    },
    {
      "title": "Dépannage des systèmes de chauffage et climatisation en Savoie",
      "text": "<p>Pour dépanner rapidement les appareils de chauffage des commerces ou les dispositifs pour la climatisation d'un local commercial, les techniciens SBF Énergies se déplacent avec un matériel adapté et des pièces de remplacement. Le dépannage s'effectue donc en 24 à 48 h pour les pompes à chaleur et les climatiseurs réversibles.</p> <p>Si vous avez souscrit un contrat d'entretien annuel, vous bénéficiez d'office d'une intervention en urgence. Où que vous soyez en Savoie : Chambéry, Albertville, <a href=\"https://www.sbf-energies.com/chauffagiste-frigoriste-aix-les-bains\" title=\"Chauffagiste Frigoriste Aix Les Bains\">Aix-les-Bains</a>, Rumilly, Montmélian, Ugine, La Motte-Servolex, <a href=\"https://www.sbf-energies.com/chauffagiste-frigoriste-pontcharra\" title=\"Chauffagiste Frigoriste Pontcharra\">Pontcharra</a>, <a href=\"https://www.sbf-energies.com/chauffagiste-frigoriste-bassens\" title=\"Chauffagiste Frigoriste Bassens\">Bassens</a>, Modane, etc. vous êtes prioritaire.</p> <a href=\"https://www.sbf-energies.com/chauffagiste-frigoriste-aix-les-bains\" title=\"Chauffagiste Frigoriste Aix Les Bains\">Aix-les-Bains</a> <a href=\"https://www.sbf-energies.com/chauffagiste-frigoriste-pontcharra\" title=\"Chauffagiste Frigoriste Pontcharra\">Pontcharra</a> <a href=\"https://www.sbf-energies.com/chauffagiste-frigoriste-bassens\" title=\"Chauffagiste Frigoriste Bassens\">Bassens</a>"
    },
    {
      "title": "En savoir plus sur nos services de chauffagistes pour professsionnels",
      "text": "<p><i class=\"fa fa-angle-double-right\" style=\"color: #337ab7;\"></i> <a href=\"/refrigeration/bureau\">Chauffage et climatisation des bureaux</a><br> <i class=\"fa fa-angle-double-right\" style=\"color: #337ab7;\"></i> <a href=\"/refrigeration\">Chauffage industriel</a></p> <i class=\"fa fa-angle-double-right\" style=\"color: #337ab7;\"></i> <a href=\"/refrigeration/bureau\">Chauffage et climatisation des bureaux</a> <br> <i class=\"fa fa-angle-double-right\" style=\"color: #337ab7;\"></i> <a href=\"/refrigeration\">Chauffage industriel</a>"
    }
  ],
  "related": {
    "title": "",
    "links": []
  },
  "url": "https://www.sbf-energies.com/refrigeration/commerce"
}