{
  "breadcrumb": "Recrutement",
  "seo": {
    "title": "Nous recrutons, participez à la réussite de notre équipe | SBF Energies",
    "description": "SBF Energies recrute en CDI tout au long de l'année des techniciens(nes) frigoristes sur le département de la Savoie. Découvrez tous nos postes. Rejoignez-nous !",
    "opengraph": {
      "site_name": "SBF Energies",
      "type": "website",
      "locale": "fr_FR",
      "title": "Nous recrutons, participez à la réussite de notre équipe | SBF Energies",
      "description": "SBF Energies recrute en CDI tout au long de l'année des techniciens(nes) frigoristes sur le département de la Savoie. Découvrez tous nos postes. Rejoignez-nous !",
      "image": {
        "src": "https://www.sbf-energies.com/build/images/sbf-energies-recrutement-456x334.e2d00524.jpg",
        "alt": "Rejoignez une équipe dynamique, rejoignez SBF Energies"
      }
    }
  },
  "hero": {
    "title": "Envie de travailler dans une entreprise dynamique ?",
    "subtitle": ""
  },
  "intro": {
    "image": {
      "src": "/build/images/sbf-energies-recrutement-456x334.e2d00524.jpg",
      "alt": "Rejoignez une équipe dynamique, rejoignez SBF Energies"
    },
    "text": "<p>Depuis plus de 20 ans, SBF Energies est considérée comme l'une des meilleures écoles de formation pour les techniciens frigoristes en Savoie. Notre équipe est notre force. Nous avons à coeur de développer l'expertise de nos techniciens, formés régulièrement aux innovations technologiques et enjeux environnementaux.</p> <p>Ce sont des experts dans le domaine de la climatisation, de la pompe à chaleur et chauffe-eau thermodynamique. Ils conseillent les clients pour améliorer l'efficacité des installations, optimiser les consommations et maintenir le bon fonctionnement des équipements.</p>"
  },
  "contents": [
    {
      "title": "Participez à la réussite de notre équipe, rejoignez-nous !",
      "text": "<p>Réactivité, sens du service et de la présentation, rigueur et expertises, nos techniciens sont de véritables experts, reconnus dans tout le département de la Savoie.</p> <p>Depuis 2019, SBF Energies a rejoint le groupe HomeServe, afin d'intensifier son développement.</p> <p>Ce rapprochement est une opportunité supplémentaire pour nos salariés, qui apprécient de faire partie d'un groupe international, tout en conservant l'autonomie et le fonctionnement d'une entreprise à taille humaine.</p> <p><i class=\"fa fa-angle-double-right\" style=\"color: #337ab7;\"></i> <a href=\"/nous-contacter?type=5\" title=\"Nous recrutons: candidature spontanée\">Envoyez-nous votre candidature spontanée</a></p> <i class=\"fa fa-angle-double-right\" style=\"color: #337ab7;\"></i> <a href=\"/nous-contacter?type=5\" title=\"Nous recrutons: candidature spontanée\">Envoyez-nous votre candidature spontanée</a>"
    },
    {
      "title": "SBF Energies est une entreprise Great Place to Work !",
      "text": "<p>Connaissez-vous ce label ? Il atteste du plus haut niveau de qualité de vie au travail d'une entreprise. Nous sommes fiers de cette reconnaissance qui valorise l'ensemble des engagements pris au quotidien pour nos collaborateurs : des conditions de travail qui permettent à chacun de s'épanouir dans son métier, des formations pour apprendre et développer ses compétences, un esprit d'équipe qui valorise l'entraide et la bonne humeur. Vous l'aurez compris, nous déployons toute notre énergie pour le bien-être et la sécurité de nos collaborateurs.</p>"
    },
    {
      "title": "Nous recherchons un(e) Technicien(ne) Frigoriste en CDI",
      "text": "<p>Rattaché(e) au Président de SBF, le technicien frigoriste est en charge de l'installation, de l'entretien et du dépannage d'appareils de climatisation, de pompes à chaleur et de chambres froides. Il intervient autant pour des clients particuliers que des clients professionnels.</p> <p>Titulaires d'un bac professionnel option Techniques du froid et conditionnement de l'air, Installation des systèmes énergétiques et climatiques ou encore Maintenance des systèmes énergétiques et climatiques. Le poste est aussi accessible à ceux qui disposent d'un BTS en Fluides, énergies et environnement option C génie frigorifique, ou un DUT en Génie thermique et énergie, ou encore une licence professionnelle Logistique spécialité management de la chaîne du froid. Les débutants sont acceptés.</p> <p><b>Compétences Techniques et Comportementales (liste non exhaustive)</b></p> <b>Compétences Techniques et Comportementales (liste non exhaustive)</b> <ul> <li>Connaissances pointues des systèmes,</li> <li>Aptitude à s'adapter à de nouvelles règles,</li> <li>Réactivité et rapidité dans l'exécution des travaux et en résolution de problèmes,</li> <li>Capacité à travailler de manière autonome et dans des conditions extrêmes (très basses ou très hautes températures),</li> <li>Sens des responsabilités : engagement de l'image de l'entreprise au travers des interventions,</li> <li>Sens du travail en équipe : collaboration étroite avec le personnel administratif et technique,</li> <li>Sens de l'écoute et du contact client.</li> </ul> <li>Connaissances pointues des systèmes,</li> <li>Aptitude à s'adapter à de nouvelles règles,</li> <li>Réactivité et rapidité dans l'exécution des travaux et en résolution de problèmes,</li> <li>Capacité à travailler de manière autonome et dans des conditions extrêmes (très basses ou très hautes températures),</li> <li>Sens des responsabilités : engagement de l'image de l'entreprise au travers des interventions,</li> <li>Sens du travail en équipe : collaboration étroite avec le personnel administratif et technique,</li> <li>Sens de l'écoute et du contact client.</li> <p>Téléchargez la fiche de poste : <a href=\"https://www.sbf-energies.com/pdf/recrutement/sbf/recrutement-technicien-frigoriste-CDI-SBF-ENERGIES.pdf\" title=\"Nous recrutons un(e) technicien(ne) frigoriste\" target=\"_blank\">Un(e) Technicien(ne) Frigoriste en CDI</a></p> <a href=\"https://www.sbf-energies.com/pdf/recrutement/sbf/recrutement-technicien-frigoriste-CDI-SBF-ENERGIES.pdf\" title=\"Nous recrutons un(e) technicien(ne) frigoriste\" target=\"_blank\">Un(e) Technicien(ne) Frigoriste en CDI</a> <p> <i class=\"fa fa-angle-double-right\" style=\"color: #337ab7;\"></i> <a href=\"/nous-contacter?type=5\" title=\"Postuler au poste de technicien(ne) frigoriste\">Postuler à ce poste</a><br> <i class=\"fa fa-angle-double-right\" style=\"color: #337ab7;\"></i> <a href=\"https://www.energies-services.homeserve.fr/recrutement-homeservehes\" title=\"HomeServe Energies Services - Offres d'emploi chauffage et climatisation\" target=\"_blank\">Découvrir toutes nos offres d'emploi sur HomeServe Energies Services</a> </p> <i class=\"fa fa-angle-double-right\" style=\"color: #337ab7;\"></i> <a href=\"/nous-contacter?type=5\" title=\"Postuler au poste de technicien(ne) frigoriste\">Postuler à ce poste</a> <br> <i class=\"fa fa-angle-double-right\" style=\"color: #337ab7;\"></i> <a href=\"https://www.energies-services.homeserve.fr/recrutement-homeservehes\" title=\"HomeServe Energies Services - Offres d'emploi chauffage et climatisation\" target=\"_blank\">Découvrir toutes nos offres d'emploi sur HomeServe Energies Services</a> <section> <!-- <hr/> <section> <h2>Nous recherchons un(e) Technico-Commercial(le) en CDI</h2> <p>Véritable expert commercial dans le marché de la climatisation et de la pompe à chaleur en B2B et B2B2C, il est en charge du développement du CA de l'entreprise via la vente d'installations et de contrats d'entretien aux clients particuliers et professionnels.</p> <p>De formation Bac+2/3 école de commerce ou équivalent universitaire, vous justifiez impérativement d'une expérience minimum de 5 ans sur des missions de développement commercial. Dôté(e) d'une forte culture du résultat et d'un sens client irréprochable, vous avez évolué avec succès dans des environnements aux objectifs commerciaux ambitieux.</p> <p><b>Missions (liste non exhaustive)</b></p> <ul> <li>Analyser les besoins en équipements de climatisations et de pompes à chaleur auprès de clients particuliers et professionnels et réaliser des propositions commerciales appropriées. Possibilité d'approfondissement des connaissances en formation interne,</li> <li>Contribuer à la stratégie commerciale de SBF, en lien avec le management,</li> <li>Assurer un suivi proactif des dossiers de prospections,</li> <li>Garantir le service après-vente administratif des clients professionnels,</li> <li>Suivre un budget et des objectifs de chiffre d'affaires à réaliser,</li> <li>Reporter efficacement son activité commerciale auprès du Président de SBF.</li> </ul> <p>Téléchargez la fiche de poste : <a href='https://www.sbf-energies.com/pdf/recrutement/sbf/recrutement-technico-commercial-CDI-SBF-ENERGIES.pdf' title='Nous recrutons un(e) technico-commercial(le)' target='_blank'>Un(e) Technico-Commercial(le) en CDI</a></p> <p><i class='fa fa-angle-double-right' style='color: #337ab7;'></i> <a href='/nous-contacter?type=5' title='Postuler au poste de Technico-Commercial(le)'>Postuler à ce poste</a></p> </section>!-->\n        </section>"
    }
  ]
}