{
  "breadcrumb": "Zones intervention",
  "seo": {
    "title": "Zone d'intervention de nos techniciens | SBF Energies",
    "description": "SBF Energies, expert frigoriste intervient dans tout la département de la Savoie : Chambéry, Aix-les-Bains, Rumilly, La Motte-Servolex, La Ravoire, Pontcharra, ...",
    "opengraph": {
      "site_name": "SBF Energies",
      "type": "website",
      "locale": "fr_FR",
      "title": "Zone d'intervention de nos techniciens | SBF Energies",
      "description": "SBF Energies, expert frigoriste intervient dans tout la département de la Savoie : Chambéry, Aix-les-Bains, Rumilly, La Motte-Servolex, La Ravoire, Pontcharra, ...",
      "image": {
        "src": "https://www.sbf-energies.com/build/images/sbf-energies-zone-intervention-456x334.8adb6c0e.jpg",
        "alt": "Zone d'intervention des techniciens SBF Energies"
      }
    }
  },
  "hero": {
    "title": "SBF Energies (Chambéry/Savoie) intervient en Savoie",
    "subtitle": ""
  },
  "intro": {
    "image": {
      "src": "/build/images/sbf-energies-zone-intervention-456x334.8adb6c0e.jpg",
      "alt": "Zone d'intervention des techniciens SBF Energies"
    },
    "text": "<p>SBF Energies est basé à La Motte Servolex, à proximité immédiate de <a href=\"https://www.sbf-energies.com/chauffagiste-frigoriste-chambery\" title=\"Chauffagiste Frigoriste Chambery\">Chambéry</a>. Nos techniciens experts interviennent dans un secteur très large qu'est le département de la Savoie. Nous nous engageons à intervenir sous 48 heures. En effet, nous pouvons être très réactifs car nous disposons des pièces détachées de toutes marques dans notre show room.</p> <hr>"
  },
  "contents": [
    {
      "title": "Où nos experts interviennent-ils ?",
      "text": "<p>Nous intervenons à Chambéry ainsi que dans les villes alentours : <a href=\"https://www.sbf-energies.com/chauffagiste-frigoriste-aix-les-bains\" title=\"Chauffagiste Frigoriste Aix Les Bains\">Aix-les-Bains</a>, <a href=\"https://www.sbf-energies.com/chauffagiste-frigoriste-rumilly\" title=\"Chauffagiste Frigoriste Rumilly\">Rumilly</a>, <a href=\"https://www.sbf-energies.com/chauffagiste-frigoriste-la-motte-servolex\" title=\"Chauffagiste Frigoriste La Motte Servolex\">La Motte-Servolex</a>, <a href=\"https://www.sbf-energies.com/chauffagiste-frigoriste-la-ravoire\" title=\"Chauffagiste Frigoriste La Ravoire\">La Ravoire</a>, <a href=\"https://www.sbf-energies.com/chauffagiste-frigoriste-pontcharra\" title=\"Chauffagiste Frigoriste Pontcharra\">Pontcharra</a>, <a href=\"https://www.sbf-energies.com/chauffagiste-frigoriste-cognin\" title=\"Chauffagiste Frigoriste Cognin\">Cognin</a>, <a href=\"https://www.sbf-energies.com/chauffagiste-frigoriste-saint-alban-leysse\" title=\"Chauffagiste Frigoriste Saint Alban Leysse\">Saint-Alban-Leysse</a>, <a href=\"https://www.sbf-energies.com/chauffagiste-frigoriste-challes-les-eaux\" title=\"Chauffagiste Frigoriste Challes Les Eaux\">Challes-les-Eaux</a>, <a href=\"https://www.sbf-energies.com/chauffagiste-frigoriste-barberaz\" title=\"Chauffagiste Frigoriste Barberaz\">Barberaz</a>, <a href=\"https://www.sbf-energies.com/chauffagiste-frigoriste-saint-laurent-du-pont\" title=\"Chauffagiste Frigoriste Saint Laurent Du Pont\">Saint-Laurent-du-Pont</a>, <a href=\"https://www.sbf-energies.com/chauffagiste-frigoriste-bourget-du-lac\" title=\"Chauffagiste Frigoriste Bourget Du Lac\">Le Bourget-du-Lac</a>, <a href=\"https://www.sbf-energies.com/chauffagiste-frigoriste-bassens\" title=\"Chauffagiste Frigoriste Bassens\">Bassens</a>, <a href=\"https://www.sbf-energies.com/chauffagiste-frigoriste-jacob-bellecombette\" title=\"Chauffagiste Frigoriste Jacob Bellecombette\">Jacob-Bellecombette</a>, <a href=\"https://www.sbf-energies.com/chauffagiste-frigoriste-gresy-sur-aix\" title=\"Chauffagiste Frigoriste Gresy Sur Aix\">Grésy-sur-Aix</a>...</p> <p>Notre équipe de professionnels peut effectuer le dépannage, la réparation, l'entretien et l'installation de votre système de chauffage, chauffe-eau, VMC, climatisation, pompe à chaleur… sur l'ensemble de la Savoie. Nous tenons à vous proposer des prestations de qualité et nous vous assurons une intervention dans les 48 heures.</p> <p><br>&nbsp;</p> <p id=\"map\" style=\"height:500px; margin-top:30px;\"></p> <hr>"
    },
    {
      "title": "Venez nous rencontrer à notre showroom",
      "text": "<p>Le showroom SBF Energies est situé au 401 rue des Champagnes 73290 La Motte Servolex. Nous vous accueillons du lundi au vendredi de 08h à 12h et de 14h à 18h (17h le vendredi). Venez nous rencontrer.</p> <hr>"
    },
    {
      "title": "Un acteur ancré sur son territoire",
      "text": "<p>SBF Energies, à Chambéry en Savoie, sélectionne pour vous les meilleurs produits de climatisation et de chauffage. Fort de son expérience en matière de pompes à chaleur, nous étudions les problématiques propres à votre habitat, et vous proposons l'équipement de chauffage adapté qui vous permettra de vous sentir bien chez vous, aussi bien au cœur de l'hiver glacial que pendant les chaudes journées d'été, notamment grâce à des modèles réversibles performants qui assurent à la fois le chauffage et la climatisation de votre intérieur. Comme les besoins ne sont pas les mêmes pour un habitat résidentiel que pour des locaux professionnels, l'offre SBF Energies est à géométrie variable et s'ajuste à toutes les dimensions de projets, proposant le chauffage ou la climatisation des espaces de vie de la façon la plus rentable pour vous.</p> <hr>"
    },
    {
      "title": "Nos valeurs",
      "text": "<p>Nous sommes attachés à notre territoire et nous tenons tout particulièrement à le préserver, c'est pour cela que nous nous inscrivons dans une démarche éco-responsable en triant et retraitant au maximum nos déchets. Nous nous engageons à vous conseiller de la meilleure des façons afin que vous bénéficiez de la rentabilité énergétique la plus optimale qui soit. En effet, l'offre en chauffage et climatisation est très étendue et le choix parfois difficile à faire, aussi SBF Energies vous accompagne dans tout au long de votre projet, vous informant de façon précise et documentée pour faciliter votre prise de décision, aussi à l'aise avec les particuliers qu'avec les professionnels. De plus, SBF Energies s'engage à garder le chantier propre, respecter les délais annoncés et le devis engagé. Enfin, nous tenons à vous assurer un service après-vente irréprochable.</p>"
    }
  ]
}